timestamp_utc,area_name,max_mmh,mean_mmh,pixel_count,nodata_pct,ring_max_mmh,ring_wet5_pct,ring_nodata_pct,status,file,fetched_at_utc
2026-10-06T07:15:00Z,cepina,0.00,0.000,16,0,0.00,0.0,0,ok,rzc262790715vl.001.h5,2026-10-06T07:15:27Z
2026-10-06T07:10:00Z,cepina,0.00,0.000,16,0,0.00,0.0,0,ok,rzc262790710vl.001.h5,2026-10-06T07:15:27Z
2026-10-06T07:05:00Z,cepina,0.00,0.000,16,0,0.00,0.0,0,ok,rzc262790705vl.001.h5,2026-10-06T07:15:27Z
2026-10-06T07:00:00Z,cepina,0.00,0.000,16,0,0.00,0.0,0,ok,rzc262790700vl.001.h5,2026-10-06T07:15:27Z
2026-10-06T06:55:00Z,cepina,0.00,0.000,16,0,0.00,0.0,0,ok,rzc262790655vl.001.h5,2026-10-06T07:15:27Z
2026-10-06T06:50:00Z,cepina,0.00,0.000,16,0,0.00,0.0,0,ok,rzc262790650vl.001.h5,2026-10-06T07:15:27Z
2026-10-06T06:45:00Z,cepina,0.00,0.000,16,0,0.00,0.0,0,ok,rzc262790645vl.001.h5,2026-10-06T07:15:27Z
2026-10-06T06:40:00Z,cepina,0.00,0.000,16,0,0.00,0.0,0,ok,rzc262790640vl.001.h5,2026-10-06T07:15:27Z
2026-10-06T06:35:00Z,cepina,0.00,0.000,16,0,0.00,0.0,0,ok,rzc262790635vl.001.h5,2026-10-06T07:15:27Z
2026-10-06T06:30:00Z,cepina,0.00,0.000,16,0,0.00,0.0,0,ok,rzc262790630vl.001.h5,2026-10-06T07:15:27Z
2026-10-06T06:25:00Z,cepina,0.00,0.000,16,0,0.00,0.0,0,ok,rzc262790625vl.001.h5,2026-10-06T07:15:27Z
2026-10-06T06:20:00Z,cepina,0.00,0.000,16,0,0.00,0.0,0,ok,rzc262790620vl.001.h5,2026-10-06T07:15:27Z
2026-10-06T06:15:00Z,cepina,0.00,0.000,16,0,0.00,0.0,0,ok,rzc262790615vl.001.h5,2026-10-06T07:15:27Z
2026-10-06T06:10:00Z,cepina,0.00,0.000,16,0,0.00,0.0,0,ok,rzc262790610vl.001.h5,2026-10-06T07:15:27Z
2026-10-06T06:05:00Z,cepina,0.00,0.000,16,0,0.00,0.0,0,ok,rzc262790605vl.001.h5,2026-10-06T07:15:27Z
2026-10-06T06:00:00Z,cepina,0.00,0.000,16,0,0.00,0.0,0,ok,rzc262790600vl.001.h5,2026-10-06T07:15:27Z
2026-10-06T05:55:00Z,cepina,0.00,0.000,16,0,0.00,0.0,0,ok,rzc262790555vl.001.h5,2026-10-06T07:15:27Z
2026-10-06T05:50:00Z,cepina,0.00,0.000,16,0,0.00,0.0,0,ok,rzc262790550vl.001.h5,2026-10-06T07:15:27Z
2026-10-06T05:45:00Z,cepina,0.00,0.000,16,0,0.00,0.0,0,ok,rzc262790545vl.001.h5,2026-10-06T07:15:27Z
2026-10-06T05:40:00Z,cepina,0.00,0.000,16,0,0.00,0.0,0,ok,rzc262790540vl.001.h5,2026-10-06T07:15:27Z
2026-10-06T05:35:00Z,cepina,0.00,0.000,16,0,0.00,0.0,0,ok,rzc262790535vl.001.h5,2026-10-06T07:15:27Z
2026-10-06T05:30:00Z,cepina,0.00,0.000,16,0,0.00,0.0,0,ok,rzc262790530vl.001.h5,2026-10-06T07:15:27Z
2026-10-06T05:25:00Z,cepina,0.00,0.000,16,0,0.00,0.0,0,ok,rzc262790525vl.001.h5,2026-10-06T07:15:27Z
2026-10-06T05:20:00Z,cepina,0.00,0.000,16,0,0.00,0.0,0,ok,rzc262790520vl.001.h5,2026-10-06T07:15:27Z
2026-10-06T05:15:00Z,cepina,0.00,0.000,16,0,0.00,0.0,0,ok,rzc262790515vl.001.h5,2026-10-06T07:15:27Z
2026-10-06T05:10:00Z,cepina,0.00,0.000,16,0,0.00,0.0,0,ok,rzc262790510vl.001.h5,2026-10-06T07:15:27Z
2026-10-06T05:05:00Z,cepina,0.00,0.000,16,0,0.00,0.0,0,ok,rzc262790505vl.001.h5,2026-10-06T07:15:27Z
2026-10-06T05:00:00Z,cepina,0.00,0.000,16,0,0.00,0.0,0,ok,rzc262790500vl.001.h5,2026-10-06T07:15:27Z
2026-10-06T04:55:00Z,cepina,0.00,0.000,16,0,0.00,0.0,0,ok,rzc262790455vl.001.h5,2026-10-06T07:15:27Z
2026-10-06T04:50:00Z,cepina,0.00,0.000,16,0,0.00,0.0,0,ok,rzc262790450vl.001.h5,2026-10-06T07:15:27Z
2026-10-06T04:45:00Z,cepina,0.00,0.000,16,0,0.00,0.0,0,ok,rzc262790445vl.001.h5,2026-10-06T07:15:27Z
2026-10-06T04:40:00Z,cepina,0.00,0.000,16,0,0.00,0.0,0,ok,rzc262790440vl.001.h5,2026-10-06T07:15:27Z
2026-10-06T04:35:00Z,cepina,0.00,0.000,16,0,0.00,0.0,0,ok,rzc262790435vl.001.h5,2026-10-06T07:15:27Z
2026-10-06T04:30:00Z,cepina,0.00,0.000,16,0,0.00,0.0,0,ok,rzc262790430vl.001.h5,2026-10-06T07:15:27Z
2026-10-06T04:25:00Z,cepina,0.00,0.000,16,0,0.00,0.0,0,ok,rzc262790425vl.001.h5,2026-10-06T07:15:27Z
2026-10-06T04:20:00Z,cepina,0.00,0.000,16,0,0.00,0.0,0,ok,rzc262790420vl.001.h5,2026-10-06T07:15:27Z
2026-10-06T04:15:00Z,cepina,0.00,0.000,16,0,0.00,0.0,0,ok,rzc262790415vl.001.h5,2026-10-06T07:15:27Z
2026-10-06T04:10:00Z,cepina,0.00,0.000,16,0,0.00,0.0,0,ok,rzc262790410vl.001.h5,2026-10-06T07:15:27Z
2026-10-06T04:05:00Z,cepina,0.00,0.000,16,0,0.00,0.0,0,ok,rzc262790405vl.001.h5,2026-10-06T07:15:27Z
2026-10-06T04:00:00Z,cepina,0.00,0.000,16,0,0.00,0.0,0,ok,rzc262790400vl.001.h5,2026-10-06T07:15:27Z
2026-10-06T03:55:00Z,cepina,0.00,0.000,16,0,0.00,0.0,0,ok,rzc262790355vl.001.h5,2026-10-06T07:15:27Z
2026-10-06T03:50:00Z,cepina,0.00,0.000,16,0,0.00,0.0,0,ok,rzc262790350vl.001.h5,2026-10-06T07:15:27Z
2026-10-06T03:45:00Z,cepina,0.00,0.000,16,0,0.00,0.0,0,ok,rzc262790345vl.001.h5,2026-10-06T07:15:27Z
2026-10-06T03:40:00Z,cepina,0.00,0.000,16,0,0.00,0.0,0,ok,rzc262790340vl.001.h5,2026-10-06T07:15:27Z
2026-10-06T03:35:00Z,cepina,0.00,0.000,16,0,0.00,0.0,0,ok,rzc262790335vl.001.h5,2026-10-06T07:15:27Z
2026-10-06T03:30:00Z,cepina,0.00,0.000,16,0,0.00,0.0,0,ok,rzc262790330vl.001.h5,2026-10-06T07:15:27Z
2026-10-06T03:25:00Z,cepina,0.00,0.000,16,0,0.00,0.0,0,ok,rzc262790325vl.001.h5,2026-10-06T07:15:27Z
2026-10-06T03:20:00Z,cepina,0.00,0.000,16,0,0.00,0.0,0,ok,rzc262790320vl.001.h5,2026-10-06T07:15:27Z
2026-10-06T03:15:00Z,cepina,0.00,0.000,16,0,0.00,0.0,0,ok,rzc262790315vl.001.h5,2026-10-06T07:15:27Z
2026-10-06T03:10:00Z,cepina,0.00,0.000,16,0,0.00,0.0,0,ok,rzc262790310vl.001.h5,2026-10-06T07:15:27Z
2026-10-06T03:05:00Z,cepina,0.00,0.000,16,0,0.00,0.0,0,ok,rzc262790305vl.001.h5,2026-10-06T07:15:27Z
2026-10-06T03:00:00Z,cepina,0.00,0.000,16,0,0.00,0.0,0,ok,rzc262790300vl.001.h5,2026-10-06T07:15:27Z
2026-10-06T02:55:00Z,cepina,0.00,0.000,16,0,0.00,0.0,0,ok,rzc262790255vl.001.h5,2026-10-06T07:15:27Z
2026-10-06T02:50:00Z,cepina,0.00,0.000,16,0,0.00,0.0,0,ok,rzc262790250vl.001.h5,2026-10-06T07:15:27Z
2026-10-06T02:45:00Z,cepina,0.00,0.000,16,0,0.00,0.0,0,ok,rzc262790245vl.001.h5,2026-10-06T07:15:27Z
2026-10-06T02:40:00Z,cepina,0.00,0.000,16,0,0.00,0.0,0,ok,rzc262790240vl.001.h5,2026-10-06T07:15:27Z
2026-10-06T02:35:00Z,cepina,0.00,0.000,16,0,0.00,0.0,0,ok,rzc262790235vl.001.h5,2026-10-06T07:15:27Z
2026-10-06T02:30:00Z,cepina,0.00,0.000,16,0,0.00,0.0,0,ok,rzc262790230vl.001.h5,2026-10-06T07:15:27Z
2026-10-06T02:25:00Z,cepina,0.00,0.000,16,0,0.00,0.0,0,ok,rzc262790225vl.001.h5,2026-10-06T07:15:27Z
2026-10-06T02:20:00Z,cepina,0.00,0.000,16,0,0.00,0.0,0,ok,rzc262790220vl.001.h5,2026-10-06T07:15:27Z
2026-10-06T02:15:00Z,cepina,0.00,0.000,16,0,0.00,0.0,0,ok,rzc262790215tl.001.h5,2026-10-06T07:15:27Z
2026-10-06T02:10:00Z,cepina,0.00,0.000,16,0,0.00,0.0,0,ok,rzc262790210vl.001.h5,2026-10-06T07:15:27Z
2026-10-06T02:05:00Z,cepina,0.00,0.000,16,0,0.00,0.0,0,ok,rzc262790205vl.001.h5,2026-10-06T07:15:27Z
2026-10-06T02:00:00Z,cepina,0.00,0.000,16,0,0.00,0.0,0,ok,rzc262790200vl.001.h5,2026-10-06T07:15:27Z
2026-10-06T01:55:00Z,cepina,0.00,0.000,16,0,0.00,0.0,0,ok,rzc262790155vl.001.h5,2026-10-06T07:15:27Z
2026-10-06T01:50:00Z,cepina,0.00,0.000,16,0,0.00,0.0,0,ok,rzc262790150vl.001.h5,2026-10-06T07:15:27Z
2026-10-06T01:45:00Z,cepina,0.00,0.000,16,0,0.00,0.0,0,ok,rzc262790145vl.001.h5,2026-10-06T07:15:27Z
2026-10-06T01:40:00Z,cepina,0.00,0.000,16,0,0.00,0.0,0,ok,rzc262790140vl.001.h5,2026-10-06T07:15:27Z
2026-10-06T01:35:00Z,cepina,0.00,0.000,16,0,0.00,0.0,0,ok,rzc262790135vl.001.h5,2026-10-06T07:15:27Z
2026-10-06T01:30:00Z,cepina,0.00,0.000,16,0,0.00,0.0,0,ok,rzc262790130vl.001.h5,2026-10-06T07:15:27Z
2026-10-06T01:25:00Z,cepina,0.00,0.000,16,0,0.00,0.0,0,ok,rzc262790125vl.001.h5,2026-10-06T07:15:27Z
2026-10-06T01:20:00Z,cepina,0.00,0.000,16,0,0.00,0.0,0,ok,rzc262790120vl.001.h5,2026-10-06T07:15:27Z
2026-10-06T01:15:00Z,cepina,0.00,0.000,16,0,0.00,0.0,0,ok,rzc262790115vl.001.h5,2026-10-06T07:15:27Z
2026-10-06T01:10:00Z,cepina,0.00,0.000,16,0,0.00,0.0,0,ok,rzc262790110vl.001.h5,2026-10-06T07:15:27Z
2026-10-06T01:05:00Z,cepina,0.00,0.000,16,0,0.00,0.0,0,ok,rzc262790105vl.001.h5,2026-10-06T07:15:27Z
2026-10-06T01:00:00Z,cepina,0.00,0.000,16,0,0.00,0.0,0,ok,rzc262790100vl.001.h5,2026-10-06T07:15:27Z
2026-10-06T00:55:00Z,cepina,0.00,0.000,16,0,0.00,0.0,0,ok,rzc262790055vl.001.h5,2026-10-06T07:15:27Z
2026-10-06T00:50:00Z,cepina,0.00,0.000,16,0,0.00,0.0,0,ok,rzc262790050vl.001.h5,2026-10-06T07:15:27Z
2026-10-06T00:45:00Z,cepina,0.00,0.000,16,0,0.00,0.0,0,ok,rzc262790045vl.001.h5,2026-10-06T07:15:27Z
2026-10-06T00:40:00Z,cepina,0.00,0.000,16,0,0.00,0.0,0,ok,rzc262790040vl.001.h5,2026-10-06T07:15:27Z
2026-10-06T00:35:00Z,cepina,0.00,0.000,16,0,0.00,0.0,0,ok,rzc262790035vl.001.h5,2026-10-06T07:15:27Z
2026-10-06T00:30:00Z,cepina,0.00,0.000,16,0,0.00,0.0,0,ok,rzc262790030vl.001.h5,2026-10-06T07:15:27Z
2026-10-06T00:25:00Z,cepina,0.00,0.000,16,0,0.00,0.0,0,ok,rzc262790025vl.001.h5,2026-10-06T07:15:27Z
2026-10-06T00:20:00Z,cepina,0.00,0.000,16,0,0.01,0.0,0,ok,rzc262790020vl.001.h5,2026-10-06T07:15:27Z
2026-10-06T00:15:00Z,cepina,0.00,0.000,16,0,0.00,0.0,0,ok,rzc262790015vl.001.h5,2026-10-06T07:15:27Z
2026-10-06T00:10:00Z,cepina,0.00,0.000,16,0,0.00,0.0,0,ok,rzc262790010vl.001.h5,2026-10-06T07:15:27Z
2026-10-06T00:05:00Z,cepina,0.00,0.000,16,0,0.00,0.0,0,ok,rzc262790005vl.001.h5,2026-10-06T07:15:27Z
2026-10-06T00:00:00Z,cepina,0.00,0.000,16,0,0.00,0.0,0,ok,rzc262790000vl.001.h5,2026-10-06T07:15:27Z
2026-10-05T23:55:00Z,cepina,0.00,0.000,16,0,0.00,0.0,0,ok,rzc262782355vl.001.h5,2026-10-06T07:15:27Z
2026-10-05T23:50:00Z,cepina,0.00,0.000,16,0,0.00,0.0,0,ok,rzc262782350vl.001.h5,2026-10-06T07:15:27Z
2026-10-05T23:45:00Z,cepina,0.00,0.000,16,0,0.00,0.0,0,ok,rzc262782345vl.001.h5,2026-10-06T07:15:27Z
2026-10-05T23:40:00Z,cepina,0.00,0.000,16,0,0.00,0.0,0,ok,rzc262782340vl.001.h5,2026-10-06T07:15:27Z
2026-10-05T23:35:00Z,cepina,0.00,0.000,16,0,0.00,0.0,0,ok,rzc262782335vl.001.h5,2026-10-06T07:15:27Z
2026-10-05T23:30:00Z,cepina,0.00,0.000,16,0,0.00,0.0,0,ok,rzc262782330vl.001.h5,2026-10-06T07:15:27Z
2026-10-05T23:25:00Z,cepina,0.00,0.000,16,0,0.00,0.0,0,ok,rzc262782325vl.001.h5,2026-10-06T07:15:27Z
2026-10-05T23:20:00Z,cepina,0.00,0.000,16,0,0.00,0.0,0,ok,rzc262782320vl.001.h5,2026-10-06T07:15:27Z
2026-10-05T23:15:00Z,cepina,0.00,0.000,16,0,0.00,0.0,0,ok,rzc262782315vl.001.h5,2026-10-06T07:15:27Z
2026-10-05T23:10:00Z,cepina,0.00,0.000,16,0,0.00,0.0,0,ok,rzc262782310vl.001.h5,2026-10-06T07:15:27Z
2026-10-05T23:05:00Z,cepina,0.00,0.000,16,0,0.00,0.0,0,ok,rzc262782305vl.001.h5,2026-10-06T07:15:27Z
2026-10-05T23:00:00Z,cepina,0.00,0.000,16,0,0.00,0.0,0,ok,rzc262782300vl.001.h5,2026-10-06T07:15:27Z
2026-10-05T22:55:00Z,cepina,0.00,0.000,16,0,0.00,0.0,0,ok,rzc262782255vl.001.h5,2026-10-06T07:15:27Z
2026-10-05T22:50:00Z,cepina,0.00,0.000,16,0,0.00,0.0,0,ok,rzc262782250vl.001.h5,2026-10-06T07:15:27Z
2026-10-05T22:45:00Z,cepina,0.00,0.000,16,0,0.00,0.0,0,ok,rzc262782245vl.001.h5,2026-10-06T07:15:27Z
2026-10-05T22:40:00Z,cepina,0.00,0.000,16,0,0.00,0.0,0,ok,rzc262782240vl.001.h5,2026-10-06T07:15:27Z
2026-10-05T22:35:00Z,cepina,0.00,0.000,16,0,0.00,0.0,0,ok,rzc262782235vl.001.h5,2026-10-06T07:15:27Z
2026-10-05T22:30:00Z,cepina,0.00,0.000,16,0,0.00,0.0,0,ok,rzc262782230vl.001.h5,2026-10-06T07:15:27Z
2026-10-05T22:25:00Z,cepina,0.00,0.000,16,0,0.00,0.0,0,ok,rzc262782225vl.001.h5,2026-10-06T07:15:27Z
2026-10-05T22:20:00Z,cepina,0.00,0.000,16,0,0.00,0.0,0,ok,rzc262782220vl.001.h5,2026-10-06T07:15:27Z
2026-10-05T22:15:00Z,cepina,0.00,0.000,16,0,0.00,0.0,0,ok,rzc262782215vl.001.h5,2026-10-06T07:15:27Z
2026-10-05T22:10:00Z,cepina,0.00,0.000,16,0,0.00,0.0,0,ok,rzc262782210vl.001.h5,2026-10-06T07:15:27Z
2026-10-05T22:05:00Z,cepina,0.00,0.000,16,0,0.00,0.0,0,ok,rzc262782205vl.001.h5,2026-10-06T07:15:27Z
2026-10-05T22:00:00Z,cepina,0.00,0.000,16,0,0.00,0.0,0,ok,rzc262782200vl.001.h5,2026-10-06T07:15:27Z
2026-10-05T21:55:00Z,cepina,0.00,0.000,16,0,0.00,0.0,0,ok,rzc262782155vl.001.h5,2026-10-06T07:15:27Z
2026-10-05T21:50:00Z,cepina,0.00,0.000,16,0,0.00,0.0,0,ok,rzc262782150vl.001.h5,2026-10-06T07:15:27Z
2026-10-05T21:45:00Z,cepina,0.00,0.000,16,0,0.00,0.0,0,ok,rzc262782145vl.001.h5,2026-10-06T07:15:27Z
2026-10-05T21:40:00Z,cepina,0.00,0.000,16,0,0.00,0.0,0,ok,rzc262782140vl.001.h5,2026-10-06T07:15:27Z
2026-10-05T21:35:00Z,cepina,0.00,0.000,16,0,0.00,0.0,0,ok,rzc262782135vl.001.h5,2026-10-06T07:15:27Z
2026-10-05T21:30:00Z,cepina,0.00,0.000,16,0,0.01,0.0,0,ok,rzc262782130vl.001.h5,2026-10-06T07:15:27Z
2026-10-05T21:25:00Z,cepina,0.00,0.000,16,0,0.01,0.0,0,ok,rzc262782125vl.001.h5,2026-10-06T07:15:27Z
2026-10-05T21:20:00Z,cepina,0.00,0.000,16,0,0.00,0.0,0,ok,rzc262782120vl.001.h5,2026-10-06T07:15:27Z
2026-10-05T21:15:00Z,cepina,0.00,0.000,16,0,0.00,0.0,0,ok,rzc262782115vl.001.h5,2026-10-06T07:15:27Z
2026-10-05T21:10:00Z,cepina,0.00,0.000,16,0,0.00,0.0,0,ok,rzc262782110vl.001.h5,2026-10-06T07:15:27Z
2026-10-05T21:05:00Z,cepina,0.00,0.000,16,0,0.00,0.0,0,ok,rzc262782105vl.001.h5,2026-10-06T07:15:27Z
2026-10-05T21:00:00Z,cepina,0.00,0.000,16,0,0.00,0.0,0,ok,rzc262782100vl.001.h5,2026-10-06T07:15:27Z
2026-10-05T20:55:00Z,cepina,0.00,0.000,16,0,0.00,0.0,0,ok,rzc262782055vl.001.h5,2026-10-06T07:15:27Z
2026-10-05T20:50:00Z,cepina,0.00,0.000,16,0,0.00,0.0,0,ok,rzc262782050vl.001.h5,2026-10-06T07:15:27Z
2026-10-05T20:45:00Z,cepina,0.00,0.000,16,0,0.00,0.0,0,ok,rzc262782045vl.001.h5,2026-10-06T07:15:27Z
2026-10-05T20:40:00Z,cepina,0.00,0.000,16,0,0.00,0.0,0,ok,rzc262782040vl.001.h5,2026-10-06T07:15:27Z
2026-10-05T20:35:00Z,cepina,0.00,0.000,16,0,0.00,0.0,0,ok,rzc262782035vl.001.h5,2026-10-06T07:15:27Z
2026-10-05T20:30:00Z,cepina,0.00,0.000,16,0,0.00,0.0,0,ok,rzc262782030vl.001.h5,2026-10-06T07:15:27Z
2026-10-05T20:25:00Z,cepina,0.00,0.000,16,0,0.00,0.0,0,ok,rzc262782025vl.001.h5,2026-10-06T07:15:27Z
2026-10-05T20:20:00Z,cepina,0.00,0.000,16,0,0.00,0.0,0,ok,rzc262782020vl.001.h5,2026-10-06T07:15:27Z
2026-10-05T20:15:00Z,cepina,0.00,0.000,16,0,0.00,0.0,0,ok,rzc262782015vl.001.h5,2026-10-06T07:15:27Z
2026-10-05T20:10:00Z,cepina,0.00,0.000,16,0,0.00,0.0,0,ok,rzc262782010vl.001.h5,2026-10-06T07:15:27Z
2026-10-05T20:05:00Z,cepina,0.00,0.000,16,0,0.00,0.0,0,ok,rzc262782005vl.001.h5,2026-10-06T07:15:27Z
2026-10-05T20:00:00Z,cepina,0.00,0.000,16,0,0.00,0.0,0,ok,rzc262782000vl.001.h5,2026-10-06T07:15:27Z
2026-10-05T19:55:00Z,cepina,0.00,0.000,16,0,0.00,0.0,0,ok,rzc262781955vl.001.h5,2026-10-06T07:15:27Z
2026-10-05T19:50:00Z,cepina,0.00,0.000,16,0,0.00,0.0,0,ok,rzc262781950vl.001.h5,2026-10-06T07:15:27Z
2026-10-05T19:45:00Z,cepina,0.00,0.000,16,0,0.00,0.0,0,ok,rzc262781945vl.001.h5,2026-10-06T07:15:27Z
2026-10-05T19:40:00Z,cepina,0.00,0.000,16,0,0.00,0.0,0,ok,rzc262781940vl.001.h5,2026-10-06T07:15:27Z
2026-10-05T19:35:00Z,cepina,0.00,0.000,16,0,0.00,0.0,0,ok,rzc262781935vl.001.h5,2026-10-06T07:15:27Z
2026-10-05T19:30:00Z,cepina,0.00,0.000,16,0,0.00,0.0,0,ok,rzc262781930vl.001.h5,2026-10-06T07:15:27Z
2026-10-05T19:25:00Z,cepina,0.00,0.000,16,0,0.00,0.0,0,ok,rzc262781925vl.001.h5,2026-10-06T07:15:27Z
2026-10-05T19:20:00Z,cepina,0.00,0.000,16,0,0.00,0.0,0,ok,rzc262781920vl.001.h5,2026-10-06T07:15:27Z
2026-10-05T19:15:00Z,cepina,0.00,0.000,16,0,0.00,0.0,0,ok,rzc262781915vl.001.h5,2026-10-06T07:15:27Z
2026-10-05T19:10:00Z,cepina,0.00,0.000,16,0,0.00,0.0,0,ok,rzc262781910vl.001.h5,2026-10-06T07:15:27Z
2026-10-05T19:05:00Z,cepina,0.00,0.000,16,0,0.00,0.0,0,ok,rzc262781905vl.001.h5,2026-10-06T07:15:27Z
2026-10-05T19:00:00Z,cepina,0.00,0.000,16,0,0.00,0.0,0,ok,rzc262781900vl.001.h5,2026-10-06T07:15:27Z
2026-10-05T18:55:00Z,cepina,0.00,0.000,16,0,0.00,0.0,0,ok,rzc262781855vl.001.h5,2026-10-06T07:15:27Z
2026-10-05T18:50:00Z,cepina,0.00,0.000,16,0,0.00,0.0,0,ok,rzc262781850vl.001.h5,2026-10-06T07:15:27Z
2026-10-05T18:45:00Z,cepina,0.00,0.000,16,0,0.00,0.0,0,ok,rzc262781845vl.001.h5,2026-10-06T07:15:27Z
2026-10-05T18:40:00Z,cepina,0.00,0.000,16,0,0.00,0.0,0,ok,rzc262781840vl.001.h5,2026-10-06T07:15:27Z
2026-10-05T18:35:00Z,cepina,0.00,0.000,16,0,0.00,0.0,0,ok,rzc262781835vl.001.h5,2026-10-06T07:15:27Z
2026-10-05T18:30:00Z,cepina,0.00,0.000,16,0,0.00,0.0,0,ok,rzc262781830vl.001.h5,2026-10-06T07:15:27Z
2026-10-05T18:25:00Z,cepina,0.00,0.000,16,0,0.00,0.0,0,ok,rzc262781825vl.001.h5,2026-10-06T07:15:27Z
2026-10-05T18:20:00Z,cepina,0.00,0.000,16,0,0.00,0.0,0,ok,rzc262781820vl.001.h5,2026-10-06T07:15:27Z
2026-10-05T18:15:00Z,cepina,0.00,0.000,16,0,0.00,0.0,0,ok,rzc262781815vl.001.h5,2026-10-06T07:15:27Z
2026-10-05T18:10:00Z,cepina,0.00,0.000,16,0,0.00,0.0,0,ok,rzc262781810vl.001.h5,2026-10-06T07:15:27Z
2026-10-05T18:05:00Z,cepina,0.00,0.000,16,0,0.00,0.0,0,ok,rzc262781805vl.001.h5,2026-10-06T07:15:27Z
2026-10-05T18:00:00Z,cepina,0.00,0.000,16,0,0.00,0.0,0,ok,rzc262781800vl.001.h5,2026-10-06T07:15:27Z
2026-10-05T17:55:00Z,cepina,0.00,0.000,16,0,0.00,0.0,0,ok,rzc262781755vl.001.h5,2026-10-06T07:15:27Z
2026-10-05T17:50:00Z,cepina,0.00,0.000,16,0,0.00,0.0,0,ok,rzc262781750vl.001.h5,2026-10-06T07:15:27Z
2026-10-05T17:45:00Z,cepina,0.00,0.000,16,0,0.00,0.0,0,ok,rzc262781745vl.001.h5,2026-10-06T07:15:27Z
2026-10-05T17:40:00Z,cepina,0.00,0.000,16,0,0.01,0.0,0,ok,rzc262781740vl.001.h5,2026-10-06T07:15:27Z
2026-10-05T17:35:00Z,cepina,0.00,0.000,16,0,0.00,0.0,0,ok,rzc262781735vl.001.h5,2026-10-06T07:15:27Z
2026-10-05T17:30:00Z,cepina,0.00,0.000,16,0,0.00,0.0,0,ok,rzc262781730vl.001.h5,2026-10-06T07:15:27Z
2026-10-05T17:25:00Z,cepina,0.00,0.000,16,0,0.00,0.0,0,ok,rzc262781725vl.001.h5,2026-10-06T07:15:27Z
2026-10-05T17:20:00Z,cepina,0.00,0.000,16,0,0.00,0.0,0,ok,rzc262781720vl.001.h5,2026-10-06T07:15:27Z
2026-10-05T17:15:00Z,cepina,0.00,0.000,16,0,0.00,0.0,0,ok,rzc262781715vl.001.h5,2026-10-06T07:15:27Z
2026-10-05T17:10:00Z,cepina,0.00,0.000,16,0,0.00,0.0,0,ok,rzc262781710vl.001.h5,2026-10-06T07:15:27Z
2026-10-05T17:05:00Z,cepina,0.00,0.000,16,0,0.00,0.0,0,ok,rzc262781705vl.001.h5,2026-10-06T07:15:27Z
2026-10-05T17:00:00Z,cepina,0.00,0.000,16,0,0.00,0.0,0,ok,rzc262781700vl.001.h5,2026-10-06T07:15:27Z
2026-10-05T16:55:00Z,cepina,0.00,0.000,16,0,0.00,0.0,0,ok,rzc262781655vl.001.h5,2026-10-06T07:15:27Z
2026-10-05T16:50:00Z,cepina,0.00,0.000,16,0,0.00,0.0,0,ok,rzc262781650vl.001.h5,2026-10-06T07:15:27Z
2026-10-05T16:45:00Z,cepina,0.00,0.000,16,0,0.00,0.0,0,ok,rzc262781645vl.001.h5,2026-10-06T07:15:27Z
2026-10-05T16:40:00Z,cepina,0.00,0.000,16,0,0.00,0.0,0,ok,rzc262781640vl.001.h5,2026-10-06T07:15:27Z
2026-10-05T16:35:00Z,cepina,0.00,0.000,16,0,0.00,0.0,0,ok,rzc262781635vl.001.h5,2026-10-06T07:15:27Z
2026-10-05T16:30:00Z,cepina,0.00,0.000,16,0,0.00,0.0,0,ok,rzc262781630vl.001.h5,2026-10-06T07:15:27Z
2026-10-05T16:25:00Z,cepina,0.00,0.000,16,0,0.00,0.0,0,ok,rzc262781625vl.001.h5,2026-10-06T07:15:27Z
2026-10-05T16:20:00Z,cepina,0.00,0.000,16,0,0.00,0.0,0,ok,rzc262781620vl.001.h5,2026-10-06T07:15:27Z
2026-10-05T16:15:00Z,cepina,0.00,0.000,16,0,0.00,0.0,0,ok,rzc262781615vl.001.h5,2026-10-06T07:15:27Z
2026-10-05T16:10:00Z,cepina,0.00,0.000,16,0,0.00,0.0,0,ok,rzc262781610vl.001.h5,2026-10-06T07:15:27Z
2026-10-05T16:05:00Z,cepina,0.00,0.000,16,0,0.00,0.0,0,ok,rzc262781605vl.001.h5,2026-10-06T07:15:27Z
2026-10-05T16:00:00Z,cepina,0.00,0.000,16,0,0.00,0.0,0,ok,rzc262781600vl.001.h5,2026-10-06T07:15:27Z
2026-10-05T15:55:00Z,cepina,0.00,0.000,16,0,0.00,0.0,0,ok,rzc262781555vl.001.h5,2026-10-06T07:15:27Z
2026-10-05T15:50:00Z,cepina,0.00,0.000,16,0,0.00,0.0,0,ok,rzc262781550vl.001.h5,2026-10-06T07:15:27Z
2026-10-05T15:45:00Z,cepina,0.00,0.000,16,0,0.00,0.0,0,ok,rzc262781545vl.001.h5,2026-10-06T07:15:27Z
2026-10-05T15:40:00Z,cepina,0.00,0.000,16,0,0.00,0.0,0,ok,rzc262781540vl.001.h5,2026-10-06T07:15:27Z
2026-10-05T15:35:00Z,cepina,0.00,0.000,16,0,0.00,0.0,0,ok,rzc262781535vl.001.h5,2026-10-06T07:15:27Z
2026-10-05T15:30:00Z,cepina,0.00,0.000,16,0,0.00,0.0,0,ok,rzc262781530vl.001.h5,2026-10-06T07:15:27Z
2026-10-05T15:25:00Z,cepina,0.00,0.000,16,0,0.00,0.0,0,ok,rzc262781525vl.001.h5,2026-10-06T07:15:27Z
2026-10-05T15:20:00Z,cepina,0.00,0.000,16,0,0.00,0.0,0,ok,rzc262781520vl.001.h5,2026-10-06T07:15:27Z
2026-10-05T15:15:00Z,cepina,0.00,0.000,16,0,0.00,0.0,0,ok,rzc262781515vl.001.h5,2026-10-06T07:15:27Z
2026-10-05T15:10:00Z,cepina,0.00,0.000,16,0,0.00,0.0,0,ok,rzc262781510vl.001.h5,2026-10-06T07:15:27Z
2026-10-05T15:05:00Z,cepina,0.00,0.000,16,0,0.00,0.0,0,ok,rzc262781505vl.001.h5,2026-10-06T07:15:27Z
2026-10-05T15:00:00Z,cepina,0.00,0.000,16,0,0.00,0.0,0,ok,rzc262781500vl.001.h5,2026-10-06T07:15:27Z
2026-10-05T14:55:00Z,cepina,0.00,0.000,16,0,0.00,0.0,0,ok,rzc262781455vl.001.h5,2026-10-06T07:15:27Z
2026-10-05T14:50:00Z,cepina,0.00,0.000,16,0,0.00,0.0,0,ok,rzc262781450vl.001.h5,2026-10-06T07:15:27Z
2026-10-05T14:45:00Z,cepina,0.00,0.000,16,0,0.01,0.0,0,ok,rzc262781445vl.001.h5,2026-10-06T07:15:27Z
2026-10-05T14:40:00Z,cepina,0.00,0.000,16,0,0.01,0.0,0,ok,rzc262781440vl.001.h5,2026-10-06T07:15:27Z
2026-10-05T14:35:00Z,cepina,0.00,0.000,16,0,0.01,0.0,0,ok,rzc262781435vl.001.h5,2026-10-06T07:15:27Z
2026-10-05T14:30:00Z,cepina,0.00,0.000,16,0,0.00,0.0,0,ok,rzc262781430vl.001.h5,2026-10-06T07:15:27Z
2026-10-05T14:25:00Z,cepina,0.00,0.000,16,0,0.00,0.0,0,ok,rzc262781425vl.001.h5,2026-10-06T07:15:27Z
2026-10-05T14:20:00Z,cepina,0.00,0.000,16,0,0.01,0.0,0,ok,rzc262781420vl.001.h5,2026-10-06T07:15:27Z
2026-10-05T14:15:00Z,cepina,0.00,0.000,16,0,0.00,0.0,0,ok,rzc262781415vl.001.h5,2026-10-06T07:15:27Z
2026-10-05T14:10:00Z,cepina,0.00,0.000,16,0,0.00,0.0,0,ok,rzc262781410vl.001.h5,2026-10-06T07:15:27Z
2026-10-05T14:05:00Z,cepina,0.00,0.000,16,0,0.00,0.0,0,ok,rzc262781405vl.001.h5,2026-10-06T07:15:27Z
2026-10-05T14:00:00Z,cepina,0.00,0.000,16,0,0.00,0.0,0,ok,rzc262781400vl.001.h5,2026-10-06T07:15:27Z
2026-10-05T13:55:00Z,cepina,0.00,0.000,16,0,0.00,0.0,0,ok,rzc262781355vl.001.h5,2026-10-06T07:15:27Z
2026-10-05T13:50:00Z,cepina,0.00,0.000,16,0,0.00,0.0,0,ok,rzc262781350vl.001.h5,2026-10-06T07:15:27Z
2026-10-05T13:45:00Z,cepina,0.00,0.000,16,0,0.01,0.0,0,ok,rzc262781345vl.001.h5,2026-10-06T07:15:27Z
2026-10-05T13:40:00Z,cepina,0.00,0.000,16,0,0.10,0.0,0,ok,rzc262781340vl.001.h5,2026-10-06T07:15:27Z
2026-10-05T13:35:00Z,cepina,0.00,0.000,16,0,0.17,0.0,0,ok,rzc262781335vl.001.h5,2026-10-06T07:15:27Z
2026-10-05T13:30:00Z,cepina,0.00,0.000,16,0,0.22,0.0,0,ok,rzc262781330vl.001.h5,2026-10-06T07:15:27Z
2026-10-05T13:25:00Z,cepina,0.00,0.000,16,0,0.23,0.0,0,ok,rzc262781325vl.001.h5,2026-10-06T07:15:27Z
2026-10-05T13:20:00Z,cepina,0.00,0.000,16,0,0.27,0.0,0,ok,rzc262781320vl.001.h5,2026-10-06T07:15:27Z
2026-10-05T13:15:00Z,cepina,0.00,0.000,16,0,0.37,0.0,0,ok,rzc262781315vl.001.h5,2026-10-06T07:15:27Z
2026-10-05T13:10:00Z,cepina,0.00,0.000,16,0,0.46,0.0,0,ok,rzc262781310vl.001.h5,2026-10-06T07:15:27Z
2026-10-05T13:05:00Z,cepina,0.00,0.000,16,0,0.49,0.0,0,ok,rzc262781305vl.001.h5,2026-10-06T07:15:27Z
2026-10-05T13:00:00Z,cepina,0.00,0.000,16,0,0.44,0.0,0,ok,rzc262781300vl.001.h5,2026-10-06T07:15:27Z
2026-10-05T12:55:00Z,cepina,0.00,0.000,16,0,0.33,0.0,0,ok,rzc262781255vl.001.h5,2026-10-06T07:15:27Z
2026-10-05T12:50:00Z,cepina,0.00,0.000,16,0,0.26,0.0,0,ok,rzc262781250vl.001.h5,2026-10-06T07:15:27Z
2026-10-05T12:45:00Z,cepina,0.01,0.001,16,0,0.26,0.0,0,ok,rzc262781245vl.001.h5,2026-10-06T07:15:27Z
2026-10-05T12:40:00Z,cepina,0.02,0.002,16,0,0.33,0.0,0,ok,rzc262781240vl.001.h5,2026-10-06T07:15:27Z
2026-10-05T12:35:00Z,cepina,0.10,0.008,16,0,0.49,0.0,0,ok,rzc262781235vl.001.h5,2026-10-06T07:15:27Z
2026-10-05T12:30:00Z,cepina,0.10,0.013,16,0,0.90,0.0,0,ok,rzc262781230vl.001.h5,2026-10-06T07:15:27Z
2026-10-05T12:25:00Z,cepina,0.16,0.073,16,0,1.51,0.0,0,ok,rzc262781225vl.001.h5,2026-10-06T07:15:27Z
2026-10-05T12:20:00Z,cepina,0.30,0.146,16,0,2.33,0.0,0,ok,rzc262781220vl.001.h5,2026-10-06T07:15:27Z
2026-10-05T12:15:00Z,cepina,0.53,0.252,16,0,2.31,0.0,0,ok,rzc262781215vl.001.h5,2026-10-06T07:15:27Z
2026-10-05T12:10:00Z,cepina,0.86,0.325,16,0,2.73,0.0,0,ok,rzc262781210vl.001.h5,2026-10-06T07:15:27Z
2026-10-05T12:05:00Z,cepina,1.27,0.370,16,0,2.92,0.0,0,ok,rzc262781205vl.001.h5,2026-10-06T07:15:27Z
2026-10-05T12:00:00Z,cepina,1.43,0.314,16,0,2.97,0.0,0,ok,rzc262781200vl.001.h5,2026-10-06T07:15:27Z
2026-10-05T11:55:00Z,cepina,1.30,0.218,16,0,3.24,0.0,0,ok,rzc262781155vl.001.h5,2026-10-06T07:15:27Z
2026-10-05T11:50:00Z,cepina,1.11,0.177,16,0,3.38,0.0,0,ok,rzc262781150vl.001.h5,2026-10-06T07:15:27Z
2026-10-05T11:45:00Z,cepina,0.93,0.171,16,0,3.67,0.0,0,ok,rzc262781145vl.001.h5,2026-10-06T07:15:27Z
2026-10-05T11:40:00Z,cepina,0.78,0.183,16,0,3.70,0.0,0,ok,rzc262781140vl.001.h5,2026-10-06T07:15:27Z
2026-10-05T11:35:00Z,cepina,0.57,0.237,16,0,3.56,0.0,0,ok,rzc262781135vl.001.h5,2026-10-06T07:15:27Z
2026-10-05T11:30:00Z,cepina,0.67,0.332,16,0,3.35,0.0,0,ok,rzc262781130vl.001.h5,2026-10-06T07:15:27Z
2026-10-05T11:25:00Z,cepina,0.73,0.359,16,0,3.50,0.0,0,ok,rzc262781125vl.001.h5,2026-10-06T07:15:27Z
2026-10-05T11:20:00Z,cepina,0.87,0.426,16,0,2.84,0.0,0,ok,rzc262781120vl.001.h5,2026-10-06T07:15:27Z
2026-10-05T11:15:00Z,cepina,1.05,0.451,16,0,3.13,0.0,0,ok,rzc262781115vl.001.h5,2026-10-06T07:15:27Z
2026-10-05T11:10:00Z,cepina,0.91,0.408,16,0,6.28,0.6,0,ok,rzc262781110vl.001.h5,2026-10-06T07:15:27Z
2026-10-05T11:05:00Z,cepina,0.88,0.394,16,0,9.28,1.8,0,ok,rzc262781105vl.001.h5,2026-10-06T07:15:27Z
2026-10-05T11:00:00Z,cepina,1.09,0.499,16,0,13.38,1.6,0,ok,rzc262781100vl.001.h5,2026-10-06T07:15:27Z
2026-10-05T10:55:00Z,cepina,1.33,0.628,16,0,16.34,1.6,0,ok,rzc262781055vl.001.h5,2026-10-06T07:15:27Z
2026-10-05T10:50:00Z,cepina,1.35,0.790,16,0,17.88,3.3,0,ok,rzc262781050vl.001.h5,2026-10-06T07:15:27Z
2026-10-05T10:45:00Z,cepina,1.26,0.912,16,0,25.46,1.8,0,ok,rzc262781045vl.001.h5,2026-10-06T07:15:27Z
2026-10-05T10:40:00Z,cepina,1.10,0.839,16,0,12.06,0.6,0,ok,rzc262781040vl.001.h5,2026-10-06T07:15:27Z
2026-10-05T10:35:00Z,cepina,0.94,0.666,16,0,7.32,0.8,0,ok,rzc262781035vl.001.h5,2026-10-06T07:15:27Z
2026-10-05T10:30:00Z,cepina,0.83,0.595,16,0,6.88,1.0,0,ok,rzc262781030vl.001.h5,2026-10-06T07:15:27Z
2026-10-05T10:25:00Z,cepina,2.21,1.013,16,0,6.39,0.4,0,ok,rzc262781025vl.001.h5,2026-10-06T07:15:27Z
2026-10-05T10:20:00Z,cepina,4.45,1.893,16,0,7.21,1.2,0,ok,rzc262781020vl.001.h5,2026-10-06T07:15:27Z
2026-10-05T10:15:00Z,cepina,7.96,2.156,16,0,8.59,3.3,0,ok,rzc262781015vl.001.h5,2026-10-06T07:15:27Z
2026-10-05T10:10:00Z,cepina,2.46,0.532,16,0,14.64,3.5,0,ok,rzc262781010vl.001.h5,2026-10-06T07:15:27Z
2026-10-05T10:05:00Z,cepina,0.31,0.023,16,0,11.21,2.5,0,ok,rzc262781005vl.001.h5,2026-10-06T07:15:27Z
2026-10-05T10:00:00Z,cepina,0.00,0.000,16,0,11.83,2.5,0,ok,rzc262781000vl.001.h5,2026-10-06T07:15:27Z
2026-10-05T09:55:00Z,cepina,0.00,0.000,16,0,15.88,2.3,0,ok,rzc262780955vl.001.h5,2026-10-06T07:15:27Z
2026-10-05T09:50:00Z,cepina,0.00,0.000,16,0,11.99,0.4,0,ok,rzc262780950vl.001.h5,2026-10-06T07:15:27Z
2026-10-05T09:45:00Z,cepina,0.00,0.000,16,0,2.31,0.0,0,ok,rzc262780945vl.001.h5,2026-10-06T07:15:27Z
2026-10-05T09:40:00Z,cepina,0.00,0.000,16,0,2.69,0.0,0,ok,rzc262780940vl.001.h5,2026-10-06T07:15:27Z
2026-10-05T09:35:00Z,cepina,0.00,0.000,16,0,1.93,0.0,0,ok,rzc262780935vl.001.h5,2026-10-06T07:15:27Z
2026-10-05T09:30:00Z,cepina,0.00,0.000,16,0,0.10,0.0,0,ok,rzc262780930vl.001.h5,2026-10-06T07:15:27Z
2026-10-05T09:25:00Z,cepina,0.00,0.000,16,0,0.00,0.0,0,ok,rzc262780925vl.001.h5,2026-10-06T07:15:27Z
2026-10-05T09:20:00Z,cepina,0.00,0.000,16,0,0.01,0.0,0,ok,rzc262780920vl.001.h5,2026-10-06T07:15:27Z
2026-10-05T09:15:00Z,cepina,0.00,0.000,16,0,0.01,0.0,0,ok,rzc262780915vl.001.h5,2026-10-06T07:15:27Z
2026-10-05T09:10:00Z,cepina,0.00,0.000,16,0,0.02,0.0,0,ok,rzc262780910vl.001.h5,2026-10-06T07:15:27Z
2026-10-05T09:05:00Z,cepina,0.00,0.000,16,0,0.19,0.0,0,ok,rzc262780905vl.001.h5,2026-10-06T07:15:27Z
2026-10-05T09:00:00Z,cepina,0.00,0.000,16,0,0.68,0.0,0,ok,rzc262780900vl.001.h5,2026-10-06T07:15:27Z
2026-10-05T08:55:00Z,cepina,0.00,0.000,16,0,2.15,0.0,0,ok,rzc262780855vl.001.h5,2026-10-06T07:15:27Z
2026-10-05T08:50:00Z,cepina,0.10,0.026,16,0,2.73,0.0,0,ok,rzc262780850vl.001.h5,2026-10-06T07:15:27Z
2026-10-05T08:45:00Z,cepina,0.29,0.050,16,0,3.00,0.0,0,ok,rzc262780845vl.001.h5,2026-10-06T07:15:27Z
2026-10-05T08:40:00Z,cepina,0.32,0.045,16,0,3.26,0.0,0,ok,rzc262780840vl.001.h5,2026-10-06T07:15:27Z
2026-10-05T08:35:00Z,cepina,0.20,0.036,16,0,3.56,0.0,0,ok,rzc262780835vl.001.h5,2026-10-06T07:15:27Z
2026-10-05T08:30:00Z,cepina,0.00,0.000,16,0,3.10,0.0,0,ok,rzc262780830vl.001.h5,2026-10-06T07:15:27Z
2026-10-05T08:25:00Z,cepina,0.00,0.000,16,0,3.16,0.0,0,ok,rzc262780825vl.001.h5,2026-10-06T07:15:27Z
2026-10-05T08:20:00Z,cepina,0.00,0.000,16,0,2.77,0.0,0,ok,rzc262780820vl.001.h5,2026-10-06T07:15:27Z
2026-10-05T08:15:00Z,cepina,0.10,0.014,16,0,1.83,0.0,0,ok,rzc262780815vl.001.h5,2026-10-06T07:15:27Z
2026-10-05T08:10:00Z,cepina,0.09,0.029,16,0,1.45,0.0,0,ok,rzc262780810vl.001.h5,2026-10-06T07:15:27Z
2026-10-05T08:05:00Z,cepina,0.20,0.089,16,0,0.72,0.0,0,ok,rzc262780805vl.001.h5,2026-10-06T07:15:27Z
2026-10-05T08:00:00Z,cepina,0.31,0.197,16,0,1.14,0.0,0,ok,rzc262780800vl.001.h5,2026-10-06T07:15:27Z
2026-10-05T07:55:00Z,cepina,0.31,0.246,16,0,1.43,0.0,0,ok,rzc262780755vl.001.h5,2026-10-06T07:15:27Z
2026-10-05T07:50:00Z,cepina,0.55,0.312,16,0,2.08,0.0,0,ok,rzc262780750vl.001.h5,2026-10-06T07:15:27Z
2026-10-05T07:45:00Z,cepina,0.90,0.584,16,0,2.10,0.0,0,ok,rzc262780745vl.001.h5,2026-10-06T07:15:27Z
2026-10-05T07:40:00Z,cepina,1.08,0.892,16,0,2.42,0.0,0,ok,rzc262780740vl.001.h5,2026-10-06T07:15:27Z
2026-10-05T07:35:00Z,cepina,1.17,0.986,16,0,2.87,0.0,0,ok,rzc262780735vl.001.h5,2026-10-06T07:15:27Z
2026-10-05T07:30:00Z,cepina,1.67,1.190,16,0,3.55,0.0,0,ok,rzc262780730vl.001.h5,2026-10-06T07:15:27Z
2026-10-05T07:25:00Z,cepina,1.67,1.417,16,0,3.52,0.0,0,ok,rzc262780725vl.001.h5,2026-10-06T07:15:27Z
2026-10-05T07:20:00Z,cepina,2.22,1.509,16,0,4.66,0.0,0,ok,rzc262780720vl.001.h5,2026-10-06T07:15:27Z
2026-10-05T07:15:00Z,cepina,2.62,1.692,16,0,6.40,0.4,0,ok,rzc262780715vl.001.h5,2026-10-06T07:15:27Z
2026-10-05T07:10:00Z,cepina,2.20,1.832,16,0,6.44,0.4,0,ok,rzc262780710vl.001.h5,2026-10-06T07:15:27Z
2026-10-05T07:05:00Z,cepina,2.00,1.587,16,0,6.35,1.0,0,ok,rzc262780705vl.001.h5,2026-10-06T07:15:27Z
2026-10-05T07:00:00Z,cepina,2.67,1.503,16,0,7.70,0.6,0,ok,rzc262780700vl.001.h5,2026-10-06T07:15:27Z
2026-10-05T06:55:00Z,cepina,4.05,2.274,16,0,5.96,0.4,0,ok,rzc262780655vl.001.h5,2026-10-06T07:15:27Z
2026-10-05T06:50:00Z,cepina,4.90,3.309,16,0,5.63,0.4,0,ok,rzc262780650vl.001.h5,2026-10-06T07:15:27Z
2026-10-05T06:45:00Z,cepina,6.04,3.634,16,0,6.04,0.4,0,ok,rzc262780645vl.001.h5,2026-10-06T07:15:27Z
2026-10-05T06:40:00Z,cepina,5.13,2.438,16,0,6.09,1.2,0,ok,rzc262780640vl.001.h5,2026-10-06T07:15:27Z
2026-10-05T06:35:00Z,cepina,2.56,1.035,16,0,6.34,1.6,0,ok,rzc262780635vl.001.h5,2026-10-06T07:15:27Z
2026-10-05T06:30:00Z,cepina,1.03,0.357,16,0,8.12,2.9,0,ok,rzc262780630vl.001.h5,2026-10-06T07:15:27Z
2026-10-05T06:25:00Z,cepina,0.12,0.032,16,0,8.61,3.3,0,ok,rzc262780625vl.001.h5,2026-10-06T07:15:27Z
2026-10-05T06:20:00Z,cepina,0.00,0.000,16,0,7.18,4.1,0,ok,rzc262780620vl.001.h5,2026-10-06T07:15:27Z
2026-10-05T06:15:00Z,cepina,0.02,0.006,16,0,7.05,2.3,0,ok,rzc262780615vl.001.h5,2026-10-06T07:15:27Z
2026-10-05T06:10:00Z,cepina,0.12,0.045,16,0,7.25,1.0,0,ok,rzc262780610vl.001.h5,2026-10-06T07:15:27Z
2026-10-05T06:05:00Z,cepina,0.87,0.194,16,0,5.06,0.2,0,ok,rzc262780605vl.001.h5,2026-10-06T07:15:27Z
2026-10-05T06:00:00Z,cepina,0.76,0.412,16,0,4.74,0.0,0,ok,rzc262780600vl.001.h5,2026-10-06T07:15:27Z
2026-10-05T05:55:00Z,cepina,0.44,0.286,16,0,4.62,0.0,0,ok,rzc262780555vl.001.h5,2026-10-06T07:15:27Z
2026-10-05T05:50:00Z,cepina,0.47,0.215,16,0,3.71,0.0,0,ok,rzc262780550vl.001.h5,2026-10-06T07:15:27Z
2026-10-05T05:45:00Z,cepina,0.65,0.190,16,0,2.85,0.0,0,ok,rzc262780545vl.001.h5,2026-10-06T07:15:27Z
2026-10-05T05:40:00Z,cepina,0.68,0.099,16,0,1.49,0.0,0,ok,rzc262780540vl.001.h5,2026-10-06T07:15:27Z
2026-10-05T05:35:00Z,cepina,0.17,0.012,16,0,1.45,0.0,0,ok,rzc262780535vl.001.h5,2026-10-06T07:15:27Z
2026-10-05T05:30:00Z,cepina,0.00,0.000,16,0,1.51,0.0,0,ok,rzc262780530vl.001.h5,2026-10-06T07:15:27Z
2026-10-05T05:25:00Z,cepina,0.00,0.000,16,0,1.33,0.0,0,ok,rzc262780525vl.001.h5,2026-10-06T07:15:27Z
2026-10-05T05:20:00Z,cepina,0.10,0.007,16,0,1.18,0.0,0,ok,rzc262780520vl.001.h5,2026-10-06T07:15:27Z
2026-10-05T05:15:00Z,cepina,0.12,0.034,16,0,0.68,0.0,0,ok,rzc262780515vl.001.h5,2026-10-06T07:15:27Z
2026-10-05T05:10:00Z,cepina,0.12,0.066,16,0,0.74,0.0,0,ok,rzc262780510vl.001.h5,2026-10-06T07:15:27Z
2026-10-05T05:05:00Z,cepina,0.10,0.027,16,0,1.69,0.0,0,ok,rzc262780505vl.001.h5,2026-10-06T07:15:27Z
2026-10-05T05:00:00Z,cepina,0.09,0.017,16,0,1.67,0.0,0,ok,rzc262780500vl.001.h5,2026-10-06T07:15:27Z
2026-10-05T04:55:00Z,cepina,0.10,0.008,16,0,1.79,0.0,0,ok,rzc262780455vl.001.h5,2026-10-06T07:15:27Z
2026-10-05T04:50:00Z,cepina,0.00,0.000,16,0,1.91,0.0,0,ok,rzc262780450vl.001.h5,2026-10-06T07:15:27Z
2026-10-05T04:45:00Z,cepina,0.00,0.000,16,0,1.92,0.0,0,ok,rzc262780445vl.001.h5,2026-10-06T07:15:27Z
2026-10-05T04:40:00Z,cepina,0.00,0.000,16,0,1.80,0.0,0,ok,rzc262780440vl.001.h5,2026-10-06T07:15:27Z
2026-10-05T04:35:00Z,cepina,0.02,0.006,16,0,1.47,0.0,0,ok,rzc262780435vl.001.h5,2026-10-06T07:15:27Z
2026-10-05T04:30:00Z,cepina,0.02,0.012,16,0,1.12,0.0,0,ok,rzc262780430vl.001.h5,2026-10-06T07:15:27Z
2026-10-05T04:25:00Z,cepina,0.01,0.002,16,0,0.62,0.0,0,ok,rzc262780425vl.001.h5,2026-10-06T07:15:27Z
2026-10-05T04:20:00Z,cepina,0.11,0.015,16,0,0.86,0.0,0,ok,rzc262780420vl.001.h5,2026-10-06T07:15:27Z
2026-10-05T04:15:00Z,cepina,0.31,0.165,16,0,0.98,0.0,0,ok,rzc262780415vl.001.h5,2026-10-06T07:15:27Z
2026-10-05T04:10:00Z,cepina,0.26,0.090,16,0,1.22,0.0,0,ok,rzc262780410vl.001.h5,2026-10-06T07:15:27Z
2026-10-05T04:05:00Z,cepina,0.44,0.162,16,0,2.52,0.0,0,ok,rzc262780405vl.001.h5,2026-10-06T07:15:27Z
2026-10-05T04:00:00Z,cepina,0.64,0.427,16,0,3.42,0.0,0,ok,rzc262780400vl.001.h5,2026-10-06T07:15:27Z
2026-10-05T03:55:00Z,cepina,0.72,0.433,16,0,4.37,0.0,0,ok,rzc262780355vl.001.h5,2026-10-06T07:15:27Z
2026-10-05T03:50:00Z,cepina,0.35,0.166,16,0,3.79,0.0,0,ok,rzc262780350vl.001.h5,2026-10-06T07:15:27Z
2026-10-05T03:45:00Z,cepina,0.16,0.087,16,0,3.92,0.0,0,ok,rzc262780345vl.001.h5,2026-10-06T07:15:27Z
2026-10-05T03:40:00Z,cepina,0.11,0.048,16,0,2.64,0.0,0,ok,rzc262780340vl.001.h5,2026-10-06T07:15:27Z
2026-10-05T03:35:00Z,cepina,0.11,0.014,16,0,1.39,0.0,0,ok,rzc262780335vl.001.h5,2026-10-06T07:15:27Z
2026-10-05T03:30:00Z,cepina,0.01,0.001,16,0,0.82,0.0,0,ok,rzc262780330vl.001.h5,2026-10-06T07:15:27Z
2026-10-05T03:25:00Z,cepina,0.00,0.000,16,0,0.36,0.0,0,ok,rzc262780325vl.001.h5,2026-10-06T07:15:27Z
2026-10-05T03:20:00Z,cepina,0.00,0.000,16,0,0.14,0.0,0,ok,rzc262780320vl.001.h5,2026-10-06T07:15:27Z
2026-10-05T03:15:00Z,cepina,0.00,0.000,16,0,0.10,0.0,0,ok,rzc262780315vl.001.h5,2026-10-06T07:15:27Z
2026-10-05T03:10:00Z,cepina,0.00,0.000,16,0,0.09,0.0,0,ok,rzc262780310vl.001.h5,2026-10-06T07:15:27Z
2026-10-05T03:05:00Z,cepina,0.00,0.000,16,0,0.01,0.0,0,ok,rzc262780305vl.001.h5,2026-10-06T07:15:27Z
2026-10-05T03:00:00Z,cepina,0.00,0.000,16,0,0.00,0.0,0,ok,rzc262780300vl.001.h5,2026-10-06T07:15:27Z
2026-10-05T02:55:00Z,cepina,0.00,0.000,16,0,0.00,0.0,0,ok,rzc262780255vl.001.h5,2026-10-06T07:15:27Z
2026-10-05T02:50:00Z,cepina,0.00,0.000,16,0,0.00,0.0,0,ok,rzc262780250vl.001.h5,2026-10-06T07:15:27Z
2026-10-05T02:45:00Z,cepina,0.00,0.000,16,0,0.00,0.0,0,ok,rzc262780245vl.001.h5,2026-10-06T07:15:27Z
2026-10-05T02:40:00Z,cepina,0.00,0.000,16,0,0.00,0.0,0,ok,rzc262780240vl.001.h5,2026-10-06T07:15:27Z
2026-10-05T02:35:00Z,cepina,0.00,0.000,16,0,0.00,0.0,0,ok,rzc262780235vl.001.h5,2026-10-06T07:15:27Z
2026-10-05T02:30:00Z,cepina,0.00,0.000,16,0,0.00,0.0,0,ok,rzc262780230vl.001.h5,2026-10-06T07:15:27Z
2026-10-05T02:25:00Z,cepina,0.00,0.000,16,0,0.00,0.0,0,ok,rzc262780225vl.001.h5,2026-10-06T07:15:27Z
2026-10-05T02:20:00Z,cepina,0.00,0.000,16,0,0.00,0.0,0,ok,rzc262780220vl.001.h5,2026-10-06T07:15:27Z
2026-10-05T02:15:00Z,cepina,0.00,0.000,16,0,0.00,0.0,0,ok,rzc262780215vl.001.h5,2026-10-06T07:15:27Z
2026-10-05T02:10:00Z,cepina,0.00,0.000,16,0,0.00,0.0,0,ok,rzc262780210vl.001.h5,2026-10-06T07:15:27Z
2026-10-05T02:05:00Z,cepina,0.00,0.000,16,0,0.00,0.0,0,ok,rzc262780205vl.001.h5,2026-10-06T07:15:27Z
2026-10-05T02:00:00Z,cepina,0.00,0.000,16,0,0.00,0.0,0,ok,rzc262780200vl.001.h5,2026-10-06T07:15:27Z
2026-10-05T01:55:00Z,cepina,0.00,0.000,16,0,0.00,0.0,0,ok,rzc262780155vl.001.h5,2026-10-06T07:15:27Z
2026-10-05T01:50:00Z,cepina,0.00,0.000,16,0,0.00,0.0,0,ok,rzc262780150vl.001.h5,2026-10-06T07:15:27Z
2026-10-05T01:45:00Z,cepina,0.00,0.000,16,0,0.00,0.0,0,ok,rzc262780145vl.001.h5,2026-10-06T07:15:27Z
2026-10-05T01:40:00Z,cepina,0.00,0.000,16,0,0.01,0.0,0,ok,rzc262780140vl.001.h5,2026-10-06T07:15:27Z
2026-10-05T01:35:00Z,cepina,0.00,0.000,16,0,0.01,0.0,0,ok,rzc262780135vl.001.h5,2026-10-06T07:15:27Z
2026-10-05T01:30:00Z,cepina,0.00,0.000,16,0,0.01,0.0,0,ok,rzc262780130vl.001.h5,2026-10-06T07:15:27Z
2026-10-05T01:25:00Z,cepina,0.00,0.000,16,0,0.01,0.0,0,ok,rzc262780125vl.001.h5,2026-10-06T07:15:27Z
2026-10-05T01:20:00Z,cepina,0.00,0.000,16,0,0.00,0.0,0,ok,rzc262780120vl.001.h5,2026-10-06T07:15:27Z
2026-10-05T01:15:00Z,cepina,0.00,0.000,16,0,0.00,0.0,0,ok,rzc262780115vl.001.h5,2026-10-06T07:15:27Z
2026-10-05T01:10:00Z,cepina,0.00,0.000,16,0,0.00,0.0,0,ok,rzc262780110vl.001.h5,2026-10-06T07:15:27Z
2026-10-05T01:05:00Z,cepina,0.00,0.000,16,0,0.00,0.0,0,ok,rzc262780105vl.001.h5,2026-10-06T07:15:27Z
2026-10-05T01:00:00Z,cepina,0.00,0.000,16,0,0.00,0.0,0,ok,rzc262780100vl.001.h5,2026-10-06T07:15:27Z
2026-10-05T00:55:00Z,cepina,0.00,0.000,16,0,0.00,0.0,0,ok,rzc262780055vl.001.h5,2026-10-06T07:15:27Z
2026-10-05T00:50:00Z,cepina,0.00,0.000,16,0,0.00,0.0,0,ok,rzc262780050vl.001.h5,2026-10-06T07:15:27Z
2026-10-05T00:45:00Z,cepina,0.00,0.000,16,0,0.01,0.0,0,ok,rzc262780045vl.001.h5,2026-10-06T07:15:27Z
2026-10-05T00:40:00Z,cepina,0.00,0.000,16,0,0.00,0.0,0,ok,rzc262780040vl.001.h5,2026-10-06T07:15:27Z
2026-10-05T00:35:00Z,cepina,0.00,0.000,16,0,0.00,0.0,0,ok,rzc262780035vl.001.h5,2026-10-06T07:15:27Z
2026-10-05T00:30:00Z,cepina,0.00,0.000,16,0,0.01,0.0,0,ok,rzc262780030vl.001.h5,2026-10-06T07:15:27Z
2026-10-05T00:25:00Z,cepina,0.00,0.000,16,0,0.00,0.0,0,ok,rzc262780025vl.001.h5,2026-10-06T07:15:27Z
2026-10-05T00:20:00Z,cepina,0.00,0.000,16,0,0.00,0.0,0,ok,rzc262780020vl.001.h5,2026-10-06T07:15:27Z
2026-10-05T00:15:00Z,cepina,0.00,0.000,16,0,0.00,0.0,0,ok,rzc262780015vl.001.h5,2026-10-06T07:15:27Z
2026-10-05T00:10:00Z,cepina,0.00,0.000,16,0,0.00,0.0,0,ok,rzc262780010vl.001.h5,2026-10-06T07:15:27Z
2026-10-05T00:05:00Z,cepina,0.00,0.000,16,0,0.00,0.0,0,ok,rzc262780005vl.001.h5,2026-10-06T07:15:27Z
2026-10-05T00:00:00Z,cepina,0.00,0.000,16,0,0.00,0.0,0,ok,rzc262780000vl.001.h5,2026-10-06T07:15:27Z
2026-10-04T23:55:00Z,cepina,0.00,0.000,16,0,0.01,0.0,0,ok,rzc262772355vl.001.h5,2026-10-06T07:15:27Z
2026-10-04T23:50:00Z,cepina,0.00,0.000,16,0,0.00,0.0,0,ok,rzc262772350vl.001.h5,2026-10-06T07:15:27Z
2026-10-04T23:45:00Z,cepina,0.00,0.000,16,0,0.00,0.0,0,ok,rzc262772345vl.001.h5,2026-10-06T07:15:27Z
2026-10-04T23:40:00Z,cepina,0.00,0.000,16,0,0.00,0.0,0,ok,rzc262772340vl.001.h5,2026-10-06T07:15:27Z
2026-10-04T23:35:00Z,cepina,0.00,0.000,16,0,0.00,0.0,0,ok,rzc262772335vl.001.h5,2026-10-06T07:15:27Z
2026-10-04T23:30:00Z,cepina,0.00,0.000,16,0,0.00,0.0,0,ok,rzc262772330vl.001.h5,2026-10-06T07:15:27Z
2026-10-04T23:25:00Z,cepina,0.00,0.000,16,0,0.00,0.0,0,ok,rzc262772325vl.001.h5,2026-10-06T07:15:27Z
2026-10-04T23:20:00Z,cepina,0.00,0.000,16,0,0.00,0.0,0,ok,rzc262772320vl.001.h5,2026-10-06T07:15:27Z
2026-10-04T23:15:00Z,cepina,0.00,0.000,16,0,0.00,0.0,0,ok,rzc262772315vl.001.h5,2026-10-06T07:15:27Z
2026-10-04T23:10:00Z,cepina,0.00,0.000,16,0,0.00,0.0,0,ok,rzc262772310vl.001.h5,2026-10-06T07:15:27Z
2026-10-04T23:05:00Z,cepina,0.00,0.000,16,0,0.01,0.0,0,ok,rzc262772305vl.001.h5,2026-10-06T07:15:27Z
2026-10-04T23:00:00Z,cepina,0.00,0.000,16,0,0.00,0.0,0,ok,rzc262772300vl.001.h5,2026-10-06T07:15:27Z
2026-10-04T22:55:00Z,cepina,0.00,0.000,16,0,0.00,0.0,0,ok,rzc262772255vl.001.h5,2026-10-06T07:15:27Z
2026-10-04T22:50:00Z,cepina,0.00,0.000,16,0,0.00,0.0,0,ok,rzc262772250vl.001.h5,2026-10-06T07:15:27Z
2026-10-04T22:45:00Z,cepina,0.00,0.000,16,0,0.00,0.0,0,ok,rzc262772245vl.001.h5,2026-10-06T07:15:27Z
2026-10-04T22:40:00Z,cepina,0.00,0.000,16,0,0.00,0.0,0,ok,rzc262772240vl.001.h5,2026-10-06T07:15:27Z
2026-10-04T22:35:00Z,cepina,0.00,0.000,16,0,0.00,0.0,0,ok,rzc262772235vl.001.h5,2026-10-06T07:15:27Z
2026-10-04T22:30:00Z,cepina,0.00,0.000,16,0,0.00,0.0,0,ok,rzc262772230vl.001.h5,2026-10-06T07:15:27Z
2026-10-04T22:25:00Z,cepina,0.00,0.000,16,0,0.01,0.0,0,ok,rzc262772225vl.001.h5,2026-10-06T07:15:27Z
2026-10-04T22:20:00Z,cepina,0.00,0.000,16,0,0.00,0.0,0,ok,rzc262772220vl.001.h5,2026-10-06T07:15:27Z
2026-10-04T22:15:00Z,cepina,0.00,0.000,16,0,0.00,0.0,0,ok,rzc262772215vl.001.h5,2026-10-06T07:15:27Z
2026-10-04T22:10:00Z,cepina,0.00,0.000,16,0,0.00,0.0,0,ok,rzc262772210vl.001.h5,2026-10-06T07:15:27Z
2026-10-04T22:05:00Z,cepina,0.00,0.000,16,0,0.00,0.0,0,ok,rzc262772205vl.001.h5,2026-10-06T07:15:27Z
2026-10-04T22:00:00Z,cepina,0.00,0.000,16,0,0.00,0.0,0,ok,rzc262772200vl.001.h5,2026-10-06T07:15:27Z
2026-10-04T21:55:00Z,cepina,0.00,0.000,16,0,0.00,0.0,0,ok,rzc262772155vl.001.h5,2026-10-06T07:15:27Z
2026-10-04T21:50:00Z,cepina,0.00,0.000,16,0,0.00,0.0,0,ok,rzc262772150vl.001.h5,2026-10-06T07:15:27Z
2026-10-04T21:45:00Z,cepina,0.00,0.000,16,0,0.00,0.0,0,ok,rzc262772145vl.001.h5,2026-10-06T07:15:27Z
2026-10-04T21:40:00Z,cepina,0.00,0.000,16,0,0.00,0.0,0,ok,rzc262772140vl.001.h5,2026-10-06T07:15:27Z
2026-10-04T21:35:00Z,cepina,0.00,0.000,16,0,0.01,0.0,0,ok,rzc262772135vl.001.h5,2026-10-06T07:15:27Z
2026-10-04T21:30:00Z,cepina,0.00,0.000,16,0,0.00,0.0,0,ok,rzc262772130vl.001.h5,2026-10-06T07:15:27Z
2026-10-04T21:25:00Z,cepina,0.00,0.000,16,0,0.00,0.0,0,ok,rzc262772125vl.001.h5,2026-10-06T07:15:27Z
2026-10-04T21:20:00Z,cepina,0.00,0.000,16,0,0.00,0.0,0,ok,rzc262772120vl.001.h5,2026-10-06T07:15:27Z
2026-10-04T21:15:00Z,cepina,0.00,0.000,16,0,0.00,0.0,0,ok,rzc262772115vl.001.h5,2026-10-06T07:15:27Z
2026-10-04T21:10:00Z,cepina,0.00,0.000,16,0,0.00,0.0,0,ok,rzc262772110vl.001.h5,2026-10-06T07:15:27Z
2026-10-04T21:05:00Z,cepina,0.00,0.000,16,0,0.00,0.0,0,ok,rzc262772105vl.001.h5,2026-10-06T07:15:27Z
2026-10-04T21:00:00Z,cepina,0.00,0.000,16,0,0.00,0.0,0,ok,rzc262772100vl.001.h5,2026-10-06T07:15:27Z
2026-10-04T20:55:00Z,cepina,0.00,0.000,16,0,0.00,0.0,0,ok,rzc262772055vl.001.h5,2026-10-06T07:15:27Z
2026-10-04T20:50:00Z,cepina,0.00,0.000,16,0,0.00,0.0,0,ok,rzc262772050vl.001.h5,2026-10-06T07:15:27Z
2026-10-04T20:45:00Z,cepina,0.00,0.000,16,0,0.00,0.0,0,ok,rzc262772045vl.001.h5,2026-10-06T07:15:27Z
2026-10-04T20:40:00Z,cepina,0.00,0.000,16,0,0.00,0.0,0,ok,rzc262772040vl.001.h5,2026-10-06T07:15:27Z
2026-10-04T20:35:00Z,cepina,0.00,0.000,16,0,0.00,0.0,0,ok,rzc262772035vl.001.h5,2026-10-06T07:15:27Z
2026-10-04T20:30:00Z,cepina,0.00,0.000,16,0,0.00,0.0,0,ok,rzc262772030vl.001.h5,2026-10-06T07:15:27Z
2026-10-04T20:25:00Z,cepina,0.00,0.000,16,0,0.00,0.0,0,ok,rzc262772025vl.001.h5,2026-10-06T07:15:27Z
2026-10-04T20:20:00Z,cepina,0.00,0.000,16,0,0.00,0.0,0,ok,rzc262772020vl.001.h5,2026-10-06T07:15:27Z
2026-10-04T20:15:00Z,cepina,0.00,0.000,16,0,0.00,0.0,0,ok,rzc262772015vl.001.h5,2026-10-06T07:15:27Z
2026-10-04T20:10:00Z,cepina,0.00,0.000,16,0,0.00,0.0,0,ok,rzc262772010vl.001.h5,2026-10-06T07:15:27Z
2026-10-04T20:05:00Z,cepina,0.00,0.000,16,0,0.00,0.0,0,ok,rzc262772005vl.001.h5,2026-10-06T07:15:27Z
2026-10-04T20:00:00Z,cepina,0.00,0.000,16,0,0.00,0.0,0,ok,rzc262772000vl.001.h5,2026-10-06T07:15:27Z
2026-10-04T19:55:00Z,cepina,0.00,0.000,16,0,0.00,0.0,0,ok,rzc262771955vl.001.h5,2026-10-06T07:15:27Z
2026-10-04T19:50:00Z,cepina,0.00,0.000,16,0,0.00,0.0,0,ok,rzc262771950vl.001.h5,2026-10-06T07:15:27Z
2026-10-04T19:45:00Z,cepina,0.00,0.000,16,0,0.00,0.0,0,ok,rzc262771945vl.001.h5,2026-10-06T07:15:27Z
2026-10-04T19:40:00Z,cepina,0.00,0.000,16,0,0.00,0.0,0,ok,rzc262771940vl.001.h5,2026-10-06T07:15:27Z
2026-10-04T19:35:00Z,cepina,0.00,0.000,16,0,0.00,0.0,0,ok,rzc262771935vl.001.h5,2026-10-06T07:15:27Z
2026-10-04T19:30:00Z,cepina,0.00,0.000,16,0,0.00,0.0,0,ok,rzc262771930vl.001.h5,2026-10-06T07:15:27Z
2026-10-04T19:25:00Z,cepina,0.00,0.000,16,0,0.00,0.0,0,ok,rzc262771925vl.001.h5,2026-10-06T07:15:27Z
2026-10-04T19:20:00Z,cepina,0.00,0.000,16,0,0.00,0.0,0,ok,rzc262771920vl.001.h5,2026-10-06T07:15:27Z
2026-10-04T19:15:00Z,cepina,0.00,0.000,16,0,0.00,0.0,0,ok,rzc262771915vl.001.h5,2026-10-06T07:15:27Z
2026-10-04T19:10:00Z,cepina,0.00,0.000,16,0,0.00,0.0,0,ok,rzc262771910vl.001.h5,2026-10-06T07:15:27Z
2026-10-04T19:05:00Z,cepina,0.00,0.000,16,0,0.00,0.0,0,ok,rzc262771905vl.001.h5,2026-10-06T07:15:27Z
2026-10-04T19:00:00Z,cepina,0.00,0.000,16,0,0.00,0.0,0,ok,rzc262771900vl.001.h5,2026-10-06T07:15:27Z
2026-10-04T18:55:00Z,cepina,0.00,0.000,16,0,0.00,0.0,0,ok,rzc262771855vl.001.h5,2026-10-06T07:15:27Z
2026-10-04T18:50:00Z,cepina,0.00,0.000,16,0,0.00,0.0,0,ok,rzc262771850vl.001.h5,2026-10-06T07:15:27Z
2026-10-04T18:45:00Z,cepina,0.00,0.000,16,0,0.00,0.0,0,ok,rzc262771845vl.001.h5,2026-10-06T07:15:27Z
2026-10-04T18:40:00Z,cepina,0.00,0.000,16,0,0.00,0.0,0,ok,rzc262771840vl.001.h5,2026-10-06T07:15:27Z
2026-10-04T18:35:00Z,cepina,0.00,0.000,16,0,0.00,0.0,0,ok,rzc262771835vl.001.h5,2026-10-06T07:15:27Z
2026-10-04T18:30:00Z,cepina,0.00,0.000,16,0,0.00,0.0,0,ok,rzc262771830vl.001.h5,2026-10-06T07:15:27Z
2026-10-04T18:25:00Z,cepina,0.00,0.000,16,0,0.00,0.0,0,ok,rzc262771825vl.001.h5,2026-10-06T07:15:27Z
2026-10-04T18:20:00Z,cepina,0.00,0.000,16,0,0.00,0.0,0,ok,rzc262771820vl.001.h5,2026-10-06T07:15:27Z
2026-10-04T18:15:00Z,cepina,0.00,0.000,16,0,0.00,0.0,0,ok,rzc262771815vl.001.h5,2026-10-06T07:15:27Z
2026-10-04T18:10:00Z,cepina,0.00,0.000,16,0,0.00,0.0,0,ok,rzc262771810vl.001.h5,2026-10-06T07:15:27Z
2026-10-04T18:05:00Z,cepina,0.00,0.000,16,0,0.00,0.0,0,ok,rzc262771805vl.001.h5,2026-10-06T07:15:27Z
2026-10-04T18:00:00Z,cepina,0.00,0.000,16,0,0.00,0.0,0,ok,rzc262771800vl.001.h5,2026-10-06T07:15:27Z
2026-10-04T17:55:00Z,cepina,0.00,0.000,16,0,0.00,0.0,0,ok,rzc262771755vl.001.h5,2026-10-06T07:15:27Z
2026-10-04T17:50:00Z,cepina,0.00,0.000,16,0,0.00,0.0,0,ok,rzc262771750vl.001.h5,2026-10-06T07:15:27Z
2026-10-04T17:45:00Z,cepina,0.00,0.000,16,0,0.00,0.0,0,ok,rzc262771745vl.001.h5,2026-10-06T07:15:27Z
2026-10-04T17:40:00Z,cepina,0.00,0.000,16,0,0.00,0.0,0,ok,rzc262771740vl.001.h5,2026-10-06T07:15:27Z
2026-10-04T17:35:00Z,cepina,0.00,0.000,16,0,0.00,0.0,0,ok,rzc262771735vl.001.h5,2026-10-06T07:15:27Z
2026-10-04T17:30:00Z,cepina,0.00,0.000,16,0,0.00,0.0,0,ok,rzc262771730vl.001.h5,2026-10-06T07:15:27Z
2026-10-04T17:25:00Z,cepina,0.00,0.000,16,0,0.00,0.0,0,ok,rzc262771725vl.001.h5,2026-10-06T07:15:27Z
2026-10-04T17:20:00Z,cepina,0.00,0.000,16,0,0.00,0.0,0,ok,rzc262771720vl.001.h5,2026-10-06T07:15:27Z
2026-10-04T17:15:00Z,cepina,0.00,0.000,16,0,0.00,0.0,0,ok,rzc262771715vl.001.h5,2026-10-06T07:15:27Z
2026-10-04T17:10:00Z,cepina,0.00,0.000,16,0,0.00,0.0,0,ok,rzc262771710vl.001.h5,2026-10-06T07:15:27Z
2026-10-04T17:05:00Z,cepina,0.00,0.000,16,0,0.00,0.0,0,ok,rzc262771705vl.001.h5,2026-10-06T07:15:27Z
2026-10-04T17:00:00Z,cepina,0.00,0.000,16,0,0.00,0.0,0,ok,rzc262771700vl.001.h5,2026-10-06T07:15:27Z
2026-10-04T16:55:00Z,cepina,0.00,0.000,16,0,0.00,0.0,0,ok,rzc262771655vl.001.h5,2026-10-06T07:15:27Z
2026-10-04T16:50:00Z,cepina,0.00,0.000,16,0,0.00,0.0,0,ok,rzc262771650vl.001.h5,2026-10-06T07:15:27Z
2026-10-04T16:45:00Z,cepina,0.00,0.000,16,0,0.00,0.0,0,ok,rzc262771645vl.001.h5,2026-10-06T07:15:27Z
2026-10-04T16:40:00Z,cepina,0.00,0.000,16,0,0.00,0.0,0,ok,rzc262771640vl.001.h5,2026-10-06T07:15:27Z
2026-10-04T16:35:00Z,cepina,0.00,0.000,16,0,0.00,0.0,0,ok,rzc262771635vl.001.h5,2026-10-06T07:15:27Z
2026-10-04T16:30:00Z,cepina,0.00,0.000,16,0,0.00,0.0,0,ok,rzc262771630vl.001.h5,2026-10-06T07:15:27Z
2026-10-04T16:25:00Z,cepina,0.00,0.000,16,0,0.00,0.0,0,ok,rzc262771625vl.001.h5,2026-10-06T07:15:27Z
2026-10-04T16:20:00Z,cepina,0.00,0.000,16,0,0.00,0.0,0,ok,rzc262771620vl.001.h5,2026-10-06T07:15:27Z
2026-10-04T16:15:00Z,cepina,0.00,0.000,16,0,0.00,0.0,0,ok,rzc262771615vl.001.h5,2026-10-06T07:15:27Z
2026-10-04T16:10:00Z,cepina,0.00,0.000,16,0,0.00,0.0,0,ok,rzc262771610vl.001.h5,2026-10-06T07:15:27Z
2026-10-04T16:05:00Z,cepina,0.00,0.000,16,0,0.00,0.0,0,ok,rzc262771605vl.001.h5,2026-10-06T07:15:27Z
2026-10-04T16:00:00Z,cepina,0.00,0.000,16,0,0.00,0.0,0,ok,rzc262771600vl.001.h5,2026-10-06T07:15:27Z
2026-10-04T15:55:00Z,cepina,0.00,0.000,16,0,0.00,0.0,0,ok,rzc262771555vl.001.h5,2026-10-06T07:15:27Z
2026-10-04T15:50:00Z,cepina,0.00,0.000,16,0,0.00,0.0,0,ok,rzc262771550vl.001.h5,2026-10-06T07:15:27Z
2026-10-04T15:45:00Z,cepina,0.00,0.000,16,0,0.00,0.0,0,ok,rzc262771545vl.001.h5,2026-10-06T07:15:27Z
2026-10-04T15:40:00Z,cepina,0.00,0.000,16,0,0.00,0.0,0,ok,rzc262771540vl.001.h5,2026-10-06T07:15:27Z
2026-10-04T15:35:00Z,cepina,0.00,0.000,16,0,0.00,0.0,0,ok,rzc262771535vl.001.h5,2026-10-06T07:15:27Z
2026-10-04T15:30:00Z,cepina,0.00,0.000,16,0,0.00,0.0,0,ok,rzc262771530vl.001.h5,2026-10-06T07:15:27Z
2026-10-04T15:25:00Z,cepina,0.00,0.000,16,0,0.00,0.0,0,ok,rzc262771525vl.001.h5,2026-10-06T07:15:27Z
2026-10-04T15:20:00Z,cepina,0.00,0.000,16,0,0.00,0.0,0,ok,rzc262771520vl.001.h5,2026-10-06T07:15:27Z
2026-10-04T15:15:00Z,cepina,0.00,0.000,16,0,0.00,0.0,0,ok,rzc262771515vl.001.h5,2026-10-06T07:15:27Z
2026-10-04T15:10:00Z,cepina,0.00,0.000,16,0,0.00,0.0,0,ok,rzc262771510vl.001.h5,2026-10-06T07:15:27Z
2026-10-04T15:05:00Z,cepina,0.00,0.000,16,0,0.00,0.0,0,ok,rzc262771505vl.001.h5,2026-10-06T07:15:27Z
2026-10-04T15:00:00Z,cepina,0.00,0.000,16,0,0.00,0.0,0,ok,rzc262771500vl.001.h5,2026-10-06T07:15:27Z
2026-10-04T14:55:00Z,cepina,0.00,0.000,16,0,0.00,0.0,0,ok,rzc262771455vl.001.h5,2026-10-06T07:15:27Z
2026-10-04T14:50:00Z,cepina,0.00,0.000,16,0,0.00,0.0,0,ok,rzc262771450vl.001.h5,2026-10-06T07:15:27Z
2026-10-04T14:45:00Z,cepina,0.00,0.000,16,0,0.00,0.0,0,ok,rzc262771445vl.001.h5,2026-10-06T07:15:27Z
2026-10-04T14:40:00Z,cepina,0.00,0.000,16,0,0.00,0.0,0,ok,rzc262771440vl.001.h5,2026-10-06T07:15:27Z
2026-10-04T14:35:00Z,cepina,0.00,0.000,16,0,0.00,0.0,0,ok,rzc262771435vl.001.h5,2026-10-06T07:15:27Z
2026-10-04T14:30:00Z,cepina,0.00,0.000,16,0,0.00,0.0,0,ok,rzc262771430vl.001.h5,2026-10-06T07:15:27Z
2026-10-04T14:25:00Z,cepina,0.00,0.000,16,0,0.00,0.0,0,ok,rzc262771425vl.001.h5,2026-10-06T07:15:27Z
2026-10-04T14:20:00Z,cepina,0.00,0.000,16,0,0.00,0.0,0,ok,rzc262771420vl.001.h5,2026-10-06T07:15:27Z
2026-10-04T14:15:00Z,cepina,0.00,0.000,16,0,0.00,0.0,0,ok,rzc262771415vl.001.h5,2026-10-06T07:15:27Z
2026-10-04T14:10:00Z,cepina,0.00,0.000,16,0,0.00,0.0,0,ok,rzc262771410vl.001.h5,2026-10-06T07:15:27Z
2026-10-04T14:05:00Z,cepina,0.00,0.000,16,0,0.00,0.0,0,ok,rzc262771405vl.001.h5,2026-10-06T07:15:27Z
2026-10-04T14:00:00Z,cepina,0.00,0.000,16,0,0.00,0.0,0,ok,rzc262771400vl.001.h5,2026-10-06T07:15:27Z
2026-10-04T13:55:00Z,cepina,0.00,0.000,16,0,0.00,0.0,0,ok,rzc262771355vl.001.h5,2026-10-06T07:15:27Z
2026-10-04T13:50:00Z,cepina,0.00,0.000,16,0,0.00,0.0,0,ok,rzc262771350vl.001.h5,2026-10-06T07:15:27Z
2026-10-04T13:45:00Z,cepina,0.00,0.000,16,0,0.01,0.0,0,ok,rzc262771345vl.001.h5,2026-10-06T07:15:27Z
2026-10-04T13:40:00Z,cepina,0.00,0.000,16,0,0.00,0.0,0,ok,rzc262771340vl.001.h5,2026-10-06T07:15:27Z
2026-10-04T13:35:00Z,cepina,0.00,0.000,16,0,0.00,0.0,0,ok,rzc262771335vl.001.h5,2026-10-06T07:15:27Z
2026-10-04T13:30:00Z,cepina,0.00,0.000,16,0,0.00,0.0,0,ok,rzc262771330vl.001.h5,2026-10-06T07:15:27Z
2026-10-04T13:25:00Z,cepina,0.00,0.000,16,0,0.00,0.0,0,ok,rzc262771325vl.001.h5,2026-10-06T07:15:27Z
2026-10-04T13:20:00Z,cepina,0.00,0.000,16,0,0.00,0.0,0,ok,rzc262771320vl.001.h5,2026-10-06T07:15:27Z
2026-10-04T13:15:00Z,cepina,0.00,0.000,16,0,0.00,0.0,0,ok,rzc262771315vl.001.h5,2026-10-06T07:15:27Z
2026-10-04T13:10:00Z,cepina,0.00,0.000,16,0,0.00,0.0,0,ok,rzc262771310vl.001.h5,2026-10-06T07:15:27Z
2026-10-04T13:05:00Z,cepina,0.00,0.000,16,0,0.00,0.0,0,ok,rzc262771305vl.001.h5,2026-10-06T07:15:27Z
2026-10-04T13:00:00Z,cepina,0.00,0.000,16,0,0.00,0.0,0,ok,rzc262771300vl.001.h5,2026-10-06T07:15:27Z
2026-10-04T12:55:00Z,cepina,0.00,0.000,16,0,0.00,0.0,0,ok,rzc262771255vl.001.h5,2026-10-06T07:15:27Z
2026-10-04T12:50:00Z,cepina,0.00,0.000,16,0,0.00,0.0,0,ok,rzc262771250vl.001.h5,2026-10-06T07:15:27Z
2026-10-04T12:45:00Z,cepina,0.00,0.000,16,0,0.00,0.0,0,ok,rzc262771245vl.001.h5,2026-10-06T07:15:27Z
2026-10-04T12:40:00Z,cepina,0.00,0.000,16,0,0.00,0.0,0,ok,rzc262771240vl.001.h5,2026-10-06T07:15:27Z
2026-10-04T12:35:00Z,cepina,0.00,0.000,16,0,0.00,0.0,0,ok,rzc262771235vl.001.h5,2026-10-06T07:15:27Z
2026-10-04T12:30:00Z,cepina,0.00,0.000,16,0,0.01,0.0,0,ok,rzc262771230vl.001.h5,2026-10-06T07:15:27Z
2026-10-04T12:25:00Z,cepina,0.00,0.000,16,0,0.00,0.0,0,ok,rzc262771225vl.001.h5,2026-10-06T07:15:27Z
2026-10-04T12:20:00Z,cepina,0.00,0.000,16,0,0.00,0.0,0,ok,rzc262771220vl.001.h5,2026-10-06T07:15:27Z
2026-10-04T12:15:00Z,cepina,0.00,0.000,16,0,0.00,0.0,0,ok,rzc262771215vl.001.h5,2026-10-06T07:15:27Z
2026-10-04T12:10:00Z,cepina,0.00,0.000,16,0,0.00,0.0,0,ok,rzc262771210vl.001.h5,2026-10-06T07:15:27Z
2026-10-04T12:05:00Z,cepina,0.00,0.000,16,0,0.00,0.0,0,ok,rzc262771205vl.001.h5,2026-10-06T07:15:27Z
2026-10-04T12:00:00Z,cepina,0.00,0.000,16,0,0.00,0.0,0,ok,rzc262771200vl.001.h5,2026-10-06T07:15:27Z
2026-10-04T11:55:00Z,cepina,0.00,0.000,16,0,0.00,0.0,0,ok,rzc262771155vl.001.h5,2026-10-06T07:15:27Z
2026-10-04T11:50:00Z,cepina,0.00,0.000,16,0,0.00,0.0,0,ok,rzc262771150vl.001.h5,2026-10-06T07:15:27Z
2026-10-04T11:45:00Z,cepina,0.00,0.000,16,0,0.00,0.0,0,ok,rzc262771145vl.001.h5,2026-10-06T07:15:27Z
2026-10-04T11:40:00Z,cepina,0.00,0.000,16,0,0.00,0.0,0,ok,rzc262771140vl.001.h5,2026-10-06T07:15:27Z
2026-10-04T11:35:00Z,cepina,0.00,0.000,16,0,0.00,0.0,0,ok,rzc262771135vl.001.h5,2026-10-06T07:15:27Z
2026-10-04T11:30:00Z,cepina,0.00,0.000,16,0,0.00,0.0,0,ok,rzc262771130vl.001.h5,2026-10-06T07:15:27Z
2026-10-04T11:25:00Z,cepina,0.00,0.000,16,0,0.00,0.0,0,ok,rzc262771125vl.001.h5,2026-10-06T07:15:27Z
2026-10-04T11:20:00Z,cepina,0.00,0.000,16,0,0.00,0.0,0,ok,rzc262771120vl.001.h5,2026-10-06T07:15:27Z
2026-10-04T11:15:00Z,cepina,0.00,0.000,16,0,0.00,0.0,0,ok,rzc262771115vl.001.h5,2026-10-06T07:15:27Z
2026-10-04T11:10:00Z,cepina,0.00,0.000,16,0,0.00,0.0,0,ok,rzc262771110vl.001.h5,2026-10-06T07:15:27Z
2026-10-04T11:05:00Z,cepina,0.00,0.000,16,0,0.00,0.0,0,ok,rzc262771105vl.001.h5,2026-10-06T07:15:27Z
2026-10-04T11:00:00Z,cepina,0.00,0.000,16,0,0.00,0.0,0,ok,rzc262771100vl.001.h5,2026-10-06T07:15:27Z
2026-10-04T10:55:00Z,cepina,0.00,0.000,16,0,0.00,0.0,0,ok,rzc262771055vl.001.h5,2026-10-06T07:15:27Z
2026-10-04T10:50:00Z,cepina,0.00,0.000,16,0,0.00,0.0,0,ok,rzc262771050vl.001.h5,2026-10-06T07:15:27Z
2026-10-04T10:45:00Z,cepina,0.00,0.000,16,0,0.00,0.0,0,ok,rzc262771045vl.001.h5,2026-10-06T07:15:27Z
2026-10-04T10:40:00Z,cepina,0.00,0.000,16,0,0.00,0.0,0,ok,rzc262771040vl.001.h5,2026-10-06T07:15:27Z
2026-10-04T10:35:00Z,cepina,0.00,0.000,16,0,0.00,0.0,0,ok,rzc262771035vl.001.h5,2026-10-06T07:15:27Z
2026-10-04T10:30:00Z,cepina,0.00,0.000,16,0,0.00,0.0,0,ok,rzc262771030vl.001.h5,2026-10-06T07:15:27Z
2026-10-04T10:25:00Z,cepina,0.00,0.000,16,0,0.00,0.0,0,ok,rzc262771025vl.001.h5,2026-10-06T07:15:27Z
2026-10-04T10:20:00Z,cepina,0.00,0.000,16,0,0.00,0.0,0,ok,rzc262771020vl.001.h5,2026-10-06T07:15:27Z
2026-10-04T10:15:00Z,cepina,0.00,0.000,16,0,0.00,0.0,0,ok,rzc262771015vl.001.h5,2026-10-06T07:15:27Z
2026-10-04T10:10:00Z,cepina,0.00,0.000,16,0,0.00,0.0,0,ok,rzc262771010vl.001.h5,2026-10-06T07:15:27Z
2026-10-04T10:05:00Z,cepina,0.00,0.000,16,0,0.00,0.0,0,ok,rzc262771005vl.001.h5,2026-10-06T07:15:27Z
2026-10-04T10:00:00Z,cepina,0.00,0.000,16,0,0.00,0.0,0,ok,rzc262771000vl.001.h5,2026-10-06T07:15:27Z
2026-10-04T09:55:00Z,cepina,0.00,0.000,16,0,0.00,0.0,0,ok,rzc262770955vl.001.h5,2026-10-06T07:15:27Z
2026-10-04T09:50:00Z,cepina,0.00,0.000,16,0,0.00,0.0,0,ok,rzc262770950vl.001.h5,2026-10-06T07:15:27Z
2026-10-04T09:45:00Z,cepina,0.00,0.000,16,0,0.00,0.0,0,ok,rzc262770945vl.001.h5,2026-10-06T07:15:27Z
2026-10-04T09:40:00Z,cepina,0.00,0.000,16,0,0.00,0.0,0,ok,rzc262770940vl.001.h5,2026-10-06T07:15:27Z
2026-10-04T09:35:00Z,cepina,0.00,0.000,16,0,0.00,0.0,0,ok,rzc262770935vl.001.h5,2026-10-06T07:15:27Z
2026-10-04T09:30:00Z,cepina,0.00,0.000,16,0,0.00,0.0,0,ok,rzc262770930vl.001.h5,2026-10-06T07:15:27Z
2026-10-04T09:25:00Z,cepina,0.00,0.000,16,0,0.00,0.0,0,ok,rzc262770925vl.001.h5,2026-10-06T07:15:27Z
2026-10-04T09:20:00Z,cepina,0.00,0.000,16,0,0.00,0.0,0,ok,rzc262770920vl.001.h5,2026-10-06T07:15:27Z
2026-10-04T09:15:00Z,cepina,0.00,0.000,16,0,0.00,0.0,0,ok,rzc262770915vl.001.h5,2026-10-06T07:15:27Z
2026-10-04T09:10:00Z,cepina,0.00,0.000,16,0,0.00,0.0,0,ok,rzc262770910vl.001.h5,2026-10-06T07:15:27Z
2026-10-04T09:05:00Z,cepina,0.00,0.000,16,0,0.00,0.0,0,ok,rzc262770905vl.001.h5,2026-10-06T07:15:27Z
2026-10-04T09:00:00Z,cepina,0.00,0.000,16,0,0.00,0.0,0,ok,rzc262770900vl.001.h5,2026-10-06T07:15:27Z
2026-10-04T08:55:00Z,cepina,0.00,0.000,16,0,0.00,0.0,0,ok,rzc262770855vl.001.h5,2026-10-06T07:15:27Z
2026-10-04T08:50:00Z,cepina,0.00,0.000,16,0,0.00,0.0,0,ok,rzc262770850vl.001.h5,2026-10-06T07:15:27Z
2026-10-04T08:45:00Z,cepina,0.00,0.000,16,0,0.01,0.0,0,ok,rzc262770845vl.001.h5,2026-10-06T07:15:27Z
2026-10-04T08:40:00Z,cepina,0.00,0.000,16,0,0.00,0.0,0,ok,rzc262770840vl.001.h5,2026-10-06T07:15:27Z
2026-10-04T08:35:00Z,cepina,0.00,0.000,16,0,0.00,0.0,0,ok,rzc262770835vl.001.h5,2026-10-06T07:15:27Z
2026-10-04T08:30:00Z,cepina,0.00,0.000,16,0,0.00,0.0,0,ok,rzc262770830vl.001.h5,2026-10-06T07:15:27Z
2026-10-04T08:25:00Z,cepina,0.00,0.000,16,0,0.00,0.0,0,ok,rzc262770825vl.001.h5,2026-10-06T07:15:27Z
2026-10-04T08:20:00Z,cepina,0.00,0.000,16,0,0.00,0.0,0,ok,rzc262770820vl.001.h5,2026-10-06T07:15:27Z
2026-10-04T08:15:00Z,cepina,0.00,0.000,16,0,0.00,0.0,0,ok,rzc262770815vl.001.h5,2026-10-06T07:15:27Z
2026-10-04T08:10:00Z,cepina,0.00,0.000,16,0,0.00,0.0,0,ok,rzc262770810vl.001.h5,2026-10-06T07:15:27Z
2026-10-04T08:05:00Z,cepina,0.00,0.000,16,0,0.00,0.0,0,ok,rzc262770805vl.001.h5,2026-10-06T07:15:27Z
2026-10-04T08:00:00Z,cepina,0.00,0.000,16,0,0.00,0.0,0,ok,rzc262770800vl.001.h5,2026-10-06T07:15:27Z
2026-10-04T07:55:00Z,cepina,0.00,0.000,16,0,0.00,0.0,0,ok,rzc262770755vl.001.h5,2026-10-06T07:15:27Z
2026-10-04T07:50:00Z,cepina,0.00,0.000,16,0,0.00,0.0,0,ok,rzc262770750vl.001.h5,2026-10-06T07:15:27Z
2026-10-04T07:45:00Z,cepina,0.00,0.000,16,0,0.00,0.0,0,ok,rzc262770745vl.001.h5,2026-10-06T07:15:27Z
2026-10-04T07:40:00Z,cepina,0.00,0.000,16,0,0.00,0.0,0,ok,rzc262770740vl.001.h5,2026-10-06T07:15:27Z
2026-10-04T07:35:00Z,cepina,0.00,0.000,16,0,0.00,0.0,0,ok,rzc262770735vl.001.h5,2026-10-06T07:15:27Z
2026-10-04T07:30:00Z,cepina,0.00,0.000,16,0,0.00,0.0,0,ok,rzc262770730vl.001.h5,2026-10-06T07:15:27Z
2026-10-04T07:25:00Z,cepina,0.00,0.000,16,0,0.00,0.0,0,ok,rzc262770725vl.001.h5,2026-10-06T07:15:27Z
2026-10-04T07:20:00Z,cepina,0.00,0.000,16,0,0.00,0.0,0,ok,rzc262770720vl.001.h5,2026-10-06T07:15:27Z
2026-10-04T07:15:00Z,cepina,0.00,0.000,16,0,0.00,0.0,0,ok,rzc262770715vl.001.h5,2026-10-06T07:15:27Z
2026-10-04T07:10:00Z,cepina,0.00,0.000,16,0,0.00,0.0,0,ok,rzc262770710vl.001.h5,2026-10-06T07:15:27Z
2026-10-04T07:05:00Z,cepina,0.00,0.000,16,0,0.00,0.0,0,ok,rzc262770705vl.001.h5,2026-10-06T07:15:27Z
2026-10-04T07:00:00Z,cepina,0.00,0.000,16,0,0.00,0.0,0,ok,rzc262770700vl.001.h5,2026-10-06T07:15:27Z
2026-10-04T06:55:00Z,cepina,0.00,0.000,16,0,0.00,0.0,0,ok,rzc262770655vl.001.h5,2026-10-06T07:15:27Z
2026-10-04T06:50:00Z,cepina,0.00,0.000,16,0,0.00,0.0,0,ok,rzc262770650vl.001.h5,2026-10-06T07:15:27Z
2026-10-04T06:45:00Z,cepina,0.00,0.000,16,0,0.00,0.0,0,ok,rzc262770645vl.001.h5,2026-10-06T07:15:27Z
2026-10-04T06:40:00Z,cepina,0.00,0.000,16,0,0.00,0.0,0,ok,rzc262770640vl.001.h5,2026-10-06T07:15:27Z
2026-10-04T06:35:00Z,cepina,0.00,0.000,16,0,0.00,0.0,0,ok,rzc262770635vl.001.h5,2026-10-06T07:15:27Z
2026-10-04T06:30:00Z,cepina,0.00,0.000,16,0,0.00,0.0,0,ok,rzc262770630vl.001.h5,2026-10-06T07:15:27Z
2026-10-04T06:25:00Z,cepina,0.00,0.000,16,0,0.00,0.0,0,ok,rzc262770625vl.001.h5,2026-10-06T07:15:27Z
2026-10-04T06:20:00Z,cepina,0.00,0.000,16,0,0.00,0.0,0,ok,rzc262770620vl.001.h5,2026-10-06T07:15:27Z
2026-10-04T06:15:00Z,cepina,0.00,0.000,16,0,0.01,0.0,0,ok,rzc262770615vl.001.h5,2026-10-06T07:15:27Z
2026-10-04T06:10:00Z,cepina,0.00,0.000,16,0,0.00,0.0,0,ok,rzc262770610vl.001.h5,2026-10-06T07:15:27Z
2026-10-04T06:05:00Z,cepina,0.00,0.000,16,0,0.00,0.0,0,ok,rzc262770605vl.001.h5,2026-10-06T07:15:27Z
2026-10-04T06:00:00Z,cepina,0.00,0.000,16,0,0.00,0.0,0,ok,rzc262770600vl.001.h5,2026-10-06T07:15:27Z
2026-10-04T05:55:00Z,cepina,0.00,0.000,16,0,0.00,0.0,0,ok,rzc262770555vl.001.h5,2026-10-06T07:15:27Z
2026-10-04T05:50:00Z,cepina,0.00,0.000,16,0,0.00,0.0,0,ok,rzc262770550vl.001.h5,2026-10-06T07:15:27Z
2026-10-04T05:45:00Z,cepina,0.00,0.000,16,0,0.00,0.0,0,ok,rzc262770545vl.001.h5,2026-10-06T07:15:27Z
2026-10-04T05:40:00Z,cepina,0.00,0.000,16,0,0.00,0.0,0,ok,rzc262770540vl.001.h5,2026-10-06T07:15:27Z
2026-10-04T05:35:00Z,cepina,0.00,0.000,16,0,0.00,0.0,0,ok,rzc262770535vl.001.h5,2026-10-06T07:15:27Z
2026-10-04T05:30:00Z,cepina,0.00,0.000,16,0,0.00,0.0,0,ok,rzc262770530vl.001.h5,2026-10-06T07:15:27Z
2026-10-04T05:25:00Z,cepina,0.00,0.000,16,0,0.01,0.0,0,ok,rzc262770525vl.001.h5,2026-10-06T07:15:27Z
2026-10-04T05:20:00Z,cepina,0.00,0.000,16,0,0.00,0.0,0,ok,rzc262770520vl.001.h5,2026-10-06T07:15:27Z
2026-10-04T05:15:00Z,cepina,0.00,0.000,16,0,0.00,0.0,0,ok,rzc262770515vl.001.h5,2026-10-06T07:15:27Z
2026-10-04T05:10:00Z,cepina,0.00,0.000,16,0,0.00,0.0,0,ok,rzc262770510vl.001.h5,2026-10-06T07:15:27Z
2026-10-04T05:05:00Z,cepina,0.00,0.000,16,0,0.00,0.0,0,ok,rzc262770505vl.001.h5,2026-10-06T07:15:27Z
2026-10-04T05:00:00Z,cepina,0.00,0.000,16,0,0.00,0.0,0,ok,rzc262770500vl.001.h5,2026-10-06T07:15:27Z
2026-10-04T04:55:00Z,cepina,0.00,0.000,16,0,0.01,0.0,0,ok,rzc262770455vl.001.h5,2026-10-06T07:15:27Z
2026-10-04T04:50:00Z,cepina,0.00,0.000,16,0,0.00,0.0,0,ok,rzc262770450vl.001.h5,2026-10-06T07:15:27Z
2026-10-04T04:45:00Z,cepina,0.00,0.000,16,0,0.00,0.0,0,ok,rzc262770445vl.001.h5,2026-10-06T07:15:27Z
2026-10-04T04:40:00Z,cepina,0.00,0.000,16,0,0.00,0.0,0,ok,rzc262770440vl.001.h5,2026-10-06T07:15:27Z
2026-10-04T04:35:00Z,cepina,0.00,0.000,16,0,0.00,0.0,0,ok,rzc262770435vl.001.h5,2026-10-06T07:15:27Z
2026-10-04T04:30:00Z,cepina,0.00,0.000,16,0,0.00,0.0,0,ok,rzc262770430vl.001.h5,2026-10-06T07:15:27Z
2026-10-04T04:25:00Z,cepina,0.00,0.000,16,0,0.00,0.0,0,ok,rzc262770425vl.001.h5,2026-10-06T07:15:27Z
2026-10-04T04:20:00Z,cepina,0.00,0.000,16,0,0.00,0.0,0,ok,rzc262770420vl.001.h5,2026-10-06T07:15:27Z
2026-10-04T04:15:00Z,cepina,0.00,0.000,16,0,0.00,0.0,0,ok,rzc262770415vl.001.h5,2026-10-06T07:15:27Z
2026-10-04T04:10:00Z,cepina,0.00,0.000,16,0,0.00,0.0,0,ok,rzc262770410vl.001.h5,2026-10-06T07:15:27Z
2026-10-04T04:05:00Z,cepina,0.00,0.000,16,0,0.00,0.0,0,ok,rzc262770405vl.001.h5,2026-10-06T07:15:27Z
2026-10-04T04:00:00Z,cepina,0.00,0.000,16,0,0.00,0.0,0,ok,rzc262770400vl.001.h5,2026-10-06T07:15:27Z
2026-10-04T03:55:00Z,cepina,0.00,0.000,16,0,0.00,0.0,0,ok,rzc262770355vl.001.h5,2026-10-06T07:15:27Z
2026-10-04T03:50:00Z,cepina,0.00,0.000,16,0,0.00,0.0,0,ok,rzc262770350vl.001.h5,2026-10-06T07:15:27Z
2026-10-04T03:45:00Z,cepina,0.00,0.000,16,0,0.00,0.0,0,ok,rzc262770345vl.001.h5,2026-10-06T07:15:27Z
2026-10-04T03:40:00Z,cepina,0.00,0.000,16,0,0.00,0.0,0,ok,rzc262770340vl.001.h5,2026-10-06T07:15:27Z
2026-10-04T03:35:00Z,cepina,0.00,0.000,16,0,0.00,0.0,0,ok,rzc262770335vl.001.h5,2026-10-06T07:15:27Z
2026-10-04T03:30:00Z,cepina,0.00,0.000,16,0,0.01,0.0,0,ok,rzc262770330vl.001.h5,2026-10-06T07:15:27Z
2026-10-04T03:25:00Z,cepina,0.00,0.000,16,0,0.00,0.0,0,ok,rzc262770325vl.001.h5,2026-10-06T07:15:27Z
2026-10-04T03:20:00Z,cepina,0.00,0.000,16,0,0.00,0.0,0,ok,rzc262770320vl.001.h5,2026-10-06T07:15:27Z
2026-10-04T03:15:00Z,cepina,0.00,0.000,16,0,0.00,0.0,0,ok,rzc262770315vl.001.h5,2026-10-06T07:15:27Z
2026-10-04T03:10:00Z,cepina,0.00,0.000,16,0,0.00,0.0,0,ok,rzc262770310vl.001.h5,2026-10-06T07:15:27Z
2026-10-04T03:05:00Z,cepina,0.00,0.000,16,0,0.00,0.0,0,ok,rzc262770305vl.001.h5,2026-10-06T07:15:27Z
2026-10-04T03:00:00Z,cepina,0.00,0.000,16,0,0.00,0.0,0,ok,rzc262770300vl.001.h5,2026-10-06T07:15:27Z
2026-10-04T02:55:00Z,cepina,0.00,0.000,16,0,0.00,0.0,0,ok,rzc262770255vl.001.h5,2026-10-06T07:15:27Z
2026-10-04T02:50:00Z,cepina,0.00,0.000,16,0,0.00,0.0,0,ok,rzc262770250vl.001.h5,2026-10-06T07:15:27Z
2026-10-04T02:45:00Z,cepina,0.00,0.000,16,0,0.00,0.0,0,ok,rzc262770245vl.001.h5,2026-10-06T07:15:27Z
2026-10-04T02:40:00Z,cepina,0.00,0.000,16,0,0.00,0.0,0,ok,rzc262770240vl.001.h5,2026-10-06T07:15:27Z
2026-10-04T02:35:00Z,cepina,0.00,0.000,16,0,0.00,0.0,0,ok,rzc262770235vl.001.h5,2026-10-06T07:15:27Z
2026-10-04T02:30:00Z,cepina,0.00,0.000,16,0,0.00,0.0,0,ok,rzc262770230vl.001.h5,2026-10-06T07:15:27Z
2026-10-04T02:25:00Z,cepina,0.00,0.000,16,0,0.00,0.0,0,ok,rzc262770225vl.001.h5,2026-10-06T07:15:27Z
2026-10-04T02:20:00Z,cepina,0.00,0.000,16,0,0.00,0.0,0,ok,rzc262770220vl.001.h5,2026-10-06T07:15:27Z
2026-10-04T02:15:00Z,cepina,0.00,0.000,16,0,0.01,0.0,0,ok,rzc262770215vl.001.h5,2026-10-06T07:15:27Z
2026-10-04T02:10:00Z,cepina,0.00,0.000,16,0,0.00,0.0,0,ok,rzc262770210vl.001.h5,2026-10-06T07:15:27Z
2026-10-04T02:05:00Z,cepina,0.00,0.000,16,0,0.00,0.0,0,ok,rzc262770205vl.001.h5,2026-10-06T07:15:27Z
2026-10-04T02:00:00Z,cepina,0.00,0.000,16,0,0.01,0.0,0,ok,rzc262770200vl.001.h5,2026-10-06T07:15:27Z
2026-10-04T01:55:00Z,cepina,0.00,0.000,16,0,0.00,0.0,0,ok,rzc262770155vl.001.h5,2026-10-06T07:15:27Z
2026-10-04T01:50:00Z,cepina,0.00,0.000,16,0,0.00,0.0,0,ok,rzc262770150vl.001.h5,2026-10-06T07:15:27Z
2026-10-04T01:45:00Z,cepina,0.00,0.000,16,0,0.00,0.0,0,ok,rzc262770145vl.001.h5,2026-10-06T07:15:27Z
2026-10-04T01:40:00Z,cepina,0.00,0.000,16,0,0.01,0.0,0,ok,rzc262770140vl.001.h5,2026-10-06T07:15:27Z
2026-10-04T01:35:00Z,cepina,0.00,0.000,16,0,0.01,0.0,0,ok,rzc262770135vl.001.h5,2026-10-06T07:15:27Z
2026-10-04T01:30:00Z,cepina,0.00,0.000,16,0,0.00,0.0,0,ok,rzc262770130vl.001.h5,2026-10-06T07:15:27Z
2026-10-04T01:25:00Z,cepina,0.00,0.000,16,0,0.00,0.0,0,ok,rzc262770125vl.001.h5,2026-10-06T07:15:27Z
2026-10-04T01:20:00Z,cepina,0.00,0.000,16,0,0.00,0.0,0,ok,rzc262770120vl.001.h5,2026-10-06T07:15:27Z
2026-10-04T01:15:00Z,cepina,0.00,0.000,16,0,0.00,0.0,0,ok,rzc262770115vl.001.h5,2026-10-06T07:15:27Z
2026-10-04T01:10:00Z,cepina,0.00,0.000,16,0,0.00,0.0,0,ok,rzc262770110vl.001.h5,2026-10-06T07:15:27Z
2026-10-04T01:05:00Z,cepina,0.00,0.000,16,0,0.00,0.0,0,ok,rzc262770105vl.001.h5,2026-10-06T07:15:27Z
2026-10-04T01:00:00Z,cepina,0.00,0.000,16,0,0.00,0.0,0,ok,rzc262770100vl.001.h5,2026-10-06T07:15:27Z
2026-10-04T00:55:00Z,cepina,0.00,0.000,16,0,0.00,0.0,0,ok,rzc262770055vl.001.h5,2026-10-06T07:15:27Z
2026-10-04T00:50:00Z,cepina,0.00,0.000,16,0,0.00,0.0,0,ok,rzc262770050vl.001.h5,2026-10-06T07:15:27Z
2026-10-04T00:45:00Z,cepina,0.00,0.000,16,0,0.00,0.0,0,ok,rzc262770045vl.001.h5,2026-10-06T07:15:27Z
2026-10-04T00:40:00Z,cepina,0.00,0.000,16,0,0.00,0.0,0,ok,rzc262770040vl.001.h5,2026-10-06T07:15:27Z
2026-10-04T00:35:00Z,cepina,0.00,0.000,16,0,0.00,0.0,0,ok,rzc262770035vl.001.h5,2026-10-06T07:15:27Z
2026-10-04T00:30:00Z,cepina,0.00,0.000,16,0,0.00,0.0,0,ok,rzc262770030vl.001.h5,2026-10-06T07:15:27Z
2026-10-04T00:25:00Z,cepina,0.00,0.000,16,0,0.00,0.0,0,ok,rzc262770025vl.001.h5,2026-10-06T07:15:27Z
2026-10-04T00:20:00Z,cepina,0.00,0.000,16,0,0.00,0.0,0,ok,rzc262770020vl.001.h5,2026-10-06T07:15:27Z
2026-10-04T00:15:00Z,cepina,0.00,0.000,16,0,0.00,0.0,0,ok,rzc262770015vl.001.h5,2026-10-06T07:15:27Z
2026-10-04T00:10:00Z,cepina,0.00,0.000,16,0,0.00,0.0,0,ok,rzc262770010vl.001.h5,2026-10-06T07:15:27Z
2026-10-04T00:05:00Z,cepina,0.00,0.000,16,0,0.00,0.0,0,ok,rzc262770005vl.001.h5,2026-10-06T07:15:27Z
2026-10-04T00:00:00Z,cepina,0.00,0.000,16,0,0.00,0.0,0,ok,rzc262770000vl.001.h5,2026-10-06T07:15:27Z
2026-10-03T23:55:00Z,cepina,0.00,0.000,16,0,0.00,0.0,0,ok,rzc262762355vl.001.h5,2026-10-06T07:15:27Z
2026-10-03T23:50:00Z,cepina,0.00,0.000,16,0,0.00,0.0,0,ok,rzc262762350vl.001.h5,2026-10-06T07:15:27Z
2026-10-03T23:45:00Z,cepina,0.00,0.000,16,0,0.00,0.0,0,ok,rzc262762345vl.001.h5,2026-10-06T07:15:27Z
2026-10-03T23:40:00Z,cepina,0.00,0.000,16,0,0.00,0.0,0,ok,rzc262762340vl.001.h5,2026-10-06T07:15:27Z
2026-10-03T23:35:00Z,cepina,0.00,0.000,16,0,0.00,0.0,0,ok,rzc262762335vl.001.h5,2026-10-06T07:15:27Z
2026-10-03T23:30:00Z,cepina,0.00,0.000,16,0,0.01,0.0,0,ok,rzc262762330vl.001.h5,2026-10-06T07:15:27Z
2026-10-03T23:25:00Z,cepina,0.00,0.000,16,0,0.01,0.0,0,ok,rzc262762325vl.001.h5,2026-10-06T07:15:27Z
2026-10-03T23:20:00Z,cepina,0.00,0.000,16,0,0.00,0.0,0,ok,rzc262762320vl.001.h5,2026-10-06T07:15:27Z
2026-10-03T23:15:00Z,cepina,0.00,0.000,16,0,0.01,0.0,0,ok,rzc262762315vl.001.h5,2026-10-06T07:15:27Z
2026-10-03T23:10:00Z,cepina,0.00,0.000,16,0,0.00,0.0,0,ok,rzc262762310vl.001.h5,2026-10-06T07:15:27Z
2026-10-03T23:05:00Z,cepina,0.00,0.000,16,0,0.01,0.0,0,ok,rzc262762305vl.001.h5,2026-10-06T07:15:27Z
2026-10-03T23:00:00Z,cepina,0.00,0.000,16,0,0.01,0.0,0,ok,rzc262762300vl.001.h5,2026-10-06T07:15:27Z
2026-10-03T22:55:00Z,cepina,0.00,0.000,16,0,0.00,0.0,0,ok,rzc262762255vl.001.h5,2026-10-06T07:15:27Z
2026-10-03T22:50:00Z,cepina,0.00,0.000,16,0,0.00,0.0,0,ok,rzc262762250vl.001.h5,2026-10-06T07:15:27Z
2026-10-03T22:45:00Z,cepina,0.00,0.000,16,0,0.01,0.0,0,ok,rzc262762245vl.001.h5,2026-10-06T07:15:27Z
2026-10-03T22:40:00Z,cepina,0.00,0.000,16,0,0.01,0.0,0,ok,rzc262762240vl.001.h5,2026-10-06T07:15:27Z
2026-10-03T22:35:00Z,cepina,0.00,0.000,16,0,0.01,0.0,0,ok,rzc262762235vl.001.h5,2026-10-06T07:15:27Z
2026-10-03T22:30:00Z,cepina,0.00,0.000,16,0,0.01,0.0,0,ok,rzc262762230vl.001.h5,2026-10-06T07:15:27Z
2026-10-03T22:25:00Z,cepina,0.00,0.000,16,0,0.01,0.0,0,ok,rzc262762225vl.001.h5,2026-10-06T07:15:27Z
2026-10-03T22:20:00Z,cepina,0.00,0.000,16,0,0.01,0.0,0,ok,rzc262762220vl.001.h5,2026-10-06T07:15:27Z
2026-10-03T22:15:00Z,cepina,0.00,0.000,16,0,0.00,0.0,0,ok,rzc262762215vl.001.h5,2026-10-06T07:15:27Z
2026-10-03T22:10:00Z,cepina,0.00,0.000,16,0,0.01,0.0,0,ok,rzc262762210vl.001.h5,2026-10-06T07:15:27Z
2026-10-03T22:05:00Z,cepina,0.00,0.000,16,0,0.00,0.0,0,ok,rzc262762205vl.001.h5,2026-10-06T07:15:27Z
2026-10-03T22:00:00Z,cepina,0.00,0.000,16,0,0.01,0.0,0,ok,rzc262762200vl.001.h5,2026-10-06T07:15:27Z
2026-10-03T21:55:00Z,cepina,0.00,0.000,16,0,0.00,0.0,0,ok,rzc262762155vl.001.h5,2026-10-06T07:15:27Z
2026-10-03T21:50:00Z,cepina,0.00,0.000,16,0,0.00,0.0,0,ok,rzc262762150vl.001.h5,2026-10-06T07:15:27Z
2026-10-03T21:45:00Z,cepina,0.00,0.000,16,0,0.00,0.0,0,ok,rzc262762145vl.001.h5,2026-10-06T07:15:27Z
2026-10-03T21:40:00Z,cepina,0.00,0.000,16,0,0.00,0.0,0,ok,rzc262762140vl.001.h5,2026-10-06T07:15:27Z
2026-10-03T21:35:00Z,cepina,0.00,0.000,16,0,0.00,0.0,0,ok,rzc262762135vl.001.h5,2026-10-06T07:15:27Z
2026-10-03T21:30:00Z,cepina,0.00,0.000,16,0,0.00,0.0,0,ok,rzc262762130vl.001.h5,2026-10-06T07:15:27Z
2026-10-03T21:25:00Z,cepina,0.00,0.000,16,0,0.00,0.0,0,ok,rzc262762125vl.001.h5,2026-10-06T07:15:27Z
2026-10-03T21:20:00Z,cepina,0.00,0.000,16,0,0.00,0.0,0,ok,rzc262762120vl.001.h5,2026-10-06T07:15:27Z
2026-10-03T21:15:00Z,cepina,0.00,0.000,16,0,0.00,0.0,0,ok,rzc262762115vl.001.h5,2026-10-06T07:15:27Z
2026-10-03T21:10:00Z,cepina,0.00,0.000,16,0,0.00,0.0,0,ok,rzc262762110vl.001.h5,2026-10-06T07:15:27Z
2026-10-03T21:05:00Z,cepina,0.00,0.000,16,0,0.00,0.0,0,ok,rzc262762105vl.001.h5,2026-10-06T07:15:27Z
2026-10-03T21:00:00Z,cepina,0.00,0.000,16,0,0.00,0.0,0,ok,rzc262762100vl.001.h5,2026-10-06T07:15:27Z
2026-10-03T20:55:00Z,cepina,0.00,0.000,16,0,0.00,0.0,0,ok,rzc262762055vl.001.h5,2026-10-06T07:15:27Z
2026-10-03T20:50:00Z,cepina,0.00,0.000,16,0,0.00,0.0,0,ok,rzc262762050vl.001.h5,2026-10-06T07:15:27Z
2026-10-03T20:45:00Z,cepina,0.00,0.000,16,0,0.00,0.0,0,ok,rzc262762045vl.001.h5,2026-10-06T07:15:27Z
2026-10-03T20:40:00Z,cepina,0.00,0.000,16,0,0.00,0.0,0,ok,rzc262762040vl.001.h5,2026-10-06T07:15:27Z
2026-10-03T20:35:00Z,cepina,0.00,0.000,16,0,0.00,0.0,0,ok,rzc262762035vl.001.h5,2026-10-06T07:15:27Z
2026-10-03T20:30:00Z,cepina,0.00,0.000,16,0,0.00,0.0,0,ok,rzc262762030vl.001.h5,2026-10-06T07:15:27Z
2026-10-03T20:25:00Z,cepina,0.00,0.000,16,0,0.00,0.0,0,ok,rzc262762025vl.001.h5,2026-10-06T07:15:27Z
2026-10-03T20:20:00Z,cepina,0.00,0.000,16,0,0.00,0.0,0,ok,rzc262762020vl.001.h5,2026-10-06T07:15:27Z
2026-10-03T20:15:00Z,cepina,0.00,0.000,16,0,0.00,0.0,0,ok,rzc262762015vl.001.h5,2026-10-06T07:15:27Z
2026-10-03T20:10:00Z,cepina,0.00,0.000,16,0,0.00,0.0,0,ok,rzc262762010vl.001.h5,2026-10-06T07:15:27Z
2026-10-03T20:05:00Z,cepina,0.00,0.000,16,0,0.00,0.0,0,ok,rzc262762005vl.001.h5,2026-10-06T07:15:27Z
2026-10-03T20:00:00Z,cepina,0.00,0.000,16,0,0.00,0.0,0,ok,rzc262762000vl.001.h5,2026-10-06T07:15:27Z
2026-10-03T19:55:00Z,cepina,0.00,0.000,16,0,0.00,0.0,0,ok,rzc262761955vl.001.h5,2026-10-06T07:15:27Z
2026-10-03T19:50:00Z,cepina,0.00,0.000,16,0,0.00,0.0,0,ok,rzc262761950vl.001.h5,2026-10-06T07:15:27Z
2026-10-03T19:45:00Z,cepina,0.00,0.000,16,0,0.00,0.0,0,ok,rzc262761945vl.001.h5,2026-10-06T07:15:27Z
2026-10-03T19:40:00Z,cepina,0.00,0.000,16,0,0.00,0.0,0,ok,rzc262761940vl.001.h5,2026-10-06T07:15:27Z
2026-10-03T19:35:00Z,cepina,0.00,0.000,16,0,0.00,0.0,0,ok,rzc262761935vl.001.h5,2026-10-06T07:15:27Z
2026-10-03T19:30:00Z,cepina,0.00,0.000,16,0,0.00,0.0,0,ok,rzc262761930vl.001.h5,2026-10-06T07:15:27Z
2026-10-03T19:25:00Z,cepina,0.00,0.000,16,0,0.00,0.0,0,ok,rzc262761925vl.001.h5,2026-10-06T07:15:27Z
2026-10-03T19:20:00Z,cepina,0.00,0.000,16,0,0.00,0.0,0,ok,rzc262761920vl.001.h5,2026-10-06T07:15:27Z
2026-10-03T19:15:00Z,cepina,0.00,0.000,16,0,0.00,0.0,0,ok,rzc262761915vl.001.h5,2026-10-06T07:15:27Z
2026-10-03T19:10:00Z,cepina,0.00,0.000,16,0,0.00,0.0,0,ok,rzc262761910vl.001.h5,2026-10-06T07:15:27Z
2026-10-03T19:05:00Z,cepina,0.00,0.000,16,0,0.00,0.0,0,ok,rzc262761905vl.001.h5,2026-10-06T07:15:27Z
2026-10-03T19:00:00Z,cepina,0.00,0.000,16,0,0.00,0.0,0,ok,rzc262761900vl.001.h5,2026-10-06T07:15:27Z
2026-10-03T18:55:00Z,cepina,0.00,0.000,16,0,0.00,0.0,0,ok,rzc262761855vl.001.h5,2026-10-06T07:15:27Z
2026-10-03T18:50:00Z,cepina,0.00,0.000,16,0,0.00,0.0,0,ok,rzc262761850vl.001.h5,2026-10-06T07:15:27Z
2026-10-03T18:45:00Z,cepina,0.00,0.000,16,0,0.00,0.0,0,ok,rzc262761845vl.001.h5,2026-10-06T07:15:27Z
2026-10-03T18:40:00Z,cepina,0.00,0.000,16,0,0.00,0.0,0,ok,rzc262761840vl.001.h5,2026-10-06T07:15:27Z
2026-10-03T18:35:00Z,cepina,0.00,0.000,16,0,0.00,0.0,0,ok,rzc262761835vl.001.h5,2026-10-06T07:15:27Z
2026-10-03T18:30:00Z,cepina,0.00,0.000,16,0,0.00,0.0,0,ok,rzc262761830vl.001.h5,2026-10-06T07:15:27Z
2026-10-03T18:25:00Z,cepina,0.00,0.000,16,0,0.00,0.0,0,ok,rzc262761825vl.001.h5,2026-10-06T07:15:27Z
2026-10-03T18:20:00Z,cepina,0.00,0.000,16,0,0.00,0.0,0,ok,rzc262761820vl.001.h5,2026-10-06T07:15:27Z
2026-10-03T18:15:00Z,cepina,0.00,0.000,16,0,0.00,0.0,0,ok,rzc262761815vl.001.h5,2026-10-06T07:15:27Z
2026-10-03T18:10:00Z,cepina,0.00,0.000,16,0,0.00,0.0,0,ok,rzc262761810vl.001.h5,2026-10-06T07:15:27Z
2026-10-03T18:05:00Z,cepina,0.00,0.000,16,0,0.00,0.0,0,ok,rzc262761805vl.001.h5,2026-10-06T07:15:27Z
2026-10-03T18:00:00Z,cepina,0.00,0.000,16,0,0.00,0.0,0,ok,rzc262761800vl.001.h5,2026-10-06T07:15:27Z
2026-10-03T17:55:00Z,cepina,0.00,0.000,16,0,0.00,0.0,0,ok,rzc262761755vl.001.h5,2026-10-06T07:15:27Z
2026-10-03T17:50:00Z,cepina,0.00,0.000,16,0,0.00,0.0,0,ok,rzc262761750vl.001.h5,2026-10-06T07:15:27Z
2026-10-03T17:45:00Z,cepina,0.00,0.000,16,0,0.00,0.0,0,ok,rzc262761745vl.001.h5,2026-10-06T07:15:27Z
2026-10-03T17:40:00Z,cepina,0.00,0.000,16,0,0.00,0.0,0,ok,rzc262761740vl.001.h5,2026-10-06T07:15:27Z
2026-10-03T17:35:00Z,cepina,0.00,0.000,16,0,0.00,0.0,0,ok,rzc262761735vl.001.h5,2026-10-06T07:15:27Z
2026-10-03T17:30:00Z,cepina,0.00,0.000,16,0,0.00,0.0,0,ok,rzc262761730vl.001.h5,2026-10-06T07:15:27Z
2026-10-03T17:25:00Z,cepina,0.00,0.000,16,0,0.00,0.0,0,ok,rzc262761725vl.001.h5,2026-10-06T07:15:27Z
2026-10-03T17:20:00Z,cepina,0.00,0.000,16,0,0.00,0.0,0,ok,rzc262761720vl.001.h5,2026-10-06T07:15:27Z
2026-10-03T17:15:00Z,cepina,0.00,0.000,16,0,0.00,0.0,0,ok,rzc262761715vl.001.h5,2026-10-06T07:15:27Z
2026-10-03T17:10:00Z,cepina,0.00,0.000,16,0,0.00,0.0,0,ok,rzc262761710vl.001.h5,2026-10-06T07:15:27Z
2026-10-03T17:05:00Z,cepina,0.00,0.000,16,0,0.00,0.0,0,ok,rzc262761705vl.001.h5,2026-10-06T07:15:27Z
2026-10-03T17:00:00Z,cepina,0.00,0.000,16,0,0.00,0.0,0,ok,rzc262761700vl.001.h5,2026-10-06T07:15:27Z
2026-10-03T16:55:00Z,cepina,0.00,0.000,16,0,0.00,0.0,0,ok,rzc262761655vl.001.h5,2026-10-06T07:15:27Z
2026-10-03T16:50:00Z,cepina,0.00,0.000,16,0,0.00,0.0,0,ok,rzc262761650vl.001.h5,2026-10-06T07:15:27Z
2026-10-03T16:45:00Z,cepina,0.00,0.000,16,0,0.00,0.0,0,ok,rzc262761645vl.001.h5,2026-10-06T07:15:27Z
2026-10-03T16:40:00Z,cepina,0.00,0.000,16,0,0.00,0.0,0,ok,rzc262761640vl.001.h5,2026-10-06T07:15:27Z
2026-10-03T16:35:00Z,cepina,0.00,0.000,16,0,0.00,0.0,0,ok,rzc262761635vl.001.h5,2026-10-06T07:15:27Z
2026-10-03T16:30:00Z,cepina,0.00,0.000,16,0,0.00,0.0,0,ok,rzc262761630vl.001.h5,2026-10-06T07:15:27Z
2026-10-03T16:25:00Z,cepina,0.00,0.000,16,0,0.00,0.0,0,ok,rzc262761625vl.001.h5,2026-10-06T07:15:27Z
2026-10-03T16:20:00Z,cepina,0.00,0.000,16,0,0.00,0.0,0,ok,rzc262761620vl.001.h5,2026-10-06T07:15:27Z
2026-10-03T16:15:00Z,cepina,0.00,0.000,16,0,0.00,0.0,0,ok,rzc262761615vl.001.h5,2026-10-06T07:15:27Z
2026-10-03T16:10:00Z,cepina,0.00,0.000,16,0,0.00,0.0,0,ok,rzc262761610vl.001.h5,2026-10-06T07:15:27Z
2026-10-03T16:05:00Z,cepina,0.00,0.000,16,0,0.00,0.0,0,ok,rzc262761605vl.001.h5,2026-10-06T07:15:27Z
2026-10-03T16:00:00Z,cepina,0.00,0.000,16,0,0.01,0.0,0,ok,rzc262761600vl.001.h5,2026-10-06T07:15:27Z
2026-10-03T15:55:00Z,cepina,0.00,0.000,16,0,0.00,0.0,0,ok,rzc262761555vl.001.h5,2026-10-06T07:15:27Z
2026-10-03T15:50:00Z,cepina,0.00,0.000,16,0,0.00,0.0,0,ok,rzc262761550vl.001.h5,2026-10-06T07:15:27Z
2026-10-03T15:45:00Z,cepina,0.00,0.000,16,0,0.00,0.0,0,ok,rzc262761545vl.001.h5,2026-10-06T07:15:27Z
2026-10-03T15:40:00Z,cepina,0.00,0.000,16,0,0.00,0.0,0,ok,rzc262761540vl.001.h5,2026-10-06T07:15:27Z
2026-10-03T15:35:00Z,cepina,0.00,0.000,16,0,0.00,0.0,0,ok,rzc262761535vl.001.h5,2026-10-06T07:15:27Z
2026-10-03T15:30:00Z,cepina,0.00,0.000,16,0,0.00,0.0,0,ok,rzc262761530vl.001.h5,2026-10-06T07:15:27Z
2026-10-03T15:25:00Z,cepina,0.00,0.000,16,0,0.01,0.0,0,ok,rzc262761525vl.001.h5,2026-10-06T07:15:27Z
2026-10-03T15:20:00Z,cepina,0.00,0.000,16,0,0.00,0.0,0,ok,rzc262761520vl.001.h5,2026-10-06T07:15:27Z
2026-10-03T15:15:00Z,cepina,0.00,0.000,16,0,0.00,0.0,0,ok,rzc262761515vl.001.h5,2026-10-06T07:15:27Z
2026-10-03T15:10:00Z,cepina,0.00,0.000,16,0,0.00,0.0,0,ok,rzc262761510vl.001.h5,2026-10-06T07:15:27Z
2026-10-03T15:05:00Z,cepina,0.00,0.000,16,0,0.00,0.0,0,ok,rzc262761505vl.001.h5,2026-10-06T07:15:27Z
2026-10-03T15:00:00Z,cepina,0.00,0.000,16,0,0.00,0.0,0,ok,rzc262761500vl.001.h5,2026-10-06T07:15:27Z
2026-10-03T14:55:00Z,cepina,0.00,0.000,16,0,0.00,0.0,0,ok,rzc262761455vl.001.h5,2026-10-06T07:15:27Z
2026-10-03T14:50:00Z,cepina,0.00,0.000,16,0,0.00,0.0,0,ok,rzc262761450vl.001.h5,2026-10-06T07:15:27Z
2026-10-03T14:45:00Z,cepina,0.00,0.000,16,0,0.00,0.0,0,ok,rzc262761445vl.001.h5,2026-10-06T07:15:27Z
2026-10-03T14:40:00Z,cepina,0.00,0.000,16,0,0.00,0.0,0,ok,rzc262761440vl.001.h5,2026-10-06T07:15:27Z
2026-10-03T14:35:00Z,cepina,0.00,0.000,16,0,0.00,0.0,0,ok,rzc262761435vl.001.h5,2026-10-06T07:15:27Z
2026-10-03T14:30:00Z,cepina,0.00,0.000,16,0,0.00,0.0,0,ok,rzc262761430vl.001.h5,2026-10-06T07:15:27Z
2026-10-03T14:25:00Z,cepina,0.00,0.000,16,0,0.00,0.0,0,ok,rzc262761425vl.001.h5,2026-10-06T07:15:27Z
2026-10-03T14:20:00Z,cepina,0.00,0.000,16,0,0.00,0.0,0,ok,rzc262761420vl.001.h5,2026-10-06T07:15:27Z
2026-10-03T14:15:00Z,cepina,0.00,0.000,16,0,0.00,0.0,0,ok,rzc262761415vl.001.h5,2026-10-06T07:15:27Z
2026-10-03T14:10:00Z,cepina,0.00,0.000,16,0,0.00,0.0,0,ok,rzc262761410vl.001.h5,2026-10-06T07:15:27Z
2026-10-03T14:05:00Z,cepina,0.00,0.000,16,0,0.00,0.0,0,ok,rzc262761405vl.001.h5,2026-10-06T07:15:27Z
2026-10-03T14:00:00Z,cepina,0.00,0.000,16,0,0.00,0.0,0,ok,rzc262761400vl.001.h5,2026-10-06T07:15:27Z
2026-10-03T13:55:00Z,cepina,0.00,0.000,16,0,0.00,0.0,0,ok,rzc262761355vl.001.h5,2026-10-06T07:15:27Z
2026-10-03T13:50:00Z,cepina,0.00,0.000,16,0,0.00,0.0,0,ok,rzc262761350vl.001.h5,2026-10-06T07:15:27Z
2026-10-03T13:45:00Z,cepina,0.00,0.000,16,0,0.00,0.0,0,ok,rzc262761345vl.001.h5,2026-10-06T07:15:27Z
2026-10-03T13:40:00Z,cepina,0.00,0.000,16,0,0.00,0.0,0,ok,rzc262761340vl.001.h5,2026-10-06T07:15:27Z
2026-10-03T13:35:00Z,cepina,0.00,0.000,16,0,0.00,0.0,0,ok,rzc262761335vl.001.h5,2026-10-06T07:15:27Z
2026-10-03T13:30:00Z,cepina,0.00,0.000,16,0,0.00,0.0,0,ok,rzc262761330vl.001.h5,2026-10-06T07:15:27Z
2026-10-03T13:25:00Z,cepina,0.00,0.000,16,0,0.00,0.0,0,ok,rzc262761325vl.001.h5,2026-10-06T07:15:27Z
2026-10-03T13:20:00Z,cepina,0.00,0.000,16,0,0.00,0.0,0,ok,rzc262761320vl.001.h5,2026-10-06T07:15:27Z
2026-10-03T13:15:00Z,cepina,0.00,0.000,16,0,0.00,0.0,0,ok,rzc262761315vl.001.h5,2026-10-06T07:15:27Z
2026-10-03T13:10:00Z,cepina,0.00,0.000,16,0,0.00,0.0,0,ok,rzc262761310vl.001.h5,2026-10-06T07:15:27Z
2026-10-03T13:05:00Z,cepina,0.00,0.000,16,0,0.00,0.0,0,ok,rzc262761305vl.001.h5,2026-10-06T07:15:27Z
2026-10-03T13:00:00Z,cepina,0.00,0.000,16,0,0.00,0.0,0,ok,rzc262761300vl.001.h5,2026-10-06T07:15:27Z
2026-10-03T12:55:00Z,cepina,0.00,0.000,16,0,0.00,0.0,0,ok,rzc262761255vl.001.h5,2026-10-06T07:15:27Z
2026-10-03T12:50:00Z,cepina,0.00,0.000,16,0,0.00,0.0,0,ok,rzc262761250vl.001.h5,2026-10-06T07:15:27Z
2026-10-03T12:45:00Z,cepina,0.00,0.000,16,0,0.00,0.0,0,ok,rzc262761245vl.001.h5,2026-10-06T07:15:27Z
2026-10-03T12:40:00Z,cepina,0.00,0.000,16,0,0.00,0.0,0,ok,rzc262761240vl.001.h5,2026-10-06T07:15:27Z
2026-10-03T12:35:00Z,cepina,0.00,0.000,16,0,0.00,0.0,0,ok,rzc262761235vl.001.h5,2026-10-06T07:15:27Z
2026-10-03T12:30:00Z,cepina,0.00,0.000,16,0,0.00,0.0,0,ok,rzc262761230vl.001.h5,2026-10-06T07:15:27Z
2026-10-03T12:25:00Z,cepina,0.00,0.000,16,0,0.00,0.0,0,ok,rzc262761225vl.001.h5,2026-10-06T07:15:27Z
2026-10-03T12:20:00Z,cepina,0.00,0.000,16,0,0.00,0.0,0,ok,rzc262761220vl.001.h5,2026-10-06T07:15:27Z
2026-10-03T12:15:00Z,cepina,0.00,0.000,16,0,0.00,0.0,0,ok,rzc262761215vl.001.h5,2026-10-06T07:15:27Z
2026-10-03T12:10:00Z,cepina,0.00,0.000,16,0,0.00,0.0,0,ok,rzc262761210vl.001.h5,2026-10-06T07:15:27Z
2026-10-03T12:05:00Z,cepina,0.00,0.000,16,0,0.00,0.0,0,ok,rzc262761205vl.001.h5,2026-10-06T07:15:27Z
2026-10-03T12:00:00Z,cepina,0.00,0.000,16,0,0.00,0.0,0,ok,rzc262761200vl.001.h5,2026-10-06T07:15:27Z
2026-10-03T11:55:00Z,cepina,0.00,0.000,16,0,0.00,0.0,0,ok,rzc262761155vl.001.h5,2026-10-06T07:15:27Z
2026-10-03T11:50:00Z,cepina,0.00,0.000,16,0,0.00,0.0,0,ok,rzc262761150vl.001.h5,2026-10-06T07:15:27Z
2026-10-03T11:45:00Z,cepina,0.00,0.000,16,0,0.00,0.0,0,ok,rzc262761145vl.001.h5,2026-10-06T07:15:27Z
2026-10-03T11:40:00Z,cepina,0.00,0.000,16,0,0.00,0.0,0,ok,rzc262761140rl.001.h5,2026-10-06T07:15:27Z
2026-10-03T11:35:00Z,cepina,0.00,0.000,16,0,0.00,0.0,0,ok,rzc262761135vl.001.h5,2026-10-06T07:15:27Z
2026-10-03T11:30:00Z,cepina,0.00,0.000,16,0,0.00,0.0,0,ok,rzc262761130vl.001.h5,2026-10-06T07:15:27Z
2026-10-03T11:25:00Z,cepina,0.00,0.000,16,0,0.00,0.0,0,ok,rzc262761125vl.001.h5,2026-10-06T07:15:27Z
2026-10-03T11:20:00Z,cepina,0.00,0.000,16,0,0.00,0.0,0,ok,rzc262761120vl.001.h5,2026-10-06T07:15:27Z
2026-10-03T11:15:00Z,cepina,0.00,0.000,16,0,0.00,0.0,0,ok,rzc262761115vl.001.h5,2026-10-06T07:15:27Z
2026-10-03T11:10:00Z,cepina,0.00,0.000,16,0,0.00,0.0,0,ok,rzc262761110vl.001.h5,2026-10-06T07:15:27Z
2026-10-03T11:05:00Z,cepina,0.00,0.000,16,0,0.00,0.0,0,ok,rzc262761105vl.001.h5,2026-10-06T07:15:27Z
2026-10-03T11:00:00Z,cepina,0.00,0.000,16,0,0.00,0.0,0,ok,rzc262761100vl.001.h5,2026-10-06T07:15:27Z
2026-10-03T10:55:00Z,cepina,0.00,0.000,16,0,0.00,0.0,0,ok,rzc262761055vl.001.h5,2026-10-06T07:15:27Z
2026-10-03T10:50:00Z,cepina,0.00,0.000,16,0,0.00,0.0,0,ok,rzc262761050vl.001.h5,2026-10-06T07:15:27Z
2026-10-03T10:45:00Z,cepina,0.00,0.000,16,0,0.00,0.0,0,ok,rzc262761045vl.001.h5,2026-10-06T07:15:27Z
2026-10-03T10:40:00Z,cepina,0.00,0.000,16,0,0.00,0.0,0,ok,rzc262761040vl.001.h5,2026-10-06T07:15:27Z
2026-10-03T10:35:00Z,cepina,0.00,0.000,16,0,0.00,0.0,0,ok,rzc262761035vl.001.h5,2026-10-06T07:15:27Z
2026-10-03T10:30:00Z,cepina,0.00,0.000,16,0,0.00,0.0,0,ok,rzc262761030vl.001.h5,2026-10-06T07:15:27Z
2026-10-03T10:25:00Z,cepina,0.00,0.000,16,0,0.00,0.0,0,ok,rzc262761025vl.001.h5,2026-10-06T07:15:27Z
2026-10-03T10:20:00Z,cepina,0.00,0.000,16,0,0.00,0.0,0,ok,rzc262761020vl.001.h5,2026-10-06T07:15:27Z
2026-10-03T10:15:00Z,cepina,0.00,0.000,16,0,0.00,0.0,0,ok,rzc262761015vl.001.h5,2026-10-06T07:15:27Z
2026-10-03T10:10:00Z,cepina,0.00,0.000,16,0,0.00,0.0,0,ok,rzc262761010vl.001.h5,2026-10-06T07:15:27Z
2026-10-03T10:05:00Z,cepina,0.00,0.000,16,0,0.00,0.0,0,ok,rzc262761005vl.001.h5,2026-10-06T07:15:27Z
2026-10-03T10:00:00Z,cepina,0.00,0.000,16,0,0.00,0.0,0,ok,rzc262761000vl.001.h5,2026-10-06T07:15:27Z
2026-10-03T09:55:00Z,cepina,0.00,0.000,16,0,0.00,0.0,0,ok,rzc262760955vl.001.h5,2026-10-06T07:15:27Z
2026-10-03T09:50:00Z,cepina,0.00,0.000,16,0,0.00,0.0,0,ok,rzc262760950vl.001.h5,2026-10-06T07:15:27Z
2026-10-03T09:45:00Z,cepina,0.00,0.000,16,0,0.00,0.0,0,ok,rzc262760945vl.001.h5,2026-10-06T07:15:27Z
2026-10-03T09:40:00Z,cepina,0.00,0.000,16,0,0.00,0.0,0,ok,rzc262760940vl.001.h5,2026-10-06T07:15:27Z
2026-10-03T09:35:00Z,cepina,0.00,0.000,16,0,0.00,0.0,0,ok,rzc262760935vl.001.h5,2026-10-06T07:15:27Z
2026-10-03T09:30:00Z,cepina,0.00,0.000,16,0,0.00,0.0,0,ok,rzc262760930vl.001.h5,2026-10-06T07:15:27Z
2026-10-03T09:25:00Z,cepina,0.00,0.000,16,0,0.00,0.0,0,ok,rzc262760925vl.001.h5,2026-10-06T07:15:27Z
2026-10-03T09:20:00Z,cepina,0.00,0.000,16,0,0.00,0.0,0,ok,rzc262760920vl.001.h5,2026-10-06T07:15:27Z
2026-10-03T09:15:00Z,cepina,0.00,0.000,16,0,0.00,0.0,0,ok,rzc262760915vl.001.h5,2026-10-06T07:15:27Z
2026-10-03T09:10:00Z,cepina,0.00,0.000,16,0,0.00,0.0,0,ok,rzc262760910vl.001.h5,2026-10-06T07:15:27Z
2026-10-03T09:05:00Z,cepina,0.00,0.000,16,0,0.00,0.0,0,ok,rzc262760905vl.001.h5,2026-10-06T07:15:27Z
2026-10-03T09:00:00Z,cepina,0.00,0.000,16,0,0.00,0.0,0,ok,rzc262760900vl.001.h5,2026-10-06T07:15:27Z
2026-10-03T08:55:00Z,cepina,0.00,0.000,16,0,0.00,0.0,0,ok,rzc262760855vl.001.h5,2026-10-06T07:15:27Z
2026-10-03T08:50:00Z,cepina,0.00,0.000,16,0,0.00,0.0,0,ok,rzc262760850vl.001.h5,2026-10-06T07:15:27Z
2026-10-03T08:45:00Z,cepina,0.00,0.000,16,0,0.00,0.0,0,ok,rzc262760845vl.001.h5,2026-10-06T07:15:27Z
2026-10-03T08:40:00Z,cepina,0.00,0.000,16,0,0.00,0.0,0,ok,rzc262760840vl.001.h5,2026-10-06T07:15:27Z
2026-10-03T08:35:00Z,cepina,0.00,0.000,16,0,0.00,0.0,0,ok,rzc262760835vl.001.h5,2026-10-06T07:15:27Z
2026-10-03T08:30:00Z,cepina,0.00,0.000,16,0,0.00,0.0,0,ok,rzc262760830vl.001.h5,2026-10-06T07:15:27Z
2026-10-03T08:25:00Z,cepina,0.00,0.000,16,0,0.00,0.0,0,ok,rzc262760825vl.001.h5,2026-10-06T07:15:27Z
2026-10-03T08:20:00Z,cepina,0.00,0.000,16,0,0.00,0.0,0,ok,rzc262760820vl.001.h5,2026-10-06T07:15:27Z
2026-10-03T08:15:00Z,cepina,0.00,0.000,16,0,0.00,0.0,0,ok,rzc262760815vl.001.h5,2026-10-06T07:15:27Z
2026-10-03T08:10:00Z,cepina,0.00,0.000,16,0,0.00,0.0,0,ok,rzc262760810vl.001.h5,2026-10-06T07:15:27Z
2026-10-03T08:05:00Z,cepina,0.00,0.000,16,0,0.00,0.0,0,ok,rzc262760805vl.001.h5,2026-10-06T07:15:27Z
2026-10-03T08:00:00Z,cepina,0.00,0.000,16,0,0.00,0.0,0,ok,rzc262760800vl.001.h5,2026-10-06T07:15:27Z
2026-10-03T07:55:00Z,cepina,0.00,0.000,16,0,0.00,0.0,0,ok,rzc262760755vl.001.h5,2026-10-06T07:15:27Z
2026-10-03T07:50:00Z,cepina,0.00,0.000,16,0,0.00,0.0,0,ok,rzc262760750vl.001.h5,2026-10-06T07:15:27Z
2026-10-03T07:45:00Z,cepina,0.00,0.000,16,0,0.00,0.0,0,ok,rzc262760745vl.001.h5,2026-10-06T07:15:27Z
2026-10-03T07:40:00Z,cepina,0.00,0.000,16,0,0.01,0.0,0,ok,rzc262760740vl.001.h5,2026-10-06T07:15:27Z
2026-10-03T07:35:00Z,cepina,0.00,0.000,16,0,0.00,0.0,0,ok,rzc262760735vl.001.h5,2026-10-06T07:15:27Z
2026-10-03T07:30:00Z,cepina,0.00,0.000,16,0,0.00,0.0,0,ok,rzc262760730vl.001.h5,2026-10-06T07:15:27Z
2026-10-03T07:25:00Z,cepina,0.00,0.000,16,0,0.00,0.0,0,ok,rzc262760725vl.001.h5,2026-10-06T07:15:27Z
2026-10-03T07:20:00Z,cepina,0.00,0.000,16,0,0.00,0.0,0,ok,rzc262760720vl.001.h5,2026-10-06T07:15:27Z
2026-10-03T07:15:00Z,cepina,0.00,0.000,16,0,0.00,0.0,0,ok,rzc262760715vl.001.h5,2026-10-06T07:15:27Z
2026-10-03T07:10:00Z,cepina,0.00,0.000,16,0,0.00,0.0,0,ok,rzc262760710vl.001.h5,2026-10-06T07:15:27Z
2026-10-03T07:05:00Z,cepina,0.00,0.000,16,0,0.00,0.0,0,ok,rzc262760705vl.001.h5,2026-10-06T07:15:27Z
2026-10-03T07:00:00Z,cepina,0.00,0.000,16,0,0.00,0.0,0,ok,rzc262760700vl.001.h5,2026-10-06T07:15:27Z
2026-10-03T06:55:00Z,cepina,0.00,0.000,16,0,0.00,0.0,0,ok,rzc262760655vl.001.h5,2026-10-06T07:15:27Z
2026-10-03T06:50:00Z,cepina,0.00,0.000,16,0,0.00,0.0,0,ok,rzc262760650vl.001.h5,2026-10-06T07:15:27Z
2026-10-03T06:45:00Z,cepina,0.00,0.000,16,0,0.00,0.0,0,ok,rzc262760645vl.001.h5,2026-10-06T07:15:27Z
2026-10-03T06:40:00Z,cepina,0.00,0.000,16,0,0.00,0.0,0,ok,rzc262760640vl.001.h5,2026-10-06T07:15:27Z
2026-10-03T06:35:00Z,cepina,0.00,0.000,16,0,0.00,0.0,0,ok,rzc262760635vl.001.h5,2026-10-06T07:15:27Z
2026-10-03T06:30:00Z,cepina,0.00,0.000,16,0,0.00,0.0,0,ok,rzc262760630vl.001.h5,2026-10-06T07:15:27Z
2026-10-03T06:25:00Z,cepina,0.00,0.000,16,0,0.00,0.0,0,ok,rzc262760625vl.001.h5,2026-10-06T07:15:27Z
2026-10-03T06:20:00Z,cepina,0.00,0.000,16,0,0.00,0.0,0,ok,rzc262760620vl.001.h5,2026-10-06T07:15:27Z
2026-10-03T06:15:00Z,cepina,0.00,0.000,16,0,0.00,0.0,0,ok,rzc262760615vl.001.h5,2026-10-06T07:15:27Z
2026-10-03T06:10:00Z,cepina,0.00,0.000,16,0,0.00,0.0,0,ok,rzc262760610vl.001.h5,2026-10-06T07:15:27Z
2026-10-03T06:05:00Z,cepina,0.00,0.000,16,0,0.00,0.0,0,ok,rzc262760605vl.001.h5,2026-10-06T07:15:27Z
2026-10-03T06:00:00Z,cepina,0.00,0.000,16,0,0.00,0.0,0,ok,rzc262760600vl.001.h5,2026-10-06T07:15:27Z
2026-10-03T05:55:00Z,cepina,0.00,0.000,16,0,0.00,0.0,0,ok,rzc262760555vl.001.h5,2026-10-06T07:15:27Z
2026-10-03T05:50:00Z,cepina,0.00,0.000,16,0,0.00,0.0,0,ok,rzc262760550vl.001.h5,2026-10-06T07:15:27Z
2026-10-03T05:45:00Z,cepina,0.00,0.000,16,0,0.00,0.0,0,ok,rzc262760545vl.001.h5,2026-10-06T07:15:27Z
2026-10-03T05:40:00Z,cepina,0.00,0.000,16,0,0.00,0.0,0,ok,rzc262760540vl.001.h5,2026-10-06T07:15:27Z
2026-10-03T05:35:00Z,cepina,0.00,0.000,16,0,0.00,0.0,0,ok,rzc262760535vl.001.h5,2026-10-06T07:15:27Z
2026-10-03T05:30:00Z,cepina,0.00,0.000,16,0,0.00,0.0,0,ok,rzc262760530vl.001.h5,2026-10-06T07:15:27Z
2026-10-03T05:25:00Z,cepina,0.00,0.000,16,0,0.00,0.0,0,ok,rzc262760525vl.001.h5,2026-10-06T07:15:27Z
2026-10-03T05:20:00Z,cepina,0.00,0.000,16,0,0.00,0.0,0,ok,rzc262760520vl.001.h5,2026-10-06T07:15:27Z
2026-10-03T05:15:00Z,cepina,0.00,0.000,16,0,0.00,0.0,0,ok,rzc262760515vl.001.h5,2026-10-06T07:15:27Z
2026-10-03T05:10:00Z,cepina,0.00,0.000,16,0,0.00,0.0,0,ok,rzc262760510vl.001.h5,2026-10-06T07:15:27Z
2026-10-03T05:05:00Z,cepina,0.00,0.000,16,0,0.00,0.0,0,ok,rzc262760505vl.001.h5,2026-10-06T07:15:27Z
2026-10-03T05:00:00Z,cepina,0.00,0.000,16,0,0.00,0.0,0,ok,rzc262760500vl.001.h5,2026-10-06T07:15:27Z
2026-10-03T04:55:00Z,cepina,0.00,0.000,16,0,0.00,0.0,0,ok,rzc262760455vl.001.h5,2026-10-06T07:15:27Z
2026-10-03T04:50:00Z,cepina,0.00,0.000,16,0,0.00,0.0,0,ok,rzc262760450vl.001.h5,2026-10-06T07:15:27Z
2026-10-03T04:45:00Z,cepina,0.00,0.000,16,0,0.00,0.0,0,ok,rzc262760445vl.001.h5,2026-10-06T07:15:27Z
2026-10-03T04:40:00Z,cepina,0.00,0.000,16,0,0.00,0.0,0,ok,rzc262760440vl.001.h5,2026-10-06T07:15:27Z
2026-10-03T04:35:00Z,cepina,0.00,0.000,16,0,0.00,0.0,0,ok,rzc262760435vl.001.h5,2026-10-06T07:15:27Z
2026-10-03T04:30:00Z,cepina,0.00,0.000,16,0,0.00,0.0,0,ok,rzc262760430vl.001.h5,2026-10-06T07:15:27Z
2026-10-03T04:25:00Z,cepina,0.00,0.000,16,0,0.00,0.0,0,ok,rzc262760425vl.001.h5,2026-10-06T07:15:27Z
2026-10-03T04:20:00Z,cepina,0.00,0.000,16,0,0.00,0.0,0,ok,rzc262760420vl.001.h5,2026-10-06T07:15:27Z
2026-10-03T04:15:00Z,cepina,0.00,0.000,16,0,0.00,0.0,0,ok,rzc262760415vl.001.h5,2026-10-06T07:15:27Z
2026-10-03T04:10:00Z,cepina,0.00,0.000,16,0,0.00,0.0,0,ok,rzc262760410vl.001.h5,2026-10-06T07:15:27Z
2026-10-03T04:05:00Z,cepina,0.00,0.000,16,0,0.00,0.0,0,ok,rzc262760405vl.001.h5,2026-10-06T07:15:27Z
2026-10-03T04:00:00Z,cepina,0.00,0.000,16,0,0.00,0.0,0,ok,rzc262760400vl.001.h5,2026-10-06T07:15:27Z
2026-10-03T03:55:00Z,cepina,0.00,0.000,16,0,0.00,0.0,0,ok,rzc262760355vl.001.h5,2026-10-06T07:15:27Z
2026-10-03T03:50:00Z,cepina,0.00,0.000,16,0,0.00,0.0,0,ok,rzc262760350vl.001.h5,2026-10-06T07:15:27Z
2026-10-03T03:45:00Z,cepina,0.00,0.000,16,0,0.00,0.0,0,ok,rzc262760345vl.001.h5,2026-10-06T07:15:27Z
2026-10-03T03:40:00Z,cepina,0.00,0.000,16,0,0.00,0.0,0,ok,rzc262760340vl.001.h5,2026-10-06T07:15:27Z
2026-10-03T03:35:00Z,cepina,0.00,0.000,16,0,0.00,0.0,0,ok,rzc262760335vl.001.h5,2026-10-06T07:15:27Z
2026-10-03T03:30:00Z,cepina,0.00,0.000,16,0,0.00,0.0,0,ok,rzc262760330vl.001.h5,2026-10-06T07:15:27Z
2026-10-03T03:25:00Z,cepina,0.00,0.000,16,0,0.00,0.0,0,ok,rzc262760325vl.001.h5,2026-10-06T07:15:27Z
2026-10-03T03:20:00Z,cepina,0.00,0.000,16,0,0.00,0.0,0,ok,rzc262760320vl.001.h5,2026-10-06T07:15:27Z
2026-10-03T03:15:00Z,cepina,0.00,0.000,16,0,0.00,0.0,0,ok,rzc262760315vl.001.h5,2026-10-06T07:15:27Z
2026-10-03T03:10:00Z,cepina,0.00,0.000,16,0,0.00,0.0,0,ok,rzc262760310vl.001.h5,2026-10-06T07:15:27Z
2026-10-03T03:05:00Z,cepina,0.00,0.000,16,0,0.00,0.0,0,ok,rzc262760305vl.001.h5,2026-10-06T07:15:27Z
2026-10-03T03:00:00Z,cepina,0.00,0.000,16,0,0.00,0.0,0,ok,rzc262760300vl.001.h5,2026-10-06T07:15:27Z
2026-10-03T02:55:00Z,cepina,0.00,0.000,16,0,0.00,0.0,0,ok,rzc262760255vl.001.h5,2026-10-06T07:15:27Z
2026-10-03T02:50:00Z,cepina,0.00,0.000,16,0,0.00,0.0,0,ok,rzc262760250vl.001.h5,2026-10-06T07:15:27Z
2026-10-03T02:45:00Z,cepina,0.00,0.000,16,0,0.00,0.0,0,ok,rzc262760245vl.001.h5,2026-10-06T07:15:27Z
2026-10-03T02:40:00Z,cepina,0.00,0.000,16,0,0.01,0.0,0,ok,rzc262760240vl.001.h5,2026-10-06T07:15:27Z
2026-10-03T02:35:00Z,cepina,0.00,0.000,16,0,0.00,0.0,0,ok,rzc262760235vl.001.h5,2026-10-06T07:15:27Z
2026-10-03T02:30:00Z,cepina,0.00,0.000,16,0,0.00,0.0,0,ok,rzc262760230vl.001.h5,2026-10-06T07:15:27Z
2026-10-03T02:25:00Z,cepina,0.00,0.000,16,0,0.00,0.0,0,ok,rzc262760225vl.001.h5,2026-10-06T07:15:27Z
2026-10-03T02:20:00Z,cepina,0.00,0.000,16,0,0.00,0.0,0,ok,rzc262760220vl.001.h5,2026-10-06T07:15:27Z
2026-10-03T02:15:00Z,cepina,0.00,0.000,16,0,0.00,0.0,0,ok,rzc262760215vl.001.h5,2026-10-06T07:15:27Z
2026-10-03T02:10:00Z,cepina,0.00,0.000,16,0,0.00,0.0,0,ok,rzc262760210vl.001.h5,2026-10-06T07:15:27Z
2026-10-03T02:05:00Z,cepina,0.00,0.000,16,0,0.00,0.0,0,ok,rzc262760205vl.001.h5,2026-10-06T07:15:27Z
2026-10-03T02:00:00Z,cepina,0.00,0.000,16,0,0.00,0.0,0,ok,rzc262760200vl.001.h5,2026-10-06T07:15:27Z
2026-10-03T01:55:00Z,cepina,0.00,0.000,16,0,0.00,0.0,0,ok,rzc262760155vl.001.h5,2026-10-06T07:15:27Z
2026-10-03T01:50:00Z,cepina,0.00,0.000,16,0,0.00,0.0,0,ok,rzc262760150vl.001.h5,2026-10-06T07:15:27Z
2026-10-03T01:45:00Z,cepina,0.00,0.000,16,0,0.01,0.0,0,ok,rzc262760145vl.001.h5,2026-10-06T07:15:27Z
2026-10-03T01:40:00Z,cepina,0.00,0.000,16,0,0.01,0.0,0,ok,rzc262760140vl.001.h5,2026-10-06T07:15:27Z
2026-10-03T01:35:00Z,cepina,0.00,0.000,16,0,0.00,0.0,0,ok,rzc262760135vl.001.h5,2026-10-06T07:15:27Z
2026-10-03T01:30:00Z,cepina,0.00,0.000,16,0,0.00,0.0,0,ok,rzc262760130vl.001.h5,2026-10-06T07:15:27Z
2026-10-03T01:25:00Z,cepina,0.00,0.000,16,0,0.00,0.0,0,ok,rzc262760125vl.001.h5,2026-10-06T07:15:27Z
2026-10-03T01:20:00Z,cepina,0.00,0.000,16,0,0.00,0.0,0,ok,rzc262760120vl.001.h5,2026-10-06T07:15:27Z
2026-10-03T01:15:00Z,cepina,0.00,0.000,16,0,0.00,0.0,0,ok,rzc262760115vl.001.h5,2026-10-06T07:15:27Z
2026-10-03T01:10:00Z,cepina,0.00,0.000,16,0,0.00,0.0,0,ok,rzc262760110vl.001.h5,2026-10-06T07:15:27Z
2026-10-03T01:05:00Z,cepina,0.00,0.000,16,0,0.01,0.0,0,ok,rzc262760105vl.001.h5,2026-10-06T07:15:27Z
2026-10-03T01:00:00Z,cepina,0.00,0.000,16,0,0.00,0.0,0,ok,rzc262760100vl.001.h5,2026-10-06T07:15:27Z
2026-10-03T00:55:00Z,cepina,0.00,0.000,16,0,0.00,0.0,0,ok,rzc262760055vl.001.h5,2026-10-06T07:15:27Z
2026-10-03T00:50:00Z,cepina,0.00,0.000,16,0,0.00,0.0,0,ok,rzc262760050vl.001.h5,2026-10-06T07:15:27Z
2026-10-03T00:45:00Z,cepina,0.00,0.000,16,0,0.00,0.0,0,ok,rzc262760045vl.001.h5,2026-10-06T07:15:27Z
2026-10-03T00:40:00Z,cepina,0.00,0.000,16,0,0.00,0.0,0,ok,rzc262760040vl.001.h5,2026-10-06T07:15:27Z
2026-10-03T00:35:00Z,cepina,0.00,0.000,16,0,0.00,0.0,0,ok,rzc262760035vl.001.h5,2026-10-06T07:15:27Z
2026-10-03T00:30:00Z,cepina,0.00,0.000,16,0,0.00,0.0,0,ok,rzc262760030vl.001.h5,2026-10-06T07:15:27Z
2026-10-03T00:25:00Z,cepina,0.00,0.000,16,0,0.01,0.0,0,ok,rzc262760025vl.001.h5,2026-10-06T07:15:27Z
2026-10-03T00:20:00Z,cepina,0.00,0.000,16,0,0.00,0.0,0,ok,rzc262760020vl.001.h5,2026-10-06T07:15:27Z
2026-10-03T00:15:00Z,cepina,0.00,0.000,16,0,0.00,0.0,0,ok,rzc262760015vl.001.h5,2026-10-06T07:15:27Z
2026-10-03T00:10:00Z,cepina,0.00,0.000,16,0,0.01,0.0,0,ok,rzc262760010vl.001.h5,2026-10-06T07:15:27Z
2026-10-03T00:05:00Z,cepina,0.00,0.000,16,0,0.00,0.0,0,ok,rzc262760005vl.001.h5,2026-10-06T07:15:27Z
2026-10-03T00:00:00Z,cepina,0.00,0.000,16,0,0.00,0.0,0,ok,rzc262760000vl.001.h5,2026-10-06T07:15:27Z
2026-10-02T23:55:00Z,cepina,0.00,0.000,16,0,0.00,0.0,0,ok,rzc262752355vl.001.h5,2026-10-06T07:15:27Z
2026-10-02T23:50:00Z,cepina,0.00,0.000,16,0,0.00,0.0,0,ok,rzc262752350vl.001.h5,2026-10-06T07:15:27Z
2026-10-02T23:45:00Z,cepina,0.00,0.000,16,0,0.00,0.0,0,ok,rzc262752345vl.001.h5,2026-10-06T07:15:27Z
2026-10-02T23:40:00Z,cepina,0.00,0.000,16,0,0.00,0.0,0,ok,rzc262752340vl.001.h5,2026-10-06T07:15:27Z
2026-10-02T23:35:00Z,cepina,0.00,0.000,16,0,0.00,0.0,0,ok,rzc262752335vl.001.h5,2026-10-06T07:15:27Z
2026-10-02T23:30:00Z,cepina,0.00,0.000,16,0,0.01,0.0,0,ok,rzc262752330vl.001.h5,2026-10-06T07:15:27Z
2026-10-02T23:25:00Z,cepina,0.00,0.000,16,0,0.00,0.0,0,ok,rzc262752325vl.001.h5,2026-10-06T07:15:27Z
2026-10-02T23:20:00Z,cepina,0.00,0.000,16,0,0.00,0.0,0,ok,rzc262752320vl.001.h5,2026-10-06T07:15:27Z
2026-10-02T23:15:00Z,cepina,0.00,0.000,16,0,0.00,0.0,0,ok,rzc262752315vl.001.h5,2026-10-06T07:15:27Z
2026-10-02T23:10:00Z,cepina,0.00,0.000,16,0,0.00,0.0,0,ok,rzc262752310vl.001.h5,2026-10-06T07:15:27Z
2026-10-02T23:05:00Z,cepina,0.00,0.000,16,0,0.00,0.0,0,ok,rzc262752305vl.001.h5,2026-10-06T07:15:27Z
2026-10-02T23:00:00Z,cepina,0.00,0.000,16,0,0.01,0.0,0,ok,rzc262752300vl.001.h5,2026-10-06T07:15:27Z
2026-10-02T22:55:00Z,cepina,0.00,0.000,16,0,0.00,0.0,0,ok,rzc262752255vl.001.h5,2026-10-06T07:15:27Z
2026-10-02T22:50:00Z,cepina,0.00,0.000,16,0,0.01,0.0,0,ok,rzc262752250vl.001.h5,2026-10-06T07:15:27Z
2026-10-02T22:45:00Z,cepina,0.00,0.000,16,0,0.01,0.0,0,ok,rzc262752245vl.001.h5,2026-10-06T07:15:27Z
2026-10-02T22:40:00Z,cepina,0.00,0.000,16,0,0.01,0.0,0,ok,rzc262752240vl.001.h5,2026-10-06T07:15:27Z
2026-10-02T22:35:00Z,cepina,0.00,0.000,16,0,0.01,0.0,0,ok,rzc262752235vl.001.h5,2026-10-06T07:15:27Z
2026-10-02T22:30:00Z,cepina,0.00,0.000,16,0,0.01,0.0,0,ok,rzc262752230vl.001.h5,2026-10-06T07:15:27Z
2026-10-02T22:25:00Z,cepina,0.00,0.000,16,0,0.02,0.0,0,ok,rzc262752225vl.001.h5,2026-10-06T07:15:27Z
2026-10-02T22:20:00Z,cepina,0.00,0.000,16,0,0.01,0.0,0,ok,rzc262752220vl.001.h5,2026-10-06T07:15:27Z
2026-10-02T22:15:00Z,cepina,0.00,0.000,16,0,0.01,0.0,0,ok,rzc262752215vl.001.h5,2026-10-06T07:15:27Z
2026-10-02T22:10:00Z,cepina,0.00,0.000,16,0,0.01,0.0,0,ok,rzc262752210vl.001.h5,2026-10-06T07:15:27Z
2026-10-02T22:05:00Z,cepina,0.00,0.000,16,0,0.01,0.0,0,ok,rzc262752205vl.001.h5,2026-10-06T07:15:27Z
2026-10-02T22:00:00Z,cepina,0.00,0.000,16,0,0.10,0.0,0,ok,rzc262752200vl.001.h5,2026-10-06T07:15:27Z
2026-10-02T21:55:00Z,cepina,0.00,0.000,16,0,0.10,0.0,0,ok,rzc262752155vl.001.h5,2026-10-06T07:15:27Z
2026-10-02T21:50:00Z,cepina,0.00,0.000,16,0,0.10,0.0,0,ok,rzc262752150vl.001.h5,2026-10-06T07:15:27Z
2026-10-02T21:45:00Z,cepina,0.00,0.000,16,0,0.08,0.0,0,ok,rzc262752145vl.001.h5,2026-10-06T07:15:27Z
2026-10-02T21:40:00Z,cepina,0.00,0.000,16,0,0.10,0.0,0,ok,rzc262752140vl.001.h5,2026-10-06T07:15:27Z
2026-10-02T21:35:00Z,cepina,0.00,0.000,16,0,0.10,0.0,0,ok,rzc262752135vl.001.h5,2026-10-06T07:15:27Z
2026-10-02T21:30:00Z,cepina,0.00,0.000,16,0,0.02,0.0,0,ok,rzc262752130vl.001.h5,2026-10-06T07:15:27Z
2026-10-02T21:25:00Z,cepina,0.00,0.000,16,0,0.02,0.0,0,ok,rzc262752125vl.001.h5,2026-10-06T07:15:27Z
2026-10-02T21:20:00Z,cepina,0.01,0.001,16,0,0.02,0.0,0,ok,rzc262752120vl.001.h5,2026-10-06T07:15:27Z
2026-10-02T21:15:00Z,cepina,0.00,0.000,16,0,0.03,0.0,0,ok,rzc262752115vl.001.h5,2026-10-06T07:15:27Z
2026-10-02T21:10:00Z,cepina,0.00,0.000,16,0,0.08,0.0,0,ok,rzc262752110vl.001.h5,2026-10-06T07:15:27Z
2026-10-02T21:05:00Z,cepina,0.00,0.000,16,0,0.13,0.0,0,ok,rzc262752105vl.001.h5,2026-10-06T07:15:27Z
2026-10-02T21:00:00Z,cepina,0.00,0.000,16,0,0.15,0.0,0,ok,rzc262752100vl.001.h5,2026-10-06T07:15:27Z
2026-10-02T20:55:00Z,cepina,0.00,0.000,16,0,0.20,0.0,0,ok,rzc262752055vl.001.h5,2026-10-06T07:15:27Z
2026-10-02T20:50:00Z,cepina,0.00,0.000,16,0,0.17,0.0,0,ok,rzc262752050vl.001.h5,2026-10-06T07:15:27Z
2026-10-02T20:45:00Z,cepina,0.00,0.000,16,0,0.13,0.0,0,ok,rzc262752045vl.001.h5,2026-10-06T07:15:27Z
2026-10-02T20:40:00Z,cepina,0.00,0.000,16,0,0.11,0.0,0,ok,rzc262752040vl.001.h5,2026-10-06T07:15:27Z
2026-10-02T20:35:00Z,cepina,0.00,0.000,16,0,0.19,0.0,0,ok,rzc262752035vl.001.h5,2026-10-06T07:15:27Z
2026-10-02T20:30:00Z,cepina,0.00,0.000,16,0,0.26,0.0,0,ok,rzc262752030vl.001.h5,2026-10-06T07:15:27Z
2026-10-02T20:25:00Z,cepina,0.00,0.000,16,0,0.31,0.0,0,ok,rzc262752025vl.001.h5,2026-10-06T07:15:27Z
2026-10-02T20:20:00Z,cepina,0.00,0.000,16,0,0.33,0.0,0,ok,rzc262752020vl.001.h5,2026-10-06T07:15:27Z
2026-10-02T20:15:00Z,cepina,0.00,0.000,16,0,0.35,0.0,0,ok,rzc262752015vl.001.h5,2026-10-06T07:15:27Z
2026-10-02T20:10:00Z,cepina,0.00,0.000,16,0,0.32,0.0,0,ok,rzc262752010vl.001.h5,2026-10-06T07:15:27Z
2026-10-02T20:05:00Z,cepina,0.00,0.000,16,0,0.27,0.0,0,ok,rzc262752005vl.001.h5,2026-10-06T07:15:27Z
2026-10-02T20:00:00Z,cepina,0.00,0.000,16,0,0.29,0.0,0,ok,rzc262752000vl.001.h5,2026-10-06T07:15:27Z
2026-10-02T19:55:00Z,cepina,0.00,0.000,16,0,0.35,0.0,0,ok,rzc262751955vl.001.h5,2026-10-06T07:15:27Z
2026-10-02T19:50:00Z,cepina,0.00,0.000,16,0,0.34,0.0,0,ok,rzc262751950vl.001.h5,2026-10-06T07:15:27Z
2026-10-02T19:45:00Z,cepina,0.00,0.000,16,0,0.21,0.0,0,ok,rzc262751945vl.001.h5,2026-10-06T07:15:27Z
2026-10-02T19:40:00Z,cepina,0.00,0.000,16,0,0.11,0.0,0,ok,rzc262751940vl.001.h5,2026-10-06T07:15:27Z
2026-10-02T19:35:00Z,cepina,0.00,0.000,16,0,0.02,0.0,0,ok,rzc262751935vl.001.h5,2026-10-06T07:15:27Z
2026-10-02T19:30:00Z,cepina,0.00,0.000,16,0,0.10,0.0,0,ok,rzc262751930vl.001.h5,2026-10-06T07:15:27Z
2026-10-02T19:25:00Z,cepina,0.00,0.000,16,0,0.10,0.0,0,ok,rzc262751925vl.001.h5,2026-10-06T07:15:27Z
2026-10-02T19:20:00Z,cepina,0.00,0.000,16,0,0.07,0.0,0,ok,rzc262751920vl.001.h5,2026-10-06T07:15:27Z
2026-10-02T19:15:00Z,cepina,0.00,0.000,16,0,0.10,0.0,0,ok,rzc262751915vl.001.h5,2026-10-06T07:15:27Z
2026-10-02T19:10:00Z,cepina,0.00,0.000,16,0,0.13,0.0,0,ok,rzc262751910vl.001.h5,2026-10-06T07:15:27Z
2026-10-02T19:05:00Z,cepina,0.00,0.000,16,0,0.13,0.0,0,ok,rzc262751905vl.001.h5,2026-10-06T07:15:27Z
2026-10-02T19:00:00Z,cepina,0.00,0.000,16,0,0.02,0.0,0,ok,rzc262751900vl.001.h5,2026-10-06T07:15:27Z
2026-10-02T18:55:00Z,cepina,0.00,0.000,16,0,0.10,0.0,0,ok,rzc262751855vl.001.h5,2026-10-06T07:15:27Z
2026-10-02T18:50:00Z,cepina,0.00,0.000,16,0,0.10,0.0,0,ok,rzc262751850vl.001.h5,2026-10-06T07:15:27Z
2026-10-02T18:45:00Z,cepina,0.00,0.000,16,0,0.03,0.0,0,ok,rzc262751845vl.001.h5,2026-10-06T07:15:27Z
2026-10-02T18:40:00Z,cepina,0.00,0.000,16,0,0.02,0.0,0,ok,rzc262751840vl.001.h5,2026-10-06T07:15:27Z
2026-10-02T18:35:00Z,cepina,0.00,0.000,16,0,0.02,0.0,0,ok,rzc262751835vl.001.h5,2026-10-06T07:15:27Z
2026-10-02T18:30:00Z,cepina,0.00,0.000,16,0,0.02,0.0,0,ok,rzc262751830vl.001.h5,2026-10-06T07:15:27Z
2026-10-02T18:25:00Z,cepina,0.00,0.000,16,0,0.00,0.0,0,ok,rzc262751825tl.001.h5,2026-10-06T07:15:27Z
2026-10-02T18:20:00Z,cepina,0.00,0.000,16,0,0.02,0.0,0,ok,rzc262751820vl.001.h5,2026-10-06T07:15:27Z
2026-10-02T18:15:00Z,cepina,0.00,0.000,16,0,0.10,0.0,0,ok,rzc262751815vl.001.h5,2026-10-06T07:15:27Z
2026-10-02T18:10:00Z,cepina,0.00,0.000,16,0,0.02,0.0,0,ok,rzc262751810vl.001.h5,2026-10-06T07:15:27Z
2026-10-02T18:05:00Z,cepina,0.00,0.000,16,0,0.02,0.0,0,ok,rzc262751805vl.001.h5,2026-10-06T07:15:27Z
2026-10-02T18:00:00Z,cepina,0.00,0.000,16,0,0.02,0.0,0,ok,rzc262751800vl.001.h5,2026-10-06T07:15:27Z
2026-10-02T17:55:00Z,cepina,0.00,0.000,16,0,0.03,0.0,0,ok,rzc262751755vl.001.h5,2026-10-06T07:15:27Z
2026-10-02T17:50:00Z,cepina,0.00,0.000,16,0,0.00,0.0,0,ok,rzc262751750vl.001.h5,2026-10-06T07:15:27Z
2026-10-02T17:45:00Z,cepina,0.00,0.000,16,0,0.00,0.0,0,ok,rzc262751745vl.001.h5,2026-10-06T07:15:27Z
2026-10-02T17:40:00Z,cepina,0.00,0.000,16,0,0.00,0.0,0,ok,rzc262751740vl.001.h5,2026-10-06T07:15:27Z
2026-10-02T17:35:00Z,cepina,0.00,0.000,16,0,0.00,0.0,0,ok,rzc262751735vl.001.h5,2026-10-06T07:15:27Z
2026-10-02T17:30:00Z,cepina,0.00,0.000,16,0,0.00,0.0,0,ok,rzc262751730vl.001.h5,2026-10-06T07:15:27Z
2026-10-02T17:25:00Z,cepina,0.00,0.000,16,0,0.00,0.0,0,ok,rzc262751725vl.001.h5,2026-10-06T07:15:27Z
2026-10-02T17:20:00Z,cepina,0.00,0.000,16,0,0.00,0.0,0,ok,rzc262751720vl.001.h5,2026-10-06T07:15:27Z
2026-10-02T17:15:00Z,cepina,0.00,0.000,16,0,0.00,0.0,0,ok,rzc262751715vl.001.h5,2026-10-06T07:15:27Z
2026-10-02T17:10:00Z,cepina,0.00,0.000,16,0,0.00,0.0,0,ok,rzc262751710vl.001.h5,2026-10-06T07:15:27Z
2026-10-02T17:05:00Z,cepina,0.00,0.000,16,0,0.00,0.0,0,ok,rzc262751705vl.001.h5,2026-10-06T07:15:27Z
2026-10-02T17:00:00Z,cepina,0.00,0.000,16,0,0.00,0.0,0,ok,rzc262751700vl.001.h5,2026-10-06T07:15:27Z
2026-10-02T16:55:00Z,cepina,0.00,0.000,16,0,0.00,0.0,0,ok,rzc262751655vl.001.h5,2026-10-06T07:15:27Z
2026-10-02T16:50:00Z,cepina,0.00,0.000,16,0,0.00,0.0,0,ok,rzc262751650vl.001.h5,2026-10-06T07:15:27Z
2026-10-02T16:45:00Z,cepina,0.00,0.000,16,0,0.00,0.0,0,ok,rzc262751645vl.001.h5,2026-10-06T07:15:27Z
2026-10-02T16:40:00Z,cepina,0.00,0.000,16,0,0.00,0.0,0,ok,rzc262751640vl.001.h5,2026-10-06T07:15:27Z
2026-10-02T16:35:00Z,cepina,0.00,0.000,16,0,0.00,0.0,0,ok,rzc262751635vl.001.h5,2026-10-06T07:15:27Z
2026-10-02T16:30:00Z,cepina,0.00,0.000,16,0,0.00,0.0,0,ok,rzc262751630vl.001.h5,2026-10-06T07:15:27Z
2026-10-02T16:25:00Z,cepina,0.00,0.000,16,0,0.00,0.0,0,ok,rzc262751625vl.001.h5,2026-10-06T07:15:27Z
2026-10-02T16:20:00Z,cepina,0.00,0.000,16,0,0.00,0.0,0,ok,rzc262751620vl.001.h5,2026-10-06T07:15:27Z
2026-10-02T16:15:00Z,cepina,0.00,0.000,16,0,0.00,0.0,0,ok,rzc262751615vl.001.h5,2026-10-06T07:15:27Z
2026-10-02T16:10:00Z,cepina,0.00,0.000,16,0,0.00,0.0,0,ok,rzc262751610vl.001.h5,2026-10-06T07:15:27Z
2026-10-02T16:05:00Z,cepina,0.00,0.000,16,0,0.00,0.0,0,ok,rzc262751605vl.001.h5,2026-10-06T07:15:27Z
2026-10-02T16:00:00Z,cepina,0.00,0.000,16,0,0.02,0.0,0,ok,rzc262751600vl.001.h5,2026-10-06T07:15:27Z
2026-10-02T15:55:00Z,cepina,0.00,0.000,16,0,0.00,0.0,0,ok,rzc262751555vl.001.h5,2026-10-06T07:15:27Z
2026-10-02T15:50:00Z,cepina,0.00,0.000,16,0,0.00,0.0,0,ok,rzc262751550vl.001.h5,2026-10-06T07:15:27Z
2026-10-02T15:45:00Z,cepina,0.00,0.000,16,0,0.00,0.0,0,ok,rzc262751545vl.001.h5,2026-10-06T07:15:27Z
2026-10-02T15:40:00Z,cepina,0.00,0.000,16,0,0.01,0.0,0,ok,rzc262751540vl.001.h5,2026-10-06T07:15:27Z
2026-10-02T15:35:00Z,cepina,0.00,0.000,16,0,0.00,0.0,0,ok,rzc262751535vl.001.h5,2026-10-06T07:15:27Z
2026-10-02T15:30:00Z,cepina,0.00,0.000,16,0,0.00,0.0,0,ok,rzc262751530vl.001.h5,2026-10-06T07:15:27Z
2026-10-02T15:25:00Z,cepina,0.00,0.000,16,0,0.00,0.0,0,ok,rzc262751525vl.001.h5,2026-10-06T07:15:27Z
2026-10-02T15:20:00Z,cepina,0.00,0.000,16,0,0.00,0.0,0,ok,rzc262751520vl.001.h5,2026-10-06T07:15:27Z
2026-10-02T15:15:00Z,cepina,0.00,0.000,16,0,0.00,0.0,0,ok,rzc262751515vl.001.h5,2026-10-06T07:15:27Z
2026-10-02T15:10:00Z,cepina,0.00,0.000,16,0,0.00,0.0,0,ok,rzc262751510vl.001.h5,2026-10-06T07:15:27Z
2026-10-02T15:05:00Z,cepina,0.00,0.000,16,0,0.00,0.0,0,ok,rzc262751505vl.001.h5,2026-10-06T07:15:27Z
2026-10-02T15:00:00Z,cepina,0.00,0.000,16,0,0.00,0.0,0,ok,rzc262751500vl.001.h5,2026-10-06T07:15:27Z
2026-10-02T14:55:00Z,cepina,0.00,0.000,16,0,0.00,0.0,0,ok,rzc262751455vl.001.h5,2026-10-06T07:15:27Z
2026-10-02T14:50:00Z,cepina,0.00,0.000,16,0,0.00,0.0,0,ok,rzc262751450vl.001.h5,2026-10-06T07:15:27Z
2026-10-02T14:45:00Z,cepina,0.00,0.000,16,0,0.00,0.0,0,ok,rzc262751445vl.001.h5,2026-10-06T07:15:27Z
2026-10-02T14:40:00Z,cepina,0.00,0.000,16,0,0.00,0.0,0,ok,rzc262751440vl.001.h5,2026-10-06T07:15:27Z
2026-10-02T14:35:00Z,cepina,0.00,0.000,16,0,0.00,0.0,0,ok,rzc262751435vl.001.h5,2026-10-06T07:15:27Z
2026-10-02T14:30:00Z,cepina,0.00,0.000,16,0,0.00,0.0,0,ok,rzc262751430vl.001.h5,2026-10-06T07:15:27Z
2026-10-02T14:25:00Z,cepina,0.00,0.000,16,0,0.00,0.0,0,ok,rzc262751425vl.001.h5,2026-10-06T07:15:27Z
2026-10-02T14:20:00Z,cepina,0.00,0.000,16,0,0.00,0.0,0,ok,rzc262751420vl.001.h5,2026-10-06T07:15:27Z
2026-10-02T14:15:00Z,cepina,0.00,0.000,16,0,0.00,0.0,0,ok,rzc262751415vl.001.h5,2026-10-06T07:15:27Z
2026-10-02T14:10:00Z,cepina,0.00,0.000,16,0,0.00,0.0,0,ok,rzc262751410vl.001.h5,2026-10-06T07:15:27Z
2026-10-02T14:05:00Z,cepina,0.00,0.000,16,0,0.00,0.0,0,ok,rzc262751405vl.001.h5,2026-10-06T07:15:27Z
2026-10-02T14:00:00Z,cepina,0.00,0.000,16,0,0.02,0.0,0,ok,rzc262751400vl.001.h5,2026-10-06T07:15:27Z
2026-10-02T13:55:00Z,cepina,0.00,0.000,16,0,0.02,0.0,0,ok,rzc262751355vl.001.h5,2026-10-06T07:15:27Z
2026-10-02T13:50:00Z,cepina,0.00,0.000,16,0,0.00,0.0,0,ok,rzc262751350vl.001.h5,2026-10-06T07:15:27Z
2026-10-02T13:45:00Z,cepina,0.00,0.000,16,0,0.00,0.0,0,ok,rzc262751345vl.001.h5,2026-10-06T07:15:27Z
2026-10-02T13:40:00Z,cepina,0.00,0.000,16,0,0.00,0.0,0,ok,rzc262751340vl.001.h5,2026-10-06T07:15:27Z
2026-10-02T13:35:00Z,cepina,0.00,0.000,16,0,0.00,0.0,0,ok,rzc262751335vl.001.h5,2026-10-06T07:15:27Z
2026-10-02T13:30:00Z,cepina,0.00,0.000,16,0,0.00,0.0,0,ok,rzc262751330vl.001.h5,2026-10-06T07:15:27Z
2026-10-02T13:25:00Z,cepina,0.00,0.000,16,0,0.00,0.0,0,ok,rzc262751325vl.001.h5,2026-10-06T07:15:27Z
2026-10-02T13:20:00Z,cepina,0.00,0.000,16,0,0.00,0.0,0,ok,rzc262751320vl.001.h5,2026-10-06T07:15:27Z
2026-10-02T13:15:00Z,cepina,0.00,0.000,16,0,0.00,0.0,0,ok,rzc262751315vl.001.h5,2026-10-06T07:15:27Z
2026-10-02T13:10:00Z,cepina,0.00,0.000,16,0,0.00,0.0,0,ok,rzc262751310vl.001.h5,2026-10-06T07:15:27Z
2026-10-02T13:05:00Z,cepina,0.00,0.000,16,0,0.00,0.0,0,ok,rzc262751305vl.001.h5,2026-10-06T07:15:27Z
2026-10-02T13:00:00Z,cepina,0.00,0.000,16,0,0.00,0.0,0,ok,rzc262751300vl.001.h5,2026-10-06T07:15:27Z
2026-10-02T12:55:00Z,cepina,0.00,0.000,16,0,0.00,0.0,0,ok,rzc262751255vl.001.h5,2026-10-06T07:15:27Z
2026-10-02T12:50:00Z,cepina,0.00,0.000,16,0,0.00,0.0,0,ok,rzc262751250vl.001.h5,2026-10-06T07:15:27Z
2026-10-02T12:45:00Z,cepina,0.00,0.000,16,0,0.00,0.0,0,ok,rzc262751245vl.001.h5,2026-10-06T07:15:27Z
2026-10-02T12:40:00Z,cepina,0.00,0.000,16,0,0.00,0.0,0,ok,rzc262751240vl.001.h5,2026-10-06T07:15:27Z
2026-10-02T12:35:00Z,cepina,0.00,0.000,16,0,0.00,0.0,0,ok,rzc262751235vl.001.h5,2026-10-06T07:15:27Z
2026-10-02T12:30:00Z,cepina,0.00,0.000,16,0,0.00,0.0,0,ok,rzc262751230vl.001.h5,2026-10-06T07:15:27Z
2026-10-02T12:25:00Z,cepina,0.00,0.000,16,0,0.00,0.0,0,ok,rzc262751225vl.001.h5,2026-10-06T07:15:27Z
2026-10-02T12:20:00Z,cepina,0.00,0.000,16,0,0.00,0.0,0,ok,rzc262751220vl.001.h5,2026-10-06T07:15:27Z
2026-10-02T12:15:00Z,cepina,0.00,0.000,16,0,0.00,0.0,0,ok,rzc262751215vl.001.h5,2026-10-06T07:15:27Z
2026-10-02T12:10:00Z,cepina,0.00,0.000,16,0,0.00,0.0,0,ok,rzc262751210vl.001.h5,2026-10-06T07:15:27Z
2026-10-02T12:05:00Z,cepina,0.00,0.000,16,0,0.00,0.0,0,ok,rzc262751205vl.001.h5,2026-10-06T07:15:27Z
2026-10-02T12:00:00Z,cepina,0.00,0.000,16,0,0.00,0.0,0,ok,rzc262751200vl.001.h5,2026-10-06T07:15:27Z
2026-10-02T11:55:00Z,cepina,0.00,0.000,16,0,0.00,0.0,0,ok,rzc262751155vl.001.h5,2026-10-06T07:15:27Z
2026-10-02T11:50:00Z,cepina,0.00,0.000,16,0,0.00,0.0,0,ok,rzc262751150vl.001.h5,2026-10-06T07:15:27Z
2026-10-02T11:45:00Z,cepina,0.00,0.000,16,0,0.00,0.0,0,ok,rzc262751145vl.001.h5,2026-10-06T07:15:27Z
2026-10-02T11:40:00Z,cepina,0.00,0.000,16,0,0.00,0.0,0,ok,rzc262751140vl.001.h5,2026-10-06T07:15:27Z
2026-10-02T11:35:00Z,cepina,0.00,0.000,16,0,0.01,0.0,0,ok,rzc262751135vl.001.h5,2026-10-06T07:15:27Z
2026-10-02T11:30:00Z,cepina,0.00,0.000,16,0,0.00,0.0,0,ok,rzc262751130vl.001.h5,2026-10-06T07:15:27Z
2026-10-02T11:25:00Z,cepina,0.00,0.000,16,0,0.00,0.0,0,ok,rzc262751125vl.001.h5,2026-10-06T07:15:27Z
2026-10-02T11:20:00Z,cepina,0.00,0.000,16,0,0.00,0.0,0,ok,rzc262751120vl.001.h5,2026-10-06T07:15:27Z
2026-10-02T11:15:00Z,cepina,0.00,0.000,16,0,0.00,0.0,0,ok,rzc262751115vl.001.h5,2026-10-06T07:15:27Z
2026-10-02T11:10:00Z,cepina,0.00,0.000,16,0,0.00,0.0,0,ok,rzc262751110vl.001.h5,2026-10-06T07:15:27Z
2026-10-02T11:05:00Z,cepina,0.00,0.000,16,0,0.00,0.0,0,ok,rzc262751105vl.001.h5,2026-10-06T07:15:27Z
2026-10-02T11:00:00Z,cepina,0.00,0.000,16,0,0.00,0.0,0,ok,rzc262751100vl.001.h5,2026-10-06T07:15:27Z
2026-10-02T10:55:00Z,cepina,0.00,0.000,16,0,0.01,0.0,0,ok,rzc262751055vl.001.h5,2026-10-06T07:15:27Z
2026-10-02T10:50:00Z,cepina,0.00,0.000,16,0,0.00,0.0,0,ok,rzc262751050vl.001.h5,2026-10-06T07:15:27Z
2026-10-02T10:45:00Z,cepina,0.00,0.000,16,0,0.00,0.0,0,ok,rzc262751045vl.001.h5,2026-10-06T07:15:27Z
2026-10-02T10:40:00Z,cepina,0.00,0.000,16,0,0.00,0.0,0,ok,rzc262751040vl.001.h5,2026-10-06T07:15:27Z
2026-10-02T10:35:00Z,cepina,0.00,0.000,16,0,0.00,0.0,0,ok,rzc262751035vl.001.h5,2026-10-06T07:15:27Z
2026-10-02T10:30:00Z,cepina,0.00,0.000,16,0,0.00,0.0,0,ok,rzc262751030vl.001.h5,2026-10-06T07:15:27Z
2026-10-02T10:25:00Z,cepina,0.00,0.000,16,0,0.00,0.0,0,ok,rzc262751025vl.001.h5,2026-10-06T07:15:27Z
2026-10-02T10:20:00Z,cepina,0.00,0.000,16,0,0.00,0.0,0,ok,rzc262751020vl.001.h5,2026-10-06T07:15:27Z
2026-10-02T10:15:00Z,cepina,0.00,0.000,16,0,0.00,0.0,0,ok,rzc262751015vl.001.h5,2026-10-06T07:15:27Z
2026-10-02T10:10:00Z,cepina,0.00,0.000,16,0,0.00,0.0,0,ok,rzc262751010vl.001.h5,2026-10-06T07:15:27Z
2026-10-02T10:05:00Z,cepina,0.00,0.000,16,0,0.00,0.0,0,ok,rzc262751005vl.001.h5,2026-10-06T07:15:27Z
2026-10-02T10:00:00Z,cepina,0.00,0.000,16,0,0.00,0.0,0,ok,rzc262751000vl.001.h5,2026-10-06T07:15:27Z
2026-10-02T09:55:00Z,cepina,0.00,0.000,16,0,0.00,0.0,0,ok,rzc262750955vl.001.h5,2026-10-06T07:15:27Z
2026-10-02T09:50:00Z,cepina,0.00,0.000,16,0,0.00,0.0,0,ok,rzc262750950vl.001.h5,2026-10-06T07:15:27Z
2026-10-02T09:45:00Z,cepina,0.00,0.000,16,0,0.00,0.0,0,ok,rzc262750945vl.001.h5,2026-10-06T07:15:27Z
2026-10-02T09:40:00Z,cepina,0.00,0.000,16,0,0.00,0.0,0,ok,rzc262750940vl.001.h5,2026-10-06T07:15:27Z
2026-10-02T09:35:00Z,cepina,0.00,0.000,16,0,0.00,0.0,0,ok,rzc262750935vl.001.h5,2026-10-06T07:15:27Z
2026-10-02T09:30:00Z,cepina,0.00,0.000,16,0,0.00,0.0,0,ok,rzc262750930vl.001.h5,2026-10-06T07:15:27Z
2026-10-02T09:25:00Z,cepina,0.00,0.000,16,0,0.00,0.0,0,ok,rzc262750925vl.001.h5,2026-10-06T07:15:27Z
2026-10-02T09:20:00Z,cepina,0.00,0.000,16,0,0.00,0.0,0,ok,rzc262750920vl.001.h5,2026-10-06T07:15:27Z
2026-10-02T09:15:00Z,cepina,0.00,0.000,16,0,0.00,0.0,0,ok,rzc262750915vl.001.h5,2026-10-06T07:15:27Z
2026-10-02T09:10:00Z,cepina,0.00,0.000,16,0,0.00,0.0,0,ok,rzc262750910vl.001.h5,2026-10-06T07:15:27Z
2026-10-02T09:05:00Z,cepina,0.00,0.000,16,0,0.00,0.0,0,ok,rzc262750905vl.001.h5,2026-10-06T07:15:27Z
2026-10-02T09:00:00Z,cepina,0.00,0.000,16,0,0.00,0.0,0,ok,rzc262750900vl.001.h5,2026-10-06T07:15:27Z
2026-10-02T08:55:00Z,cepina,0.00,0.000,16,0,0.00,0.0,0,ok,rzc262750855vl.001.h5,2026-10-06T07:15:27Z
2026-10-02T08:50:00Z,cepina,0.00,0.000,16,0,0.00,0.0,0,ok,rzc262750850vl.001.h5,2026-10-06T07:15:27Z
2026-10-02T08:45:00Z,cepina,0.00,0.000,16,0,0.00,0.0,0,ok,rzc262750845vl.001.h5,2026-10-06T07:15:27Z
2026-10-02T08:40:00Z,cepina,0.00,0.000,16,0,0.00,0.0,0,ok,rzc262750840vl.001.h5,2026-10-06T07:15:27Z
2026-10-02T08:35:00Z,cepina,0.00,0.000,16,0,0.00,0.0,0,ok,rzc262750835vl.001.h5,2026-10-06T07:15:27Z
2026-10-02T08:30:00Z,cepina,0.00,0.000,16,0,0.00,0.0,0,ok,rzc262750830vl.001.h5,2026-10-06T07:15:27Z
2026-10-02T08:25:00Z,cepina,0.00,0.000,16,0,0.00,0.0,0,ok,rzc262750825vl.001.h5,2026-10-06T07:15:27Z
2026-10-02T08:20:00Z,cepina,0.00,0.000,16,0,0.00,0.0,0,ok,rzc262750820vl.001.h5,2026-10-06T07:15:27Z
2026-10-02T08:15:00Z,cepina,0.00,0.000,16,0,0.00,0.0,0,ok,rzc262750815vl.001.h5,2026-10-06T07:15:27Z
2026-10-02T08:10:00Z,cepina,0.00,0.000,16,0,0.01,0.0,0,ok,rzc262750810vl.001.h5,2026-10-06T07:15:27Z
2026-10-02T08:05:00Z,cepina,0.00,0.000,16,0,0.02,0.0,0,ok,rzc262750805vl.001.h5,2026-10-06T07:15:27Z
2026-10-02T08:00:00Z,cepina,0.00,0.000,16,0,0.02,0.0,0,ok,rzc262750800vl.001.h5,2026-10-06T07:15:27Z
2026-10-02T07:55:00Z,cepina,0.00,0.000,16,0,0.02,0.0,0,ok,rzc262750755vl.001.h5,2026-10-06T07:15:27Z
2026-10-02T07:50:00Z,cepina,0.00,0.000,16,0,0.03,0.0,0,ok,rzc262750750vl.001.h5,2026-10-06T07:15:27Z
2026-10-02T07:45:00Z,cepina,0.00,0.000,16,0,0.03,0.0,0,ok,rzc262750745vl.001.h5,2026-10-06T07:15:27Z
2026-10-02T07:40:00Z,cepina,0.00,0.000,16,0,0.03,0.0,0,ok,rzc262750740vl.001.h5,2026-10-06T07:15:27Z
2026-10-02T07:35:00Z,cepina,0.00,0.000,16,0,0.03,0.0,0,ok,rzc262750735vl.001.h5,2026-10-06T07:15:27Z
2026-10-02T07:30:00Z,cepina,0.00,0.000,16,0,0.02,0.0,0,ok,rzc262750730vl.001.h5,2026-10-06T07:15:27Z
2026-10-02T07:25:00Z,cepina,0.00,0.000,16,0,0.02,0.0,0,ok,rzc262750725vl.001.h5,2026-10-06T07:15:27Z
2026-10-02T07:20:00Z,cepina,0.00,0.000,16,0,0.01,0.0,0,ok,rzc262750720vl.001.h5,2026-10-06T07:15:27Z
2026-10-02T07:15:00Z,cepina,0.00,0.000,16,0,0.01,0.0,0,ok,rzc262750715vl.001.h5,2026-10-06T07:15:27Z
2026-10-02T07:10:00Z,cepina,0.00,0.000,16,0,0.00,0.0,0,ok,rzc262750710vl.001.h5,2026-10-06T07:15:27Z
2026-10-02T07:05:00Z,cepina,0.00,0.000,16,0,0.00,0.0,0,ok,rzc262750705vl.001.h5,2026-10-06T07:15:27Z
2026-10-02T07:00:00Z,cepina,0.00,0.000,16,0,0.00,0.0,0,ok,rzc262750700vl.001.h5,2026-10-06T07:15:27Z
2026-10-02T06:55:00Z,cepina,0.00,0.000,16,0,0.00,0.0,0,ok,rzc262750655vl.001.h5,2026-10-06T07:15:27Z
2026-10-02T06:50:00Z,cepina,0.00,0.000,16,0,0.00,0.0,0,ok,rzc262750650vl.001.h5,2026-10-06T07:15:27Z
2026-10-02T06:45:00Z,cepina,0.00,0.000,16,0,0.00,0.0,0,ok,rzc262750645vl.001.h5,2026-10-06T07:15:27Z
2026-10-02T06:40:00Z,cepina,0.00,0.000,16,0,0.01,0.0,0,ok,rzc262750640vl.001.h5,2026-10-06T07:15:27Z
2026-10-02T06:35:00Z,cepina,0.00,0.000,16,0,0.02,0.0,0,ok,rzc262750635vl.001.h5,2026-10-06T07:15:27Z
2026-10-02T06:30:00Z,cepina,0.00,0.000,16,0,0.10,0.0,0,ok,rzc262750630vl.001.h5,2026-10-06T07:15:27Z
2026-10-02T06:25:00Z,cepina,0.00,0.000,16,0,0.14,0.0,0,ok,rzc262750625vl.001.h5,2026-10-06T07:15:27Z
2026-10-02T06:20:00Z,cepina,0.00,0.000,16,0,0.38,0.0,0,ok,rzc262750620vl.001.h5,2026-10-06T07:15:27Z
2026-10-02T06:15:00Z,cepina,0.00,0.000,16,0,0.49,0.0,0,ok,rzc262750615vl.001.h5,2026-10-06T07:15:27Z
2026-10-02T06:10:00Z,cepina,0.00,0.000,16,0,0.51,0.0,0,ok,rzc262750610vl.001.h5,2026-10-06T07:15:27Z
2026-10-02T06:05:00Z,cepina,0.00,0.000,16,0,0.63,0.0,0,ok,rzc262750605vl.001.h5,2026-10-06T07:15:27Z
2026-10-02T06:00:00Z,cepina,0.00,0.000,16,0,0.45,0.0,0,ok,rzc262750600vl.001.h5,2026-10-06T07:15:27Z
2026-10-02T05:55:00Z,cepina,0.00,0.000,16,0,0.47,0.0,0,ok,rzc262750555vl.001.h5,2026-10-06T07:15:27Z
2026-10-02T05:50:00Z,cepina,0.00,0.000,16,0,0.42,0.0,0,ok,rzc262750550vl.001.h5,2026-10-06T07:15:27Z
2026-10-02T05:45:00Z,cepina,0.00,0.000,16,0,0.47,0.0,0,ok,rzc262750545vl.001.h5,2026-10-06T07:15:27Z
2026-10-02T05:40:00Z,cepina,0.00,0.000,16,0,0.21,0.0,0,ok,rzc262750540vl.001.h5,2026-10-06T07:15:27Z
2026-10-02T05:35:00Z,cepina,0.00,0.000,16,0,0.15,0.0,0,ok,rzc262750535vl.001.h5,2026-10-06T07:15:27Z
2026-10-02T05:30:00Z,cepina,0.01,0.001,16,0,0.11,0.0,0,ok,rzc262750530vl.001.h5,2026-10-06T07:15:27Z
2026-10-02T05:25:00Z,cepina,0.10,0.007,16,0,0.10,0.0,0,ok,rzc262750525vl.001.h5,2026-10-06T07:15:27Z
2026-10-02T05:20:00Z,cepina,0.10,0.007,16,0,0.15,0.0,0,ok,rzc262750520vl.001.h5,2026-10-06T07:15:27Z
2026-10-02T05:15:00Z,cepina,0.00,0.000,16,0,0.10,0.0,0,ok,rzc262750515vl.001.h5,2026-10-06T07:15:27Z
2026-10-02T05:10:00Z,cepina,0.00,0.000,16,0,0.10,0.0,0,ok,rzc262750510vl.001.h5,2026-10-06T07:15:27Z
2026-10-02T05:05:00Z,cepina,0.00,0.000,16,0,0.03,0.0,0,ok,rzc262750505vl.001.h5,2026-10-06T07:15:27Z
2026-10-02T05:00:00Z,cepina,0.00,0.000,16,0,0.10,0.0,0,ok,rzc262750500vl.001.h5,2026-10-06T07:15:27Z
2026-10-02T04:55:00Z,cepina,0.00,0.000,16,0,0.02,0.0,0,ok,rzc262750455vl.001.h5,2026-10-06T07:15:27Z
2026-10-02T04:50:00Z,cepina,0.00,0.000,16,0,0.01,0.0,0,ok,rzc262750450vl.001.h5,2026-10-06T07:15:27Z
2026-10-02T04:45:00Z,cepina,0.00,0.000,16,0,0.00,0.0,0,ok,rzc262750445vl.001.h5,2026-10-06T07:15:27Z
2026-10-02T04:40:00Z,cepina,0.00,0.000,16,0,0.02,0.0,0,ok,rzc262750440vl.001.h5,2026-10-06T07:15:27Z
2026-10-02T04:35:00Z,cepina,0.00,0.000,16,0,0.10,0.0,0,ok,rzc262750435vl.001.h5,2026-10-06T07:15:27Z
2026-10-02T04:30:00Z,cepina,0.00,0.000,16,0,0.18,0.0,0,ok,rzc262750430vl.001.h5,2026-10-06T07:15:27Z
2026-10-02T04:25:00Z,cepina,0.00,0.000,16,0,0.16,0.0,0,ok,rzc262750425vl.001.h5,2026-10-06T07:15:27Z
2026-10-02T04:20:00Z,cepina,0.00,0.000,16,0,0.22,0.0,0,ok,rzc262750420vl.001.h5,2026-10-06T07:15:27Z
2026-10-02T04:15:00Z,cepina,0.00,0.000,16,0,0.15,0.0,0,ok,rzc262750415vl.001.h5,2026-10-06T07:15:27Z
2026-10-02T04:10:00Z,cepina,0.00,0.000,16,0,0.10,0.0,0,ok,rzc262750410vl.001.h5,2026-10-06T07:15:27Z
2026-10-02T04:05:00Z,cepina,0.00,0.000,16,0,0.10,0.0,0,ok,rzc262750405vl.001.h5,2026-10-06T07:15:27Z
2026-10-02T04:00:00Z,cepina,0.00,0.000,16,0,0.10,0.0,0,ok,rzc262750400vl.001.h5,2026-10-06T07:15:27Z
2026-10-02T03:55:00Z,cepina,0.00,0.000,16,0,0.10,0.0,0,ok,rzc262750355vl.001.h5,2026-10-06T07:15:27Z
2026-10-02T03:50:00Z,cepina,0.00,0.000,16,0,0.18,0.0,0,ok,rzc262750350vl.001.h5,2026-10-06T07:15:27Z
2026-10-02T03:45:00Z,cepina,0.00,0.000,16,0,0.30,0.0,0,ok,rzc262750345vl.001.h5,2026-10-06T07:15:27Z
2026-10-02T03:40:00Z,cepina,0.00,0.000,16,0,0.33,0.0,0,ok,rzc262750340vl.001.h5,2026-10-06T07:15:27Z
2026-10-02T03:35:00Z,cepina,0.00,0.000,16,0,0.32,0.0,0,ok,rzc262750335vl.001.h5,2026-10-06T07:15:27Z
2026-10-02T03:30:00Z,cepina,0.00,0.000,16,0,0.26,0.0,0,ok,rzc262750330vl.001.h5,2026-10-06T07:15:27Z
2026-10-02T03:25:00Z,cepina,0.00,0.000,16,0,0.20,0.0,0,ok,rzc262750325vl.001.h5,2026-10-06T07:15:27Z
2026-10-02T03:20:00Z,cepina,0.00,0.000,16,0,0.21,0.0,0,ok,rzc262750320vl.001.h5,2026-10-06T07:15:27Z
2026-10-02T03:15:00Z,cepina,0.00,0.000,16,0,0.29,0.0,0,ok,rzc262750315vl.001.h5,2026-10-06T07:15:27Z
2026-10-02T03:10:00Z,cepina,0.00,0.000,16,0,0.40,0.0,0,ok,rzc262750310vl.001.h5,2026-10-06T07:15:27Z
2026-10-02T03:05:00Z,cepina,0.00,0.000,16,0,0.47,0.0,0,ok,rzc262750305vl.001.h5,2026-10-06T07:15:27Z
2026-10-02T03:00:00Z,cepina,0.00,0.000,16,0,0.48,0.0,0,ok,rzc262750300vl.001.h5,2026-10-06T07:15:27Z
2026-10-02T02:55:00Z,cepina,0.00,0.000,16,0,0.27,0.0,0,ok,rzc262750255vl.001.h5,2026-10-06T07:15:27Z
2026-10-02T02:50:00Z,cepina,0.00,0.000,16,0,0.26,0.0,0,ok,rzc262750250vl.001.h5,2026-10-06T07:15:27Z
2026-10-02T02:45:00Z,cepina,0.00,0.000,16,0,0.09,0.0,0,ok,rzc262750245vl.001.h5,2026-10-06T07:15:27Z
2026-10-02T02:40:00Z,cepina,0.00,0.000,16,0,0.01,0.0,0,ok,rzc262750240vl.001.h5,2026-10-06T07:15:27Z
2026-10-02T02:35:00Z,cepina,0.00,0.000,16,0,0.02,0.0,0,ok,rzc262750235vl.001.h5,2026-10-06T07:15:27Z
2026-10-02T02:30:00Z,cepina,0.00,0.000,16,0,0.02,0.0,0,ok,rzc262750230vl.001.h5,2026-10-06T07:15:27Z
2026-10-02T02:25:00Z,cepina,0.00,0.000,16,0,0.01,0.0,0,ok,rzc262750225vl.001.h5,2026-10-06T07:15:27Z
2026-10-02T02:20:00Z,cepina,0.00,0.000,16,0,0.01,0.0,0,ok,rzc262750220vl.001.h5,2026-10-06T07:15:27Z
2026-10-02T02:15:00Z,cepina,0.00,0.000,16,0,0.00,0.0,0,ok,rzc262750215vl.001.h5,2026-10-06T07:15:27Z
2026-10-02T02:10:00Z,cepina,0.00,0.000,16,0,0.00,0.0,0,ok,rzc262750210vl.001.h5,2026-10-06T07:15:27Z
2026-10-02T02:05:00Z,cepina,0.00,0.000,16,0,0.00,0.0,0,ok,rzc262750205vl.001.h5,2026-10-06T07:15:27Z
2026-10-02T02:00:00Z,cepina,0.00,0.000,16,0,0.00,0.0,0,ok,rzc262750200vl.001.h5,2026-10-06T07:15:27Z
2026-10-02T01:55:00Z,cepina,0.00,0.000,16,0,0.00,0.0,0,ok,rzc262750155vl.001.h5,2026-10-06T07:15:27Z
2026-10-02T01:50:00Z,cepina,0.00,0.000,16,0,0.00,0.0,0,ok,rzc262750150vl.001.h5,2026-10-06T07:15:27Z
2026-10-02T01:45:00Z,cepina,0.00,0.000,16,0,0.00,0.0,0,ok,rzc262750145vl.001.h5,2026-10-06T07:15:27Z
2026-10-02T01:40:00Z,cepina,0.00,0.000,16,0,0.00,0.0,0,ok,rzc262750140vl.001.h5,2026-10-06T07:15:27Z
2026-10-02T01:35:00Z,cepina,0.00,0.000,16,0,0.00,0.0,0,ok,rzc262750135vl.001.h5,2026-10-06T07:15:27Z
2026-10-02T01:30:00Z,cepina,0.00,0.000,16,0,0.00,0.0,0,ok,rzc262750130vl.001.h5,2026-10-06T07:15:27Z
2026-10-02T01:25:00Z,cepina,0.00,0.000,16,0,0.00,0.0,0,ok,rzc262750125vl.001.h5,2026-10-06T07:15:27Z
2026-10-02T01:20:00Z,cepina,0.00,0.000,16,0,0.00,0.0,0,ok,rzc262750120vl.001.h5,2026-10-06T07:15:27Z
2026-10-02T01:15:00Z,cepina,0.00,0.000,16,0,0.00,0.0,0,ok,rzc262750115vl.001.h5,2026-10-06T07:15:27Z
2026-10-02T01:10:00Z,cepina,0.00,0.000,16,0,0.00,0.0,0,ok,rzc262750110vl.001.h5,2026-10-06T07:15:27Z
2026-10-02T01:05:00Z,cepina,0.00,0.000,16,0,0.00,0.0,0,ok,rzc262750105vl.001.h5,2026-10-06T07:15:27Z
2026-10-02T01:00:00Z,cepina,0.00,0.000,16,0,0.00,0.0,0,ok,rzc262750100vl.001.h5,2026-10-06T07:15:27Z
2026-10-02T00:55:00Z,cepina,0.00,0.000,16,0,0.00,0.0,0,ok,rzc262750055vl.001.h5,2026-10-06T07:15:27Z
2026-10-02T00:50:00Z,cepina,0.00,0.000,16,0,0.00,0.0,0,ok,rzc262750050vl.001.h5,2026-10-06T07:15:27Z
2026-10-02T00:45:00Z,cepina,0.00,0.000,16,0,0.00,0.0,0,ok,rzc262750045vl.001.h5,2026-10-06T07:15:27Z
2026-10-02T00:40:00Z,cepina,0.00,0.000,16,0,0.00,0.0,0,ok,rzc262750040vl.001.h5,2026-10-06T07:15:27Z
2026-10-02T00:35:00Z,cepina,0.00,0.000,16,0,0.00,0.0,0,ok,rzc262750035vl.001.h5,2026-10-06T07:15:27Z
2026-10-02T00:30:00Z,cepina,0.00,0.000,16,0,0.00,0.0,0,ok,rzc262750030vl.001.h5,2026-10-06T07:15:27Z
2026-10-02T00:25:00Z,cepina,0.00,0.000,16,0,0.00,0.0,0,ok,rzc262750025vl.001.h5,2026-10-06T07:15:27Z
2026-10-02T00:20:00Z,cepina,0.00,0.000,16,0,0.00,0.0,0,ok,rzc262750020vl.001.h5,2026-10-06T07:15:27Z
2026-10-02T00:15:00Z,cepina,0.00,0.000,16,0,0.00,0.0,0,ok,rzc262750015vl.001.h5,2026-10-06T07:15:27Z
2026-10-02T00:10:00Z,cepina,0.00,0.000,16,0,0.00,0.0,0,ok,rzc262750010vl.001.h5,2026-10-06T07:15:27Z
2026-10-02T00:05:00Z,cepina,0.00,0.000,16,0,0.00,0.0,0,ok,rzc262750005vl.001.h5,2026-10-06T07:15:27Z
2026-10-02T00:00:00Z,cepina,0.00,0.000,16,0,0.00,0.0,0,ok,rzc262750000vl.001.h5,2026-10-06T07:15:27Z
2026-10-01T23:55:00Z,cepina,0.00,0.000,16,0,0.00,0.0,0,ok,rzc262742355vl.001.h5,2026-10-06T07:15:27Z
2026-10-01T23:50:00Z,cepina,0.00,0.000,16,0,0.00,0.0,0,ok,rzc262742350vl.001.h5,2026-10-06T07:15:27Z
2026-10-01T23:45:00Z,cepina,0.00,0.000,16,0,0.00,0.0,0,ok,rzc262742345vl.001.h5,2026-10-06T07:15:27Z
2026-10-01T23:40:00Z,cepina,0.00,0.000,16,0,0.00,0.0,0,ok,rzc262742340vl.001.h5,2026-10-06T07:15:27Z
2026-10-01T23:35:00Z,cepina,0.00,0.000,16,0,0.00,0.0,0,ok,rzc262742335vl.001.h5,2026-10-06T07:15:27Z
2026-10-01T23:30:00Z,cepina,0.00,0.000,16,0,0.01,0.0,0,ok,rzc262742330vl.001.h5,2026-10-06T07:15:27Z
2026-10-01T23:25:00Z,cepina,0.00,0.000,16,0,0.00,0.0,0,ok,rzc262742325vl.001.h5,2026-10-06T07:15:27Z
2026-10-01T23:20:00Z,cepina,0.00,0.000,16,0,0.01,0.0,0,ok,rzc262742320vl.001.h5,2026-10-06T07:15:27Z
2026-10-01T23:15:00Z,cepina,0.00,0.000,16,0,0.00,0.0,0,ok,rzc262742315vl.001.h5,2026-10-06T07:15:27Z
2026-10-01T23:10:00Z,cepina,0.00,0.000,16,0,0.00,0.0,0,ok,rzc262742310vl.001.h5,2026-10-06T07:15:27Z
2026-10-01T23:05:00Z,cepina,0.00,0.000,16,0,0.00,0.0,0,ok,rzc262742305vl.001.h5,2026-10-06T07:15:27Z
2026-10-01T23:00:00Z,cepina,0.00,0.000,16,0,0.00,0.0,0,ok,rzc262742300vl.001.h5,2026-10-06T07:15:27Z
2026-10-01T22:55:00Z,cepina,0.00,0.000,16,0,0.00,0.0,0,ok,rzc262742255vl.001.h5,2026-10-06T07:15:27Z
2026-10-01T22:50:00Z,cepina,0.00,0.000,16,0,0.00,0.0,0,ok,rzc262742250vl.001.h5,2026-10-06T07:15:27Z
2026-10-01T22:45:00Z,cepina,0.00,0.000,16,0,0.00,0.0,0,ok,rzc262742245vl.001.h5,2026-10-06T07:15:27Z
2026-10-01T22:40:00Z,cepina,0.00,0.000,16,0,0.00,0.0,0,ok,rzc262742240vl.001.h5,2026-10-06T07:15:27Z
2026-10-01T22:35:00Z,cepina,0.00,0.000,16,0,0.00,0.0,0,ok,rzc262742235vl.001.h5,2026-10-06T07:15:27Z
2026-10-01T22:30:00Z,cepina,0.00,0.000,16,0,0.00,0.0,0,ok,rzc262742230vl.001.h5,2026-10-06T07:15:27Z
2026-10-01T22:25:00Z,cepina,0.00,0.000,16,0,0.00,0.0,0,ok,rzc262742225vl.001.h5,2026-10-06T07:15:27Z
2026-10-01T22:20:00Z,cepina,0.00,0.000,16,0,0.00,0.0,0,ok,rzc262742220vl.001.h5,2026-10-06T07:15:27Z
2026-10-01T22:15:00Z,cepina,0.00,0.000,16,0,0.00,0.0,0,ok,rzc262742215vl.001.h5,2026-10-06T07:15:27Z
2026-10-01T22:10:00Z,cepina,0.00,0.000,16,0,0.00,0.0,0,ok,rzc262742210vl.001.h5,2026-10-06T07:15:27Z
2026-10-01T22:05:00Z,cepina,0.00,0.000,16,0,0.00,0.0,0,ok,rzc262742205vl.001.h5,2026-10-06T07:15:27Z
2026-10-01T22:00:00Z,cepina,0.00,0.000,16,0,0.00,0.0,0,ok,rzc262742200vl.001.h5,2026-10-06T07:15:27Z
2026-10-01T21:55:00Z,cepina,0.00,0.000,16,0,0.00,0.0,0,ok,rzc262742155vl.001.h5,2026-10-06T07:15:27Z
2026-10-01T21:50:00Z,cepina,0.00,0.000,16,0,0.00,0.0,0,ok,rzc262742150vl.001.h5,2026-10-06T07:15:27Z
2026-10-01T21:45:00Z,cepina,0.00,0.000,16,0,0.00,0.0,0,ok,rzc262742145vl.001.h5,2026-10-06T07:15:27Z
2026-10-01T21:40:00Z,cepina,0.00,0.000,16,0,0.00,0.0,0,ok,rzc262742140vl.001.h5,2026-10-06T07:15:27Z
2026-10-01T21:35:00Z,cepina,0.00,0.000,16,0,0.01,0.0,0,ok,rzc262742135vl.001.h5,2026-10-06T07:15:27Z
2026-10-01T21:30:00Z,cepina,0.00,0.000,16,0,0.00,0.0,0,ok,rzc262742130vl.001.h5,2026-10-06T07:15:27Z
2026-10-01T21:25:00Z,cepina,0.00,0.000,16,0,0.00,0.0,0,ok,rzc262742125vl.001.h5,2026-10-06T07:15:27Z
2026-10-01T21:20:00Z,cepina,0.00,0.000,16,0,0.00,0.0,0,ok,rzc262742120vl.001.h5,2026-10-06T07:15:27Z
2026-10-01T21:15:00Z,cepina,0.00,0.000,16,0,0.00,0.0,0,ok,rzc262742115vl.001.h5,2026-10-06T07:15:27Z
2026-10-01T21:10:00Z,cepina,0.00,0.000,16,0,0.00,0.0,0,ok,rzc262742110vl.001.h5,2026-10-06T07:15:27Z
2026-10-01T21:05:00Z,cepina,0.00,0.000,16,0,0.00,0.0,0,ok,rzc262742105vl.001.h5,2026-10-06T07:15:27Z
2026-10-01T21:00:00Z,cepina,0.00,0.000,16,0,0.00,0.0,0,ok,rzc262742100vl.001.h5,2026-10-06T07:15:27Z
2026-10-01T20:55:00Z,cepina,0.00,0.000,16,0,0.00,0.0,0,ok,rzc262742055vl.001.h5,2026-10-06T07:15:27Z
2026-10-01T20:50:00Z,cepina,0.00,0.000,16,0,0.00,0.0,0,ok,rzc262742050vl.001.h5,2026-10-06T07:15:27Z
2026-10-01T20:45:00Z,cepina,0.00,0.000,16,0,0.00,0.0,0,ok,rzc262742045vl.001.h5,2026-10-06T07:15:27Z
2026-10-01T20:40:00Z,cepina,0.00,0.000,16,0,0.00,0.0,0,ok,rzc262742040vl.001.h5,2026-10-06T07:15:27Z
2026-10-01T20:35:00Z,cepina,0.00,0.000,16,0,0.00,0.0,0,ok,rzc262742035vl.001.h5,2026-10-06T07:15:27Z
2026-10-01T20:30:00Z,cepina,0.00,0.000,16,0,0.00,0.0,0,ok,rzc262742030vl.001.h5,2026-10-06T07:15:27Z
2026-10-01T20:25:00Z,cepina,0.00,0.000,16,0,0.00,0.0,0,ok,rzc262742025vl.001.h5,2026-10-06T07:15:27Z
2026-10-01T20:20:00Z,cepina,0.00,0.000,16,0,0.01,0.0,0,ok,rzc262742020vl.001.h5,2026-10-06T07:15:27Z
2026-10-01T20:15:00Z,cepina,0.00,0.000,16,0,0.00,0.0,0,ok,rzc262742015vl.001.h5,2026-10-06T07:15:27Z
2026-10-01T20:10:00Z,cepina,0.00,0.000,16,0,0.00,0.0,0,ok,rzc262742010vl.001.h5,2026-10-06T07:15:27Z
2026-10-01T20:05:00Z,cepina,0.00,0.000,16,0,0.01,0.0,0,ok,rzc262742005vl.001.h5,2026-10-06T07:15:27Z
2026-10-01T20:00:00Z,cepina,0.00,0.000,16,0,0.00,0.0,0,ok,rzc262742000vl.001.h5,2026-10-06T07:15:27Z
2026-10-01T19:55:00Z,cepina,0.00,0.000,16,0,0.00,0.0,0,ok,rzc262741955vl.001.h5,2026-10-06T07:15:27Z
2026-10-01T19:50:00Z,cepina,0.00,0.000,16,0,0.01,0.0,0,ok,rzc262741950vl.001.h5,2026-10-06T07:15:27Z
2026-10-01T19:45:00Z,cepina,0.00,0.000,16,0,0.00,0.0,0,ok,rzc262741945vl.001.h5,2026-10-06T07:15:27Z
2026-10-01T19:40:00Z,cepina,0.00,0.000,16,0,0.00,0.0,0,ok,rzc262741940vl.001.h5,2026-10-06T07:15:27Z
2026-10-01T19:35:00Z,cepina,0.00,0.000,16,0,0.00,0.0,0,ok,rzc262741935vl.001.h5,2026-10-06T07:15:27Z
2026-10-01T19:30:00Z,cepina,0.00,0.000,16,0,0.00,0.0,0,ok,rzc262741930vl.001.h5,2026-10-06T07:15:27Z
2026-10-01T19:25:00Z,cepina,0.00,0.000,16,0,0.00,0.0,0,ok,rzc262741925vl.001.h5,2026-10-06T07:15:27Z
2026-10-01T19:20:00Z,cepina,0.00,0.000,16,0,0.00,0.0,0,ok,rzc262741920vl.001.h5,2026-10-06T07:15:27Z
2026-10-01T19:15:00Z,cepina,0.00,0.000,16,0,0.00,0.0,0,ok,rzc262741915vl.001.h5,2026-10-06T07:15:27Z
2026-10-01T19:10:00Z,cepina,0.00,0.000,16,0,0.00,0.0,0,ok,rzc262741910vl.001.h5,2026-10-06T07:15:27Z
2026-10-01T19:05:00Z,cepina,0.00,0.000,16,0,0.00,0.0,0,ok,rzc262741905vl.001.h5,2026-10-06T07:15:27Z
2026-10-01T19:00:00Z,cepina,0.00,0.000,16,0,0.00,0.0,0,ok,rzc262741900vl.001.h5,2026-10-06T07:15:27Z
2026-10-01T18:55:00Z,cepina,0.00,0.000,16,0,0.00,0.0,0,ok,rzc262741855vl.001.h5,2026-10-06T07:15:27Z
2026-10-01T18:50:00Z,cepina,0.00,0.000,16,0,0.00,0.0,0,ok,rzc262741850vl.001.h5,2026-10-06T07:15:27Z
2026-10-01T18:45:00Z,cepina,0.00,0.000,16,0,0.00,0.0,0,ok,rzc262741845vl.001.h5,2026-10-06T07:15:27Z
2026-10-01T18:40:00Z,cepina,0.00,0.000,16,0,0.01,0.0,0,ok,rzc262741840vl.001.h5,2026-10-06T07:15:27Z
2026-10-01T18:35:00Z,cepina,0.00,0.000,16,0,0.02,0.0,0,ok,rzc262741835vl.001.h5,2026-10-06T07:15:27Z
2026-10-01T18:30:00Z,cepina,0.00,0.000,16,0,0.02,0.0,0,ok,rzc262741830vl.001.h5,2026-10-06T07:15:27Z
2026-10-01T18:25:00Z,cepina,0.00,0.000,16,0,0.03,0.0,0,ok,rzc262741825vl.001.h5,2026-10-06T07:15:27Z
2026-10-01T18:20:00Z,cepina,0.00,0.000,16,0,0.03,0.0,0,ok,rzc262741820vl.001.h5,2026-10-06T07:15:27Z
2026-10-01T18:15:00Z,cepina,0.00,0.000,16,0,0.03,0.0,0,ok,rzc262741815vl.001.h5,2026-10-06T07:15:27Z
2026-10-01T18:10:00Z,cepina,0.00,0.000,16,0,0.02,0.0,0,ok,rzc262741810vl.001.h5,2026-10-06T07:15:27Z
2026-10-01T18:05:00Z,cepina,0.00,0.000,16,0,0.02,0.0,0,ok,rzc262741805vl.001.h5,2026-10-06T07:15:27Z
2026-10-01T18:00:00Z,cepina,0.00,0.000,16,0,0.02,0.0,0,ok,rzc262741800vl.001.h5,2026-10-06T07:15:27Z
2026-10-01T17:55:00Z,cepina,0.00,0.000,16,0,0.02,0.0,0,ok,rzc262741755vl.001.h5,2026-10-06T07:15:27Z
2026-10-01T17:50:00Z,cepina,0.00,0.000,16,0,0.00,0.0,0,ok,rzc262741750vl.001.h5,2026-10-06T07:15:27Z
2026-10-01T17:45:00Z,cepina,0.00,0.000,16,0,0.00,0.0,0,ok,rzc262741745vl.001.h5,2026-10-06T07:15:27Z
2026-10-01T17:40:00Z,cepina,0.00,0.000,16,0,0.00,0.0,0,ok,rzc262741740vl.001.h5,2026-10-06T07:15:27Z
2026-10-01T17:35:00Z,cepina,0.00,0.000,16,0,0.00,0.0,0,ok,rzc262741735vl.001.h5,2026-10-06T07:15:27Z
2026-10-01T17:30:00Z,cepina,0.00,0.000,16,0,0.00,0.0,0,ok,rzc262741730vl.001.h5,2026-10-06T07:15:27Z
2026-10-01T17:25:00Z,cepina,0.00,0.000,16,0,0.02,0.0,0,ok,rzc262741725vl.001.h5,2026-10-06T07:15:27Z
2026-10-01T17:20:00Z,cepina,0.00,0.000,16,0,0.03,0.0,0,ok,rzc262741720vl.001.h5,2026-10-06T07:15:27Z
2026-10-01T17:15:00Z,cepina,0.00,0.000,16,0,0.02,0.0,0,ok,rzc262741715vl.001.h5,2026-10-06T07:15:27Z
2026-10-01T17:10:00Z,cepina,0.00,0.000,16,0,0.01,0.0,0,ok,rzc262741710vl.001.h5,2026-10-06T07:15:27Z
2026-10-01T17:05:00Z,cepina,0.00,0.000,16,0,0.01,0.0,0,ok,rzc262741705vl.001.h5,2026-10-06T07:15:27Z
2026-10-01T17:00:00Z,cepina,0.00,0.000,16,0,0.01,0.0,0,ok,rzc262741700vl.001.h5,2026-10-06T07:15:27Z
2026-10-01T16:55:00Z,cepina,0.00,0.000,16,0,0.01,0.0,0,ok,rzc262741655vl.001.h5,2026-10-06T07:15:27Z
2026-10-01T16:50:00Z,cepina,0.00,0.000,16,0,0.02,0.0,0,ok,rzc262741650vl.001.h5,2026-10-06T07:15:27Z
2026-10-01T16:45:00Z,cepina,0.00,0.000,16,0,0.02,0.0,0,ok,rzc262741645vl.001.h5,2026-10-06T07:15:27Z
2026-10-01T16:40:00Z,cepina,0.00,0.000,16,0,0.02,0.0,0,ok,rzc262741640vl.001.h5,2026-10-06T07:15:27Z
2026-10-01T16:35:00Z,cepina,0.00,0.000,16,0,0.03,0.0,0,ok,rzc262741635vl.001.h5,2026-10-06T07:15:27Z
2026-10-01T16:30:00Z,cepina,0.00,0.000,16,0,0.03,0.0,0,ok,rzc262741630vl.001.h5,2026-10-06T07:15:27Z
2026-10-01T16:25:00Z,cepina,0.00,0.000,16,0,0.03,0.0,0,ok,rzc262741625vl.001.h5,2026-10-06T07:15:27Z
2026-10-01T16:20:00Z,cepina,0.00,0.000,16,0,0.03,0.0,0,ok,rzc262741620vl.001.h5,2026-10-06T07:15:27Z
2026-10-01T16:15:00Z,cepina,0.00,0.000,16,0,0.03,0.0,0,ok,rzc262741615vl.001.h5,2026-10-06T07:15:27Z
2026-10-01T16:10:00Z,cepina,0.00,0.000,16,0,0.03,0.0,0,ok,rzc262741610vl.001.h5,2026-10-06T07:15:27Z
2026-10-01T16:05:00Z,cepina,0.00,0.000,16,0,0.01,0.0,0,ok,rzc262741605vl.001.h5,2026-10-06T07:15:27Z
2026-10-01T16:00:00Z,cepina,0.00,0.000,16,0,0.02,0.0,0,ok,rzc262741600vl.001.h5,2026-10-06T07:15:27Z
2026-10-01T15:55:00Z,cepina,0.00,0.000,16,0,0.00,0.0,0,ok,rzc262741555vl.001.h5,2026-10-06T07:15:27Z
2026-10-01T15:50:00Z,cepina,0.01,0.001,16,0,0.02,0.0,0,ok,rzc262741550vl.001.h5,2026-10-06T07:15:27Z
2026-10-01T15:45:00Z,cepina,0.01,0.001,16,0,0.02,0.0,0,ok,rzc262741545vl.001.h5,2026-10-06T07:15:27Z
2026-10-01T15:40:00Z,cepina,0.01,0.001,16,0,0.02,0.0,0,ok,rzc262741540vl.001.h5,2026-10-06T07:15:27Z
2026-10-01T15:35:00Z,cepina,0.01,0.001,16,0,0.02,0.0,0,ok,rzc262741535vl.001.h5,2026-10-06T07:15:27Z
2026-10-01T15:30:00Z,cepina,0.01,0.001,16,0,0.02,0.0,0,ok,rzc262741530vl.001.h5,2026-10-06T07:15:27Z
2026-10-01T15:25:00Z,cepina,0.00,0.000,16,0,0.01,0.0,0,ok,rzc262741525vl.001.h5,2026-10-06T07:15:27Z
2026-10-01T15:20:00Z,cepina,0.00,0.000,16,0,0.01,0.0,0,ok,rzc262741520vl.001.h5,2026-10-06T07:15:27Z
2026-10-01T15:15:00Z,cepina,0.00,0.000,16,0,0.00,0.0,0,ok,rzc262741515vl.001.h5,2026-10-06T07:15:27Z
2026-10-01T15:10:00Z,cepina,0.00,0.000,16,0,0.01,0.0,0,ok,rzc262741510vl.001.h5,2026-10-06T07:15:27Z
2026-10-01T15:05:00Z,cepina,0.00,0.000,16,0,0.00,0.0,0,ok,rzc262741505vl.001.h5,2026-10-06T07:15:27Z
2026-10-01T15:00:00Z,cepina,0.00,0.000,16,0,0.00,0.0,0,ok,rzc262741500vl.001.h5,2026-10-06T07:15:27Z
2026-10-01T14:55:00Z,cepina,0.00,0.000,16,0,0.00,0.0,0,ok,rzc262741455vl.001.h5,2026-10-06T07:15:27Z
2026-10-01T14:50:00Z,cepina,0.00,0.000,16,0,0.00,0.0,0,ok,rzc262741450vl.001.h5,2026-10-06T07:15:27Z
2026-10-01T14:45:00Z,cepina,0.00,0.000,16,0,0.00,0.0,0,ok,rzc262741445vl.001.h5,2026-10-06T07:15:27Z
2026-10-01T14:40:00Z,cepina,0.00,0.000,16,0,0.00,0.0,0,ok,rzc262741440vl.001.h5,2026-10-06T07:15:27Z
2026-10-01T14:35:00Z,cepina,0.00,0.000,16,0,0.00,0.0,0,ok,rzc262741435vl.001.h5,2026-10-06T07:15:27Z
2026-10-01T14:30:00Z,cepina,0.00,0.000,16,0,0.00,0.0,0,ok,rzc262741430vl.001.h5,2026-10-06T07:15:27Z
2026-10-01T14:25:00Z,cepina,0.00,0.000,16,0,0.00,0.0,0,ok,rzc262741425vl.001.h5,2026-10-06T07:15:27Z
2026-10-01T14:20:00Z,cepina,0.00,0.000,16,0,0.00,0.0,0,ok,rzc262741420vl.001.h5,2026-10-06T07:15:27Z
2026-10-01T14:15:00Z,cepina,0.00,0.000,16,0,0.00,0.0,0,ok,rzc262741415vl.001.h5,2026-10-06T07:15:27Z
2026-10-01T14:10:00Z,cepina,0.00,0.000,16,0,0.00,0.0,0,ok,rzc262741410vl.001.h5,2026-10-06T07:15:27Z
2026-10-01T14:05:00Z,cepina,0.00,0.000,16,0,0.00,0.0,0,ok,rzc262741405vl.001.h5,2026-10-06T07:15:27Z
2026-10-01T14:00:00Z,cepina,0.00,0.000,16,0,0.00,0.0,0,ok,rzc262741400vl.001.h5,2026-10-06T07:15:27Z
2026-10-01T13:55:00Z,cepina,0.00,0.000,16,0,0.00,0.0,0,ok,rzc262741355vl.001.h5,2026-10-06T07:15:27Z
2026-10-01T13:50:00Z,cepina,0.00,0.000,16,0,0.00,0.0,0,ok,rzc262741350vl.001.h5,2026-10-06T07:15:27Z
2026-10-01T13:45:00Z,cepina,0.00,0.000,16,0,0.00,0.0,0,ok,rzc262741345vl.001.h5,2026-10-06T07:15:27Z
2026-10-01T13:40:00Z,cepina,0.00,0.000,16,0,0.00,0.0,0,ok,rzc262741340vl.001.h5,2026-10-06T07:15:27Z
2026-10-01T13:35:00Z,cepina,0.00,0.000,16,0,0.00,0.0,0,ok,rzc262741335vl.001.h5,2026-10-06T07:15:27Z
2026-10-01T13:30:00Z,cepina,0.00,0.000,16,0,0.00,0.0,0,ok,rzc262741330vl.001.h5,2026-10-06T07:15:27Z
2026-10-01T13:25:00Z,cepina,0.00,0.000,16,0,0.00,0.0,0,ok,rzc262741325vl.001.h5,2026-10-06T07:15:27Z
2026-10-01T13:20:00Z,cepina,0.00,0.000,16,0,0.00,0.0,0,ok,rzc262741320vl.001.h5,2026-10-06T07:15:27Z
2026-10-01T13:15:00Z,cepina,0.00,0.000,16,0,0.00,0.0,0,ok,rzc262741315vl.001.h5,2026-10-06T07:15:27Z
2026-10-01T13:10:00Z,cepina,0.00,0.000,16,0,0.01,0.0,0,ok,rzc262741310vl.001.h5,2026-10-06T07:15:27Z
2026-10-01T13:05:00Z,cepina,0.00,0.000,16,0,0.00,0.0,0,ok,rzc262741305vl.001.h5,2026-10-06T07:15:27Z
2026-10-01T13:00:00Z,cepina,0.00,0.000,16,0,0.00,0.0,0,ok,rzc262741300vl.001.h5,2026-10-06T07:15:27Z
2026-10-01T12:55:00Z,cepina,0.00,0.000,16,0,0.00,0.0,0,ok,rzc262741255vl.001.h5,2026-10-06T07:15:27Z
2026-10-01T12:50:00Z,cepina,0.00,0.000,16,0,0.00,0.0,0,ok,rzc262741250vl.001.h5,2026-10-06T07:15:27Z
2026-10-01T12:45:00Z,cepina,0.00,0.000,16,0,0.01,0.0,0,ok,rzc262741245vl.001.h5,2026-10-06T07:15:27Z
2026-10-01T12:40:00Z,cepina,0.00,0.000,16,0,0.01,0.0,0,ok,rzc262741240vl.001.h5,2026-10-06T07:15:27Z
2026-10-01T12:35:00Z,cepina,0.00,0.000,16,0,0.00,0.0,0,ok,rzc262741235vl.001.h5,2026-10-06T07:15:27Z
2026-10-01T12:30:00Z,cepina,0.00,0.000,16,0,0.00,0.0,0,ok,rzc262741230vl.001.h5,2026-10-06T07:15:27Z
2026-10-01T12:25:00Z,cepina,0.00,0.000,16,0,0.00,0.0,0,ok,rzc262741225vl.001.h5,2026-10-06T07:15:27Z
2026-10-01T12:20:00Z,cepina,0.00,0.000,16,0,0.00,0.0,0,ok,rzc262741220vl.001.h5,2026-10-06T07:15:27Z
2026-10-01T12:15:00Z,cepina,0.00,0.000,16,0,0.00,0.0,0,ok,rzc262741215vl.001.h5,2026-10-06T07:15:27Z
2026-10-01T12:10:00Z,cepina,0.00,0.000,16,0,0.00,0.0,0,ok,rzc262741210vl.001.h5,2026-10-06T07:15:27Z
2026-10-01T12:05:00Z,cepina,0.00,0.000,16,0,0.00,0.0,0,ok,rzc262741205vl.001.h5,2026-10-06T07:15:27Z
2026-10-01T12:00:00Z,cepina,0.00,0.000,16,0,0.00,0.0,0,ok,rzc262741200vl.001.h5,2026-10-06T07:15:27Z
2026-10-01T11:55:00Z,cepina,0.00,0.000,16,0,0.00,0.0,0,ok,rzc262741155vl.001.h5,2026-10-06T07:15:27Z
2026-10-01T11:50:00Z,cepina,0.00,0.000,16,0,0.00,0.0,0,ok,rzc262741150vl.001.h5,2026-10-06T07:15:27Z
2026-10-01T11:45:00Z,cepina,0.00,0.000,16,0,0.00,0.0,0,ok,rzc262741145vl.001.h5,2026-10-06T07:15:27Z
2026-10-01T11:40:00Z,cepina,0.00,0.000,16,0,0.00,0.0,0,ok,rzc262741140vl.001.h5,2026-10-06T07:15:27Z
2026-10-01T11:35:00Z,cepina,0.00,0.000,16,0,0.00,0.0,0,ok,rzc262741135vl.001.h5,2026-10-06T07:15:27Z
2026-10-01T11:30:00Z,cepina,0.00,0.000,16,0,0.00,0.0,0,ok,rzc262741130vl.001.h5,2026-10-06T07:15:27Z
2026-10-01T11:25:00Z,cepina,0.00,0.000,16,0,0.00,0.0,0,ok,rzc262741125vl.001.h5,2026-10-06T07:15:27Z
2026-10-01T11:20:00Z,cepina,0.00,0.000,16,0,0.00,0.0,0,ok,rzc262741120vl.001.h5,2026-10-06T07:15:27Z
2026-10-01T11:15:00Z,cepina,0.00,0.000,16,0,0.00,0.0,0,ok,rzc262741115vl.001.h5,2026-10-06T07:15:27Z
2026-10-01T11:10:00Z,cepina,0.00,0.000,16,0,0.00,0.0,0,ok,rzc262741110vl.001.h5,2026-10-06T07:15:27Z
2026-10-01T11:05:00Z,cepina,0.00,0.000,16,0,0.00,0.0,0,ok,rzc262741105vl.001.h5,2026-10-06T07:15:27Z
2026-10-01T11:00:00Z,cepina,0.00,0.000,16,0,0.00,0.0,0,ok,rzc262741100vl.001.h5,2026-10-06T07:15:27Z
2026-10-01T10:55:00Z,cepina,0.00,0.000,16,0,0.00,0.0,0,ok,rzc262741055vl.001.h5,2026-10-06T07:15:27Z
2026-10-01T10:50:00Z,cepina,0.00,0.000,16,0,0.00,0.0,0,ok,rzc262741050vl.001.h5,2026-10-06T07:15:27Z
2026-10-01T10:45:00Z,cepina,0.00,0.000,16,0,0.00,0.0,0,ok,rzc262741045vl.001.h5,2026-10-06T07:15:27Z
2026-10-01T10:40:00Z,cepina,0.00,0.000,16,0,0.00,0.0,0,ok,rzc262741040vl.001.h5,2026-10-06T07:15:27Z
2026-10-01T10:35:00Z,cepina,0.00,0.000,16,0,0.00,0.0,0,ok,rzc262741035vl.001.h5,2026-10-06T07:15:27Z
2026-10-01T10:30:00Z,cepina,0.00,0.000,16,0,0.00,0.0,0,ok,rzc262741030vl.001.h5,2026-10-06T07:15:27Z
2026-10-01T10:25:00Z,cepina,0.00,0.000,16,0,0.00,0.0,0,ok,rzc262741025vl.001.h5,2026-10-06T07:15:27Z
2026-10-01T10:20:00Z,cepina,0.00,0.000,16,0,0.00,0.0,0,ok,rzc262741020vl.001.h5,2026-10-06T07:15:27Z
2026-10-01T10:15:00Z,cepina,0.00,0.000,16,0,0.00,0.0,0,ok,rzc262741015vl.001.h5,2026-10-06T07:15:27Z
2026-10-01T10:10:00Z,cepina,0.00,0.000,16,0,0.00,0.0,0,ok,rzc262741010vl.001.h5,2026-10-06T07:15:27Z
2026-10-01T10:05:00Z,cepina,0.00,0.000,16,0,0.00,0.0,0,ok,rzc262741005vl.001.h5,2026-10-06T07:15:27Z
2026-10-01T10:00:00Z,cepina,0.00,0.000,16,0,0.00,0.0,0,ok,rzc262741000vl.001.h5,2026-10-06T07:15:27Z
2026-10-01T09:55:00Z,cepina,0.00,0.000,16,0,0.00,0.0,0,ok,rzc262740955vl.001.h5,2026-10-06T07:15:27Z
2026-10-01T09:50:00Z,cepina,0.00,0.000,16,0,0.00,0.0,0,ok,rzc262740950vl.001.h5,2026-10-06T07:15:27Z
2026-10-01T09:45:00Z,cepina,0.00,0.000,16,0,0.00,0.0,0,ok,rzc262740945vl.001.h5,2026-10-06T07:15:27Z
2026-10-01T09:40:00Z,cepina,0.00,0.000,16,0,0.00,0.0,0,ok,rzc262740940vl.001.h5,2026-10-06T07:15:27Z
2026-10-01T09:35:00Z,cepina,0.00,0.000,16,0,0.00,0.0,0,ok,rzc262740935vl.001.h5,2026-10-06T07:15:27Z
2026-10-01T09:30:00Z,cepina,0.00,0.000,16,0,0.00,0.0,0,ok,rzc262740930vl.001.h5,2026-10-06T07:15:27Z
2026-10-01T09:25:00Z,cepina,0.00,0.000,16,0,0.00,0.0,0,ok,rzc262740925vl.001.h5,2026-10-06T07:15:27Z
2026-10-01T09:20:00Z,cepina,0.00,0.000,16,0,0.00,0.0,0,ok,rzc262740920vl.001.h5,2026-10-06T07:15:27Z
2026-10-01T09:15:00Z,cepina,0.00,0.000,16,0,0.00,0.0,0,ok,rzc262740915vl.001.h5,2026-10-06T07:15:27Z
2026-10-01T09:10:00Z,cepina,0.00,0.000,16,0,0.00,0.0,0,ok,rzc262740910vl.001.h5,2026-10-06T07:15:27Z
2026-10-01T09:05:00Z,cepina,0.00,0.000,16,0,0.00,0.0,0,ok,rzc262740905vl.001.h5,2026-10-06T07:15:27Z
2026-10-01T09:00:00Z,cepina,0.00,0.000,16,0,0.00,0.0,0,ok,rzc262740900vl.001.h5,2026-10-06T07:15:27Z
2026-10-01T08:55:00Z,cepina,0.00,0.000,16,0,0.00,0.0,0,ok,rzc262740855vl.001.h5,2026-10-06T07:15:27Z
2026-10-01T08:50:00Z,cepina,0.00,0.000,16,0,0.00,0.0,0,ok,rzc262740850vl.001.h5,2026-10-06T07:15:27Z
2026-10-01T08:45:00Z,cepina,0.00,0.000,16,0,0.00,0.0,0,ok,rzc262740845vl.001.h5,2026-10-06T07:15:27Z
2026-10-01T08:40:00Z,cepina,0.00,0.000,16,0,0.02,0.0,0,ok,rzc262740840vl.001.h5,2026-10-06T07:15:27Z
2026-10-01T08:35:00Z,cepina,0.00,0.000,16,0,0.00,0.0,0,ok,rzc262740835vl.001.h5,2026-10-06T07:15:27Z
2026-10-01T08:30:00Z,cepina,0.00,0.000,16,0,0.00,0.0,0,ok,rzc262740830vl.001.h5,2026-10-06T07:15:27Z
2026-10-01T08:25:00Z,cepina,0.00,0.000,16,0,0.00,0.0,0,ok,rzc262740825vl.001.h5,2026-10-06T07:15:27Z
2026-10-01T08:20:00Z,cepina,0.00,0.000,16,0,0.00,0.0,0,ok,rzc262740820vl.001.h5,2026-10-06T07:15:27Z
2026-10-01T08:15:00Z,cepina,0.00,0.000,16,0,0.00,0.0,0,ok,rzc262740815vl.001.h5,2026-10-06T07:15:27Z
2026-10-01T08:10:00Z,cepina,0.00,0.000,16,0,0.00,0.0,0,ok,rzc262740810vl.001.h5,2026-10-06T07:15:27Z
2026-10-01T08:05:00Z,cepina,0.00,0.000,16,0,0.00,0.0,0,ok,rzc262740805vl.001.h5,2026-10-06T07:15:27Z
2026-10-01T08:00:00Z,cepina,0.00,0.000,16,0,0.00,0.0,0,ok,rzc262740800vl.001.h5,2026-10-06T07:15:27Z
2026-10-01T07:55:00Z,cepina,0.00,0.000,16,0,0.00,0.0,0,ok,rzc262740755vl.001.h5,2026-10-06T07:15:27Z
2026-10-01T07:50:00Z,cepina,0.00,0.000,16,0,0.00,0.0,0,ok,rzc262740750vl.001.h5,2026-10-06T07:15:27Z
2026-10-01T07:45:00Z,cepina,0.00,0.000,16,0,0.00,0.0,0,ok,rzc262740745vl.001.h5,2026-10-06T07:15:27Z
2026-10-01T07:40:00Z,cepina,0.00,0.000,16,0,0.00,0.0,0,ok,rzc262740740vl.001.h5,2026-10-06T07:15:27Z
2026-10-01T07:35:00Z,cepina,0.00,0.000,16,0,0.00,0.0,0,ok,rzc262740735vl.001.h5,2026-10-06T07:15:27Z
2026-10-01T07:30:00Z,cepina,0.00,0.000,16,0,0.00,0.0,0,ok,rzc262740730rl.001.h5,2026-10-06T07:15:27Z
2026-10-01T07:25:00Z,cepina,0.00,0.000,16,0,0.00,0.0,0,ok,rzc262740725vl.001.h5,2026-10-06T07:15:27Z
2026-10-01T07:20:00Z,cepina,0.00,0.000,16,0,0.00,0.0,0,ok,rzc262740720vl.001.h5,2026-10-06T07:15:27Z
2026-10-01T07:15:00Z,cepina,0.00,0.000,16,0,0.00,0.0,0,ok,rzc262740715vl.001.h5,2026-10-06T07:15:27Z
2026-10-01T07:10:00Z,cepina,0.00,0.000,16,0,0.00,0.0,0,ok,rzc262740710vl.001.h5,2026-10-06T07:15:27Z
2026-10-01T07:05:00Z,cepina,0.00,0.000,16,0,0.00,0.0,0,ok,rzc262740705vl.001.h5,2026-10-06T07:15:27Z
2026-10-01T07:00:00Z,cepina,0.00,0.000,16,0,0.00,0.0,0,ok,rzc262740700vl.001.h5,2026-10-06T07:15:27Z
2026-10-01T06:55:00Z,cepina,0.00,0.000,16,0,0.00,0.0,0,ok,rzc262740655vl.001.h5,2026-10-06T07:15:27Z
2026-10-01T06:50:00Z,cepina,0.00,0.000,16,0,0.00,0.0,0,ok,rzc262740650vl.001.h5,2026-10-06T07:15:27Z
2026-10-01T06:45:00Z,cepina,0.00,0.000,16,0,0.00,0.0,0,ok,rzc262740645vl.001.h5,2026-10-06T07:15:27Z
2026-10-01T06:40:00Z,cepina,0.00,0.000,16,0,0.00,0.0,0,ok,rzc262740640vl.001.h5,2026-10-06T07:15:27Z
2026-10-01T06:35:00Z,cepina,0.00,0.000,16,0,0.00,0.0,0,ok,rzc262740635vl.001.h5,2026-10-06T07:15:27Z
2026-10-01T06:30:00Z,cepina,0.00,0.000,16,0,0.00,0.0,0,ok,rzc262740630vl.001.h5,2026-10-06T07:15:27Z
2026-10-01T06:25:00Z,cepina,0.00,0.000,16,0,0.00,0.0,0,ok,rzc262740625vl.001.h5,2026-10-06T07:15:27Z
2026-10-01T06:20:00Z,cepina,0.00,0.000,16,0,0.00,0.0,0,ok,rzc262740620vl.001.h5,2026-10-06T07:15:27Z
2026-10-01T06:15:00Z,cepina,0.00,0.000,16,0,0.00,0.0,0,ok,rzc262740615vl.001.h5,2026-10-06T07:15:27Z
2026-10-01T06:10:00Z,cepina,0.00,0.000,16,0,0.00,0.0,0,ok,rzc262740610vl.001.h5,2026-10-06T07:15:27Z
2026-10-01T06:05:00Z,cepina,0.00,0.000,16,0,0.00,0.0,0,ok,rzc262740605vl.001.h5,2026-10-06T07:15:27Z
2026-10-01T06:00:00Z,cepina,0.00,0.000,16,0,0.00,0.0,0,ok,rzc262740600vl.001.h5,2026-10-06T07:15:27Z
2026-10-01T05:55:00Z,cepina,0.00,0.000,16,0,0.00,0.0,0,ok,rzc262740555vl.001.h5,2026-10-06T07:15:27Z
2026-10-01T05:50:00Z,cepina,0.00,0.000,16,0,0.00,0.0,0,ok,rzc262740550vl.001.h5,2026-10-06T07:15:27Z
2026-10-01T05:45:00Z,cepina,0.00,0.000,16,0,0.00,0.0,0,ok,rzc262740545vl.001.h5,2026-10-06T07:15:27Z
2026-10-01T05:40:00Z,cepina,0.00,0.000,16,0,0.00,0.0,0,ok,rzc262740540vl.001.h5,2026-10-06T07:15:27Z
2026-10-01T05:35:00Z,cepina,0.00,0.000,16,0,0.00,0.0,0,ok,rzc262740535vl.001.h5,2026-10-06T07:15:27Z
2026-10-01T05:30:00Z,cepina,0.00,0.000,16,0,0.01,0.0,0,ok,rzc262740530vl.001.h5,2026-10-06T07:15:27Z
2026-10-01T05:25:00Z,cepina,0.00,0.000,16,0,0.00,0.0,0,ok,rzc262740525vl.001.h5,2026-10-06T07:15:27Z
2026-10-01T05:20:00Z,cepina,0.00,0.000,16,0,0.00,0.0,0,ok,rzc262740520vl.001.h5,2026-10-06T07:15:27Z
2026-10-01T05:15:00Z,cepina,0.00,0.000,16,0,0.00,0.0,0,ok,rzc262740515vl.001.h5,2026-10-06T07:15:27Z
2026-10-01T05:10:00Z,cepina,0.00,0.000,16,0,0.00,0.0,0,ok,rzc262740510vl.001.h5,2026-10-06T07:15:27Z
2026-10-01T05:05:00Z,cepina,0.00,0.000,16,0,0.00,0.0,0,ok,rzc262740505vl.001.h5,2026-10-06T07:15:27Z
2026-10-01T05:00:00Z,cepina,0.00,0.000,16,0,0.00,0.0,0,ok,rzc262740500vl.001.h5,2026-10-06T07:15:27Z
2026-10-01T04:55:00Z,cepina,0.00,0.000,16,0,0.00,0.0,0,ok,rzc262740455vl.001.h5,2026-10-06T07:15:27Z
2026-10-01T04:50:00Z,cepina,0.00,0.000,16,0,0.01,0.0,0,ok,rzc262740450vl.001.h5,2026-10-06T07:15:27Z
2026-10-01T04:45:00Z,cepina,0.00,0.000,16,0,0.00,0.0,0,ok,rzc262740445vl.001.h5,2026-10-06T07:15:27Z
2026-10-01T04:40:00Z,cepina,0.00,0.000,16,0,0.00,0.0,0,ok,rzc262740440vl.001.h5,2026-10-06T07:15:27Z
2026-10-01T04:35:00Z,cepina,0.00,0.000,16,0,0.00,0.0,0,ok,rzc262740435vl.001.h5,2026-10-06T07:15:27Z
2026-10-01T04:30:00Z,cepina,0.00,0.000,16,0,0.00,0.0,0,ok,rzc262740430vl.001.h5,2026-10-06T07:15:27Z
2026-10-01T04:25:00Z,cepina,0.00,0.000,16,0,0.01,0.0,0,ok,rzc262740425vl.001.h5,2026-10-06T07:15:27Z
2026-10-01T04:20:00Z,cepina,0.00,0.000,16,0,0.00,0.0,0,ok,rzc262740420vl.001.h5,2026-10-06T07:15:27Z
2026-10-01T04:15:00Z,cepina,0.00,0.000,16,0,0.00,0.0,0,ok,rzc262740415vl.001.h5,2026-10-06T07:15:27Z
2026-10-01T04:10:00Z,cepina,0.00,0.000,16,0,0.00,0.0,0,ok,rzc262740410vl.001.h5,2026-10-06T07:15:27Z
2026-10-01T04:05:00Z,cepina,0.00,0.000,16,0,0.00,0.0,0,ok,rzc262740405vl.001.h5,2026-10-06T07:15:27Z
2026-10-01T04:00:00Z,cepina,0.00,0.000,16,0,0.00,0.0,0,ok,rzc262740400vl.001.h5,2026-10-06T07:15:27Z
2026-10-01T03:55:00Z,cepina,0.00,0.000,16,0,0.01,0.0,0,ok,rzc262740355vl.001.h5,2026-10-06T07:15:27Z
2026-10-01T03:50:00Z,cepina,0.00,0.000,16,0,0.00,0.0,0,ok,rzc262740350vl.001.h5,2026-10-06T07:15:27Z
2026-10-01T03:45:00Z,cepina,0.00,0.000,16,0,0.01,0.0,0,ok,rzc262740345vl.001.h5,2026-10-06T07:15:27Z
2026-10-01T03:40:00Z,cepina,0.00,0.000,16,0,0.02,0.0,0,ok,rzc262740340vl.001.h5,2026-10-06T07:15:27Z
2026-10-01T03:35:00Z,cepina,0.00,0.000,16,0,0.01,0.0,0,ok,rzc262740335vl.001.h5,2026-10-06T07:15:27Z
2026-10-01T03:30:00Z,cepina,0.00,0.000,16,0,0.00,0.0,0,ok,rzc262740330vl.001.h5,2026-10-06T07:15:27Z
2026-10-01T03:25:00Z,cepina,0.00,0.000,16,0,0.01,0.0,0,ok,rzc262740325vl.001.h5,2026-10-06T07:15:27Z
2026-10-01T03:20:00Z,cepina,0.00,0.000,16,0,0.01,0.0,0,ok,rzc262740320vl.001.h5,2026-10-06T07:15:27Z
2026-10-01T03:15:00Z,cepina,0.00,0.000,16,0,0.01,0.0,0,ok,rzc262740315vl.001.h5,2026-10-06T07:15:27Z
2026-10-01T03:10:00Z,cepina,0.00,0.000,16,0,0.01,0.0,0,ok,rzc262740310vl.001.h5,2026-10-06T07:15:27Z
2026-10-01T03:05:00Z,cepina,0.00,0.000,16,0,0.01,0.0,0,ok,rzc262740305vl.001.h5,2026-10-06T07:15:27Z
2026-10-01T03:00:00Z,cepina,0.00,0.000,16,0,0.01,0.0,0,ok,rzc262740300vl.001.h5,2026-10-06T07:15:27Z
2026-10-01T02:55:00Z,cepina,0.00,0.000,16,0,0.01,0.0,0,ok,rzc262740255vl.001.h5,2026-10-06T07:15:27Z
2026-10-01T02:50:00Z,cepina,0.00,0.000,16,0,0.01,0.0,0,ok,rzc262740250vl.001.h5,2026-10-06T07:15:27Z
2026-10-01T02:45:00Z,cepina,0.00,0.000,16,0,0.01,0.0,0,ok,rzc262740245vl.001.h5,2026-10-06T07:15:27Z
2026-10-01T02:40:00Z,cepina,0.00,0.000,16,0,0.01,0.0,0,ok,rzc262740240vl.001.h5,2026-10-06T07:15:27Z
2026-10-01T02:35:00Z,cepina,0.00,0.000,16,0,0.01,0.0,0,ok,rzc262740235vl.001.h5,2026-10-06T07:15:27Z
2026-10-01T02:30:00Z,cepina,0.00,0.000,16,0,0.01,0.0,0,ok,rzc262740230vl.001.h5,2026-10-06T07:15:27Z
2026-10-01T02:25:00Z,cepina,0.00,0.000,16,0,0.00,0.0,0,ok,rzc262740225vl.001.h5,2026-10-06T07:15:27Z
2026-10-01T02:20:00Z,cepina,0.00,0.000,16,0,0.01,0.0,0,ok,rzc262740220vl.001.h5,2026-10-06T07:15:27Z
2026-10-01T02:15:00Z,cepina,0.00,0.000,16,0,0.01,0.0,0,ok,rzc262740215vl.001.h5,2026-10-06T07:15:27Z
2026-10-01T02:10:00Z,cepina,0.00,0.000,16,0,0.00,0.0,0,ok,rzc262740210vl.001.h5,2026-10-06T07:15:27Z
2026-10-01T02:05:00Z,cepina,0.00,0.000,16,0,0.00,0.0,0,ok,rzc262740205vl.001.h5,2026-10-06T07:15:27Z
2026-10-01T02:00:00Z,cepina,0.00,0.000,16,0,0.00,0.0,0,ok,rzc262740200vl.001.h5,2026-10-06T07:15:27Z
2026-10-01T01:55:00Z,cepina,0.00,0.000,16,0,0.00,0.0,0,ok,rzc262740155vl.001.h5,2026-10-06T07:15:27Z
2026-10-01T01:50:00Z,cepina,0.00,0.000,16,0,0.00,0.0,0,ok,rzc262740150vl.001.h5,2026-10-06T07:15:27Z
2026-10-01T01:45:00Z,cepina,0.00,0.000,16,0,0.01,0.0,0,ok,rzc262740145vl.001.h5,2026-10-06T07:15:27Z
2026-10-01T01:40:00Z,cepina,0.00,0.000,16,0,0.00,0.0,0,ok,rzc262740140vl.001.h5,2026-10-06T07:15:27Z
2026-10-01T01:35:00Z,cepina,0.00,0.000,16,0,0.01,0.0,0,ok,rzc262740135vl.001.h5,2026-10-06T07:15:27Z
2026-10-01T01:30:00Z,cepina,0.00,0.000,16,0,0.00,0.0,0,ok,rzc262740130vl.001.h5,2026-10-06T07:15:27Z
2026-10-01T01:25:00Z,cepina,0.00,0.000,16,0,0.00,0.0,0,ok,rzc262740125vl.001.h5,2026-10-06T07:15:27Z
2026-10-01T01:20:00Z,cepina,0.00,0.000,16,0,0.01,0.0,0,ok,rzc262740120vl.001.h5,2026-10-06T07:15:27Z
2026-10-01T01:15:00Z,cepina,0.00,0.000,16,0,0.01,0.0,0,ok,rzc262740115vl.001.h5,2026-10-06T07:15:27Z
2026-10-01T01:10:00Z,cepina,0.00,0.000,16,0,0.01,0.0,0,ok,rzc262740110vl.001.h5,2026-10-06T07:15:27Z
2026-10-01T01:05:00Z,cepina,0.00,0.000,16,0,0.01,0.0,0,ok,rzc262740105vl.001.h5,2026-10-06T07:15:27Z
2026-10-01T01:00:00Z,cepina,0.00,0.000,16,0,0.01,0.0,0,ok,rzc262740100vl.001.h5,2026-10-06T07:15:27Z
2026-10-01T00:55:00Z,cepina,0.00,0.000,16,0,0.03,0.0,0,ok,rzc262740055vl.001.h5,2026-10-06T07:15:27Z
2026-10-01T00:50:00Z,cepina,0.00,0.000,16,0,0.01,0.0,0,ok,rzc262740050vl.001.h5,2026-10-06T07:15:27Z
2026-10-01T00:45:00Z,cepina,0.00,0.000,16,0,0.01,0.0,0,ok,rzc262740045vl.001.h5,2026-10-06T07:15:27Z
2026-10-01T00:40:00Z,cepina,0.00,0.000,16,0,0.01,0.0,0,ok,rzc262740040vl.001.h5,2026-10-06T07:15:27Z
2026-10-01T00:35:00Z,cepina,0.00,0.000,16,0,0.01,0.0,0,ok,rzc262740035vl.001.h5,2026-10-06T07:15:27Z
2026-10-01T00:30:00Z,cepina,0.00,0.000,16,0,0.01,0.0,0,ok,rzc262740030vl.001.h5,2026-10-06T07:15:27Z
2026-10-01T00:25:00Z,cepina,0.00,0.000,16,0,0.01,0.0,0,ok,rzc262740025vl.001.h5,2026-10-06T07:15:27Z
2026-10-01T00:20:00Z,cepina,0.00,0.000,16,0,0.01,0.0,0,ok,rzc262740020vl.001.h5,2026-10-06T07:15:27Z
2026-10-01T00:15:00Z,cepina,0.00,0.000,16,0,0.10,0.0,0,ok,rzc262740015vl.001.h5,2026-10-06T07:15:27Z
2026-10-01T00:10:00Z,cepina,0.00,0.000,16,0,0.01,0.0,0,ok,rzc262740010vl.001.h5,2026-10-06T07:15:27Z
2026-10-01T00:05:00Z,cepina,0.00,0.000,16,0,0.01,0.0,0,ok,rzc262740005vl.001.h5,2026-10-06T07:15:27Z
2026-10-01T00:00:00Z,cepina,0.00,0.000,16,0,0.01,0.0,0,ok,rzc262740000vl.001.h5,2026-10-06T07:15:27Z
2026-09-30T23:55:00Z,cepina,0.00,0.000,16,0,0.01,0.0,0,ok,rzc262732355vl.001.h5,2026-10-06T07:15:27Z
2026-09-30T23:50:00Z,cepina,0.00,0.000,16,0,0.01,0.0,0,ok,rzc262732350vl.001.h5,2026-10-06T07:15:27Z
2026-09-30T23:45:00Z,cepina,0.00,0.000,16,0,0.01,0.0,0,ok,rzc262732345vl.001.h5,2026-10-06T07:15:27Z
2026-09-30T23:40:00Z,cepina,0.00,0.000,16,0,0.01,0.0,0,ok,rzc262732340vl.001.h5,2026-10-06T07:15:27Z
2026-09-30T23:35:00Z,cepina,0.00,0.000,16,0,0.01,0.0,0,ok,rzc262732335vl.001.h5,2026-10-06T07:15:27Z
2026-09-30T23:30:00Z,cepina,0.00,0.000,16,0,0.01,0.0,0,ok,rzc262732330vl.001.h5,2026-10-06T07:15:27Z
2026-09-30T23:25:00Z,cepina,0.00,0.000,16,0,0.01,0.0,0,ok,rzc262732325vl.001.h5,2026-10-06T07:15:27Z
2026-09-30T23:20:00Z,cepina,0.00,0.000,16,0,0.01,0.0,0,ok,rzc262732320vl.001.h5,2026-10-06T07:15:27Z
2026-09-30T23:15:00Z,cepina,0.00,0.000,16,0,0.01,0.0,0,ok,rzc262732315vl.001.h5,2026-10-06T07:15:27Z
2026-09-30T23:10:00Z,cepina,0.00,0.000,16,0,0.00,0.0,0,ok,rzc262732310vl.001.h5,2026-10-06T07:15:27Z
2026-09-30T23:05:00Z,cepina,0.00,0.000,16,0,0.00,0.0,0,ok,rzc262732305vl.001.h5,2026-10-06T07:15:27Z
2026-09-30T23:00:00Z,cepina,0.00,0.000,16,0,0.00,0.0,0,ok,rzc262732300vl.001.h5,2026-10-06T07:15:27Z
2026-09-30T22:55:00Z,cepina,0.00,0.000,16,0,0.00,0.0,0,ok,rzc262732255vl.001.h5,2026-10-06T07:15:27Z
2026-09-30T22:50:00Z,cepina,0.00,0.000,16,0,0.00,0.0,0,ok,rzc262732250vl.001.h5,2026-10-06T07:15:27Z
2026-09-30T22:45:00Z,cepina,0.00,0.000,16,0,0.00,0.0,0,ok,rzc262732245vl.001.h5,2026-10-06T07:15:27Z
2026-09-30T22:40:00Z,cepina,0.00,0.000,16,0,0.01,0.0,0,ok,rzc262732240vl.001.h5,2026-10-06T07:15:27Z
2026-09-30T22:35:00Z,cepina,0.00,0.000,16,0,0.01,0.0,0,ok,rzc262732235vl.001.h5,2026-10-06T07:15:27Z
2026-09-30T22:30:00Z,cepina,0.00,0.000,16,0,0.01,0.0,0,ok,rzc262732230vl.001.h5,2026-10-06T07:15:27Z
2026-09-30T22:25:00Z,cepina,0.00,0.000,16,0,0.01,0.0,0,ok,rzc262732225vl.001.h5,2026-10-06T07:15:27Z
2026-09-30T22:20:00Z,cepina,0.00,0.000,16,0,0.01,0.0,0,ok,rzc262732220vl.001.h5,2026-10-06T07:15:27Z
2026-09-30T22:15:00Z,cepina,0.00,0.000,16,0,0.01,0.0,0,ok,rzc262732215vl.001.h5,2026-10-06T07:15:27Z
2026-09-30T22:10:00Z,cepina,0.00,0.000,16,0,0.00,0.0,0,ok,rzc262732210vl.001.h5,2026-10-06T07:15:27Z
2026-09-30T22:05:00Z,cepina,0.00,0.000,16,0,0.00,0.0,0,ok,rzc262732205vl.001.h5,2026-10-06T07:15:27Z
2026-09-30T22:00:00Z,cepina,0.00,0.000,16,0,0.00,0.0,0,ok,rzc262732200vl.001.h5,2026-10-06T07:15:27Z
2026-09-30T21:55:00Z,cepina,0.00,0.000,16,0,0.00,0.0,0,ok,rzc262732155vl.001.h5,2026-10-06T07:15:27Z
2026-09-30T21:50:00Z,cepina,0.00,0.000,16,0,0.00,0.0,0,ok,rzc262732150vl.001.h5,2026-10-06T07:15:27Z
2026-09-30T21:45:00Z,cepina,0.00,0.000,16,0,0.00,0.0,0,ok,rzc262732145vl.001.h5,2026-10-06T07:15:27Z
2026-09-30T21:40:00Z,cepina,0.00,0.000,16,0,0.00,0.0,0,ok,rzc262732140vl.001.h5,2026-10-06T07:15:27Z
2026-09-30T21:35:00Z,cepina,0.00,0.000,16,0,0.00,0.0,0,ok,rzc262732135vl.001.h5,2026-10-06T07:15:27Z
2026-09-30T21:30:00Z,cepina,0.00,0.000,16,0,0.00,0.0,0,ok,rzc262732130vl.001.h5,2026-10-06T07:15:27Z
2026-09-30T21:25:00Z,cepina,0.00,0.000,16,0,0.00,0.0,0,ok,rzc262732125vl.001.h5,2026-10-06T07:15:27Z
2026-09-30T21:20:00Z,cepina,0.00,0.000,16,0,0.00,0.0,0,ok,rzc262732120vl.001.h5,2026-10-06T07:15:27Z
2026-09-30T21:15:00Z,cepina,0.00,0.000,16,0,0.00,0.0,0,ok,rzc262732115vl.001.h5,2026-10-06T07:15:27Z
2026-09-30T21:10:00Z,cepina,0.00,0.000,16,0,0.00,0.0,0,ok,rzc262732110vl.001.h5,2026-10-06T07:15:27Z
2026-09-30T21:05:00Z,cepina,0.00,0.000,16,0,0.00,0.0,0,ok,rzc262732105vl.001.h5,2026-10-06T07:15:27Z
2026-09-30T21:00:00Z,cepina,0.00,0.000,16,0,0.00,0.0,0,ok,rzc262732100vl.001.h5,2026-10-06T07:15:27Z
2026-09-30T20:55:00Z,cepina,0.00,0.000,16,0,0.00,0.0,0,ok,rzc262732055vl.001.h5,2026-10-06T07:15:27Z
2026-09-30T20:50:00Z,cepina,0.00,0.000,16,0,0.00,0.0,0,ok,rzc262732050vl.001.h5,2026-10-06T07:15:27Z
2026-09-30T20:45:00Z,cepina,0.00,0.000,16,0,0.00,0.0,0,ok,rzc262732045vl.001.h5,2026-10-06T07:15:27Z
2026-09-30T20:40:00Z,cepina,0.00,0.000,16,0,0.00,0.0,0,ok,rzc262732040vl.001.h5,2026-10-06T07:15:27Z
2026-09-30T20:35:00Z,cepina,0.00,0.000,16,0,0.00,0.0,0,ok,rzc262732035vl.001.h5,2026-10-06T07:15:27Z
2026-09-30T20:30:00Z,cepina,0.00,0.000,16,0,0.00,0.0,0,ok,rzc262732030vl.001.h5,2026-10-06T07:15:27Z
2026-09-30T20:25:00Z,cepina,0.00,0.000,16,0,0.00,0.0,0,ok,rzc262732025vl.001.h5,2026-10-06T07:15:27Z
2026-09-30T20:20:00Z,cepina,0.00,0.000,16,0,0.00,0.0,0,ok,rzc262732020vl.001.h5,2026-10-06T07:15:27Z
2026-09-30T20:15:00Z,cepina,0.00,0.000,16,0,0.00,0.0,0,ok,rzc262732015vl.001.h5,2026-10-06T07:15:27Z
2026-09-30T20:10:00Z,cepina,0.00,0.000,16,0,0.00,0.0,0,ok,rzc262732010vl.001.h5,2026-10-06T07:15:27Z
2026-09-30T20:05:00Z,cepina,0.00,0.000,16,0,0.00,0.0,0,ok,rzc262732005vl.001.h5,2026-10-06T07:15:27Z
2026-09-30T20:00:00Z,cepina,0.00,0.000,16,0,0.00,0.0,0,ok,rzc262732000vl.001.h5,2026-10-06T07:15:27Z
2026-09-30T19:55:00Z,cepina,0.00,0.000,16,0,0.00,0.0,0,ok,rzc262731955vl.001.h5,2026-10-06T07:15:27Z
2026-09-30T19:50:00Z,cepina,0.00,0.000,16,0,0.00,0.0,0,ok,rzc262731950vl.001.h5,2026-10-06T07:15:27Z
2026-09-30T19:45:00Z,cepina,0.00,0.000,16,0,0.00,0.0,0,ok,rzc262731945vl.001.h5,2026-10-06T07:15:27Z
2026-09-30T19:40:00Z,cepina,0.00,0.000,16,0,0.00,0.0,0,ok,rzc262731940vl.001.h5,2026-10-06T07:15:27Z
2026-09-30T19:35:00Z,cepina,0.00,0.000,16,0,0.00,0.0,0,ok,rzc262731935vl.001.h5,2026-10-06T07:15:27Z
2026-09-30T19:30:00Z,cepina,0.00,0.000,16,0,0.00,0.0,0,ok,rzc262731930vl.001.h5,2026-10-06T07:15:27Z
2026-09-30T19:25:00Z,cepina,0.00,0.000,16,0,0.00,0.0,0,ok,rzc262731925vl.001.h5,2026-10-06T07:15:27Z
2026-09-30T19:20:00Z,cepina,0.00,0.000,16,0,0.00,0.0,0,ok,rzc262731920vl.001.h5,2026-10-06T07:15:27Z
2026-09-30T19:15:00Z,cepina,0.00,0.000,16,0,0.00,0.0,0,ok,rzc262731915vl.001.h5,2026-10-06T07:15:27Z
2026-09-30T19:10:00Z,cepina,0.00,0.000,16,0,0.00,0.0,0,ok,rzc262731910vl.001.h5,2026-10-06T07:15:27Z
2026-09-30T19:05:00Z,cepina,0.00,0.000,16,0,0.00,0.0,0,ok,rzc262731905vl.001.h5,2026-10-06T07:15:27Z
2026-09-30T19:00:00Z,cepina,0.00,0.000,16,0,0.00,0.0,0,ok,rzc262731900vl.001.h5,2026-10-06T07:15:27Z
2026-09-30T18:55:00Z,cepina,0.00,0.000,16,0,0.00,0.0,0,ok,rzc262731855vl.001.h5,2026-10-06T07:15:27Z
2026-09-30T18:50:00Z,cepina,0.00,0.000,16,0,0.00,0.0,0,ok,rzc262731850vl.001.h5,2026-10-06T07:15:27Z
2026-09-30T18:45:00Z,cepina,0.00,0.000,16,0,0.00,0.0,0,ok,rzc262731845vl.001.h5,2026-10-06T07:15:27Z
2026-09-30T18:40:00Z,cepina,0.00,0.000,16,0,0.00,0.0,0,ok,rzc262731840vl.001.h5,2026-10-06T07:15:27Z
2026-09-30T18:35:00Z,cepina,0.00,0.000,16,0,0.00,0.0,0,ok,rzc262731835vl.001.h5,2026-10-06T07:15:27Z
2026-09-30T18:30:00Z,cepina,0.00,0.000,16,0,0.00,0.0,0,ok,rzc262731830vl.001.h5,2026-10-06T07:15:27Z
2026-09-30T18:25:00Z,cepina,0.00,0.000,16,0,0.00,0.0,0,ok,rzc262731825vl.001.h5,2026-10-06T07:15:27Z
2026-09-30T18:20:00Z,cepina,0.00,0.000,16,0,0.00,0.0,0,ok,rzc262731820vl.001.h5,2026-10-06T07:15:27Z
2026-09-30T18:15:00Z,cepina,0.00,0.000,16,0,0.01,0.0,0,ok,rzc262731815vl.001.h5,2026-10-06T07:15:27Z
2026-09-30T18:10:00Z,cepina,0.00,0.000,16,0,0.00,0.0,0,ok,rzc262731810vl.001.h5,2026-10-06T07:15:27Z
2026-09-30T18:05:00Z,cepina,0.00,0.000,16,0,0.00,0.0,0,ok,rzc262731805vl.001.h5,2026-10-06T07:15:27Z
2026-09-30T18:00:00Z,cepina,0.00,0.000,16,0,0.00,0.0,0,ok,rzc262731800vl.001.h5,2026-10-06T07:15:27Z
2026-09-30T17:55:00Z,cepina,0.00,0.000,16,0,0.00,0.0,0,ok,rzc262731755vl.001.h5,2026-10-06T07:15:27Z
2026-09-30T17:50:00Z,cepina,0.00,0.000,16,0,0.00,0.0,0,ok,rzc262731750vl.001.h5,2026-10-06T07:15:27Z
2026-09-30T17:45:00Z,cepina,0.00,0.000,16,0,0.00,0.0,0,ok,rzc262731745vl.001.h5,2026-10-06T07:15:27Z
2026-09-30T17:40:00Z,cepina,0.00,0.000,16,0,0.00,0.0,0,ok,rzc262731740vl.001.h5,2026-10-06T07:15:27Z
2026-09-30T17:35:00Z,cepina,0.00,0.000,16,0,0.00,0.0,0,ok,rzc262731735vl.001.h5,2026-10-06T07:15:27Z
2026-09-30T17:30:00Z,cepina,0.00,0.000,16,0,0.00,0.0,0,ok,rzc262731730vl.001.h5,2026-10-06T07:15:27Z
2026-09-30T17:25:00Z,cepina,0.00,0.000,16,0,0.00,0.0,0,ok,rzc262731725vl.001.h5,2026-10-06T07:15:27Z
2026-09-30T17:20:00Z,cepina,0.00,0.000,16,0,0.00,0.0,0,ok,rzc262731720vl.001.h5,2026-10-06T07:15:27Z
2026-09-30T17:15:00Z,cepina,0.00,0.000,16,0,0.00,0.0,0,ok,rzc262731715vl.001.h5,2026-10-06T07:15:27Z
2026-09-30T17:10:00Z,cepina,0.00,0.000,16,0,0.00,0.0,0,ok,rzc262731710vl.001.h5,2026-10-06T07:15:27Z
2026-09-30T17:05:00Z,cepina,0.00,0.000,16,0,0.00,0.0,0,ok,rzc262731705vl.001.h5,2026-10-06T07:15:27Z
2026-09-30T17:00:00Z,cepina,0.00,0.000,16,0,0.00,0.0,0,ok,rzc262731700vl.001.h5,2026-10-06T07:15:27Z
2026-09-30T16:55:00Z,cepina,0.00,0.000,16,0,0.00,0.0,0,ok,rzc262731655vl.001.h5,2026-10-06T07:15:27Z
2026-09-30T16:50:00Z,cepina,0.00,0.000,16,0,0.00,0.0,0,ok,rzc262731650vl.001.h5,2026-10-06T07:15:27Z
2026-09-30T16:45:00Z,cepina,0.00,0.000,16,0,0.01,0.0,0,ok,rzc262731645vl.001.h5,2026-10-06T07:15:27Z
2026-09-30T16:40:00Z,cepina,0.00,0.000,16,0,0.00,0.0,0,ok,rzc262731640vl.001.h5,2026-10-06T07:15:27Z
2026-09-30T16:35:00Z,cepina,0.00,0.000,16,0,0.00,0.0,0,ok,rzc262731635vl.001.h5,2026-10-06T07:15:27Z
2026-09-30T16:30:00Z,cepina,0.00,0.000,16,0,0.00,0.0,0,ok,rzc262731630vl.001.h5,2026-10-06T07:15:27Z
2026-09-30T16:25:00Z,cepina,0.00,0.000,16,0,0.00,0.0,0,ok,rzc262731625vl.001.h5,2026-10-06T07:15:27Z
2026-09-30T16:20:00Z,cepina,0.00,0.000,16,0,0.00,0.0,0,ok,rzc262731620vl.001.h5,2026-10-06T07:15:27Z
2026-09-30T16:15:00Z,cepina,0.00,0.000,16,0,0.00,0.0,0,ok,rzc262731615vl.001.h5,2026-10-06T07:15:27Z
2026-09-30T16:10:00Z,cepina,0.00,0.000,16,0,0.01,0.0,0,ok,rzc262731610vl.001.h5,2026-10-06T07:15:27Z
2026-09-30T16:05:00Z,cepina,0.00,0.000,16,0,0.00,0.0,0,ok,rzc262731605vl.001.h5,2026-10-06T07:15:27Z
2026-09-30T16:00:00Z,cepina,0.00,0.000,16,0,0.00,0.0,0,ok,rzc262731600vl.001.h5,2026-10-06T07:15:27Z
2026-09-30T15:55:00Z,cepina,0.00,0.000,16,0,0.00,0.0,0,ok,rzc262731555vl.001.h5,2026-10-06T07:15:27Z
2026-09-30T15:50:00Z,cepina,0.00,0.000,16,0,0.00,0.0,0,ok,rzc262731550vl.001.h5,2026-10-06T07:15:27Z
2026-09-30T15:45:00Z,cepina,0.00,0.000,16,0,0.00,0.0,0,ok,rzc262731545vl.001.h5,2026-10-06T07:15:27Z
2026-09-30T15:40:00Z,cepina,0.00,0.000,16,0,0.00,0.0,0,ok,rzc262731540vl.001.h5,2026-10-06T07:15:27Z
2026-09-30T15:35:00Z,cepina,0.00,0.000,16,0,0.00,0.0,0,ok,rzc262731535vl.001.h5,2026-10-06T07:15:27Z
2026-09-30T15:30:00Z,cepina,0.00,0.000,16,0,0.00,0.0,0,ok,rzc262731530vl.001.h5,2026-10-06T07:15:27Z
2026-09-30T15:25:00Z,cepina,0.00,0.000,16,0,0.00,0.0,0,ok,rzc262731525vl.001.h5,2026-10-06T07:15:27Z
2026-09-30T15:20:00Z,cepina,0.00,0.000,16,0,0.00,0.0,0,ok,rzc262731520vl.001.h5,2026-10-06T07:15:27Z
2026-09-30T15:15:00Z,cepina,0.00,0.000,16,0,0.00,0.0,0,ok,rzc262731515vl.001.h5,2026-10-06T07:15:27Z
2026-09-30T15:10:00Z,cepina,0.00,0.000,16,0,0.00,0.0,0,ok,rzc262731510vl.001.h5,2026-10-06T07:15:27Z
2026-09-30T15:05:00Z,cepina,0.00,0.000,16,0,0.00,0.0,0,ok,rzc262731505vl.001.h5,2026-10-06T07:15:27Z
2026-09-30T15:00:00Z,cepina,0.00,0.000,16,0,0.00,0.0,0,ok,rzc262731500vl.001.h5,2026-10-06T07:15:27Z
2026-09-30T14:55:00Z,cepina,0.00,0.000,16,0,0.00,0.0,0,ok,rzc262731455vl.001.h5,2026-10-06T07:15:27Z
2026-09-30T14:50:00Z,cepina,0.00,0.000,16,0,0.00,0.0,0,ok,rzc262731450vl.001.h5,2026-10-06T07:15:27Z
2026-09-30T14:45:00Z,cepina,0.00,0.000,16,0,0.00,0.0,0,ok,rzc262731445vl.001.h5,2026-10-06T07:15:27Z
2026-09-30T14:40:00Z,cepina,0.00,0.000,16,0,0.00,0.0,0,ok,rzc262731440vl.001.h5,2026-10-06T07:15:27Z
2026-09-30T14:35:00Z,cepina,0.00,0.000,16,0,0.00,0.0,0,ok,rzc262731435vl.001.h5,2026-10-06T07:15:27Z
2026-09-30T14:30:00Z,cepina,0.00,0.000,16,0,0.00,0.0,0,ok,rzc262731430vl.001.h5,2026-10-06T07:15:27Z
2026-09-30T14:25:00Z,cepina,0.00,0.000,16,0,0.00,0.0,0,ok,rzc262731425vl.001.h5,2026-10-06T07:15:27Z
2026-09-30T14:20:00Z,cepina,0.00,0.000,16,0,0.00,0.0,0,ok,rzc262731420vl.001.h5,2026-10-06T07:15:27Z
2026-09-30T14:15:00Z,cepina,0.00,0.000,16,0,0.00,0.0,0,ok,rzc262731415vl.001.h5,2026-10-06T07:15:27Z
2026-09-30T14:10:00Z,cepina,0.00,0.000,16,0,0.00,0.0,0,ok,rzc262731410vl.001.h5,2026-10-06T07:15:27Z
2026-09-30T14:05:00Z,cepina,0.00,0.000,16,0,0.00,0.0,0,ok,rzc262731405vl.001.h5,2026-10-06T07:15:27Z
2026-09-30T14:00:00Z,cepina,0.00,0.000,16,0,0.00,0.0,0,ok,rzc262731400vl.001.h5,2026-10-06T07:15:27Z
2026-09-30T13:55:00Z,cepina,0.00,0.000,16,0,0.00,0.0,0,ok,rzc262731355vl.001.h5,2026-10-06T07:15:27Z
2026-09-30T13:50:00Z,cepina,0.00,0.000,16,0,0.00,0.0,0,ok,rzc262731350vl.001.h5,2026-10-06T07:15:27Z
2026-09-30T13:45:00Z,cepina,0.00,0.000,16,0,0.00,0.0,0,ok,rzc262731345vl.001.h5,2026-10-06T07:15:27Z
2026-09-30T13:40:00Z,cepina,0.00,0.000,16,0,0.00,0.0,0,ok,rzc262731340vl.001.h5,2026-10-06T07:15:27Z
2026-09-30T13:35:00Z,cepina,0.00,0.000,16,0,0.00,0.0,0,ok,rzc262731335vl.001.h5,2026-10-06T07:15:27Z
2026-09-30T13:30:00Z,cepina,0.00,0.000,16,0,0.00,0.0,0,ok,rzc262731330vl.001.h5,2026-10-06T07:15:27Z
2026-09-30T13:25:00Z,cepina,0.00,0.000,16,0,0.00,0.0,0,ok,rzc262731325vl.001.h5,2026-10-06T07:15:27Z
2026-09-30T13:20:00Z,cepina,0.00,0.000,16,0,0.00,0.0,0,ok,rzc262731320vl.001.h5,2026-10-06T07:15:27Z
2026-09-30T13:15:00Z,cepina,0.00,0.000,16,0,0.00,0.0,0,ok,rzc262731315vl.001.h5,2026-10-06T07:15:27Z
2026-09-30T13:10:00Z,cepina,0.00,0.000,16,0,0.00,0.0,0,ok,rzc262731310vl.001.h5,2026-10-06T07:15:27Z
2026-09-30T13:05:00Z,cepina,0.00,0.000,16,0,0.00,0.0,0,ok,rzc262731305vl.001.h5,2026-10-06T07:15:27Z
2026-09-30T13:00:00Z,cepina,0.00,0.000,16,0,0.00,0.0,0,ok,rzc262731300vl.001.h5,2026-10-06T07:15:27Z
2026-09-30T12:55:00Z,cepina,0.00,0.000,16,0,0.00,0.0,0,ok,rzc262731255vl.001.h5,2026-10-06T07:15:27Z
2026-09-30T12:50:00Z,cepina,0.00,0.000,16,0,0.00,0.0,0,ok,rzc262731250vl.001.h5,2026-10-06T07:15:27Z
2026-09-30T12:45:00Z,cepina,0.00,0.000,16,0,0.00,0.0,0,ok,rzc262731245vl.001.h5,2026-10-06T07:15:27Z
2026-09-30T12:40:00Z,cepina,0.00,0.000,16,0,0.00,0.0,0,ok,rzc262731240vl.001.h5,2026-10-06T07:15:27Z
2026-09-30T12:35:00Z,cepina,0.00,0.000,16,0,0.00,0.0,0,ok,rzc262731235vl.001.h5,2026-10-06T07:15:27Z
2026-09-30T12:30:00Z,cepina,0.00,0.000,16,0,0.00,0.0,0,ok,rzc262731230vl.001.h5,2026-10-06T07:15:27Z
2026-09-30T12:25:00Z,cepina,0.00,0.000,16,0,0.00,0.0,0,ok,rzc262731225vl.001.h5,2026-10-06T07:15:27Z
2026-09-30T12:20:00Z,cepina,0.00,0.000,16,0,0.00,0.0,0,ok,rzc262731220vl.001.h5,2026-10-06T07:15:27Z
2026-09-30T12:15:00Z,cepina,0.00,0.000,16,0,0.00,0.0,0,ok,rzc262731215vl.001.h5,2026-10-06T07:15:27Z
2026-09-30T12:10:00Z,cepina,0.00,0.000,16,0,0.00,0.0,0,ok,rzc262731210vl.001.h5,2026-10-06T07:15:27Z
2026-09-30T12:05:00Z,cepina,0.00,0.000,16,0,0.00,0.0,0,ok,rzc262731205vl.001.h5,2026-10-06T07:15:27Z
2026-09-30T12:00:00Z,cepina,0.00,0.000,16,0,0.00,0.0,0,ok,rzc262731200vl.001.h5,2026-10-06T07:15:27Z
2026-09-30T11:55:00Z,cepina,0.00,0.000,16,0,0.00,0.0,0,ok,rzc262731155vl.001.h5,2026-10-06T07:15:27Z
2026-09-30T11:50:00Z,cepina,0.00,0.000,16,0,0.00,0.0,0,ok,rzc262731150vl.001.h5,2026-10-06T07:15:27Z
2026-09-30T11:45:00Z,cepina,0.00,0.000,16,0,0.00,0.0,0,ok,rzc262731145vl.001.h5,2026-10-06T07:15:27Z
2026-09-30T11:40:00Z,cepina,0.00,0.000,16,0,0.00,0.0,0,ok,rzc262731140vl.001.h5,2026-10-06T07:15:27Z
2026-09-30T11:35:00Z,cepina,0.00,0.000,16,0,0.00,0.0,0,ok,rzc262731135vl.001.h5,2026-10-06T07:15:27Z
2026-09-30T11:30:00Z,cepina,0.00,0.000,16,0,0.00,0.0,0,ok,rzc262731130vl.001.h5,2026-10-06T07:15:27Z
2026-09-30T11:25:00Z,cepina,0.00,0.000,16,0,0.00,0.0,0,ok,rzc262731125vl.001.h5,2026-10-06T07:15:27Z
2026-09-30T11:20:00Z,cepina,0.00,0.000,16,0,0.00,0.0,0,ok,rzc262731120vl.001.h5,2026-10-06T07:15:27Z
2026-09-30T11:15:00Z,cepina,0.00,0.000,16,0,0.00,0.0,0,ok,rzc262731115vl.001.h5,2026-10-06T07:15:27Z
2026-09-30T11:10:00Z,cepina,0.00,0.000,16,0,0.00,0.0,0,ok,rzc262731110vl.001.h5,2026-10-06T07:15:27Z
2026-09-30T11:05:00Z,cepina,0.00,0.000,16,0,0.00,0.0,0,ok,rzc262731105vl.001.h5,2026-10-06T07:15:27Z
2026-09-30T11:00:00Z,cepina,0.00,0.000,16,0,0.00,0.0,0,ok,rzc262731100vl.001.h5,2026-10-06T07:15:27Z
2026-09-30T10:55:00Z,cepina,0.00,0.000,16,0,0.00,0.0,0,ok,rzc262731055vl.001.h5,2026-10-06T07:15:27Z
2026-09-30T10:50:00Z,cepina,0.00,0.000,16,0,0.00,0.0,0,ok,rzc262731050vl.001.h5,2026-10-06T07:15:27Z
2026-09-30T10:45:00Z,cepina,0.00,0.000,16,0,0.00,0.0,0,ok,rzc262731045vl.001.h5,2026-10-06T07:15:27Z
2026-09-30T10:40:00Z,cepina,0.00,0.000,16,0,0.00,0.0,0,ok,rzc262731040vl.001.h5,2026-10-06T07:15:27Z
2026-09-30T10:35:00Z,cepina,0.00,0.000,16,0,0.00,0.0,0,ok,rzc262731035vl.001.h5,2026-10-06T07:15:27Z
2026-09-30T10:30:00Z,cepina,0.00,0.000,16,0,0.00,0.0,0,ok,rzc262731030vl.001.h5,2026-10-06T07:15:27Z
2026-09-30T10:25:00Z,cepina,0.00,0.000,16,0,0.00,0.0,0,ok,rzc262731025vl.001.h5,2026-10-06T07:15:27Z
2026-09-30T10:20:00Z,cepina,0.00,0.000,16,0,0.00,0.0,0,ok,rzc262731020vl.001.h5,2026-10-06T07:15:27Z
2026-09-30T10:15:00Z,cepina,0.00,0.000,16,0,0.00,0.0,0,ok,rzc262731015vl.001.h5,2026-10-06T07:15:27Z
2026-09-30T10:10:00Z,cepina,0.00,0.000,16,0,0.01,0.0,0,ok,rzc262731010vl.001.h5,2026-10-06T07:15:27Z
2026-09-30T10:05:00Z,cepina,0.00,0.000,16,0,0.00,0.0,0,ok,rzc262731005vl.001.h5,2026-10-06T07:15:27Z
2026-09-30T10:00:00Z,cepina,0.00,0.000,16,0,0.00,0.0,0,ok,rzc262731000vl.001.h5,2026-10-06T07:15:27Z
2026-09-30T09:55:00Z,cepina,0.00,0.000,16,0,0.00,0.0,0,ok,rzc262730955vl.001.h5,2026-10-06T07:15:27Z
2026-09-30T09:50:00Z,cepina,0.00,0.000,16,0,0.00,0.0,0,ok,rzc262730950vl.001.h5,2026-10-06T07:15:27Z
2026-09-30T09:45:00Z,cepina,0.00,0.000,16,0,0.00,0.0,0,ok,rzc262730945vl.001.h5,2026-10-06T07:15:27Z
2026-09-30T09:40:00Z,cepina,0.00,0.000,16,0,0.00,0.0,0,ok,rzc262730940vl.001.h5,2026-10-06T07:15:27Z
2026-09-30T09:35:00Z,cepina,0.00,0.000,16,0,0.00,0.0,0,ok,rzc262730935vl.001.h5,2026-10-06T07:15:27Z
2026-09-30T09:30:00Z,cepina,0.00,0.000,16,0,0.00,0.0,0,ok,rzc262730930vl.001.h5,2026-10-06T07:15:27Z
2026-09-30T09:25:00Z,cepina,0.00,0.000,16,0,0.00,0.0,0,ok,rzc262730925vl.001.h5,2026-10-06T07:15:27Z
2026-09-30T09:20:00Z,cepina,0.00,0.000,16,0,0.00,0.0,0,ok,rzc262730920vl.001.h5,2026-10-06T07:15:27Z
2026-09-30T09:15:00Z,cepina,0.00,0.000,16,0,0.00,0.0,0,ok,rzc262730915vl.001.h5,2026-10-06T07:15:27Z
2026-09-30T09:10:00Z,cepina,0.00,0.000,16,0,0.00,0.0,0,ok,rzc262730910vl.001.h5,2026-10-06T07:15:27Z
2026-09-30T09:05:00Z,cepina,0.00,0.000,16,0,0.00,0.0,0,ok,rzc262730905vl.001.h5,2026-10-06T07:15:27Z
2026-09-30T09:00:00Z,cepina,0.00,0.000,16,0,0.00,0.0,0,ok,rzc262730900vl.001.h5,2026-10-06T07:15:27Z
2026-09-30T08:55:00Z,cepina,0.00,0.000,16,0,0.00,0.0,0,ok,rzc262730855vl.001.h5,2026-10-06T07:15:27Z
2026-09-30T08:50:00Z,cepina,0.00,0.000,16,0,0.00,0.0,0,ok,rzc262730850vl.001.h5,2026-10-06T07:15:27Z
2026-09-30T08:45:00Z,cepina,0.00,0.000,16,0,0.00,0.0,0,ok,rzc262730845vl.001.h5,2026-10-06T07:15:27Z
2026-09-30T08:40:00Z,cepina,0.00,0.000,16,0,0.01,0.0,0,ok,rzc262730840vl.001.h5,2026-10-06T07:15:27Z
2026-09-30T08:35:00Z,cepina,0.00,0.000,16,0,0.00,0.0,0,ok,rzc262730835vl.001.h5,2026-10-06T07:15:27Z
2026-09-30T08:30:00Z,cepina,0.00,0.000,16,0,0.00,0.0,0,ok,rzc262730830vl.001.h5,2026-10-06T07:15:27Z
2026-09-30T08:25:00Z,cepina,0.00,0.000,16,0,0.00,0.0,0,ok,rzc262730825vl.001.h5,2026-10-06T07:15:27Z
2026-09-30T08:20:00Z,cepina,0.00,0.000,16,0,0.00,0.0,0,ok,rzc262730820vl.001.h5,2026-10-06T07:15:27Z
2026-09-30T08:15:00Z,cepina,0.00,0.000,16,0,0.00,0.0,0,ok,rzc262730815vl.001.h5,2026-10-06T07:15:27Z
2026-09-30T08:10:00Z,cepina,0.00,0.000,16,0,0.00,0.0,0,ok,rzc262730810vl.001.h5,2026-10-06T07:15:27Z
2026-09-30T08:05:00Z,cepina,0.00,0.000,16,0,0.00,0.0,0,ok,rzc262730805vl.001.h5,2026-10-06T07:15:27Z
2026-09-30T08:00:00Z,cepina,0.00,0.000,16,0,0.00,0.0,0,ok,rzc262730800vl.001.h5,2026-10-06T07:15:27Z
2026-09-30T07:55:00Z,cepina,0.00,0.000,16,0,0.00,0.0,0,ok,rzc262730755vl.001.h5,2026-10-06T07:15:27Z
2026-09-30T07:50:00Z,cepina,0.00,0.000,16,0,0.00,0.0,0,ok,rzc262730750vl.001.h5,2026-10-06T07:15:27Z
2026-09-30T07:45:00Z,cepina,0.00,0.000,16,0,0.00,0.0,0,ok,rzc262730745vl.001.h5,2026-10-06T07:15:27Z
2026-09-30T07:40:00Z,cepina,0.00,0.000,16,0,0.00,0.0,0,ok,rzc262730740vl.001.h5,2026-10-06T07:15:27Z
2026-09-30T07:35:00Z,cepina,0.00,0.000,16,0,0.00,0.0,0,ok,rzc262730735vl.001.h5,2026-10-06T07:15:27Z
2026-09-30T07:30:00Z,cepina,0.00,0.000,16,0,0.00,0.0,0,ok,rzc262730730vl.001.h5,2026-10-06T07:15:27Z
2026-09-30T07:25:00Z,cepina,0.00,0.000,16,0,0.00,0.0,0,ok,rzc262730725vl.001.h5,2026-10-06T07:15:27Z
2026-09-30T07:20:00Z,cepina,0.00,0.000,16,0,0.00,0.0,0,ok,rzc262730720vl.001.h5,2026-10-06T07:15:27Z
2026-09-30T07:15:00Z,cepina,0.00,0.000,16,0,0.00,0.0,0,ok,rzc262730715vl.001.h5,2026-10-06T07:15:27Z
2026-09-30T07:10:00Z,cepina,0.00,0.000,16,0,0.00,0.0,0,ok,rzc262730710vl.001.h5,2026-10-06T07:15:27Z
2026-09-30T07:05:00Z,cepina,0.00,0.000,16,0,0.00,0.0,0,ok,rzc262730705vl.001.h5,2026-10-06T07:15:27Z
2026-09-30T07:00:00Z,cepina,0.00,0.000,16,0,0.00,0.0,0,ok,rzc262730700vl.001.h5,2026-10-06T07:15:27Z
2026-09-30T06:55:00Z,cepina,0.00,0.000,16,0,0.00,0.0,0,ok,rzc262730655vl.001.h5,2026-10-06T07:15:27Z
2026-09-30T06:50:00Z,cepina,0.00,0.000,16,0,0.00,0.0,0,ok,rzc262730650vl.001.h5,2026-10-06T07:15:27Z
2026-09-30T06:45:00Z,cepina,0.00,0.000,16,0,0.00,0.0,0,ok,rzc262730645vl.001.h5,2026-10-06T07:15:27Z
2026-09-30T06:40:00Z,cepina,0.00,0.000,16,0,0.00,0.0,0,ok,rzc262730640vl.001.h5,2026-10-06T07:15:27Z
2026-09-30T06:35:00Z,cepina,0.00,0.000,16,0,0.00,0.0,0,ok,rzc262730635vl.001.h5,2026-10-06T07:15:27Z
2026-09-30T06:30:00Z,cepina,0.00,0.000,16,0,0.00,0.0,0,ok,rzc262730630vl.001.h5,2026-10-06T07:15:27Z
2026-09-30T06:25:00Z,cepina,0.00,0.000,16,0,0.00,0.0,0,ok,rzc262730625vl.001.h5,2026-10-06T07:15:27Z
2026-09-30T06:20:00Z,cepina,0.00,0.000,16,0,0.00,0.0,0,ok,rzc262730620vl.001.h5,2026-10-06T07:15:27Z
2026-09-30T06:15:00Z,cepina,0.00,0.000,16,0,0.00,0.0,0,ok,rzc262730615vl.001.h5,2026-10-06T07:15:27Z
2026-09-30T06:10:00Z,cepina,0.00,0.000,16,0,0.00,0.0,0,ok,rzc262730610vl.001.h5,2026-10-06T07:15:27Z
2026-09-30T06:05:00Z,cepina,0.00,0.000,16,0,0.00,0.0,0,ok,rzc262730605vl.001.h5,2026-10-06T07:15:27Z
2026-09-30T06:00:00Z,cepina,0.00,0.000,16,0,0.00,0.0,0,ok,rzc262730600vl.001.h5,2026-10-06T07:15:27Z
2026-09-30T05:55:00Z,cepina,0.00,0.000,16,0,0.00,0.0,0,ok,rzc262730555vl.001.h5,2026-10-06T07:15:27Z
2026-09-30T05:50:00Z,cepina,0.00,0.000,16,0,0.00,0.0,0,ok,rzc262730550vl.001.h5,2026-10-06T07:15:27Z
2026-09-30T05:45:00Z,cepina,0.00,0.000,16,0,0.00,0.0,0,ok,rzc262730545vl.001.h5,2026-10-06T07:15:27Z
2026-09-30T05:40:00Z,cepina,0.00,0.000,16,0,0.00,0.0,0,ok,rzc262730540vl.001.h5,2026-10-06T07:15:27Z
2026-09-30T05:35:00Z,cepina,0.00,0.000,16,0,0.00,0.0,0,ok,rzc262730535vl.001.h5,2026-10-06T07:15:27Z
2026-09-30T05:30:00Z,cepina,0.00,0.000,16,0,0.00,0.0,0,ok,rzc262730530vl.001.h5,2026-10-06T07:15:27Z
2026-09-30T05:25:00Z,cepina,0.00,0.000,16,0,0.00,0.0,0,ok,rzc262730525vl.001.h5,2026-10-06T07:15:27Z
2026-09-30T05:20:00Z,cepina,0.00,0.000,16,0,0.00,0.0,0,ok,rzc262730520vl.001.h5,2026-10-06T07:15:27Z
2026-09-30T05:15:00Z,cepina,0.00,0.000,16,0,0.00,0.0,0,ok,rzc262730515vl.001.h5,2026-10-06T07:15:27Z
2026-09-30T05:10:00Z,cepina,0.00,0.000,16,0,0.00,0.0,0,ok,rzc262730510vl.001.h5,2026-10-06T07:15:27Z
2026-09-30T05:05:00Z,cepina,0.00,0.000,16,0,0.00,0.0,0,ok,rzc262730505vl.001.h5,2026-10-06T07:15:27Z
2026-09-30T05:00:00Z,cepina,0.00,0.000,16,0,0.00,0.0,0,ok,rzc262730500vl.001.h5,2026-10-06T07:15:27Z
2026-09-30T04:55:00Z,cepina,0.00,0.000,16,0,0.00,0.0,0,ok,rzc262730455vl.001.h5,2026-10-06T07:15:27Z
2026-09-30T04:50:00Z,cepina,0.00,0.000,16,0,0.00,0.0,0,ok,rzc262730450vl.001.h5,2026-10-06T07:15:27Z
2026-09-30T04:45:00Z,cepina,0.00,0.000,16,0,0.00,0.0,0,ok,rzc262730445vl.001.h5,2026-10-06T07:15:27Z
2026-09-30T04:40:00Z,cepina,0.00,0.000,16,0,0.00,0.0,0,ok,rzc262730440vl.001.h5,2026-10-06T07:15:27Z
2026-09-30T04:35:00Z,cepina,0.00,0.000,16,0,0.00,0.0,0,ok,rzc262730435vl.001.h5,2026-10-06T07:15:27Z
2026-09-30T04:30:00Z,cepina,0.00,0.000,16,0,0.00,0.0,0,ok,rzc262730430vl.001.h5,2026-10-06T07:15:27Z
2026-09-30T04:25:00Z,cepina,0.00,0.000,16,0,0.00,0.0,0,ok,rzc262730425vl.001.h5,2026-10-06T07:15:27Z
2026-09-30T04:20:00Z,cepina,0.00,0.000,16,0,0.00,0.0,0,ok,rzc262730420vl.001.h5,2026-10-06T07:15:27Z
2026-09-30T04:15:00Z,cepina,0.00,0.000,16,0,0.00,0.0,0,ok,rzc262730415vl.001.h5,2026-10-06T07:15:27Z
2026-09-30T04:10:00Z,cepina,0.00,0.000,16,0,0.00,0.0,0,ok,rzc262730410vl.001.h5,2026-10-06T07:15:27Z
2026-09-30T04:05:00Z,cepina,0.00,0.000,16,0,0.00,0.0,0,ok,rzc262730405vl.001.h5,2026-10-06T07:15:27Z
2026-09-30T04:00:00Z,cepina,0.00,0.000,16,0,0.00,0.0,0,ok,rzc262730400vl.001.h5,2026-10-06T07:15:27Z
2026-09-30T03:55:00Z,cepina,0.00,0.000,16,0,0.00,0.0,0,ok,rzc262730355vl.001.h5,2026-10-06T07:15:27Z
2026-09-30T03:50:00Z,cepina,0.00,0.000,16,0,0.00,0.0,0,ok,rzc262730350vl.001.h5,2026-10-06T07:15:27Z
2026-09-30T03:45:00Z,cepina,0.00,0.000,16,0,0.00,0.0,0,ok,rzc262730345vl.001.h5,2026-10-06T07:15:27Z
2026-09-30T03:40:00Z,cepina,0.00,0.000,16,0,0.00,0.0,0,ok,rzc262730340vl.001.h5,2026-10-06T07:15:27Z
2026-09-30T03:35:00Z,cepina,0.00,0.000,16,0,0.00,0.0,0,ok,rzc262730335vl.001.h5,2026-10-06T07:15:27Z
2026-09-30T03:30:00Z,cepina,0.00,0.000,16,0,0.00,0.0,0,ok,rzc262730330vl.001.h5,2026-10-06T07:15:27Z
2026-09-30T03:25:00Z,cepina,0.00,0.000,16,0,0.01,0.0,0,ok,rzc262730325vl.001.h5,2026-10-06T07:15:27Z
2026-09-30T03:20:00Z,cepina,0.00,0.000,16,0,0.00,0.0,0,ok,rzc262730320vl.001.h5,2026-10-06T07:15:27Z
2026-09-30T03:15:00Z,cepina,0.00,0.000,16,0,0.00,0.0,0,ok,rzc262730315vl.001.h5,2026-10-06T07:15:27Z
2026-09-30T03:10:00Z,cepina,0.00,0.000,16,0,0.00,0.0,0,ok,rzc262730310vl.001.h5,2026-10-06T07:15:27Z
2026-09-30T03:05:00Z,cepina,0.00,0.000,16,0,0.00,0.0,0,ok,rzc262730305vl.001.h5,2026-10-06T07:15:27Z
2026-09-30T03:00:00Z,cepina,0.00,0.000,16,0,0.00,0.0,0,ok,rzc262730300vl.001.h5,2026-10-06T07:15:27Z
2026-09-30T02:55:00Z,cepina,0.00,0.000,16,0,0.01,0.0,0,ok,rzc262730255vl.001.h5,2026-10-06T07:15:27Z
2026-09-30T02:50:00Z,cepina,0.00,0.000,16,0,0.00,0.0,0,ok,rzc262730250vl.001.h5,2026-10-06T07:15:27Z
2026-09-30T02:45:00Z,cepina,0.00,0.000,16,0,0.00,0.0,0,ok,rzc262730245vl.001.h5,2026-10-06T07:15:27Z
2026-09-30T02:40:00Z,cepina,0.00,0.000,16,0,0.01,0.0,0,ok,rzc262730240vl.001.h5,2026-10-06T07:15:27Z
2026-09-30T02:35:00Z,cepina,0.00,0.000,16,0,0.00,0.0,0,ok,rzc262730235vl.001.h5,2026-10-06T07:15:27Z
2026-09-30T02:30:00Z,cepina,0.00,0.000,16,0,0.01,0.0,0,ok,rzc262730230vl.001.h5,2026-10-06T07:15:27Z
2026-09-30T02:25:00Z,cepina,0.00,0.000,16,0,0.00,0.0,0,ok,rzc262730225vl.001.h5,2026-10-06T07:15:27Z
2026-09-30T02:20:00Z,cepina,0.00,0.000,16,0,0.01,0.0,0,ok,rzc262730220vl.001.h5,2026-10-06T07:15:27Z
2026-09-30T02:15:00Z,cepina,0.00,0.000,16,0,0.00,0.0,0,ok,rzc262730215vl.001.h5,2026-10-06T07:15:27Z
2026-09-30T02:10:00Z,cepina,0.00,0.000,16,0,0.00,0.0,0,ok,rzc262730210vl.001.h5,2026-10-06T07:15:27Z
2026-09-30T02:05:00Z,cepina,0.00,0.000,16,0,0.00,0.0,0,ok,rzc262730205vl.001.h5,2026-10-06T07:15:27Z
2026-09-30T02:00:00Z,cepina,0.00,0.000,16,0,0.00,0.0,0,ok,rzc262730200vl.001.h5,2026-10-06T07:15:27Z
2026-09-30T01:55:00Z,cepina,0.00,0.000,16,0,0.00,0.0,0,ok,rzc262730155vl.001.h5,2026-10-06T07:15:27Z
2026-09-30T01:50:00Z,cepina,0.00,0.000,16,0,0.01,0.0,0,ok,rzc262730150vl.001.h5,2026-10-06T07:15:27Z
2026-09-30T01:45:00Z,cepina,0.00,0.000,16,0,0.00,0.0,0,ok,rzc262730145vl.001.h5,2026-10-06T07:15:27Z
2026-09-30T01:40:00Z,cepina,0.00,0.000,16,0,0.00,0.0,0,ok,rzc262730140vl.001.h5,2026-10-06T07:15:27Z
2026-09-30T01:35:00Z,cepina,0.00,0.000,16,0,0.00,0.0,0,ok,rzc262730135vl.001.h5,2026-10-06T07:15:27Z
2026-09-30T01:30:00Z,cepina,0.00,0.000,16,0,0.00,0.0,0,ok,rzc262730130vl.001.h5,2026-10-06T07:15:27Z
2026-09-30T01:25:00Z,cepina,0.00,0.000,16,0,0.00,0.0,0,ok,rzc262730125vl.001.h5,2026-10-06T07:15:27Z
2026-09-30T01:20:00Z,cepina,0.00,0.000,16,0,0.00,0.0,0,ok,rzc262730120vl.001.h5,2026-10-06T07:15:27Z
2026-09-30T01:15:00Z,cepina,0.00,0.000,16,0,0.00,0.0,0,ok,rzc262730115vl.001.h5,2026-10-06T07:15:27Z
2026-09-30T01:10:00Z,cepina,0.00,0.000,16,0,0.00,0.0,0,ok,rzc262730110vl.001.h5,2026-10-06T07:15:27Z
2026-09-30T01:05:00Z,cepina,0.00,0.000,16,0,0.00,0.0,0,ok,rzc262730105vl.001.h5,2026-10-06T07:15:27Z
2026-09-30T01:00:00Z,cepina,0.00,0.000,16,0,0.01,0.0,0,ok,rzc262730100vl.001.h5,2026-10-06T07:15:27Z
2026-09-30T00:55:00Z,cepina,0.00,0.000,16,0,0.00,0.0,0,ok,rzc262730055vl.001.h5,2026-10-06T07:15:27Z
2026-09-30T00:50:00Z,cepina,0.00,0.000,16,0,0.00,0.0,0,ok,rzc262730050vl.001.h5,2026-10-06T07:15:27Z
2026-09-30T00:45:00Z,cepina,0.00,0.000,16,0,0.00,0.0,0,ok,rzc262730045vl.001.h5,2026-10-06T07:15:27Z
2026-09-30T00:40:00Z,cepina,0.00,0.000,16,0,0.00,0.0,0,ok,rzc262730040vl.001.h5,2026-10-06T07:15:27Z
2026-09-30T00:35:00Z,cepina,0.00,0.000,16,0,0.00,0.0,0,ok,rzc262730035vl.001.h5,2026-10-06T07:15:27Z
2026-09-30T00:30:00Z,cepina,0.00,0.000,16,0,0.00,0.0,0,ok,rzc262730030vl.001.h5,2026-10-06T07:15:27Z
2026-09-30T00:25:00Z,cepina,0.00,0.000,16,0,0.00,0.0,0,ok,rzc262730025vl.001.h5,2026-10-06T07:15:27Z
2026-09-30T00:20:00Z,cepina,0.00,0.000,16,0,0.00,0.0,0,ok,rzc262730020vl.001.h5,2026-10-06T07:15:27Z
2026-09-30T00:15:00Z,cepina,0.00,0.000,16,0,0.00,0.0,0,ok,rzc262730015vl.001.h5,2026-10-06T07:15:27Z
2026-09-30T00:10:00Z,cepina,0.00,0.000,16,0,0.01,0.0,0,ok,rzc262730010vl.001.h5,2026-10-06T07:15:27Z
2026-09-30T00:05:00Z,cepina,0.00,0.000,16,0,0.00,0.0,0,ok,rzc262730005vl.001.h5,2026-10-06T07:15:27Z
2026-09-30T00:00:00Z,cepina,0.00,0.000,16,0,0.00,0.0,0,ok,rzc262730000vl.001.h5,2026-10-06T07:15:27Z
2026-09-29T23:55:00Z,cepina,0.00,0.000,16,0,0.00,0.0,0,ok,rzc262722355vl.001.h5,2026-10-06T07:15:27Z
2026-09-29T23:50:00Z,cepina,0.00,0.000,16,0,0.00,0.0,0,ok,rzc262722350vl.001.h5,2026-10-06T07:15:27Z
2026-09-29T23:45:00Z,cepina,0.00,0.000,16,0,0.00,0.0,0,ok,rzc262722345vl.001.h5,2026-10-06T07:15:27Z
2026-09-29T23:40:00Z,cepina,0.00,0.000,16,0,0.00,0.0,0,ok,rzc262722340vl.001.h5,2026-10-06T07:15:27Z
2026-09-29T23:35:00Z,cepina,0.00,0.000,16,0,0.00,0.0,0,ok,rzc262722335vl.001.h5,2026-10-06T07:15:27Z
2026-09-29T23:30:00Z,cepina,0.00,0.000,16,0,0.01,0.0,0,ok,rzc262722330vl.001.h5,2026-10-06T07:15:27Z
2026-09-29T23:25:00Z,cepina,0.00,0.000,16,0,0.00,0.0,0,ok,rzc262722325vl.001.h5,2026-10-06T07:15:27Z
2026-09-29T23:20:00Z,cepina,0.00,0.000,16,0,0.00,0.0,0,ok,rzc262722320vl.001.h5,2026-10-06T07:15:27Z
2026-09-29T23:15:00Z,cepina,0.00,0.000,16,0,0.00,0.0,0,ok,rzc262722315vl.001.h5,2026-10-06T07:15:27Z
2026-09-29T23:10:00Z,cepina,0.00,0.000,16,0,0.00,0.0,0,ok,rzc262722310vl.001.h5,2026-10-06T07:15:27Z
2026-09-29T23:05:00Z,cepina,0.00,0.000,16,0,0.00,0.0,0,ok,rzc262722305vl.001.h5,2026-10-06T07:15:27Z
2026-09-29T23:00:00Z,cepina,0.00,0.000,16,0,0.00,0.0,0,ok,rzc262722300vl.001.h5,2026-10-06T07:15:27Z
2026-09-29T22:55:00Z,cepina,0.00,0.000,16,0,0.00,0.0,0,ok,rzc262722255vl.001.h5,2026-10-06T07:15:27Z
2026-09-29T22:50:00Z,cepina,0.00,0.000,16,0,0.00,0.0,0,ok,rzc262722250vl.001.h5,2026-10-06T07:15:27Z
2026-09-29T22:45:00Z,cepina,0.00,0.000,16,0,0.00,0.0,0,ok,rzc262722245vl.001.h5,2026-10-06T07:15:27Z
2026-09-29T22:40:00Z,cepina,0.00,0.000,16,0,0.00,0.0,0,ok,rzc262722240vl.001.h5,2026-10-06T07:15:27Z
2026-09-29T22:35:00Z,cepina,0.00,0.000,16,0,0.00,0.0,0,ok,rzc262722235vl.001.h5,2026-10-06T07:15:27Z
2026-09-29T22:30:00Z,cepina,0.00,0.000,16,0,0.00,0.0,0,ok,rzc262722230vl.001.h5,2026-10-06T07:15:27Z
2026-09-29T22:25:00Z,cepina,0.00,0.000,16,0,0.00,0.0,0,ok,rzc262722225vl.001.h5,2026-10-06T07:15:27Z
2026-09-29T22:20:00Z,cepina,0.00,0.000,16,0,0.00,0.0,0,ok,rzc262722220vl.001.h5,2026-10-06T07:15:27Z
2026-09-29T22:15:00Z,cepina,0.00,0.000,16,0,0.00,0.0,0,ok,rzc262722215vl.001.h5,2026-10-06T07:15:27Z
2026-09-29T22:10:00Z,cepina,0.00,0.000,16,0,0.00,0.0,0,ok,rzc262722210vl.001.h5,2026-10-06T07:15:27Z
2026-09-29T22:05:00Z,cepina,0.00,0.000,16,0,0.00,0.0,0,ok,rzc262722205vl.001.h5,2026-10-06T07:15:27Z
2026-09-29T22:00:00Z,cepina,0.00,0.000,16,0,0.00,0.0,0,ok,rzc262722200vl.001.h5,2026-10-06T07:15:27Z
2026-09-29T21:55:00Z,cepina,0.00,0.000,16,0,0.01,0.0,0,ok,rzc262722155vl.001.h5,2026-10-06T07:15:27Z
2026-09-29T21:50:00Z,cepina,0.00,0.000,16,0,0.00,0.0,0,ok,rzc262722150vl.001.h5,2026-10-06T07:15:27Z
2026-09-29T21:45:00Z,cepina,0.00,0.000,16,0,0.00,0.0,0,ok,rzc262722145vl.001.h5,2026-10-06T07:15:27Z
2026-09-29T21:40:00Z,cepina,0.00,0.000,16,0,0.01,0.0,0,ok,rzc262722140vl.001.h5,2026-10-06T07:15:27Z
2026-09-29T21:35:00Z,cepina,0.00,0.000,16,0,0.00,0.0,0,ok,rzc262722135vl.001.h5,2026-10-06T07:15:27Z
2026-09-29T21:30:00Z,cepina,0.00,0.000,16,0,0.00,0.0,0,ok,rzc262722130vl.001.h5,2026-10-06T07:15:27Z
2026-09-29T21:25:00Z,cepina,0.00,0.000,16,0,0.00,0.0,0,ok,rzc262722125vl.001.h5,2026-10-06T07:15:27Z
2026-09-29T21:20:00Z,cepina,0.00,0.000,16,0,0.00,0.0,0,ok,rzc262722120vl.001.h5,2026-10-06T07:15:27Z
2026-09-29T21:15:00Z,cepina,0.00,0.000,16,0,0.00,0.0,0,ok,rzc262722115vl.001.h5,2026-10-06T07:15:27Z
2026-09-29T21:10:00Z,cepina,0.00,0.000,16,0,0.01,0.0,0,ok,rzc262722110vl.001.h5,2026-10-06T07:15:27Z
2026-09-29T21:05:00Z,cepina,0.00,0.000,16,0,0.00,0.0,0,ok,rzc262722105vl.001.h5,2026-10-06T07:15:27Z
2026-09-29T21:00:00Z,cepina,0.00,0.000,16,0,0.00,0.0,0,ok,rzc262722100vl.001.h5,2026-10-06T07:15:27Z
2026-09-29T20:55:00Z,cepina,0.00,0.000,16,0,0.00,0.0,0,ok,rzc262722055vl.001.h5,2026-10-06T07:15:27Z
2026-09-29T20:50:00Z,cepina,0.00,0.000,16,0,0.00,0.0,0,ok,rzc262722050vl.001.h5,2026-10-06T07:15:27Z
2026-09-29T20:45:00Z,cepina,0.00,0.000,16,0,0.00,0.0,0,ok,rzc262722045vl.001.h5,2026-10-06T07:15:27Z
2026-09-29T20:40:00Z,cepina,0.00,0.000,16,0,0.00,0.0,0,ok,rzc262722040vl.001.h5,2026-10-06T07:15:27Z
2026-09-29T20:35:00Z,cepina,0.00,0.000,16,0,0.00,0.0,0,ok,rzc262722035vl.001.h5,2026-10-06T07:15:27Z
2026-09-29T20:30:00Z,cepina,0.00,0.000,16,0,0.01,0.0,0,ok,rzc262722030vl.001.h5,2026-10-06T07:15:27Z
2026-09-29T20:25:00Z,cepina,0.00,0.000,16,0,0.00,0.0,0,ok,rzc262722025vl.001.h5,2026-10-06T07:15:27Z
2026-09-29T20:20:00Z,cepina,0.00,0.000,16,0,0.00,0.0,0,ok,rzc262722020vl.001.h5,2026-10-06T07:15:27Z
2026-09-29T20:15:00Z,cepina,0.00,0.000,16,0,0.00,0.0,0,ok,rzc262722015vl.001.h5,2026-10-06T07:15:27Z
2026-09-29T20:10:00Z,cepina,0.00,0.000,16,0,0.00,0.0,0,ok,rzc262722010vl.001.h5,2026-10-06T07:15:27Z
2026-09-29T20:05:00Z,cepina,0.00,0.000,16,0,0.00,0.0,0,ok,rzc262722005vl.001.h5,2026-10-06T07:15:27Z
2026-09-29T20:00:00Z,cepina,0.00,0.000,16,0,0.00,0.0,0,ok,rzc262722000vl.001.h5,2026-10-06T07:15:27Z
2026-09-29T19:55:00Z,cepina,0.00,0.000,16,0,0.00,0.0,0,ok,rzc262721955vl.001.h5,2026-10-06T07:15:27Z
2026-09-29T19:50:00Z,cepina,0.00,0.000,16,0,0.00,0.0,0,ok,rzc262721950vl.001.h5,2026-10-06T07:15:27Z
2026-09-29T19:45:00Z,cepina,0.00,0.000,16,0,0.00,0.0,0,ok,rzc262721945vl.001.h5,2026-10-06T07:15:27Z
2026-09-29T19:40:00Z,cepina,0.00,0.000,16,0,0.00,0.0,0,ok,rzc262721940vl.001.h5,2026-10-06T07:15:27Z
2026-09-29T19:35:00Z,cepina,0.00,0.000,16,0,0.00,0.0,0,ok,rzc262721935vl.001.h5,2026-10-06T07:15:27Z
2026-09-29T19:30:00Z,cepina,0.00,0.000,16,0,0.00,0.0,0,ok,rzc262721930vl.001.h5,2026-10-06T07:15:27Z
2026-09-29T19:25:00Z,cepina,0.00,0.000,16,0,0.00,0.0,0,ok,rzc262721925vl.001.h5,2026-10-06T07:15:27Z
2026-09-29T19:20:00Z,cepina,0.00,0.000,16,0,0.00,0.0,0,ok,rzc262721920vl.001.h5,2026-10-06T07:15:27Z
2026-09-29T19:15:00Z,cepina,0.00,0.000,16,0,0.00,0.0,0,ok,rzc262721915vl.001.h5,2026-10-06T07:15:27Z
2026-09-29T19:10:00Z,cepina,0.00,0.000,16,0,0.00,0.0,0,ok,rzc262721910vl.001.h5,2026-10-06T07:15:27Z
2026-09-29T19:05:00Z,cepina,0.00,0.000,16,0,0.00,0.0,0,ok,rzc262721905vl.001.h5,2026-10-06T07:15:27Z
2026-09-29T19:00:00Z,cepina,0.00,0.000,16,0,0.00,0.0,0,ok,rzc262721900vl.001.h5,2026-10-06T07:15:27Z
2026-09-29T18:55:00Z,cepina,0.00,0.000,16,0,0.00,0.0,0,ok,rzc262721855vl.001.h5,2026-10-06T07:15:27Z
2026-09-29T18:50:00Z,cepina,0.00,0.000,16,0,0.00,0.0,0,ok,rzc262721850vl.001.h5,2026-10-06T07:15:27Z
2026-09-29T18:45:00Z,cepina,0.00,0.000,16,0,0.00,0.0,0,ok,rzc262721845vl.001.h5,2026-10-06T07:15:27Z
2026-09-29T18:40:00Z,cepina,0.00,0.000,16,0,0.00,0.0,0,ok,rzc262721840vl.001.h5,2026-10-06T07:15:27Z
2026-09-29T18:35:00Z,cepina,0.00,0.000,16,0,0.00,0.0,0,ok,rzc262721835vl.001.h5,2026-10-06T07:15:27Z
2026-09-29T18:30:00Z,cepina,0.00,0.000,16,0,0.00,0.0,0,ok,rzc262721830vl.001.h5,2026-10-06T07:15:27Z
2026-09-29T18:25:00Z,cepina,0.00,0.000,16,0,0.00,0.0,0,ok,rzc262721825vl.001.h5,2026-10-06T07:15:27Z
2026-09-29T18:20:00Z,cepina,0.00,0.000,16,0,0.00,0.0,0,ok,rzc262721820vl.001.h5,2026-10-06T07:15:27Z
2026-09-29T18:15:00Z,cepina,0.00,0.000,16,0,0.00,0.0,0,ok,rzc262721815vl.001.h5,2026-10-06T07:15:27Z
2026-09-29T18:10:00Z,cepina,0.00,0.000,16,0,0.00,0.0,0,ok,rzc262721810vl.001.h5,2026-10-06T07:15:27Z
2026-09-29T18:05:00Z,cepina,0.00,0.000,16,0,0.00,0.0,0,ok,rzc262721805vl.001.h5,2026-10-06T07:15:27Z
2026-09-29T18:00:00Z,cepina,0.00,0.000,16,0,0.00,0.0,0,ok,rzc262721800vl.001.h5,2026-10-06T07:15:27Z
2026-09-29T17:55:00Z,cepina,0.00,0.000,16,0,0.00,0.0,0,ok,rzc262721755vl.001.h5,2026-10-06T07:15:27Z
2026-09-29T17:50:00Z,cepina,0.00,0.000,16,0,0.00,0.0,0,ok,rzc262721750vl.001.h5,2026-10-06T07:15:27Z
2026-09-29T17:45:00Z,cepina,0.00,0.000,16,0,0.00,0.0,0,ok,rzc262721745vl.001.h5,2026-10-06T07:15:27Z
2026-09-29T17:40:00Z,cepina,0.00,0.000,16,0,0.00,0.0,0,ok,rzc262721740vl.001.h5,2026-10-06T07:15:27Z
2026-09-29T17:35:00Z,cepina,0.00,0.000,16,0,0.00,0.0,0,ok,rzc262721735vl.001.h5,2026-10-06T07:15:27Z
2026-09-29T17:30:00Z,cepina,0.00,0.000,16,0,0.00,0.0,0,ok,rzc262721730vl.001.h5,2026-10-06T07:15:27Z
2026-09-29T17:25:00Z,cepina,0.00,0.000,16,0,0.00,0.0,0,ok,rzc262721725vl.001.h5,2026-10-06T07:15:27Z
2026-09-29T17:20:00Z,cepina,0.00,0.000,16,0,0.00,0.0,0,ok,rzc262721720vl.001.h5,2026-10-06T07:15:27Z
2026-09-29T17:15:00Z,cepina,0.00,0.000,16,0,0.00,0.0,0,ok,rzc262721715vl.001.h5,2026-10-06T07:15:27Z
2026-09-29T17:10:00Z,cepina,0.00,0.000,16,0,0.00,0.0,0,ok,rzc262721710vl.001.h5,2026-10-06T07:15:27Z
2026-09-29T17:05:00Z,cepina,0.00,0.000,16,0,0.00,0.0,0,ok,rzc262721705vl.001.h5,2026-10-06T07:15:27Z
2026-09-29T17:00:00Z,cepina,0.00,0.000,16,0,0.00,0.0,0,ok,rzc262721700vl.001.h5,2026-10-06T07:15:27Z
2026-09-29T16:55:00Z,cepina,0.00,0.000,16,0,0.00,0.0,0,ok,rzc262721655vl.001.h5,2026-10-06T07:15:27Z
2026-09-29T16:50:00Z,cepina,0.00,0.000,16,0,0.00,0.0,0,ok,rzc262721650vl.001.h5,2026-10-06T07:15:27Z
2026-09-29T16:45:00Z,cepina,0.00,0.000,16,0,0.00,0.0,0,ok,rzc262721645vl.001.h5,2026-10-06T07:15:27Z
2026-09-29T16:40:00Z,cepina,0.00,0.000,16,0,0.00,0.0,0,ok,rzc262721640vl.001.h5,2026-10-06T07:15:27Z
2026-09-29T16:35:00Z,cepina,0.00,0.000,16,0,0.00,0.0,0,ok,rzc262721635vl.001.h5,2026-10-06T07:15:27Z
2026-09-29T16:30:00Z,cepina,0.00,0.000,16,0,0.00,0.0,0,ok,rzc262721630vl.001.h5,2026-10-06T07:15:27Z
2026-09-29T16:25:00Z,cepina,0.00,0.000,16,0,0.00,0.0,0,ok,rzc262721625vl.001.h5,2026-10-06T07:15:27Z
2026-09-29T16:20:00Z,cepina,0.00,0.000,16,0,0.00,0.0,0,ok,rzc262721620vl.001.h5,2026-10-06T07:15:27Z
2026-09-29T16:15:00Z,cepina,0.00,0.000,16,0,0.00,0.0,0,ok,rzc262721615vl.001.h5,2026-10-06T07:15:27Z
2026-09-29T16:10:00Z,cepina,0.00,0.000,16,0,0.00,0.0,0,ok,rzc262721610vl.001.h5,2026-10-06T07:15:27Z
2026-09-29T16:05:00Z,cepina,0.00,0.000,16,0,0.00,0.0,0,ok,rzc262721605vl.001.h5,2026-10-06T07:15:27Z
2026-09-29T16:00:00Z,cepina,0.00,0.000,16,0,0.00,0.0,0,ok,rzc262721600vl.001.h5,2026-10-06T07:15:27Z
2026-09-29T15:55:00Z,cepina,0.00,0.000,16,0,0.00,0.0,0,ok,rzc262721555vl.001.h5,2026-10-06T07:15:27Z
2026-09-29T15:50:00Z,cepina,0.00,0.000,16,0,0.00,0.0,0,ok,rzc262721550vl.001.h5,2026-10-06T07:15:27Z
2026-09-29T15:45:00Z,cepina,0.00,0.000,16,0,0.00,0.0,0,ok,rzc262721545vl.001.h5,2026-10-06T07:15:27Z
2026-09-29T15:40:00Z,cepina,0.00,0.000,16,0,0.00,0.0,0,ok,rzc262721540vl.001.h5,2026-10-06T07:15:27Z
2026-09-29T15:35:00Z,cepina,0.00,0.000,16,0,0.00,0.0,0,ok,rzc262721535vl.001.h5,2026-10-06T07:15:27Z
2026-09-29T15:30:00Z,cepina,0.00,0.000,16,0,0.00,0.0,0,ok,rzc262721530vl.001.h5,2026-10-06T07:15:27Z
2026-09-29T15:25:00Z,cepina,0.00,0.000,16,0,0.00,0.0,0,ok,rzc262721525vl.001.h5,2026-10-06T07:15:27Z
2026-09-29T15:20:00Z,cepina,0.00,0.000,16,0,0.00,0.0,0,ok,rzc262721520vl.001.h5,2026-10-06T07:15:27Z
2026-09-29T15:15:00Z,cepina,0.00,0.000,16,0,0.00,0.0,0,ok,rzc262721515vl.001.h5,2026-10-06T07:15:27Z
2026-09-29T15:10:00Z,cepina,0.00,0.000,16,0,0.00,0.0,0,ok,rzc262721510vl.001.h5,2026-10-06T07:15:27Z
2026-09-29T15:05:00Z,cepina,0.00,0.000,16,0,0.00,0.0,0,ok,rzc262721505vl.001.h5,2026-10-06T07:15:27Z
2026-09-29T15:00:00Z,cepina,0.00,0.000,16,0,0.00,0.0,0,ok,rzc262721500vl.001.h5,2026-10-06T07:15:27Z
2026-09-29T14:55:00Z,cepina,0.00,0.000,16,0,0.00,0.0,0,ok,rzc262721455vl.001.h5,2026-10-06T07:15:27Z
2026-09-29T14:50:00Z,cepina,0.00,0.000,16,0,0.00,0.0,0,ok,rzc262721450vl.001.h5,2026-10-06T07:15:27Z
2026-09-29T14:45:00Z,cepina,0.00,0.000,16,0,0.00,0.0,0,ok,rzc262721445vl.001.h5,2026-10-06T07:15:27Z
2026-09-29T14:40:00Z,cepina,0.00,0.000,16,0,0.00,0.0,0,ok,rzc262721440vl.001.h5,2026-10-06T07:15:27Z
2026-09-29T14:35:00Z,cepina,0.00,0.000,16,0,0.00,0.0,0,ok,rzc262721435vl.001.h5,2026-10-06T07:15:27Z
2026-09-29T14:30:00Z,cepina,0.00,0.000,16,0,0.00,0.0,0,ok,rzc262721430vl.001.h5,2026-10-06T07:15:27Z
2026-09-29T14:25:00Z,cepina,0.00,0.000,16,0,0.00,0.0,0,ok,rzc262721425vl.001.h5,2026-10-06T07:15:27Z
2026-09-29T14:20:00Z,cepina,0.00,0.000,16,0,0.00,0.0,0,ok,rzc262721420vl.001.h5,2026-10-06T07:15:27Z
2026-09-29T14:15:00Z,cepina,0.00,0.000,16,0,0.00,0.0,0,ok,rzc262721415vl.001.h5,2026-10-06T07:15:27Z
2026-09-29T14:10:00Z,cepina,0.00,0.000,16,0,0.00,0.0,0,ok,rzc262721410vl.001.h5,2026-10-06T07:15:27Z
2026-09-29T14:05:00Z,cepina,0.00,0.000,16,0,0.00,0.0,0,ok,rzc262721405vl.001.h5,2026-10-06T07:15:27Z
2026-09-29T14:00:00Z,cepina,0.00,0.000,16,0,0.00,0.0,0,ok,rzc262721400vl.001.h5,2026-10-06T07:15:27Z
2026-09-29T13:55:00Z,cepina,0.00,0.000,16,0,0.00,0.0,0,ok,rzc262721355vl.001.h5,2026-10-06T07:15:27Z
2026-09-29T13:50:00Z,cepina,0.00,0.000,16,0,0.00,0.0,0,ok,rzc262721350vl.001.h5,2026-10-06T07:15:27Z
2026-09-29T13:45:00Z,cepina,0.00,0.000,16,0,0.00,0.0,0,ok,rzc262721345vl.001.h5,2026-10-06T07:15:27Z
2026-09-29T13:40:00Z,cepina,0.00,0.000,16,0,0.00,0.0,0,ok,rzc262721340vl.001.h5,2026-10-06T07:15:27Z
2026-09-29T13:35:00Z,cepina,0.00,0.000,16,0,0.00,0.0,0,ok,rzc262721335vl.001.h5,2026-10-06T07:15:27Z
2026-09-29T13:30:00Z,cepina,0.00,0.000,16,0,0.00,0.0,0,ok,rzc262721330vl.001.h5,2026-10-06T07:15:27Z
2026-09-29T13:25:00Z,cepina,0.00,0.000,16,0,0.01,0.0,0,ok,rzc262721325vl.001.h5,2026-10-06T07:15:27Z
2026-09-29T13:20:00Z,cepina,0.00,0.000,16,0,0.00,0.0,0,ok,rzc262721320vl.001.h5,2026-10-06T07:15:27Z
2026-09-29T13:15:00Z,cepina,0.00,0.000,16,0,0.00,0.0,0,ok,rzc262721315vl.001.h5,2026-10-06T07:15:27Z
2026-09-29T13:10:00Z,cepina,0.00,0.000,16,0,0.00,0.0,0,ok,rzc262721310vl.001.h5,2026-10-06T07:15:27Z
2026-09-29T13:05:00Z,cepina,0.00,0.000,16,0,0.00,0.0,0,ok,rzc262721305vl.001.h5,2026-10-06T07:15:27Z
2026-09-29T13:00:00Z,cepina,0.00,0.000,16,0,0.00,0.0,0,ok,rzc262721300vl.001.h5,2026-10-06T07:15:27Z
2026-09-29T12:55:00Z,cepina,0.00,0.000,16,0,0.00,0.0,0,ok,rzc262721255vl.001.h5,2026-10-06T07:15:27Z
2026-09-29T12:50:00Z,cepina,0.00,0.000,16,0,0.00,0.0,0,ok,rzc262721250vl.001.h5,2026-10-06T07:15:27Z
2026-09-29T12:45:00Z,cepina,0.00,0.000,16,0,0.00,0.0,0,ok,rzc262721245vl.001.h5,2026-10-06T07:15:27Z
2026-09-29T12:40:00Z,cepina,0.00,0.000,16,0,0.00,0.0,0,ok,rzc262721240vl.001.h5,2026-10-06T07:15:27Z
2026-09-29T12:35:00Z,cepina,0.00,0.000,16,0,0.00,0.0,0,ok,rzc262721235vl.001.h5,2026-10-06T07:15:27Z
2026-09-29T12:30:00Z,cepina,0.00,0.000,16,0,0.00,0.0,0,ok,rzc262721230vl.001.h5,2026-10-06T07:15:27Z
2026-09-29T12:25:00Z,cepina,0.00,0.000,16,0,0.00,0.0,0,ok,rzc262721225vl.001.h5,2026-10-06T07:15:27Z
2026-09-29T12:20:00Z,cepina,0.00,0.000,16,0,0.00,0.0,0,ok,rzc262721220vl.001.h5,2026-10-06T07:15:27Z
2026-09-29T12:15:00Z,cepina,0.00,0.000,16,0,0.00,0.0,0,ok,rzc262721215vl.001.h5,2026-10-06T07:15:27Z
2026-09-29T12:10:00Z,cepina,0.00,0.000,16,0,0.00,0.0,0,ok,rzc262721210vl.001.h5,2026-10-06T07:15:27Z
2026-09-29T12:05:00Z,cepina,0.00,0.000,16,0,0.00,0.0,0,ok,rzc262721205vl.001.h5,2026-10-06T07:15:27Z
2026-09-29T12:00:00Z,cepina,0.00,0.000,16,0,0.00,0.0,0,ok,rzc262721200vl.001.h5,2026-10-06T07:15:27Z
2026-09-29T11:55:00Z,cepina,0.00,0.000,16,0,0.00,0.0,0,ok,rzc262721155vl.001.h5,2026-10-06T07:15:27Z
2026-09-29T11:50:00Z,cepina,0.00,0.000,16,0,0.00,0.0,0,ok,rzc262721150vl.001.h5,2026-10-06T07:15:27Z
2026-09-29T11:45:00Z,cepina,0.00,0.000,16,0,0.00,0.0,0,ok,rzc262721145vl.001.h5,2026-10-06T07:15:27Z
2026-09-29T11:40:00Z,cepina,0.00,0.000,16,0,0.00,0.0,0,ok,rzc262721140vl.001.h5,2026-10-06T07:15:27Z
2026-09-29T11:35:00Z,cepina,0.00,0.000,16,0,0.00,0.0,0,ok,rzc262721135vl.001.h5,2026-10-06T07:15:27Z
2026-09-29T11:30:00Z,cepina,0.00,0.000,16,0,0.00,0.0,0,ok,rzc262721130vl.001.h5,2026-10-06T07:15:27Z
2026-09-29T11:25:00Z,cepina,0.00,0.000,16,0,0.00,0.0,0,ok,rzc262721125vl.001.h5,2026-10-06T07:15:27Z
2026-09-29T11:20:00Z,cepina,0.00,0.000,16,0,0.00,0.0,0,ok,rzc262721120vl.001.h5,2026-10-06T07:15:27Z
2026-09-29T11:15:00Z,cepina,0.00,0.000,16,0,0.00,0.0,0,ok,rzc262721115vl.001.h5,2026-10-06T07:15:27Z
2026-09-29T11:10:00Z,cepina,0.00,0.000,16,0,0.00,0.0,0,ok,rzc262721110vl.001.h5,2026-10-06T07:15:27Z
2026-09-29T11:05:00Z,cepina,0.00,0.000,16,0,0.00,0.0,0,ok,rzc262721105vl.001.h5,2026-10-06T07:15:27Z
2026-09-29T11:00:00Z,cepina,0.00,0.000,16,0,0.00,0.0,0,ok,rzc262721100vl.001.h5,2026-10-06T07:15:27Z
2026-09-29T10:55:00Z,cepina,0.00,0.000,16,0,0.00,0.0,0,ok,rzc262721055vl.001.h5,2026-10-06T07:15:27Z
2026-09-29T10:50:00Z,cepina,0.00,0.000,16,0,0.00,0.0,0,ok,rzc262721050vl.001.h5,2026-10-06T07:15:27Z
2026-09-29T10:45:00Z,cepina,0.00,0.000,16,0,0.00,0.0,0,ok,rzc262721045vl.001.h5,2026-10-06T07:15:27Z
2026-09-29T10:40:00Z,cepina,0.00,0.000,16,0,0.00,0.0,0,ok,rzc262721040vl.001.h5,2026-10-06T07:15:27Z
2026-09-29T10:35:00Z,cepina,0.00,0.000,16,0,0.00,0.0,0,ok,rzc262721035vl.001.h5,2026-10-06T07:15:27Z
2026-09-29T10:30:00Z,cepina,0.00,0.000,16,0,0.00,0.0,0,ok,rzc262721030vl.001.h5,2026-10-06T07:15:27Z
2026-09-29T10:25:00Z,cepina,0.00,0.000,16,0,0.00,0.0,0,ok,rzc262721025vl.001.h5,2026-10-06T07:15:27Z
2026-09-29T10:20:00Z,cepina,0.00,0.000,16,0,0.00,0.0,0,ok,rzc262721020vl.001.h5,2026-10-06T07:15:27Z
2026-09-29T10:15:00Z,cepina,0.00,0.000,16,0,0.00,0.0,0,ok,rzc262721015vl.001.h5,2026-10-06T07:15:27Z
2026-09-29T10:10:00Z,cepina,0.00,0.000,16,0,0.00,0.0,0,ok,rzc262721010vl.001.h5,2026-10-06T07:15:27Z
2026-09-29T10:05:00Z,cepina,0.00,0.000,16,0,0.00,0.0,0,ok,rzc262721005vl.001.h5,2026-10-06T07:15:27Z
2026-09-29T10:00:00Z,cepina,0.00,0.000,16,0,0.00,0.0,0,ok,rzc262721000vl.001.h5,2026-10-06T07:15:27Z
2026-09-29T09:55:00Z,cepina,0.00,0.000,16,0,0.00,0.0,0,ok,rzc262720955vl.001.h5,2026-10-06T07:15:27Z
2026-09-29T09:50:00Z,cepina,0.00,0.000,16,0,0.00,0.0,0,ok,rzc262720950vl.001.h5,2026-10-06T07:15:27Z
2026-09-29T09:45:00Z,cepina,0.00,0.000,16,0,0.00,0.0,0,ok,rzc262720945vl.001.h5,2026-10-06T07:15:27Z
2026-09-29T09:40:00Z,cepina,0.00,0.000,16,0,0.00,0.0,0,ok,rzc262720940vl.001.h5,2026-10-06T07:15:27Z
2026-09-29T09:35:00Z,cepina,0.00,0.000,16,0,0.00,0.0,0,ok,rzc262720935vl.001.h5,2026-10-06T07:15:27Z
2026-09-29T09:30:00Z,cepina,0.00,0.000,16,0,0.00,0.0,0,ok,rzc262720930vl.001.h5,2026-10-06T07:15:27Z
2026-09-29T09:25:00Z,cepina,0.00,0.000,16,0,0.00,0.0,0,ok,rzc262720925vl.001.h5,2026-10-06T07:15:27Z
2026-09-29T09:20:00Z,cepina,0.00,0.000,16,0,0.00,0.0,0,ok,rzc262720920vl.001.h5,2026-10-06T07:15:27Z
2026-09-29T09:15:00Z,cepina,0.00,0.000,16,0,0.00,0.0,0,ok,rzc262720915vl.001.h5,2026-10-06T07:15:27Z
2026-09-29T09:10:00Z,cepina,0.00,0.000,16,0,0.00,0.0,0,ok,rzc262720910vl.001.h5,2026-10-06T07:15:27Z
2026-09-29T09:05:00Z,cepina,0.00,0.000,16,0,0.00,0.0,0,ok,rzc262720905vl.001.h5,2026-10-06T07:15:27Z
2026-09-29T09:00:00Z,cepina,0.00,0.000,16,0,0.00,0.0,0,ok,rzc262720900vl.001.h5,2026-10-06T07:15:27Z
2026-09-29T08:55:00Z,cepina,0.00,0.000,16,0,0.00,0.0,0,ok,rzc262720855vl.001.h5,2026-10-06T07:15:27Z
2026-09-29T08:50:00Z,cepina,0.00,0.000,16,0,0.00,0.0,0,ok,rzc262720850vl.001.h5,2026-10-06T07:15:27Z
2026-09-29T08:45:00Z,cepina,0.00,0.000,16,0,0.00,0.0,0,ok,rzc262720845vl.001.h5,2026-10-06T07:15:27Z
2026-09-29T08:40:00Z,cepina,0.00,0.000,16,0,0.00,0.0,0,ok,rzc262720840vl.001.h5,2026-10-06T07:15:27Z
2026-09-29T08:35:00Z,cepina,0.00,0.000,16,0,0.00,0.0,0,ok,rzc262720835vl.001.h5,2026-10-06T07:15:27Z
2026-09-29T08:30:00Z,cepina,0.00,0.000,16,0,0.00,0.0,0,ok,rzc262720830vl.001.h5,2026-10-06T07:15:27Z
2026-09-29T08:25:00Z,cepina,0.00,0.000,16,0,0.00,0.0,0,ok,rzc262720825vl.001.h5,2026-10-06T07:15:27Z
2026-09-29T08:20:00Z,cepina,0.00,0.000,16,0,0.00,0.0,0,ok,rzc262720820vl.001.h5,2026-10-06T07:15:27Z
2026-09-29T08:15:00Z,cepina,0.00,0.000,16,0,0.00,0.0,0,ok,rzc262720815vl.001.h5,2026-10-06T07:15:27Z
2026-09-29T08:10:00Z,cepina,0.00,0.000,16,0,0.00,0.0,0,ok,rzc262720810vl.001.h5,2026-10-06T07:15:27Z
2026-09-29T08:05:00Z,cepina,0.00,0.000,16,0,0.00,0.0,0,ok,rzc262720805vl.001.h5,2026-10-06T07:15:27Z
2026-09-29T08:00:00Z,cepina,0.00,0.000,16,0,0.00,0.0,0,ok,rzc262720800vl.001.h5,2026-10-06T07:15:27Z
2026-09-29T07:55:00Z,cepina,0.00,0.000,16,0,0.00,0.0,0,ok,rzc262720755vl.001.h5,2026-10-06T07:15:27Z
2026-09-29T07:50:00Z,cepina,0.00,0.000,16,0,0.00,0.0,0,ok,rzc262720750vl.001.h5,2026-10-06T07:15:27Z
2026-09-29T07:45:00Z,cepina,0.00,0.000,16,0,0.00,0.0,0,ok,rzc262720745vl.001.h5,2026-10-06T07:15:27Z
2026-09-29T07:40:00Z,cepina,0.00,0.000,16,0,0.00,0.0,0,ok,rzc262720740vl.001.h5,2026-10-06T07:15:27Z
2026-09-29T07:35:00Z,cepina,0.00,0.000,16,0,0.00,0.0,0,ok,rzc262720735vl.001.h5,2026-10-06T07:15:27Z
2026-09-29T07:30:00Z,cepina,0.00,0.000,16,0,0.00,0.0,0,ok,rzc262720730vl.001.h5,2026-10-06T07:15:27Z
2026-09-29T07:25:00Z,cepina,0.00,0.000,16,0,0.00,0.0,0,ok,rzc262720725vl.001.h5,2026-10-06T07:15:27Z
2026-09-29T07:20:00Z,cepina,0.00,0.000,16,0,0.00,0.0,0,ok,rzc262720720vl.001.h5,2026-10-06T07:15:27Z
2026-09-29T07:15:00Z,cepina,0.00,0.000,16,0,0.00,0.0,0,ok,rzc262720715vl.001.h5,2026-10-06T07:15:27Z
2026-09-29T07:10:00Z,cepina,0.00,0.000,16,0,0.00,0.0,0,ok,rzc262720710vl.001.h5,2026-10-06T07:15:27Z
2026-09-29T07:05:00Z,cepina,0.00,0.000,16,0,0.00,0.0,0,ok,rzc262720705vl.001.h5,2026-10-06T07:15:27Z
2026-09-29T07:00:00Z,cepina,0.00,0.000,16,0,0.00,0.0,0,ok,rzc262720700vl.001.h5,2026-10-06T07:15:27Z
2026-09-29T06:55:00Z,cepina,0.00,0.000,16,0,0.00,0.0,0,ok,rzc262720655vl.001.h5,2026-10-06T07:15:27Z
2026-09-29T06:50:00Z,cepina,0.00,0.000,16,0,0.00,0.0,0,ok,rzc262720650vl.001.h5,2026-10-06T07:15:27Z
2026-09-29T06:45:00Z,cepina,0.00,0.000,16,0,0.00,0.0,0,ok,rzc262720645vl.001.h5,2026-10-06T07:15:27Z
2026-09-29T06:40:00Z,cepina,0.00,0.000,16,0,0.00,0.0,0,ok,rzc262720640vl.001.h5,2026-10-06T07:15:27Z
2026-09-29T06:35:00Z,cepina,0.00,0.000,16,0,0.00,0.0,0,ok,rzc262720635vl.001.h5,2026-10-06T07:15:27Z
2026-09-29T06:30:00Z,cepina,0.00,0.000,16,0,0.00,0.0,0,ok,rzc262720630vl.001.h5,2026-10-06T07:15:27Z
2026-09-29T06:25:00Z,cepina,0.00,0.000,16,0,0.00,0.0,0,ok,rzc262720625vl.001.h5,2026-10-06T07:15:27Z
2026-09-29T06:20:00Z,cepina,0.00,0.000,16,0,0.00,0.0,0,ok,rzc262720620vl.001.h5,2026-10-06T07:15:27Z
2026-09-29T06:15:00Z,cepina,0.00,0.000,16,0,0.00,0.0,0,ok,rzc262720615vl.001.h5,2026-10-06T07:15:27Z
2026-09-29T06:10:00Z,cepina,0.00,0.000,16,0,0.00,0.0,0,ok,rzc262720610vl.001.h5,2026-10-06T07:15:27Z
2026-09-29T06:05:00Z,cepina,0.00,0.000,16,0,0.00,0.0,0,ok,rzc262720605vl.001.h5,2026-10-06T07:15:27Z
2026-09-29T06:00:00Z,cepina,0.00,0.000,16,0,0.00,0.0,0,ok,rzc262720600vl.001.h5,2026-10-06T07:15:27Z
2026-09-29T05:55:00Z,cepina,0.00,0.000,16,0,0.01,0.0,0,ok,rzc262720555vl.001.h5,2026-10-06T07:15:27Z
2026-09-29T05:50:00Z,cepina,0.00,0.000,16,0,0.00,0.0,0,ok,rzc262720550vl.001.h5,2026-10-06T07:15:27Z
2026-09-29T05:45:00Z,cepina,0.00,0.000,16,0,0.00,0.0,0,ok,rzc262720545vl.001.h5,2026-10-06T07:15:27Z
2026-09-29T05:40:00Z,cepina,0.00,0.000,16,0,0.00,0.0,0,ok,rzc262720540vl.001.h5,2026-10-06T07:15:27Z
2026-09-29T05:35:00Z,cepina,0.00,0.000,16,0,0.00,0.0,0,ok,rzc262720535vl.001.h5,2026-10-06T07:15:27Z
2026-09-29T05:30:00Z,cepina,0.00,0.000,16,0,0.00,0.0,0,ok,rzc262720530vl.001.h5,2026-10-06T07:15:27Z
2026-09-29T05:25:00Z,cepina,0.00,0.000,16,0,0.00,0.0,0,ok,rzc262720525vl.001.h5,2026-10-06T07:15:27Z
2026-09-29T05:20:00Z,cepina,0.00,0.000,16,0,0.00,0.0,0,ok,rzc262720520vl.001.h5,2026-10-06T07:15:27Z
2026-09-29T05:15:00Z,cepina,0.00,0.000,16,0,0.00,0.0,0,ok,rzc262720515vl.001.h5,2026-10-06T07:15:27Z
2026-09-29T05:10:00Z,cepina,0.00,0.000,16,0,0.00,0.0,0,ok,rzc262720510vl.001.h5,2026-10-06T07:15:27Z
2026-09-29T05:05:00Z,cepina,0.00,0.000,16,0,0.00,0.0,0,ok,rzc262720505vl.001.h5,2026-10-06T07:15:27Z
2026-09-29T05:00:00Z,cepina,0.00,0.000,16,0,0.00,0.0,0,ok,rzc262720500vl.001.h5,2026-10-06T07:15:27Z
2026-09-29T04:55:00Z,cepina,0.00,0.000,16,0,0.00,0.0,0,ok,rzc262720455vl.001.h5,2026-10-06T07:15:27Z
2026-09-29T04:50:00Z,cepina,0.00,0.000,16,0,0.00,0.0,0,ok,rzc262720450vl.001.h5,2026-10-06T07:15:27Z
2026-09-29T04:45:00Z,cepina,0.00,0.000,16,0,0.00,0.0,0,ok,rzc262720445vl.001.h5,2026-10-06T07:15:27Z
2026-09-29T04:40:00Z,cepina,0.00,0.000,16,0,0.00,0.0,0,ok,rzc262720440vl.001.h5,2026-10-06T07:15:27Z
2026-09-29T04:35:00Z,cepina,0.00,0.000,16,0,0.00,0.0,0,ok,rzc262720435vl.001.h5,2026-10-06T07:15:27Z
2026-09-29T04:30:00Z,cepina,0.00,0.000,16,0,0.00,0.0,0,ok,rzc262720430vl.001.h5,2026-10-06T07:15:27Z
2026-09-29T04:25:00Z,cepina,0.00,0.000,16,0,0.00,0.0,0,ok,rzc262720425vl.001.h5,2026-10-06T07:15:27Z
2026-09-29T04:20:00Z,cepina,0.00,0.000,16,0,0.00,0.0,0,ok,rzc262720420vl.001.h5,2026-10-06T07:15:27Z
2026-09-29T04:15:00Z,cepina,0.00,0.000,16,0,0.00,0.0,0,ok,rzc262720415vl.001.h5,2026-10-06T07:15:27Z
2026-09-29T04:10:00Z,cepina,0.00,0.000,16,0,0.00,0.0,0,ok,rzc262720410vl.001.h5,2026-10-06T07:15:27Z
2026-09-29T04:05:00Z,cepina,0.00,0.000,16,0,0.00,0.0,0,ok,rzc262720405vl.001.h5,2026-10-06T07:15:27Z
2026-09-29T04:00:00Z,cepina,0.00,0.000,16,0,0.00,0.0,0,ok,rzc262720400vl.001.h5,2026-10-06T07:15:27Z
2026-09-29T03:55:00Z,cepina,0.00,0.000,16,0,0.00,0.0,0,ok,rzc262720355vl.001.h5,2026-10-06T07:15:27Z
2026-09-29T03:50:00Z,cepina,0.00,0.000,16,0,0.00,0.0,0,ok,rzc262720350vl.001.h5,2026-10-06T07:15:27Z
2026-09-29T03:45:00Z,cepina,0.00,0.000,16,0,0.00,0.0,0,ok,rzc262720345vl.001.h5,2026-10-06T07:15:27Z
2026-09-29T03:40:00Z,cepina,0.00,0.000,16,0,0.00,0.0,0,ok,rzc262720340vl.001.h5,2026-10-06T07:15:27Z
2026-09-29T03:35:00Z,cepina,0.00,0.000,16,0,0.00,0.0,0,ok,rzc262720335vl.001.h5,2026-10-06T07:15:27Z
2026-09-29T03:30:00Z,cepina,0.00,0.000,16,0,0.00,0.0,0,ok,rzc262720330vl.001.h5,2026-10-06T07:15:27Z
2026-09-29T03:25:00Z,cepina,0.00,0.000,16,0,0.00,0.0,0,ok,rzc262720325vl.001.h5,2026-10-06T07:15:27Z
2026-09-29T03:20:00Z,cepina,0.00,0.000,16,0,0.00,0.0,0,ok,rzc262720320vl.001.h5,2026-10-06T07:15:27Z
2026-09-29T03:15:00Z,cepina,0.00,0.000,16,0,0.00,0.0,0,ok,rzc262720315vl.001.h5,2026-10-06T07:15:27Z
2026-09-29T03:10:00Z,cepina,0.00,0.000,16,0,0.00,0.0,0,ok,rzc262720310vl.001.h5,2026-10-06T07:15:27Z
2026-09-29T03:05:00Z,cepina,0.00,0.000,16,0,0.00,0.0,0,ok,rzc262720305vl.001.h5,2026-10-06T07:15:27Z
2026-09-29T03:00:00Z,cepina,0.00,0.000,16,0,0.00,0.0,0,ok,rzc262720300vl.001.h5,2026-10-06T07:15:27Z
2026-09-29T02:55:00Z,cepina,0.00,0.000,16,0,0.00,0.0,0,ok,rzc262720255vl.001.h5,2026-10-06T07:15:27Z
2026-09-29T02:50:00Z,cepina,0.00,0.000,16,0,0.00,0.0,0,ok,rzc262720250vl.001.h5,2026-10-06T07:15:27Z
2026-09-29T02:45:00Z,cepina,0.00,0.000,16,0,0.00,0.0,0,ok,rzc262720245vl.001.h5,2026-10-06T07:15:27Z
2026-09-29T02:40:00Z,cepina,0.00,0.000,16,0,0.00,0.0,0,ok,rzc262720240vl.001.h5,2026-10-06T07:15:27Z
2026-09-29T02:35:00Z,cepina,0.00,0.000,16,0,0.00,0.0,0,ok,rzc262720235vl.001.h5,2026-10-06T07:15:27Z
2026-09-29T02:30:00Z,cepina,0.00,0.000,16,0,0.01,0.0,0,ok,rzc262720230vl.001.h5,2026-10-06T07:15:27Z
2026-09-29T02:25:00Z,cepina,0.00,0.000,16,0,0.00,0.0,0,ok,rzc262720225vl.001.h5,2026-10-06T07:15:27Z
2026-09-29T02:20:00Z,cepina,0.00,0.000,16,0,0.00,0.0,0,ok,rzc262720220vl.001.h5,2026-10-06T07:15:27Z
2026-09-29T02:15:00Z,cepina,0.00,0.000,16,0,0.00,0.0,0,ok,rzc262720215vl.001.h5,2026-10-06T07:15:27Z
2026-09-29T02:10:00Z,cepina,0.00,0.000,16,0,0.00,0.0,0,ok,rzc262720210vl.001.h5,2026-10-06T07:15:27Z
2026-09-29T02:05:00Z,cepina,0.00,0.000,16,0,0.00,0.0,0,ok,rzc262720205vl.001.h5,2026-10-06T07:15:27Z
2026-09-29T02:00:00Z,cepina,0.00,0.000,16,0,0.00,0.0,0,ok,rzc262720200vl.001.h5,2026-10-06T07:15:27Z
2026-09-29T01:55:00Z,cepina,0.00,0.000,16,0,0.01,0.0,0,ok,rzc262720155vl.001.h5,2026-10-06T07:15:27Z
2026-09-29T01:50:00Z,cepina,0.00,0.000,16,0,0.00,0.0,0,ok,rzc262720150vl.001.h5,2026-10-06T07:15:27Z
2026-09-29T01:45:00Z,cepina,0.00,0.000,16,0,0.01,0.0,0,ok,rzc262720145vl.001.h5,2026-10-06T07:15:27Z
2026-09-29T01:40:00Z,cepina,0.00,0.000,16,0,0.00,0.0,0,ok,rzc262720140vl.001.h5,2026-10-06T07:15:27Z
2026-09-29T01:35:00Z,cepina,0.00,0.000,16,0,0.00,0.0,0,ok,rzc262720135vl.001.h5,2026-10-06T07:15:27Z
2026-09-29T01:30:00Z,cepina,0.00,0.000,16,0,0.00,0.0,0,ok,rzc262720130vl.001.h5,2026-10-06T07:15:27Z
2026-09-29T01:25:00Z,cepina,0.00,0.000,16,0,0.00,0.0,0,ok,rzc262720125vl.001.h5,2026-10-06T07:15:27Z
2026-09-29T01:20:00Z,cepina,0.00,0.000,16,0,0.00,0.0,0,ok,rzc262720120vl.001.h5,2026-10-06T07:15:27Z
2026-09-29T01:15:00Z,cepina,0.00,0.000,16,0,0.00,0.0,0,ok,rzc262720115vl.001.h5,2026-10-06T07:15:27Z
2026-09-29T01:10:00Z,cepina,0.00,0.000,16,0,0.00,0.0,0,ok,rzc262720110vl.001.h5,2026-10-06T07:15:27Z
2026-09-29T01:05:00Z,cepina,0.00,0.000,16,0,0.00,0.0,0,ok,rzc262720105vl.001.h5,2026-10-06T07:15:27Z
2026-09-29T01:00:00Z,cepina,0.00,0.000,16,0,0.00,0.0,0,ok,rzc262720100vl.001.h5,2026-10-06T07:15:27Z
2026-09-29T00:55:00Z,cepina,0.00,0.000,16,0,0.00,0.0,0,ok,rzc262720055vl.001.h5,2026-10-06T07:15:27Z
2026-09-29T00:50:00Z,cepina,0.00,0.000,16,0,0.00,0.0,0,ok,rzc262720050vl.001.h5,2026-10-06T07:15:27Z
2026-09-29T00:45:00Z,cepina,0.00,0.000,16,0,0.00,0.0,0,ok,rzc262720045vl.001.h5,2026-10-06T07:15:27Z
2026-09-29T00:40:00Z,cepina,0.00,0.000,16,0,0.00,0.0,0,ok,rzc262720040vl.001.h5,2026-10-06T07:15:27Z
2026-09-29T00:35:00Z,cepina,0.00,0.000,16,0,0.00,0.0,0,ok,rzc262720035vl.001.h5,2026-10-06T07:15:27Z
2026-09-29T00:30:00Z,cepina,0.00,0.000,16,0,0.00,0.0,0,ok,rzc262720030vl.001.h5,2026-10-06T07:15:27Z
2026-09-29T00:25:00Z,cepina,0.00,0.000,16,0,0.00,0.0,0,ok,rzc262720025vl.001.h5,2026-10-06T07:15:27Z
2026-09-29T00:20:00Z,cepina,0.00,0.000,16,0,0.00,0.0,0,ok,rzc262720020vl.001.h5,2026-10-06T07:15:27Z
2026-09-29T00:15:00Z,cepina,0.00,0.000,16,0,0.00,0.0,0,ok,rzc262720015vl.001.h5,2026-10-06T07:15:27Z
2026-09-29T00:10:00Z,cepina,0.00,0.000,16,0,0.00,0.0,0,ok,rzc262720010vl.001.h5,2026-10-06T07:15:27Z
2026-09-29T00:05:00Z,cepina,0.00,0.000,16,0,0.00,0.0,0,ok,rzc262720005vl.001.h5,2026-10-06T07:15:27Z
2026-09-29T00:00:00Z,cepina,0.00,0.000,16,0,0.00,0.0,0,ok,rzc262720000vl.001.h5,2026-10-06T07:15:27Z
2026-09-28T23:55:00Z,cepina,0.00,0.000,16,0,0.01,0.0,0,ok,rzc262712355vl.001.h5,2026-10-06T07:15:27Z
2026-09-28T23:50:00Z,cepina,0.00,0.000,16,0,0.00,0.0,0,ok,rzc262712350vl.001.h5,2026-10-06T07:15:27Z
2026-09-28T23:45:00Z,cepina,0.00,0.000,16,0,0.00,0.0,0,ok,rzc262712345vl.001.h5,2026-10-06T07:15:27Z
2026-09-28T23:40:00Z,cepina,0.00,0.000,16,0,0.00,0.0,0,ok,rzc262712340vl.001.h5,2026-10-06T07:15:27Z
2026-09-28T23:35:00Z,cepina,0.00,0.000,16,0,0.00,0.0,0,ok,rzc262712335vl.001.h5,2026-10-06T07:15:27Z
2026-09-28T23:30:00Z,cepina,0.00,0.000,16,0,0.00,0.0,0,ok,rzc262712330vl.001.h5,2026-10-06T07:15:27Z
2026-09-28T23:25:00Z,cepina,0.00,0.000,16,0,0.00,0.0,0,ok,rzc262712325vl.001.h5,2026-10-06T07:15:27Z
2026-09-28T23:20:00Z,cepina,0.00,0.000,16,0,0.00,0.0,0,ok,rzc262712320vl.001.h5,2026-10-06T07:15:27Z
2026-09-28T23:15:00Z,cepina,0.00,0.000,16,0,0.00,0.0,0,ok,rzc262712315vl.001.h5,2026-10-06T07:15:27Z
2026-09-28T23:10:00Z,cepina,0.00,0.000,16,0,0.00,0.0,0,ok,rzc262712310vl.001.h5,2026-10-06T07:15:27Z
2026-09-28T23:05:00Z,cepina,0.00,0.000,16,0,0.00,0.0,0,ok,rzc262712305vl.001.h5,2026-10-06T07:15:27Z
2026-09-28T23:00:00Z,cepina,0.00,0.000,16,0,0.00,0.0,0,ok,rzc262712300vl.001.h5,2026-10-06T07:15:27Z
2026-09-28T22:55:00Z,cepina,0.00,0.000,16,0,0.00,0.0,0,ok,rzc262712255vl.001.h5,2026-10-06T07:15:27Z
2026-09-28T22:50:00Z,cepina,0.00,0.000,16,0,0.00,0.0,0,ok,rzc262712250vl.001.h5,2026-10-06T07:15:27Z
2026-09-28T22:45:00Z,cepina,0.00,0.000,16,0,0.01,0.0,0,ok,rzc262712245vl.001.h5,2026-10-06T07:15:27Z
2026-09-28T22:40:00Z,cepina,0.00,0.000,16,0,0.00,0.0,0,ok,rzc262712240vl.001.h5,2026-10-06T07:15:27Z
2026-09-28T22:35:00Z,cepina,0.00,0.000,16,0,0.00,0.0,0,ok,rzc262712235vl.001.h5,2026-10-06T07:15:27Z
2026-09-28T22:30:00Z,cepina,0.00,0.000,16,0,0.00,0.0,0,ok,rzc262712230vl.001.h5,2026-10-06T07:15:27Z
2026-09-28T22:25:00Z,cepina,0.00,0.000,16,0,0.00,0.0,0,ok,rzc262712225vl.001.h5,2026-10-06T07:15:27Z
2026-09-28T22:20:00Z,cepina,0.00,0.000,16,0,0.00,0.0,0,ok,rzc262712220vl.001.h5,2026-10-06T07:15:27Z
2026-09-28T22:15:00Z,cepina,0.00,0.000,16,0,0.00,0.0,0,ok,rzc262712215vl.001.h5,2026-10-06T07:15:27Z
2026-09-28T22:10:00Z,cepina,0.00,0.000,16,0,0.00,0.0,0,ok,rzc262712210vl.001.h5,2026-10-06T07:15:27Z
2026-09-28T22:05:00Z,cepina,0.00,0.000,16,0,0.00,0.0,0,ok,rzc262712205vl.001.h5,2026-10-06T07:15:27Z
2026-09-28T22:00:00Z,cepina,0.00,0.000,16,0,0.00,0.0,0,ok,rzc262712200vl.001.h5,2026-10-06T07:15:27Z
2026-09-28T21:55:00Z,cepina,0.00,0.000,16,0,0.01,0.0,0,ok,rzc262712155vl.001.h5,2026-10-06T07:15:27Z
2026-09-28T21:50:00Z,cepina,0.00,0.000,16,0,0.00,0.0,0,ok,rzc262712150vl.001.h5,2026-10-06T07:15:27Z
2026-09-28T21:45:00Z,cepina,0.00,0.000,16,0,0.00,0.0,0,ok,rzc262712145vl.001.h5,2026-10-06T07:15:27Z
2026-09-28T21:40:00Z,cepina,0.00,0.000,16,0,0.00,0.0,0,ok,rzc262712140vl.001.h5,2026-10-06T07:15:27Z
2026-09-28T21:35:00Z,cepina,0.00,0.000,16,0,0.00,0.0,0,ok,rzc262712135vl.001.h5,2026-10-06T07:15:27Z
2026-09-28T21:30:00Z,cepina,0.00,0.000,16,0,0.00,0.0,0,ok,rzc262712130vl.001.h5,2026-10-06T07:15:27Z
2026-09-28T21:25:00Z,cepina,0.00,0.000,16,0,0.00,0.0,0,ok,rzc262712125vl.001.h5,2026-10-06T07:15:27Z
2026-09-28T21:20:00Z,cepina,0.00,0.000,16,0,0.00,0.0,0,ok,rzc262712120vl.001.h5,2026-10-06T07:15:27Z
2026-09-28T21:15:00Z,cepina,0.00,0.000,16,0,0.00,0.0,0,ok,rzc262712115vl.001.h5,2026-10-06T07:15:27Z
2026-09-28T21:10:00Z,cepina,0.00,0.000,16,0,0.00,0.0,0,ok,rzc262712110vl.001.h5,2026-10-06T07:15:27Z
2026-09-28T21:05:00Z,cepina,0.00,0.000,16,0,0.00,0.0,0,ok,rzc262712105vl.001.h5,2026-10-06T07:15:27Z
2026-09-28T21:00:00Z,cepina,0.00,0.000,16,0,0.00,0.0,0,ok,rzc262712100vl.001.h5,2026-10-06T07:15:27Z
2026-09-28T20:55:00Z,cepina,0.00,0.000,16,0,0.00,0.0,0,ok,rzc262712055vl.001.h5,2026-10-06T07:15:27Z
2026-09-28T20:50:00Z,cepina,0.00,0.000,16,0,0.00,0.0,0,ok,rzc262712050vl.001.h5,2026-10-06T07:15:27Z
2026-09-28T20:45:00Z,cepina,0.00,0.000,16,0,0.00,0.0,0,ok,rzc262712045vl.001.h5,2026-10-06T07:15:27Z
2026-09-28T20:40:00Z,cepina,0.00,0.000,16,0,0.00,0.0,0,ok,rzc262712040vl.001.h5,2026-10-06T07:15:27Z
2026-09-28T20:35:00Z,cepina,0.00,0.000,16,0,0.00,0.0,0,ok,rzc262712035vl.001.h5,2026-10-06T07:15:27Z
2026-09-28T20:30:00Z,cepina,0.00,0.000,16,0,0.00,0.0,0,ok,rzc262712030vl.001.h5,2026-10-06T07:15:27Z
2026-09-28T20:25:00Z,cepina,0.00,0.000,16,0,0.00,0.0,0,ok,rzc262712025vl.001.h5,2026-10-06T07:15:27Z
2026-09-28T20:20:00Z,cepina,0.00,0.000,16,0,0.00,0.0,0,ok,rzc262712020vl.001.h5,2026-10-06T07:15:27Z
2026-09-28T20:15:00Z,cepina,0.00,0.000,16,0,0.00,0.0,0,ok,rzc262712015vl.001.h5,2026-10-06T07:15:27Z
2026-09-28T20:10:00Z,cepina,0.00,0.000,16,0,0.00,0.0,0,ok,rzc262712010vl.001.h5,2026-10-06T07:15:27Z
2026-09-28T20:05:00Z,cepina,0.00,0.000,16,0,0.00,0.0,0,ok,rzc262712005vl.001.h5,2026-10-06T07:15:27Z
2026-09-28T20:00:00Z,cepina,0.00,0.000,16,0,0.00,0.0,0,ok,rzc262712000vl.001.h5,2026-10-06T07:15:27Z
2026-09-28T19:55:00Z,cepina,0.00,0.000,16,0,0.00,0.0,0,ok,rzc262711955vl.001.h5,2026-10-06T07:15:27Z
2026-09-28T19:50:00Z,cepina,0.00,0.000,16,0,0.00,0.0,0,ok,rzc262711950vl.001.h5,2026-10-06T07:15:27Z
2026-09-28T19:45:00Z,cepina,0.00,0.000,16,0,0.00,0.0,0,ok,rzc262711945vl.001.h5,2026-10-06T07:15:27Z
2026-09-28T19:40:00Z,cepina,0.00,0.000,16,0,0.00,0.0,0,ok,rzc262711940vl.001.h5,2026-10-06T07:15:27Z
2026-09-28T19:35:00Z,cepina,0.00,0.000,16,0,0.00,0.0,0,ok,rzc262711935vl.001.h5,2026-10-06T07:15:27Z
2026-09-28T19:30:00Z,cepina,0.00,0.000,16,0,0.00,0.0,0,ok,rzc262711930vl.001.h5,2026-10-06T07:15:27Z
2026-09-28T19:25:00Z,cepina,0.00,0.000,16,0,0.00,0.0,0,ok,rzc262711925vl.001.h5,2026-10-06T07:15:27Z
2026-09-28T19:20:00Z,cepina,0.00,0.000,16,0,0.00,0.0,0,ok,rzc262711920vl.001.h5,2026-10-06T07:15:27Z
2026-09-28T19:15:00Z,cepina,0.00,0.000,16,0,0.00,0.0,0,ok,rzc262711915vl.001.h5,2026-10-06T07:15:27Z
2026-09-28T19:10:00Z,cepina,0.00,0.000,16,0,0.00,0.0,0,ok,rzc262711910vl.001.h5,2026-10-06T07:15:27Z
2026-09-28T19:05:00Z,cepina,0.00,0.000,16,0,0.00,0.0,0,ok,rzc262711905vl.001.h5,2026-10-06T07:15:27Z
2026-09-28T19:00:00Z,cepina,0.00,0.000,16,0,0.00,0.0,0,ok,rzc262711900vl.001.h5,2026-10-06T07:15:27Z
2026-09-28T18:55:00Z,cepina,0.00,0.000,16,0,0.00,0.0,0,ok,rzc262711855vl.001.h5,2026-10-06T07:15:27Z
2026-09-28T18:50:00Z,cepina,0.00,0.000,16,0,0.00,0.0,0,ok,rzc262711850vl.001.h5,2026-10-06T07:15:27Z
2026-09-28T18:45:00Z,cepina,0.00,0.000,16,0,0.00,0.0,0,ok,rzc262711845vl.001.h5,2026-10-06T07:15:27Z
2026-09-28T18:40:00Z,cepina,0.00,0.000,16,0,0.00,0.0,0,ok,rzc262711840vl.001.h5,2026-10-06T07:15:27Z
2026-09-28T18:35:00Z,cepina,0.00,0.000,16,0,0.00,0.0,0,ok,rzc262711835vl.001.h5,2026-10-06T07:15:27Z
2026-09-28T18:30:00Z,cepina,0.00,0.000,16,0,0.00,0.0,0,ok,rzc262711830vl.001.h5,2026-10-06T07:15:27Z
2026-09-28T18:25:00Z,cepina,0.00,0.000,16,0,0.00,0.0,0,ok,rzc262711825vl.001.h5,2026-10-06T07:15:27Z
2026-09-28T18:20:00Z,cepina,0.00,0.000,16,0,0.00,0.0,0,ok,rzc262711820vl.001.h5,2026-10-06T07:15:27Z
2026-09-28T18:15:00Z,cepina,0.00,0.000,16,0,0.00,0.0,0,ok,rzc262711815vl.001.h5,2026-10-06T07:15:27Z
2026-09-28T18:10:00Z,cepina,0.00,0.000,16,0,0.00,0.0,0,ok,rzc262711810vl.001.h5,2026-10-06T07:15:27Z
2026-09-28T18:05:00Z,cepina,0.00,0.000,16,0,0.00,0.0,0,ok,rzc262711805vl.001.h5,2026-10-06T07:15:27Z
2026-09-28T18:00:00Z,cepina,0.00,0.000,16,0,0.00,0.0,0,ok,rzc262711800vl.001.h5,2026-10-06T07:15:27Z
2026-09-28T17:55:00Z,cepina,0.00,0.000,16,0,0.00,0.0,0,ok,rzc262711755vl.001.h5,2026-10-06T07:15:27Z
2026-09-28T17:50:00Z,cepina,0.00,0.000,16,0,0.00,0.0,0,ok,rzc262711750vl.001.h5,2026-10-06T07:15:27Z
2026-09-28T17:45:00Z,cepina,0.00,0.000,16,0,0.00,0.0,0,ok,rzc262711745vl.001.h5,2026-10-06T07:15:27Z
2026-09-28T17:40:00Z,cepina,0.00,0.000,16,0,0.00,0.0,0,ok,rzc262711740vl.001.h5,2026-10-06T07:15:27Z
2026-09-28T17:35:00Z,cepina,0.00,0.000,16,0,0.00,0.0,0,ok,rzc262711735vl.001.h5,2026-10-06T07:15:27Z
2026-09-28T17:30:00Z,cepina,0.00,0.000,16,0,0.00,0.0,0,ok,rzc262711730vl.001.h5,2026-10-06T07:15:27Z
2026-09-28T17:25:00Z,cepina,0.00,0.000,16,0,0.00,0.0,0,ok,rzc262711725vl.001.h5,2026-10-06T07:15:27Z
2026-09-28T17:20:00Z,cepina,0.00,0.000,16,0,0.00,0.0,0,ok,rzc262711720vl.001.h5,2026-10-06T07:15:27Z
2026-09-28T17:15:00Z,cepina,0.00,0.000,16,0,0.00,0.0,0,ok,rzc262711715vl.001.h5,2026-10-06T07:15:27Z
2026-09-28T17:10:00Z,cepina,0.00,0.000,16,0,0.00,0.0,0,ok,rzc262711710vl.001.h5,2026-10-06T07:15:27Z
2026-09-28T17:05:00Z,cepina,0.00,0.000,16,0,0.00,0.0,0,ok,rzc262711705vl.001.h5,2026-10-06T07:15:27Z
2026-09-28T17:00:00Z,cepina,0.00,0.000,16,0,0.00,0.0,0,ok,rzc262711700vl.001.h5,2026-10-06T07:15:27Z
2026-09-28T16:55:00Z,cepina,0.00,0.000,16,0,0.00,0.0,0,ok,rzc262711655vl.001.h5,2026-10-06T07:15:27Z
2026-09-28T16:50:00Z,cepina,0.00,0.000,16,0,0.00,0.0,0,ok,rzc262711650vl.001.h5,2026-10-06T07:15:27Z
2026-09-28T16:45:00Z,cepina,0.00,0.000,16,0,0.00,0.0,0,ok,rzc262711645vl.001.h5,2026-10-06T07:15:27Z
2026-09-28T16:40:00Z,cepina,0.00,0.000,16,0,0.00,0.0,0,ok,rzc262711640ul.001.h5,2026-10-06T07:15:27Z
2026-09-28T16:35:00Z,cepina,0.00,0.000,16,0,0.00,0.0,0,ok,rzc262711635vl.001.h5,2026-10-06T07:15:27Z
2026-09-28T16:30:00Z,cepina,0.00,0.000,16,0,0.00,0.0,0,ok,rzc262711630vl.001.h5,2026-10-06T07:15:27Z
2026-09-28T16:25:00Z,cepina,0.00,0.000,16,0,0.00,0.0,0,ok,rzc262711625vl.001.h5,2026-10-06T07:15:27Z
2026-09-28T16:20:00Z,cepina,0.00,0.000,16,0,0.00,0.0,0,ok,rzc262711620vl.001.h5,2026-10-06T07:15:27Z
2026-09-28T16:15:00Z,cepina,0.00,0.000,16,0,0.00,0.0,0,ok,rzc262711615vl.001.h5,2026-10-06T07:15:27Z
2026-09-28T16:10:00Z,cepina,0.00,0.000,16,0,0.00,0.0,0,ok,rzc262711610vl.001.h5,2026-10-06T07:15:27Z
2026-09-28T16:05:00Z,cepina,0.00,0.000,16,0,0.00,0.0,0,ok,rzc262711605vl.001.h5,2026-10-06T07:15:27Z
2026-09-28T16:00:00Z,cepina,0.00,0.000,16,0,0.00,0.0,0,ok,rzc262711600vl.001.h5,2026-10-06T07:15:27Z
2026-09-28T15:55:00Z,cepina,0.00,0.000,16,0,0.00,0.0,0,ok,rzc262711555vl.001.h5,2026-10-06T07:15:27Z
2026-09-28T15:50:00Z,cepina,0.00,0.000,16,0,0.00,0.0,0,ok,rzc262711550vl.001.h5,2026-10-06T07:15:27Z
2026-09-28T15:45:00Z,cepina,0.00,0.000,16,0,0.00,0.0,0,ok,rzc262711545vl.001.h5,2026-10-06T07:15:27Z
2026-09-28T15:40:00Z,cepina,0.00,0.000,16,0,0.00,0.0,0,ok,rzc262711540vl.001.h5,2026-10-06T07:15:27Z
2026-09-28T15:35:00Z,cepina,0.00,0.000,16,0,0.01,0.0,0,ok,rzc262711535vl.001.h5,2026-10-06T07:15:27Z
2026-09-28T15:30:00Z,cepina,0.00,0.000,16,0,0.01,0.0,0,ok,rzc262711530vl.001.h5,2026-10-06T07:15:27Z
2026-09-28T15:25:00Z,cepina,0.00,0.000,16,0,0.00,0.0,0,ok,rzc262711525vl.001.h5,2026-10-06T07:15:27Z
2026-09-28T15:20:00Z,cepina,0.00,0.000,16,0,0.00,0.0,0,ok,rzc262711520vl.001.h5,2026-10-06T07:15:27Z
2026-09-28T15:15:00Z,cepina,0.00,0.000,16,0,0.00,0.0,0,ok,rzc262711515vl.001.h5,2026-10-06T07:15:27Z
2026-09-28T15:10:00Z,cepina,0.00,0.000,16,0,0.00,0.0,0,ok,rzc262711510vl.001.h5,2026-10-06T07:15:27Z
2026-09-28T15:05:00Z,cepina,0.00,0.000,16,0,0.00,0.0,0,ok,rzc262711505vl.001.h5,2026-10-06T07:15:27Z
2026-09-28T15:00:00Z,cepina,0.00,0.000,16,0,0.00,0.0,0,ok,rzc262711500vl.001.h5,2026-10-06T07:15:27Z
2026-09-28T14:55:00Z,cepina,0.00,0.000,16,0,0.01,0.0,0,ok,rzc262711455vl.001.h5,2026-10-06T07:15:27Z
2026-09-28T14:50:00Z,cepina,0.00,0.000,16,0,0.00,0.0,0,ok,rzc262711450vl.001.h5,2026-10-06T07:15:27Z
2026-09-28T14:45:00Z,cepina,0.00,0.000,16,0,0.00,0.0,0,ok,rzc262711445vl.001.h5,2026-10-06T07:15:27Z
2026-09-28T14:40:00Z,cepina,0.00,0.000,16,0,0.00,0.0,0,ok,rzc262711440vl.001.h5,2026-10-06T07:15:27Z
2026-09-28T14:35:00Z,cepina,0.00,0.000,16,0,0.00,0.0,0,ok,rzc262711435vl.001.h5,2026-10-06T07:15:27Z
2026-09-28T14:30:00Z,cepina,0.00,0.000,16,0,0.00,0.0,0,ok,rzc262711430vl.001.h5,2026-10-06T07:15:27Z
2026-09-28T14:25:00Z,cepina,0.00,0.000,16,0,0.00,0.0,0,ok,rzc262711425vl.001.h5,2026-10-06T07:15:27Z
2026-09-28T14:20:00Z,cepina,0.00,0.000,16,0,0.00,0.0,0,ok,rzc262711420vl.001.h5,2026-10-06T07:15:27Z
2026-09-28T14:15:00Z,cepina,0.00,0.000,16,0,0.00,0.0,0,ok,rzc262711415vl.001.h5,2026-10-06T07:15:27Z
2026-09-28T14:10:00Z,cepina,0.00,0.000,16,0,0.01,0.0,0,ok,rzc262711410vl.001.h5,2026-10-06T07:15:27Z
2026-09-28T14:05:00Z,cepina,0.00,0.000,16,0,0.01,0.0,0,ok,rzc262711405vl.001.h5,2026-10-06T07:15:27Z
2026-09-28T14:00:00Z,cepina,0.00,0.000,16,0,0.00,0.0,0,ok,rzc262711400vl.001.h5,2026-10-06T07:15:27Z
2026-09-28T13:55:00Z,cepina,0.00,0.000,16,0,0.00,0.0,0,ok,rzc262711355vl.001.h5,2026-10-06T07:15:27Z
2026-09-28T13:50:00Z,cepina,0.00,0.000,16,0,0.00,0.0,0,ok,rzc262711350vl.001.h5,2026-10-06T07:15:27Z
2026-09-28T13:45:00Z,cepina,0.00,0.000,16,0,0.00,0.0,0,ok,rzc262711345vl.001.h5,2026-10-06T07:15:27Z
2026-09-28T13:40:00Z,cepina,0.00,0.000,16,0,0.00,0.0,0,ok,rzc262711340vl.001.h5,2026-10-06T07:15:27Z
2026-09-28T13:35:00Z,cepina,0.00,0.000,16,0,0.00,0.0,0,ok,rzc262711335vl.001.h5,2026-10-06T07:15:27Z
2026-09-28T13:30:00Z,cepina,0.00,0.000,16,0,0.00,0.0,0,ok,rzc262711330vl.001.h5,2026-10-06T07:15:27Z
2026-09-28T13:25:00Z,cepina,0.00,0.000,16,0,0.00,0.0,0,ok,rzc262711325vl.001.h5,2026-10-06T07:15:27Z
2026-09-28T13:20:00Z,cepina,0.00,0.000,16,0,0.00,0.0,0,ok,rzc262711320vl.001.h5,2026-10-06T07:15:27Z
2026-09-28T13:15:00Z,cepina,0.00,0.000,16,0,0.00,0.0,0,ok,rzc262711315vl.001.h5,2026-10-06T07:15:27Z
2026-09-28T13:10:00Z,cepina,0.00,0.000,16,0,0.00,0.0,0,ok,rzc262711310vl.001.h5,2026-10-06T07:15:27Z
2026-09-28T13:05:00Z,cepina,0.00,0.000,16,0,0.00,0.0,0,ok,rzc262711305vl.001.h5,2026-10-06T07:15:27Z
2026-09-28T13:00:00Z,cepina,0.00,0.000,16,0,0.00,0.0,0,ok,rzc262711300vl.001.h5,2026-10-06T07:15:27Z
2026-09-28T12:55:00Z,cepina,0.00,0.000,16,0,0.00,0.0,0,ok,rzc262711255vl.001.h5,2026-10-06T07:15:27Z
2026-09-28T12:50:00Z,cepina,0.00,0.000,16,0,0.00,0.0,0,ok,rzc262711250vl.001.h5,2026-10-06T07:15:27Z
2026-09-28T12:45:00Z,cepina,0.00,0.000,16,0,0.00,0.0,0,ok,rzc262711245vl.001.h5,2026-10-06T07:15:27Z
2026-09-28T12:40:00Z,cepina,0.00,0.000,16,0,0.00,0.0,0,ok,rzc262711240vl.001.h5,2026-10-06T07:15:27Z
2026-09-28T12:35:00Z,cepina,0.00,0.000,16,0,0.00,0.0,0,ok,rzc262711235rl.001.h5,2026-10-06T07:15:27Z
2026-09-28T12:30:00Z,cepina,0.00,0.000,16,0,0.00,0.0,0,ok,rzc262711230rl.001.h5,2026-10-06T07:15:27Z
2026-09-28T12:25:00Z,cepina,0.00,0.000,16,0,0.00,0.0,0,ok,rzc262711225rl.001.h5,2026-10-06T07:15:27Z
2026-09-28T12:20:00Z,cepina,0.00,0.000,16,0,0.87,0.0,0,ok,rzc262711220rl.001.h5,2026-10-06T07:15:27Z
2026-09-28T12:15:00Z,cepina,0.00,0.000,16,0,0.00,0.0,0,ok,rzc262711215rl.001.h5,2026-10-06T07:15:27Z
2026-09-28T12:10:00Z,cepina,0.00,0.000,16,0,0.00,0.0,0,ok,rzc262711210rl.001.h5,2026-10-06T07:15:27Z
2026-09-28T12:05:00Z,cepina,0.00,0.000,16,0,0.00,0.0,0,ok,rzc262711205rl.001.h5,2026-10-06T07:15:27Z
2026-09-28T12:00:00Z,cepina,0.00,0.000,16,0,0.00,0.0,0,ok,rzc262711200rl.001.h5,2026-10-06T07:15:27Z
2026-09-28T11:55:00Z,cepina,0.00,0.000,16,0,0.00,0.0,0,ok,rzc262711155vl.001.h5,2026-10-06T07:15:27Z
2026-09-28T11:50:00Z,cepina,0.00,0.000,16,0,0.00,0.0,0,ok,rzc262711150vl.001.h5,2026-10-06T07:15:27Z
2026-09-28T11:45:00Z,cepina,0.00,0.000,16,0,0.00,0.0,0,ok,rzc262711145vl.001.h5,2026-10-06T07:15:27Z
2026-09-28T11:40:00Z,cepina,0.00,0.000,16,0,0.00,0.0,0,ok,rzc262711140vl.001.h5,2026-10-06T07:15:27Z
2026-09-28T11:35:00Z,cepina,0.00,0.000,16,0,0.00,0.0,0,ok,rzc262711135vl.001.h5,2026-10-06T07:15:27Z
2026-09-28T11:30:00Z,cepina,0.00,0.000,16,0,0.00,0.0,0,ok,rzc262711130vl.001.h5,2026-10-06T07:15:27Z
2026-09-28T11:25:00Z,cepina,0.00,0.000,16,0,0.00,0.0,0,ok,rzc262711125vl.001.h5,2026-10-06T07:15:27Z
2026-09-28T11:20:00Z,cepina,0.00,0.000,16,0,0.00,0.0,0,ok,rzc262711120vl.001.h5,2026-10-06T07:15:27Z
2026-09-28T11:15:00Z,cepina,0.00,0.000,16,0,0.00,0.0,0,ok,rzc262711115vl.001.h5,2026-10-06T07:15:27Z
2026-09-28T11:10:00Z,cepina,0.00,0.000,16,0,0.01,0.0,0,ok,rzc262711110vl.001.h5,2026-10-06T07:15:27Z
2026-09-28T11:05:00Z,cepina,0.00,0.000,16,0,0.00,0.0,0,ok,rzc262711105vl.001.h5,2026-10-06T07:15:27Z
2026-09-28T11:00:00Z,cepina,0.00,0.000,16,0,0.00,0.0,0,ok,rzc262711100vl.001.h5,2026-10-06T07:15:27Z
2026-09-28T10:55:00Z,cepina,0.00,0.000,16,0,0.00,0.0,0,ok,rzc262711055vl.001.h5,2026-10-06T07:15:27Z
2026-09-28T10:50:00Z,cepina,0.00,0.000,16,0,0.00,0.0,0,ok,rzc262711050vl.001.h5,2026-10-06T07:15:27Z
2026-09-28T10:45:00Z,cepina,0.00,0.000,16,0,0.00,0.0,0,ok,rzc262711045vl.001.h5,2026-10-06T07:15:27Z
2026-09-28T10:40:00Z,cepina,0.00,0.000,16,0,0.00,0.0,0,ok,rzc262711040vl.001.h5,2026-10-06T07:15:27Z
2026-09-28T10:35:00Z,cepina,0.00,0.000,16,0,0.00,0.0,0,ok,rzc262711035vl.001.h5,2026-10-06T07:15:27Z
2026-09-28T10:30:00Z,cepina,0.00,0.000,16,0,0.00,0.0,0,ok,rzc262711030vl.001.h5,2026-10-06T07:15:27Z
2026-09-28T10:25:00Z,cepina,0.00,0.000,16,0,0.00,0.0,0,ok,rzc262711025vl.001.h5,2026-10-06T07:15:27Z
2026-09-28T10:20:00Z,cepina,0.00,0.000,16,0,0.00,0.0,0,ok,rzc262711020vl.001.h5,2026-10-06T07:15:27Z
2026-09-28T10:15:00Z,cepina,0.00,0.000,16,0,0.00,0.0,0,ok,rzc262711015vl.001.h5,2026-10-06T07:15:27Z
2026-09-28T10:10:00Z,cepina,0.00,0.000,16,0,0.00,0.0,0,ok,rzc262711010vl.001.h5,2026-10-06T07:15:27Z
2026-09-28T10:05:00Z,cepina,0.00,0.000,16,0,0.00,0.0,0,ok,rzc262711005vl.001.h5,2026-10-06T07:15:27Z
2026-09-28T10:00:00Z,cepina,0.00,0.000,16,0,0.00,0.0,0,ok,rzc262711000vl.001.h5,2026-10-06T07:15:27Z
2026-09-28T09:55:00Z,cepina,0.00,0.000,16,0,0.00,0.0,0,ok,rzc262710955vl.001.h5,2026-10-06T07:15:27Z
2026-09-28T09:50:00Z,cepina,0.00,0.000,16,0,0.00,0.0,0,ok,rzc262710950vl.001.h5,2026-10-06T07:15:27Z
2026-09-28T09:45:00Z,cepina,0.00,0.000,16,0,0.00,0.0,0,ok,rzc262710945vl.001.h5,2026-10-06T07:15:27Z
2026-09-28T09:40:00Z,cepina,0.00,0.000,16,0,0.00,0.0,0,ok,rzc262710940vl.001.h5,2026-10-06T07:15:27Z
2026-09-28T09:35:00Z,cepina,0.00,0.000,16,0,0.00,0.0,0,ok,rzc262710935vl.001.h5,2026-10-06T07:15:27Z
2026-09-28T09:30:00Z,cepina,0.00,0.000,16,0,0.00,0.0,0,ok,rzc262710930vl.001.h5,2026-10-06T07:15:27Z
2026-09-28T09:25:00Z,cepina,0.00,0.000,16,0,0.00,0.0,0,ok,rzc262710925vl.001.h5,2026-10-06T07:15:27Z
2026-09-28T09:20:00Z,cepina,0.00,0.000,16,0,0.00,0.0,0,ok,rzc262710920vl.001.h5,2026-10-06T07:15:27Z
2026-09-28T09:15:00Z,cepina,0.00,0.000,16,0,0.00,0.0,0,ok,rzc262710915vl.001.h5,2026-10-06T07:15:27Z
2026-09-28T09:10:00Z,cepina,0.00,0.000,16,0,0.00,0.0,0,ok,rzc262710910vl.001.h5,2026-10-06T07:15:27Z
2026-09-28T09:05:00Z,cepina,0.00,0.000,16,0,0.00,0.0,0,ok,rzc262710905vl.001.h5,2026-10-06T07:15:27Z
2026-09-28T09:00:00Z,cepina,0.00,0.000,16,0,0.00,0.0,0,ok,rzc262710900vl.001.h5,2026-10-06T07:15:27Z
2026-09-28T08:55:00Z,cepina,0.00,0.000,16,0,0.00,0.0,0,ok,rzc262710855rl.001.h5,2026-10-06T07:15:27Z
2026-09-28T08:50:00Z,cepina,0.00,0.000,16,0,0.00,0.0,0,ok,rzc262710850rl.001.h5,2026-10-06T07:15:27Z
2026-09-28T08:45:00Z,cepina,0.00,0.000,16,0,0.00,0.0,0,ok,rzc262710845rl.001.h5,2026-10-06T07:15:27Z
2026-09-28T08:40:00Z,cepina,0.00,0.000,16,0,0.00,0.0,0,ok,rzc262710840rl.001.h5,2026-10-06T07:15:27Z
2026-09-28T08:35:00Z,cepina,0.00,0.000,16,0,0.00,0.0,0,ok,rzc262710835rl.001.h5,2026-10-06T07:15:27Z
2026-09-28T08:30:00Z,cepina,0.00,0.000,16,0,0.00,0.0,0,ok,rzc262710830rl.001.h5,2026-10-06T07:15:27Z
2026-09-28T08:25:00Z,cepina,0.00,0.000,16,0,0.00,0.0,0,ok,rzc262710825rl.001.h5,2026-10-06T07:15:27Z
2026-09-28T08:20:00Z,cepina,0.00,0.000,16,0,0.00,0.0,0,ok,rzc262710820rl.001.h5,2026-10-06T07:15:27Z
2026-09-28T08:15:00Z,cepina,0.00,0.000,16,0,0.00,0.0,0,ok,rzc262710815rl.001.h5,2026-10-06T07:15:27Z
2026-09-28T08:10:00Z,cepina,0.00,0.000,16,0,0.00,0.0,0,ok,rzc262710810rl.001.h5,2026-10-06T07:15:27Z
2026-09-28T08:05:00Z,cepina,0.00,0.000,16,0,0.00,0.0,0,ok,rzc262710805rl.001.h5,2026-10-06T07:15:27Z
2026-09-28T08:00:00Z,cepina,0.00,0.000,16,0,0.00,0.0,0,ok,rzc262710800rl.001.h5,2026-10-06T07:15:27Z
2026-09-28T07:55:00Z,cepina,0.00,0.000,16,0,0.00,0.0,0,ok,rzc262710755rl.001.h5,2026-10-06T07:15:27Z
2026-09-28T07:50:00Z,cepina,0.00,0.000,16,0,0.00,0.0,0,ok,rzc262710750rl.001.h5,2026-10-06T07:15:27Z
2026-09-28T07:45:00Z,cepina,0.00,0.000,16,0,0.00,0.0,0,ok,rzc262710745rl.001.h5,2026-10-06T07:15:27Z
2026-09-28T07:40:00Z,cepina,0.00,0.000,16,0,0.00,0.0,0,ok,rzc262710740rl.001.h5,2026-10-06T07:15:27Z
2026-09-28T07:35:00Z,cepina,0.00,0.000,16,0,0.00,0.0,0,ok,rzc262710735rl.001.h5,2026-10-06T07:15:27Z
2026-09-28T07:30:00Z,cepina,0.00,0.000,16,0,0.00,0.0,0,ok,rzc262710730rl.001.h5,2026-10-06T07:15:27Z
2026-09-28T07:25:00Z,cepina,0.00,0.000,16,0,0.00,0.0,0,ok,rzc262710725rl.001.h5,2026-10-06T07:15:27Z
2026-09-28T07:20:00Z,cepina,0.00,0.000,16,0,0.00,0.0,0,ok,rzc262710720rl.001.h5,2026-10-06T07:15:27Z
2026-09-28T07:15:00Z,cepina,0.00,0.000,16,0,0.00,0.0,0,ok,rzc262710715rl.001.h5,2026-10-06T07:15:27Z
2026-09-28T07:10:00Z,cepina,0.00,0.000,16,0,0.00,0.0,0,ok,rzc262710710rl.001.h5,2026-10-06T07:15:27Z
2026-09-28T07:05:00Z,cepina,0.00,0.000,16,0,0.00,0.0,0,ok,rzc262710705rl.001.h5,2026-10-06T07:15:27Z
2026-09-28T07:00:00Z,cepina,0.00,0.000,16,0,0.00,0.0,0,ok,rzc262710700rl.001.h5,2026-10-06T07:15:27Z
2026-09-28T06:55:00Z,cepina,0.00,0.000,16,0,0.00,0.0,0,ok,rzc262710655rl.001.h5,2026-10-06T07:15:27Z
2026-09-28T06:50:00Z,cepina,0.00,0.000,16,0,0.00,0.0,0,ok,rzc262710650rl.001.h5,2026-10-06T07:15:27Z
2026-09-28T06:45:00Z,cepina,0.00,0.000,16,0,0.00,0.0,0,ok,rzc262710645rl.001.h5,2026-10-06T07:15:27Z
2026-09-28T06:40:00Z,cepina,0.00,0.000,16,0,0.00,0.0,0,ok,rzc262710640vl.001.h5,2026-10-06T07:15:27Z
2026-09-28T06:35:00Z,cepina,0.00,0.000,16,0,0.00,0.0,0,ok,rzc262710635vl.001.h5,2026-10-06T07:15:27Z
2026-09-28T06:30:00Z,cepina,0.00,0.000,16,0,0.00,0.0,0,ok,rzc262710630vl.001.h5,2026-10-06T07:15:27Z
2026-09-28T06:25:00Z,cepina,0.00,0.000,16,0,0.00,0.0,0,ok,rzc262710625vl.001.h5,2026-10-06T07:15:27Z
2026-09-28T06:20:00Z,cepina,0.00,0.000,16,0,0.00,0.0,0,ok,rzc262710620vl.001.h5,2026-10-06T07:15:27Z
2026-09-28T06:15:00Z,cepina,0.00,0.000,16,0,0.00,0.0,0,ok,rzc262710615vl.001.h5,2026-10-06T07:15:27Z
2026-09-28T06:10:00Z,cepina,0.00,0.000,16,0,0.00,0.0,0,ok,rzc262710610vl.001.h5,2026-10-06T07:15:27Z
2026-09-28T06:05:00Z,cepina,0.00,0.000,16,0,0.01,0.0,0,ok,rzc262710605vl.001.h5,2026-10-06T07:15:27Z
2026-09-28T06:00:00Z,cepina,0.00,0.000,16,0,0.00,0.0,0,ok,rzc262710600vl.001.h5,2026-10-06T07:15:27Z
2026-09-28T05:55:00Z,cepina,0.00,0.000,16,0,0.00,0.0,0,ok,rzc262710555vl.001.h5,2026-10-06T07:15:27Z
2026-09-28T05:50:00Z,cepina,0.00,0.000,16,0,0.00,0.0,0,ok,rzc262710550vl.001.h5,2026-10-06T07:15:27Z
2026-09-28T05:45:00Z,cepina,0.00,0.000,16,0,0.00,0.0,0,ok,rzc262710545vl.001.h5,2026-10-06T07:15:27Z
2026-09-28T05:40:00Z,cepina,0.00,0.000,16,0,0.00,0.0,0,ok,rzc262710540vl.001.h5,2026-10-06T07:15:27Z
2026-09-28T05:35:00Z,cepina,0.00,0.000,16,0,0.00,0.0,0,ok,rzc262710535vl.001.h5,2026-10-06T07:15:27Z
2026-09-28T05:30:00Z,cepina,0.00,0.000,16,0,0.00,0.0,0,ok,rzc262710530vl.001.h5,2026-10-06T07:15:27Z
2026-09-28T05:25:00Z,cepina,0.00,0.000,16,0,0.00,0.0,0,ok,rzc262710525vl.001.h5,2026-10-06T07:15:27Z
2026-09-28T05:20:00Z,cepina,0.00,0.000,16,0,0.00,0.0,0,ok,rzc262710520vl.001.h5,2026-10-06T07:15:27Z
2026-09-28T05:15:00Z,cepina,0.00,0.000,16,0,0.00,0.0,0,ok,rzc262710515vl.001.h5,2026-10-06T07:15:27Z
2026-09-28T05:10:00Z,cepina,0.00,0.000,16,0,0.00,0.0,0,ok,rzc262710510vl.001.h5,2026-10-06T07:15:27Z
2026-09-28T05:05:00Z,cepina,0.00,0.000,16,0,0.00,0.0,0,ok,rzc262710505vl.001.h5,2026-10-06T07:15:27Z
2026-09-28T05:00:00Z,cepina,0.00,0.000,16,0,0.00,0.0,0,ok,rzc262710500vl.001.h5,2026-10-06T07:15:27Z
2026-09-28T04:55:00Z,cepina,0.00,0.000,16,0,0.00,0.0,0,ok,rzc262710455vl.001.h5,2026-10-06T07:15:27Z
2026-09-28T04:50:00Z,cepina,0.00,0.000,16,0,0.00,0.0,0,ok,rzc262710450vl.001.h5,2026-10-06T07:15:27Z
2026-09-28T04:45:00Z,cepina,0.00,0.000,16,0,0.00,0.0,0,ok,rzc262710445vl.001.h5,2026-10-06T07:15:27Z
2026-09-28T04:40:00Z,cepina,0.00,0.000,16,0,0.00,0.0,0,ok,rzc262710440vl.001.h5,2026-10-06T07:15:27Z
2026-09-28T04:35:00Z,cepina,0.00,0.000,16,0,0.00,0.0,0,ok,rzc262710435vl.001.h5,2026-10-06T07:15:27Z
2026-09-28T04:30:00Z,cepina,0.00,0.000,16,0,0.00,0.0,0,ok,rzc262710430vl.001.h5,2026-10-06T07:15:27Z
2026-09-28T04:25:00Z,cepina,0.00,0.000,16,0,0.00,0.0,0,ok,rzc262710425vl.001.h5,2026-10-06T07:15:27Z
2026-09-28T04:20:00Z,cepina,0.00,0.000,16,0,0.00,0.0,0,ok,rzc262710420vl.001.h5,2026-10-06T07:15:27Z
2026-09-28T04:15:00Z,cepina,0.00,0.000,16,0,0.00,0.0,0,ok,rzc262710415vl.001.h5,2026-10-06T07:15:27Z
2026-09-28T04:10:00Z,cepina,0.00,0.000,16,0,0.00,0.0,0,ok,rzc262710410vl.001.h5,2026-10-06T07:15:27Z
2026-09-28T04:05:00Z,cepina,0.00,0.000,16,0,0.00,0.0,0,ok,rzc262710405vl.001.h5,2026-10-06T07:15:27Z
2026-09-28T04:00:00Z,cepina,0.00,0.000,16,0,0.00,0.0,0,ok,rzc262710400vl.001.h5,2026-10-06T07:15:27Z
2026-09-28T03:55:00Z,cepina,0.00,0.000,16,0,0.01,0.0,0,ok,rzc262710355vl.001.h5,2026-10-06T07:15:27Z
2026-09-28T03:50:00Z,cepina,0.00,0.000,16,0,0.00,0.0,0,ok,rzc262710350vl.001.h5,2026-10-06T07:15:27Z
2026-09-28T03:45:00Z,cepina,0.00,0.000,16,0,0.00,0.0,0,ok,rzc262710345vl.001.h5,2026-10-06T07:15:27Z
2026-09-28T03:40:00Z,cepina,0.00,0.000,16,0,0.00,0.0,0,ok,rzc262710340vl.001.h5,2026-10-06T07:15:27Z
2026-09-28T03:35:00Z,cepina,0.00,0.000,16,0,0.00,0.0,0,ok,rzc262710335vl.001.h5,2026-10-06T07:15:27Z
2026-09-28T03:30:00Z,cepina,0.00,0.000,16,0,0.00,0.0,0,ok,rzc262710330vl.001.h5,2026-10-06T07:15:27Z
2026-09-28T03:25:00Z,cepina,0.00,0.000,16,0,0.00,0.0,0,ok,rzc262710325vl.001.h5,2026-10-06T07:15:27Z
2026-09-28T03:20:00Z,cepina,0.00,0.000,16,0,0.00,0.0,0,ok,rzc262710320vl.001.h5,2026-10-06T07:15:27Z
2026-09-28T03:15:00Z,cepina,0.00,0.000,16,0,0.00,0.0,0,ok,rzc262710315vl.001.h5,2026-10-06T07:15:27Z
2026-09-28T03:10:00Z,cepina,0.00,0.000,16,0,0.00,0.0,0,ok,rzc262710310vl.001.h5,2026-10-06T07:15:27Z
2026-09-28T03:05:00Z,cepina,0.00,0.000,16,0,0.00,0.0,0,ok,rzc262710305vl.001.h5,2026-10-06T07:15:27Z
2026-09-28T03:00:00Z,cepina,0.00,0.000,16,0,0.00,0.0,0,ok,rzc262710300vl.001.h5,2026-10-06T07:15:27Z
2026-09-28T02:55:00Z,cepina,0.00,0.000,16,0,0.00,0.0,0,ok,rzc262710255vl.001.h5,2026-10-06T07:15:27Z
2026-09-28T02:50:00Z,cepina,0.00,0.000,16,0,0.00,0.0,0,ok,rzc262710250vl.001.h5,2026-10-06T07:15:27Z
2026-09-28T02:45:00Z,cepina,0.00,0.000,16,0,0.00,0.0,0,ok,rzc262710245vl.001.h5,2026-10-06T07:15:27Z
2026-09-28T02:40:00Z,cepina,0.00,0.000,16,0,0.00,0.0,0,ok,rzc262710240vl.001.h5,2026-10-06T07:15:27Z
2026-09-28T02:35:00Z,cepina,0.00,0.000,16,0,0.00,0.0,0,ok,rzc262710235vl.001.h5,2026-10-06T07:15:27Z
2026-09-28T02:30:00Z,cepina,0.00,0.000,16,0,0.01,0.0,0,ok,rzc262710230vl.001.h5,2026-10-06T07:15:27Z
2026-09-28T02:25:00Z,cepina,0.00,0.000,16,0,0.00,0.0,0,ok,rzc262710225vl.001.h5,2026-10-06T07:15:27Z
2026-09-28T02:20:00Z,cepina,0.00,0.000,16,0,0.00,0.0,0,ok,rzc262710220vl.001.h5,2026-10-06T07:15:27Z
2026-09-28T02:15:00Z,cepina,0.00,0.000,16,0,0.00,0.0,0,ok,rzc262710215vl.001.h5,2026-10-06T07:15:27Z
2026-09-28T02:10:00Z,cepina,0.00,0.000,16,0,0.00,0.0,0,ok,rzc262710210vl.001.h5,2026-10-06T07:15:27Z
2026-09-28T02:05:00Z,cepina,0.00,0.000,16,0,0.01,0.0,0,ok,rzc262710205vl.001.h5,2026-10-06T07:15:27Z
2026-09-28T02:00:00Z,cepina,0.00,0.000,16,0,0.00,0.0,0,ok,rzc262710200vl.001.h5,2026-10-06T07:15:27Z
2026-09-28T01:55:00Z,cepina,0.00,0.000,16,0,0.00,0.0,0,ok,rzc262710155vl.001.h5,2026-10-06T07:15:27Z
2026-09-28T01:50:00Z,cepina,0.00,0.000,16,0,0.00,0.0,0,ok,rzc262710150vl.001.h5,2026-10-06T07:15:27Z
2026-09-28T01:45:00Z,cepina,0.00,0.000,16,0,0.00,0.0,0,ok,rzc262710145vl.001.h5,2026-10-06T07:15:27Z
2026-09-28T01:40:00Z,cepina,0.00,0.000,16,0,0.00,0.0,0,ok,rzc262710140vl.001.h5,2026-10-06T07:15:27Z
2026-09-28T01:35:00Z,cepina,0.00,0.000,16,0,0.00,0.0,0,ok,rzc262710135vl.001.h5,2026-10-06T07:15:27Z
2026-09-28T01:30:00Z,cepina,0.00,0.000,16,0,0.00,0.0,0,ok,rzc262710130vl.001.h5,2026-10-06T07:15:27Z
2026-09-28T01:25:00Z,cepina,0.00,0.000,16,0,0.00,0.0,0,ok,rzc262710125vl.001.h5,2026-10-06T07:15:27Z
2026-09-28T01:20:00Z,cepina,0.00,0.000,16,0,0.00,0.0,0,ok,rzc262710120vl.001.h5,2026-10-06T07:15:27Z
2026-09-28T01:15:00Z,cepina,0.00,0.000,16,0,0.00,0.0,0,ok,rzc262710115vl.001.h5,2026-10-06T07:15:27Z
2026-09-28T01:10:00Z,cepina,0.00,0.000,16,0,0.00,0.0,0,ok,rzc262710110vl.001.h5,2026-10-06T07:15:27Z
2026-09-28T01:05:00Z,cepina,0.00,0.000,16,0,0.00,0.0,0,ok,rzc262710105vl.001.h5,2026-10-06T07:15:27Z
2026-09-28T01:00:00Z,cepina,0.00,0.000,16,0,0.00,0.0,0,ok,rzc262710100vl.001.h5,2026-10-06T07:15:27Z
2026-09-28T00:55:00Z,cepina,0.00,0.000,16,0,0.00,0.0,0,ok,rzc262710055vl.001.h5,2026-10-06T07:15:27Z
2026-09-28T00:50:00Z,cepina,0.00,0.000,16,0,0.00,0.0,0,ok,rzc262710050vl.001.h5,2026-10-06T07:15:27Z
2026-09-28T00:45:00Z,cepina,0.00,0.000,16,0,0.00,0.0,0,ok,rzc262710045vl.001.h5,2026-10-06T07:15:27Z
2026-09-28T00:40:00Z,cepina,0.00,0.000,16,0,0.00,0.0,0,ok,rzc262710040vl.001.h5,2026-10-06T07:15:27Z
2026-09-28T00:35:00Z,cepina,0.00,0.000,16,0,0.00,0.0,0,ok,rzc262710035vl.001.h5,2026-10-06T07:15:27Z
2026-09-28T00:30:00Z,cepina,0.00,0.000,16,0,0.00,0.0,0,ok,rzc262710030vl.001.h5,2026-10-06T07:15:27Z
2026-09-28T00:25:00Z,cepina,0.00,0.000,16,0,0.00,0.0,0,ok,rzc262710025vl.001.h5,2026-10-06T07:15:27Z
2026-09-28T00:20:00Z,cepina,0.00,0.000,16,0,0.00,0.0,0,ok,rzc262710020vl.001.h5,2026-10-06T07:15:27Z
2026-09-28T00:15:00Z,cepina,0.00,0.000,16,0,0.00,0.0,0,ok,rzc262710015vl.001.h5,2026-10-06T07:15:27Z
2026-09-28T00:10:00Z,cepina,0.00,0.000,16,0,0.00,0.0,0,ok,rzc262710010vl.001.h5,2026-10-06T07:15:27Z
2026-09-28T00:05:00Z,cepina,0.00,0.000,16,0,0.00,0.0,0,ok,rzc262710005vl.001.h5,2026-10-06T07:15:27Z
2026-09-28T00:00:00Z,cepina,0.00,0.000,16,0,0.00,0.0,0,ok,rzc262710000vl.001.h5,2026-10-06T07:15:27Z
2026-09-27T23:55:00Z,cepina,0.00,0.000,16,0,0.00,0.0,0,ok,rzc262702355vl.001.h5,2026-10-06T07:15:27Z
2026-09-27T23:50:00Z,cepina,0.00,0.000,16,0,0.00,0.0,0,ok,rzc262702350vl.001.h5,2026-10-06T07:15:27Z
2026-09-27T23:45:00Z,cepina,0.00,0.000,16,0,0.00,0.0,0,ok,rzc262702345vl.001.h5,2026-10-06T07:15:27Z
2026-09-27T23:40:00Z,cepina,0.00,0.000,16,0,0.01,0.0,0,ok,rzc262702340vl.001.h5,2026-10-06T07:15:27Z
2026-09-27T23:35:00Z,cepina,0.00,0.000,16,0,0.00,0.0,0,ok,rzc262702335vl.001.h5,2026-10-06T07:15:27Z
2026-09-27T23:30:00Z,cepina,0.00,0.000,16,0,0.00,0.0,0,ok,rzc262702330vl.001.h5,2026-10-06T07:15:27Z
2026-09-27T23:25:00Z,cepina,0.00,0.000,16,0,0.00,0.0,0,ok,rzc262702325vl.001.h5,2026-10-06T07:15:27Z
2026-09-27T23:20:00Z,cepina,0.00,0.000,16,0,0.00,0.0,0,ok,rzc262702320vl.001.h5,2026-10-06T07:15:27Z
2026-09-27T23:15:00Z,cepina,0.00,0.000,16,0,0.00,0.0,0,ok,rzc262702315vl.001.h5,2026-10-06T07:15:27Z
2026-09-27T23:10:00Z,cepina,0.00,0.000,16,0,0.00,0.0,0,ok,rzc262702310vl.001.h5,2026-10-06T07:15:27Z
2026-09-27T23:05:00Z,cepina,0.00,0.000,16,0,0.00,0.0,0,ok,rzc262702305vl.001.h5,2026-10-06T07:15:27Z
2026-09-27T23:00:00Z,cepina,0.00,0.000,16,0,0.00,0.0,0,ok,rzc262702300vl.001.h5,2026-10-06T07:15:27Z
2026-09-27T22:55:00Z,cepina,0.00,0.000,16,0,0.00,0.0,0,ok,rzc262702255vl.001.h5,2026-10-06T07:15:27Z
2026-09-27T22:50:00Z,cepina,0.00,0.000,16,0,0.00,0.0,0,ok,rzc262702250vl.001.h5,2026-10-06T07:15:27Z
2026-09-27T22:45:00Z,cepina,0.00,0.000,16,0,0.00,0.0,0,ok,rzc262702245vl.001.h5,2026-10-06T07:15:27Z
2026-09-27T22:40:00Z,cepina,0.00,0.000,16,0,0.00,0.0,0,ok,rzc262702240vl.001.h5,2026-10-06T07:15:27Z
2026-09-27T22:35:00Z,cepina,0.00,0.000,16,0,0.00,0.0,0,ok,rzc262702235vl.001.h5,2026-10-06T07:15:27Z
2026-09-27T22:30:00Z,cepina,0.00,0.000,16,0,0.00,0.0,0,ok,rzc262702230vl.001.h5,2026-10-06T07:15:27Z
2026-09-27T22:25:00Z,cepina,0.00,0.000,16,0,0.00,0.0,0,ok,rzc262702225vl.001.h5,2026-10-06T07:15:27Z
2026-09-27T22:20:00Z,cepina,0.00,0.000,16,0,0.00,0.0,0,ok,rzc262702220vl.001.h5,2026-10-06T07:15:27Z
2026-09-27T22:15:00Z,cepina,0.00,0.000,16,0,0.00,0.0,0,ok,rzc262702215vl.001.h5,2026-10-06T07:15:27Z
2026-09-27T22:10:00Z,cepina,0.00,0.000,16,0,0.00,0.0,0,ok,rzc262702210vl.001.h5,2026-10-06T07:15:27Z
2026-09-27T22:05:00Z,cepina,0.00,0.000,16,0,0.00,0.0,0,ok,rzc262702205vl.001.h5,2026-10-06T07:15:27Z
2026-09-27T22:00:00Z,cepina,0.00,0.000,16,0,0.00,0.0,0,ok,rzc262702200vl.001.h5,2026-10-06T07:15:27Z
2026-09-27T21:55:00Z,cepina,0.00,0.000,16,0,0.00,0.0,0,ok,rzc262702155vl.001.h5,2026-10-06T07:15:27Z
2026-09-27T21:50:00Z,cepina,0.00,0.000,16,0,0.01,0.0,0,ok,rzc262702150vl.001.h5,2026-10-06T07:15:27Z
2026-09-27T21:45:00Z,cepina,0.00,0.000,16,0,0.00,0.0,0,ok,rzc262702145vl.001.h5,2026-10-06T07:15:27Z
2026-09-27T21:40:00Z,cepina,0.00,0.000,16,0,0.00,0.0,0,ok,rzc262702140vl.001.h5,2026-10-06T07:15:27Z
2026-09-27T21:35:00Z,cepina,0.00,0.000,16,0,0.00,0.0,0,ok,rzc262702135vl.001.h5,2026-10-06T07:15:27Z
2026-09-27T21:30:00Z,cepina,0.00,0.000,16,0,0.00,0.0,0,ok,rzc262702130vl.001.h5,2026-10-06T07:15:27Z
2026-09-27T21:25:00Z,cepina,0.00,0.000,16,0,0.00,0.0,0,ok,rzc262702125vl.001.h5,2026-10-06T07:15:27Z
2026-09-27T21:20:00Z,cepina,0.00,0.000,16,0,0.00,0.0,0,ok,rzc262702120vl.001.h5,2026-10-06T07:15:27Z
2026-09-27T21:15:00Z,cepina,0.00,0.000,16,0,0.00,0.0,0,ok,rzc262702115vl.001.h5,2026-10-06T07:15:27Z
2026-09-27T21:10:00Z,cepina,0.00,0.000,16,0,0.00,0.0,0,ok,rzc262702110vl.001.h5,2026-10-06T07:15:27Z
2026-09-27T21:05:00Z,cepina,0.00,0.000,16,0,0.00,0.0,0,ok,rzc262702105vl.001.h5,2026-10-06T07:15:27Z
2026-09-27T21:00:00Z,cepina,0.00,0.000,16,0,0.00,0.0,0,ok,rzc262702100vl.001.h5,2026-10-06T07:15:27Z
2026-09-27T20:55:00Z,cepina,0.00,0.000,16,0,0.00,0.0,0,ok,rzc262702055vl.001.h5,2026-10-06T07:15:27Z
2026-09-27T20:50:00Z,cepina,0.00,0.000,16,0,0.00,0.0,0,ok,rzc262702050vl.001.h5,2026-10-06T07:15:27Z
2026-09-27T20:45:00Z,cepina,0.00,0.000,16,0,0.00,0.0,0,ok,rzc262702045vl.001.h5,2026-10-06T07:15:27Z
2026-09-27T20:40:00Z,cepina,0.00,0.000,16,0,0.00,0.0,0,ok,rzc262702040vl.001.h5,2026-10-06T07:15:27Z
2026-09-27T20:35:00Z,cepina,0.00,0.000,16,0,0.00,0.0,0,ok,rzc262702035vl.001.h5,2026-10-06T07:15:27Z
2026-09-27T20:30:00Z,cepina,0.00,0.000,16,0,0.00,0.0,0,ok,rzc262702030vl.001.h5,2026-10-06T07:15:27Z
2026-09-27T20:25:00Z,cepina,0.00,0.000,16,0,0.00,0.0,0,ok,rzc262702025vl.001.h5,2026-10-06T07:15:27Z
2026-09-27T20:20:00Z,cepina,0.00,0.000,16,0,0.00,0.0,0,ok,rzc262702020vl.001.h5,2026-10-06T07:15:27Z
2026-09-27T20:15:00Z,cepina,0.00,0.000,16,0,0.00,0.0,0,ok,rzc262702015vl.001.h5,2026-10-06T07:15:27Z
2026-09-27T20:10:00Z,cepina,0.00,0.000,16,0,0.00,0.0,0,ok,rzc262702010vl.001.h5,2026-10-06T07:15:27Z
2026-09-27T20:05:00Z,cepina,0.00,0.000,16,0,0.00,0.0,0,ok,rzc262702005vl.001.h5,2026-10-06T07:15:27Z
2026-09-27T20:00:00Z,cepina,0.00,0.000,16,0,0.00,0.0,0,ok,rzc262702000vl.001.h5,2026-10-06T07:15:27Z
2026-09-27T19:55:00Z,cepina,0.00,0.000,16,0,0.00,0.0,0,ok,rzc262701955vl.001.h5,2026-10-06T07:15:27Z
2026-09-27T19:50:00Z,cepina,0.00,0.000,16,0,0.00,0.0,0,ok,rzc262701950vl.001.h5,2026-10-06T07:15:27Z
2026-09-27T19:45:00Z,cepina,0.00,0.000,16,0,0.00,0.0,0,ok,rzc262701945vl.001.h5,2026-10-06T07:15:27Z
2026-09-27T19:40:00Z,cepina,0.00,0.000,16,0,0.00,0.0,0,ok,rzc262701940vl.001.h5,2026-10-06T07:15:27Z
2026-09-27T19:35:00Z,cepina,0.00,0.000,16,0,0.01,0.0,0,ok,rzc262701935vl.001.h5,2026-10-06T07:15:27Z
2026-09-27T19:30:00Z,cepina,0.00,0.000,16,0,0.00,0.0,0,ok,rzc262701930vl.001.h5,2026-10-06T07:15:27Z
2026-09-27T19:25:00Z,cepina,0.00,0.000,16,0,0.00,0.0,0,ok,rzc262701925vl.001.h5,2026-10-06T07:15:27Z
2026-09-27T19:20:00Z,cepina,0.00,0.000,16,0,0.00,0.0,0,ok,rzc262701920vl.001.h5,2026-10-06T07:15:27Z
2026-09-27T19:15:00Z,cepina,0.00,0.000,16,0,0.00,0.0,0,ok,rzc262701915vl.001.h5,2026-10-06T07:15:27Z
2026-09-27T19:10:00Z,cepina,0.00,0.000,16,0,0.00,0.0,0,ok,rzc262701910vl.001.h5,2026-10-06T07:15:27Z
2026-09-27T19:05:00Z,cepina,0.00,0.000,16,0,0.00,0.0,0,ok,rzc262701905vl.001.h5,2026-10-06T07:15:27Z
2026-09-27T19:00:00Z,cepina,0.00,0.000,16,0,0.00,0.0,0,ok,rzc262701900vl.001.h5,2026-10-06T07:15:27Z
2026-09-27T18:55:00Z,cepina,0.00,0.000,16,0,0.00,0.0,0,ok,rzc262701855vl.001.h5,2026-10-06T07:15:27Z
2026-09-27T18:50:00Z,cepina,0.00,0.000,16,0,0.00,0.0,0,ok,rzc262701850vl.001.h5,2026-10-06T07:15:27Z
2026-09-27T18:45:00Z,cepina,0.00,0.000,16,0,0.00,0.0,0,ok,rzc262701845vl.001.h5,2026-10-06T07:15:27Z
2026-09-27T18:40:00Z,cepina,0.00,0.000,16,0,0.00,0.0,0,ok,rzc262701840vl.001.h5,2026-10-06T07:15:27Z
2026-09-27T18:35:00Z,cepina,0.00,0.000,16,0,0.00,0.0,0,ok,rzc262701835vl.001.h5,2026-10-06T07:15:27Z
2026-09-27T18:30:00Z,cepina,0.00,0.000,16,0,0.01,0.0,0,ok,rzc262701830vl.001.h5,2026-10-06T07:15:27Z
2026-09-27T18:25:00Z,cepina,0.00,0.000,16,0,0.00,0.0,0,ok,rzc262701825vl.001.h5,2026-10-06T07:15:27Z
2026-09-27T18:20:00Z,cepina,0.00,0.000,16,0,0.01,0.0,0,ok,rzc262701820vl.001.h5,2026-10-06T07:15:27Z
2026-09-27T18:15:00Z,cepina,0.00,0.000,16,0,0.00,0.0,0,ok,rzc262701815vl.001.h5,2026-10-06T07:15:27Z
2026-09-27T18:10:00Z,cepina,0.00,0.000,16,0,0.00,0.0,0,ok,rzc262701810vl.001.h5,2026-10-06T07:15:27Z
2026-09-27T18:05:00Z,cepina,0.00,0.000,16,0,0.00,0.0,0,ok,rzc262701805vl.001.h5,2026-10-06T07:15:27Z
2026-09-27T18:00:00Z,cepina,0.00,0.000,16,0,0.00,0.0,0,ok,rzc262701800vl.001.h5,2026-10-06T07:15:27Z
2026-09-27T17:55:00Z,cepina,0.00,0.000,16,0,0.00,0.0,0,ok,rzc262701755vl.001.h5,2026-10-06T07:15:27Z
2026-09-27T17:50:00Z,cepina,0.00,0.000,16,0,0.00,0.0,0,ok,rzc262701750vl.001.h5,2026-10-06T07:15:27Z
2026-09-27T17:45:00Z,cepina,0.00,0.000,16,0,0.00,0.0,0,ok,rzc262701745vl.001.h5,2026-10-06T07:15:27Z
2026-09-27T17:40:00Z,cepina,0.00,0.000,16,0,0.00,0.0,0,ok,rzc262701740vl.001.h5,2026-10-06T07:15:27Z
2026-09-27T17:35:00Z,cepina,0.00,0.000,16,0,0.00,0.0,0,ok,rzc262701735vl.001.h5,2026-10-06T07:15:27Z
2026-09-27T17:30:00Z,cepina,0.00,0.000,16,0,0.00,0.0,0,ok,rzc262701730vl.001.h5,2026-10-06T07:15:27Z
2026-09-27T17:25:00Z,cepina,0.00,0.000,16,0,0.00,0.0,0,ok,rzc262701725vl.001.h5,2026-10-06T07:15:27Z
2026-09-27T17:20:00Z,cepina,0.00,0.000,16,0,0.00,0.0,0,ok,rzc262701720vl.001.h5,2026-10-06T07:15:27Z
2026-09-27T17:15:00Z,cepina,0.00,0.000,16,0,0.00,0.0,0,ok,rzc262701715vl.001.h5,2026-10-06T07:15:27Z
2026-09-27T17:10:00Z,cepina,0.00,0.000,16,0,0.00,0.0,0,ok,rzc262701710vl.001.h5,2026-10-06T07:15:27Z
2026-09-27T17:05:00Z,cepina,0.00,0.000,16,0,0.00,0.0,0,ok,rzc262701705vl.001.h5,2026-10-06T07:15:27Z
2026-09-27T17:00:00Z,cepina,0.00,0.000,16,0,0.00,0.0,0,ok,rzc262701700vl.001.h5,2026-10-06T07:15:27Z
2026-09-27T16:55:00Z,cepina,0.00,0.000,16,0,0.00,0.0,0,ok,rzc262701655vl.001.h5,2026-10-06T07:15:27Z
2026-09-27T16:50:00Z,cepina,0.00,0.000,16,0,0.00,0.0,0,ok,rzc262701650vl.001.h5,2026-10-06T07:15:27Z
2026-09-27T16:45:00Z,cepina,0.00,0.000,16,0,0.00,0.0,0,ok,rzc262701645vl.001.h5,2026-10-06T07:15:27Z
2026-09-27T16:40:00Z,cepina,0.00,0.000,16,0,0.00,0.0,0,ok,rzc262701640vl.001.h5,2026-10-06T07:15:27Z
2026-09-27T16:35:00Z,cepina,0.00,0.000,16,0,0.00,0.0,0,ok,rzc262701635vl.001.h5,2026-10-06T07:15:27Z
2026-09-27T16:30:00Z,cepina,0.00,0.000,16,0,0.01,0.0,0,ok,rzc262701630vl.001.h5,2026-10-06T07:15:27Z
2026-09-27T16:25:00Z,cepina,0.00,0.000,16,0,0.00,0.0,0,ok,rzc262701625vl.001.h5,2026-10-06T07:15:27Z
2026-09-27T16:20:00Z,cepina,0.00,0.000,16,0,0.00,0.0,0,ok,rzc262701620vl.001.h5,2026-10-06T07:15:27Z
2026-09-27T16:15:00Z,cepina,0.00,0.000,16,0,0.00,0.0,0,ok,rzc262701615vl.001.h5,2026-10-06T07:15:27Z
2026-09-27T16:10:00Z,cepina,0.00,0.000,16,0,0.00,0.0,0,ok,rzc262701610vl.001.h5,2026-10-06T07:15:27Z
2026-09-27T16:05:00Z,cepina,0.00,0.000,16,0,0.00,0.0,0,ok,rzc262701605vl.001.h5,2026-10-06T07:15:27Z
2026-09-27T16:00:00Z,cepina,0.00,0.000,16,0,0.01,0.0,0,ok,rzc262701600vl.001.h5,2026-10-06T07:15:27Z
2026-09-27T15:55:00Z,cepina,0.00,0.000,16,0,0.00,0.0,0,ok,rzc262701555vl.001.h5,2026-10-06T07:15:27Z
2026-09-27T15:50:00Z,cepina,0.00,0.000,16,0,0.00,0.0,0,ok,rzc262701550vl.001.h5,2026-10-06T07:15:27Z
2026-09-27T15:45:00Z,cepina,0.00,0.000,16,0,0.00,0.0,0,ok,rzc262701545vl.001.h5,2026-10-06T07:15:27Z
2026-09-27T15:40:00Z,cepina,0.00,0.000,16,0,0.00,0.0,0,ok,rzc262701540vl.001.h5,2026-10-06T07:15:27Z
2026-09-27T15:35:00Z,cepina,0.00,0.000,16,0,0.00,0.0,0,ok,rzc262701535vl.001.h5,2026-10-06T07:15:27Z
2026-09-27T15:30:00Z,cepina,0.00,0.000,16,0,0.00,0.0,0,ok,rzc262701530vl.001.h5,2026-10-06T07:15:27Z
2026-09-27T15:25:00Z,cepina,0.00,0.000,16,0,0.00,0.0,0,ok,rzc262701525vl.001.h5,2026-10-06T07:15:27Z
2026-09-27T15:20:00Z,cepina,0.00,0.000,16,0,0.00,0.0,0,ok,rzc262701520vl.001.h5,2026-10-06T07:15:27Z
2026-09-27T15:15:00Z,cepina,0.00,0.000,16,0,0.00,0.0,0,ok,rzc262701515vl.001.h5,2026-10-06T07:15:27Z
2026-09-27T15:10:00Z,cepina,0.00,0.000,16,0,0.00,0.0,0,ok,rzc262701510vl.001.h5,2026-10-06T07:15:27Z
2026-09-27T15:05:00Z,cepina,0.00,0.000,16,0,0.00,0.0,0,ok,rzc262701505vl.001.h5,2026-10-06T07:15:27Z
2026-09-27T15:00:00Z,cepina,0.00,0.000,16,0,0.00,0.0,0,ok,rzc262701500vl.001.h5,2026-10-06T07:15:27Z
2026-09-27T14:55:00Z,cepina,0.00,0.000,16,0,0.00,0.0,0,ok,rzc262701455vl.001.h5,2026-10-06T07:15:27Z
2026-09-27T14:50:00Z,cepina,0.00,0.000,16,0,0.00,0.0,0,ok,rzc262701450vl.001.h5,2026-10-06T07:15:27Z
2026-09-27T14:45:00Z,cepina,0.00,0.000,16,0,0.00,0.0,0,ok,rzc262701445vl.001.h5,2026-10-06T07:15:27Z
2026-09-27T14:40:00Z,cepina,0.00,0.000,16,0,0.00,0.0,0,ok,rzc262701440vl.001.h5,2026-10-06T07:15:27Z
2026-09-27T14:35:00Z,cepina,0.00,0.000,16,0,0.00,0.0,0,ok,rzc262701435vl.001.h5,2026-10-06T07:15:27Z
2026-09-27T14:30:00Z,cepina,0.00,0.000,16,0,0.00,0.0,0,ok,rzc262701430vl.001.h5,2026-10-06T07:15:27Z
2026-09-27T14:25:00Z,cepina,0.00,0.000,16,0,0.00,0.0,0,ok,rzc262701425vl.001.h5,2026-10-06T07:15:27Z
2026-09-27T14:20:00Z,cepina,0.00,0.000,16,0,0.00,0.0,0,ok,rzc262701420vl.001.h5,2026-10-06T07:15:27Z
2026-09-27T14:15:00Z,cepina,0.00,0.000,16,0,0.00,0.0,0,ok,rzc262701415vl.001.h5,2026-10-06T07:15:27Z
2026-09-27T14:10:00Z,cepina,0.00,0.000,16,0,0.00,0.0,0,ok,rzc262701410vl.001.h5,2026-10-06T07:15:27Z
2026-09-27T14:05:00Z,cepina,0.00,0.000,16,0,0.00,0.0,0,ok,rzc262701405vl.001.h5,2026-10-06T07:15:27Z
2026-09-27T14:00:00Z,cepina,0.00,0.000,16,0,0.00,0.0,0,ok,rzc262701400vl.001.h5,2026-10-06T07:15:27Z
2026-09-27T13:55:00Z,cepina,0.00,0.000,16,0,0.00,0.0,0,ok,rzc262701355vl.001.h5,2026-10-06T07:15:27Z
2026-09-27T13:50:00Z,cepina,0.00,0.000,16,0,0.00,0.0,0,ok,rzc262701350vl.001.h5,2026-10-06T07:15:27Z
2026-09-27T13:45:00Z,cepina,0.00,0.000,16,0,0.00,0.0,0,ok,rzc262701345vl.001.h5,2026-10-06T07:15:27Z
2026-09-27T13:40:00Z,cepina,0.00,0.000,16,0,0.00,0.0,0,ok,rzc262701340vl.001.h5,2026-10-06T07:15:27Z
2026-09-27T13:35:00Z,cepina,0.00,0.000,16,0,0.00,0.0,0,ok,rzc262701335vl.001.h5,2026-10-06T07:15:27Z
2026-09-27T13:30:00Z,cepina,0.00,0.000,16,0,0.00,0.0,0,ok,rzc262701330vl.001.h5,2026-10-06T07:15:27Z
2026-09-27T13:25:00Z,cepina,0.00,0.000,16,0,0.00,0.0,0,ok,rzc262701325vl.001.h5,2026-10-06T07:15:27Z
2026-09-27T13:20:00Z,cepina,0.00,0.000,16,0,0.00,0.0,0,ok,rzc262701320vl.001.h5,2026-10-06T07:15:27Z
2026-09-27T13:15:00Z,cepina,0.00,0.000,16,0,0.00,0.0,0,ok,rzc262701315vl.001.h5,2026-10-06T07:15:27Z
2026-09-27T13:10:00Z,cepina,0.00,0.000,16,0,0.00,0.0,0,ok,rzc262701310vl.001.h5,2026-10-06T07:15:27Z
2026-09-27T13:05:00Z,cepina,0.00,0.000,16,0,0.00,0.0,0,ok,rzc262701305vl.001.h5,2026-10-06T07:15:27Z
2026-09-27T13:00:00Z,cepina,0.00,0.000,16,0,0.00,0.0,0,ok,rzc262701300vl.001.h5,2026-10-06T07:15:27Z
2026-09-27T12:55:00Z,cepina,0.00,0.000,16,0,0.00,0.0,0,ok,rzc262701255vl.001.h5,2026-10-06T07:15:27Z
2026-09-27T12:50:00Z,cepina,0.00,0.000,16,0,0.00,0.0,0,ok,rzc262701250vl.001.h5,2026-10-06T07:15:27Z
2026-09-27T12:45:00Z,cepina,0.00,0.000,16,0,0.00,0.0,0,ok,rzc262701245vl.001.h5,2026-10-06T07:15:27Z
2026-09-27T12:40:00Z,cepina,0.00,0.000,16,0,0.00,0.0,0,ok,rzc262701240vl.001.h5,2026-10-06T07:15:27Z
2026-09-27T12:35:00Z,cepina,0.00,0.000,16,0,0.00,0.0,0,ok,rzc262701235vl.001.h5,2026-10-06T07:15:27Z
2026-09-27T12:30:00Z,cepina,0.00,0.000,16,0,0.00,0.0,0,ok,rzc262701230vl.001.h5,2026-10-06T07:15:27Z
2026-09-27T12:25:00Z,cepina,0.00,0.000,16,0,0.00,0.0,0,ok,rzc262701225vl.001.h5,2026-10-06T07:15:27Z
2026-09-27T12:20:00Z,cepina,0.00,0.000,16,0,0.00,0.0,0,ok,rzc262701220vl.001.h5,2026-10-06T07:15:27Z
2026-09-27T12:15:00Z,cepina,0.00,0.000,16,0,0.00,0.0,0,ok,rzc262701215vl.001.h5,2026-10-06T07:15:27Z
2026-09-27T12:10:00Z,cepina,0.00,0.000,16,0,0.00,0.0,0,ok,rzc262701210vl.001.h5,2026-10-06T07:15:27Z
2026-09-27T12:05:00Z,cepina,0.00,0.000,16,0,0.00,0.0,0,ok,rzc262701205vl.001.h5,2026-10-06T07:15:27Z
2026-09-27T12:00:00Z,cepina,0.00,0.000,16,0,0.00,0.0,0,ok,rzc262701200vl.001.h5,2026-10-06T07:15:27Z
2026-09-27T11:55:00Z,cepina,0.00,0.000,16,0,0.00,0.0,0,ok,rzc262701155vl.001.h5,2026-10-06T07:15:27Z
2026-09-27T11:50:00Z,cepina,0.00,0.000,16,0,0.00,0.0,0,ok,rzc262701150vl.001.h5,2026-10-06T07:15:27Z
2026-09-27T11:45:00Z,cepina,0.00,0.000,16,0,0.00,0.0,0,ok,rzc262701145vl.001.h5,2026-10-06T07:15:27Z
2026-09-27T11:40:00Z,cepina,0.00,0.000,16,0,0.00,0.0,0,ok,rzc262701140vl.001.h5,2026-10-06T07:15:27Z
2026-09-27T11:35:00Z,cepina,0.00,0.000,16,0,0.00,0.0,0,ok,rzc262701135vl.001.h5,2026-10-06T07:15:27Z
2026-09-27T11:30:00Z,cepina,0.00,0.000,16,0,0.00,0.0,0,ok,rzc262701130vl.001.h5,2026-10-06T07:15:27Z
2026-09-27T11:25:00Z,cepina,0.00,0.000,16,0,0.00,0.0,0,ok,rzc262701125vl.001.h5,2026-10-06T07:15:27Z
2026-09-27T11:20:00Z,cepina,0.00,0.000,16,0,0.00,0.0,0,ok,rzc262701120vl.001.h5,2026-10-06T07:15:27Z
2026-09-27T11:15:00Z,cepina,0.00,0.000,16,0,0.00,0.0,0,ok,rzc262701115vl.001.h5,2026-10-06T07:15:27Z
2026-09-27T11:10:00Z,cepina,0.00,0.000,16,0,0.00,0.0,0,ok,rzc262701110vl.001.h5,2026-10-06T07:15:27Z
2026-09-27T11:05:00Z,cepina,0.00,0.000,16,0,0.00,0.0,0,ok,rzc262701105vl.001.h5,2026-10-06T07:15:27Z
2026-09-27T11:00:00Z,cepina,0.00,0.000,16,0,0.00,0.0,0,ok,rzc262701100vl.001.h5,2026-10-06T07:15:27Z
2026-09-27T10:55:00Z,cepina,0.00,0.000,16,0,0.00,0.0,0,ok,rzc262701055vl.001.h5,2026-10-06T07:15:27Z
2026-09-27T10:50:00Z,cepina,0.00,0.000,16,0,0.00,0.0,0,ok,rzc262701050vl.001.h5,2026-10-06T07:15:27Z
2026-09-27T10:45:00Z,cepina,0.00,0.000,16,0,0.00,0.0,0,ok,rzc262701045vl.001.h5,2026-10-06T07:15:27Z
2026-09-27T10:40:00Z,cepina,0.00,0.000,16,0,0.00,0.0,0,ok,rzc262701040vl.001.h5,2026-10-06T07:15:27Z
2026-09-27T10:35:00Z,cepina,0.00,0.000,16,0,0.00,0.0,0,ok,rzc262701035vl.001.h5,2026-10-06T07:15:27Z
2026-09-27T10:30:00Z,cepina,0.00,0.000,16,0,0.00,0.0,0,ok,rzc262701030vl.001.h5,2026-10-06T07:15:27Z
2026-09-27T10:25:00Z,cepina,0.00,0.000,16,0,0.00,0.0,0,ok,rzc262701025vl.001.h5,2026-10-06T07:15:27Z
2026-09-27T10:20:00Z,cepina,0.00,0.000,16,0,0.00,0.0,0,ok,rzc262701020vl.001.h5,2026-10-06T07:15:27Z
2026-09-27T10:15:00Z,cepina,0.00,0.000,16,0,0.00,0.0,0,ok,rzc262701015vl.001.h5,2026-10-06T07:15:27Z
2026-09-27T10:10:00Z,cepina,0.00,0.000,16,0,0.00,0.0,0,ok,rzc262701010vl.001.h5,2026-10-06T07:15:27Z
2026-09-27T10:05:00Z,cepina,0.00,0.000,16,0,0.00,0.0,0,ok,rzc262701005vl.001.h5,2026-10-06T07:15:27Z
2026-09-27T10:00:00Z,cepina,0.00,0.000,16,0,0.00,0.0,0,ok,rzc262701000vl.001.h5,2026-10-06T07:15:27Z
2026-09-27T09:55:00Z,cepina,0.00,0.000,16,0,0.00,0.0,0,ok,rzc262700955vl.001.h5,2026-10-06T07:15:27Z
2026-09-27T09:50:00Z,cepina,0.00,0.000,16,0,0.00,0.0,0,ok,rzc262700950vl.001.h5,2026-10-06T07:15:27Z
2026-09-27T09:45:00Z,cepina,0.00,0.000,16,0,0.00,0.0,0,ok,rzc262700945vl.001.h5,2026-10-06T07:15:27Z
2026-09-27T09:40:00Z,cepina,0.00,0.000,16,0,0.00,0.0,0,ok,rzc262700940vl.001.h5,2026-10-06T07:15:27Z
2026-09-27T09:35:00Z,cepina,0.00,0.000,16,0,0.00,0.0,0,ok,rzc262700935vl.001.h5,2026-10-06T07:15:27Z
2026-09-27T09:30:00Z,cepina,0.00,0.000,16,0,0.00,0.0,0,ok,rzc262700930vl.001.h5,2026-10-06T07:15:27Z
2026-09-27T09:25:00Z,cepina,0.00,0.000,16,0,0.00,0.0,0,ok,rzc262700925vl.001.h5,2026-10-06T07:15:27Z
2026-09-27T09:20:00Z,cepina,0.00,0.000,16,0,0.00,0.0,0,ok,rzc262700920vl.001.h5,2026-10-06T07:15:27Z
2026-09-27T09:15:00Z,cepina,0.00,0.000,16,0,0.01,0.0,0,ok,rzc262700915vl.001.h5,2026-10-06T07:15:27Z
2026-09-27T09:10:00Z,cepina,0.00,0.000,16,0,0.00,0.0,0,ok,rzc262700910vl.001.h5,2026-10-06T07:15:27Z
2026-09-27T09:05:00Z,cepina,0.00,0.000,16,0,0.00,0.0,0,ok,rzc262700905vl.001.h5,2026-10-06T07:15:27Z
2026-09-27T09:00:00Z,cepina,0.00,0.000,16,0,0.00,0.0,0,ok,rzc262700900vl.001.h5,2026-10-06T07:15:27Z
2026-09-27T08:55:00Z,cepina,0.00,0.000,16,0,0.00,0.0,0,ok,rzc262700855vl.001.h5,2026-10-06T07:15:27Z
2026-09-27T08:50:00Z,cepina,0.00,0.000,16,0,0.00,0.0,0,ok,rzc262700850vl.001.h5,2026-10-06T07:15:27Z
2026-09-27T08:45:00Z,cepina,0.00,0.000,16,0,0.00,0.0,0,ok,rzc262700845vl.001.h5,2026-10-06T07:15:27Z
2026-09-27T08:40:00Z,cepina,0.00,0.000,16,0,0.00,0.0,0,ok,rzc262700840vl.001.h5,2026-10-06T07:15:27Z
2026-09-27T08:35:00Z,cepina,0.00,0.000,16,0,0.00,0.0,0,ok,rzc262700835vl.001.h5,2026-10-06T07:15:27Z
2026-09-27T08:30:00Z,cepina,0.00,0.000,16,0,0.00,0.0,0,ok,rzc262700830vl.001.h5,2026-10-06T07:15:27Z
2026-09-27T08:25:00Z,cepina,0.00,0.000,16,0,0.00,0.0,0,ok,rzc262700825vl.001.h5,2026-10-06T07:15:27Z
2026-09-27T08:20:00Z,cepina,0.00,0.000,16,0,0.00,0.0,0,ok,rzc262700820vl.001.h5,2026-10-06T07:15:27Z
2026-09-27T08:15:00Z,cepina,0.00,0.000,16,0,0.00,0.0,0,ok,rzc262700815vl.001.h5,2026-10-06T07:15:27Z
2026-09-27T08:10:00Z,cepina,0.00,0.000,16,0,0.00,0.0,0,ok,rzc262700810vl.001.h5,2026-10-06T07:15:27Z
2026-09-27T08:05:00Z,cepina,0.00,0.000,16,0,0.00,0.0,0,ok,rzc262700805vl.001.h5,2026-10-06T07:15:27Z
2026-09-27T08:00:00Z,cepina,0.00,0.000,16,0,0.00,0.0,0,ok,rzc262700800vl.001.h5,2026-10-06T07:15:27Z
2026-09-27T07:55:00Z,cepina,0.00,0.000,16,0,0.00,0.0,0,ok,rzc262700755vl.001.h5,2026-10-06T07:15:27Z
2026-09-27T07:50:00Z,cepina,0.00,0.000,16,0,0.00,0.0,0,ok,rzc262700750vl.001.h5,2026-10-06T07:15:27Z
2026-09-27T07:45:00Z,cepina,0.00,0.000,16,0,0.00,0.0,0,ok,rzc262700745vl.001.h5,2026-10-06T07:15:27Z
2026-09-27T07:40:00Z,cepina,0.00,0.000,16,0,0.00,0.0,0,ok,rzc262700740vl.001.h5,2026-10-06T07:15:27Z
2026-09-27T07:35:00Z,cepina,0.00,0.000,16,0,0.00,0.0,0,ok,rzc262700735vl.001.h5,2026-10-06T07:15:27Z
2026-09-27T07:30:00Z,cepina,0.00,0.000,16,0,0.00,0.0,0,ok,rzc262700730vl.001.h5,2026-10-06T07:15:27Z
2026-09-27T07:25:00Z,cepina,0.00,0.000,16,0,0.00,0.0,0,ok,rzc262700725vl.001.h5,2026-10-06T07:15:27Z
2026-09-27T07:20:00Z,cepina,0.00,0.000,16,0,0.00,0.0,0,ok,rzc262700720vl.001.h5,2026-10-06T07:15:27Z
2026-09-27T07:15:00Z,cepina,0.00,0.000,16,0,0.00,0.0,0,ok,rzc262700715vl.001.h5,2026-10-06T07:15:27Z
2026-09-27T07:10:00Z,cepina,0.00,0.000,16,0,0.00,0.0,0,ok,rzc262700710vl.001.h5,2026-10-06T07:15:27Z
2026-09-27T07:05:00Z,cepina,0.00,0.000,16,0,0.00,0.0,0,ok,rzc262700705vl.001.h5,2026-10-06T07:15:27Z
2026-09-27T07:00:00Z,cepina,0.00,0.000,16,0,0.00,0.0,0,ok,rzc262700700vl.001.h5,2026-10-06T07:15:27Z
2026-09-27T06:55:00Z,cepina,0.00,0.000,16,0,0.00,0.0,0,ok,rzc262700655vl.001.h5,2026-10-06T07:15:27Z
2026-09-27T06:50:00Z,cepina,0.00,0.000,16,0,0.00,0.0,0,ok,rzc262700650vl.001.h5,2026-10-06T07:15:27Z
2026-09-27T06:45:00Z,cepina,0.00,0.000,16,0,0.00,0.0,0,ok,rzc262700645vl.001.h5,2026-10-06T07:15:27Z
2026-09-27T06:40:00Z,cepina,0.00,0.000,16,0,0.00,0.0,0,ok,rzc262700640vl.001.h5,2026-10-06T07:15:27Z
2026-09-27T06:35:00Z,cepina,0.00,0.000,16,0,0.00,0.0,0,ok,rzc262700635vl.001.h5,2026-10-06T07:15:27Z
2026-09-27T06:30:00Z,cepina,0.00,0.000,16,0,0.00,0.0,0,ok,rzc262700630vl.001.h5,2026-10-06T07:15:27Z
2026-09-27T06:25:00Z,cepina,0.00,0.000,16,0,0.00,0.0,0,ok,rzc262700625vl.001.h5,2026-10-06T07:15:27Z
2026-09-27T06:20:00Z,cepina,0.00,0.000,16,0,0.00,0.0,0,ok,rzc262700620vl.001.h5,2026-10-06T07:15:27Z
2026-09-27T06:15:00Z,cepina,0.00,0.000,16,0,0.00,0.0,0,ok,rzc262700615vl.001.h5,2026-10-06T07:15:27Z
2026-09-27T06:10:00Z,cepina,0.00,0.000,16,0,0.00,0.0,0,ok,rzc262700610vl.001.h5,2026-10-06T07:15:27Z
2026-09-27T06:05:00Z,cepina,0.00,0.000,16,0,0.00,0.0,0,ok,rzc262700605vl.001.h5,2026-10-06T07:15:27Z
2026-09-27T06:00:00Z,cepina,0.00,0.000,16,0,0.00,0.0,0,ok,rzc262700600vl.001.h5,2026-10-06T07:15:27Z
2026-09-27T05:55:00Z,cepina,0.00,0.000,16,0,0.00,0.0,0,ok,rzc262700555vl.001.h5,2026-10-06T07:15:27Z
2026-09-27T05:50:00Z,cepina,0.00,0.000,16,0,0.00,0.0,0,ok,rzc262700550vl.001.h5,2026-10-06T07:15:27Z
2026-09-27T05:45:00Z,cepina,0.00,0.000,16,0,0.00,0.0,0,ok,rzc262700545vl.001.h5,2026-10-06T07:15:27Z
2026-09-27T05:40:00Z,cepina,0.00,0.000,16,0,0.00,0.0,0,ok,rzc262700540vl.001.h5,2026-10-06T07:15:27Z
2026-09-27T05:35:00Z,cepina,0.00,0.000,16,0,0.00,0.0,0,ok,rzc262700535vl.001.h5,2026-10-06T07:15:27Z
2026-09-27T05:30:00Z,cepina,0.00,0.000,16,0,0.00,0.0,0,ok,rzc262700530vl.001.h5,2026-10-06T07:15:27Z
2026-09-27T05:25:00Z,cepina,0.00,0.000,16,0,0.00,0.0,0,ok,rzc262700525vl.001.h5,2026-10-06T07:15:27Z
2026-09-27T05:20:00Z,cepina,0.00,0.000,16,0,0.00,0.0,0,ok,rzc262700520vl.001.h5,2026-10-06T07:15:27Z
2026-09-27T05:15:00Z,cepina,0.00,0.000,16,0,0.00,0.0,0,ok,rzc262700515vl.001.h5,2026-10-06T07:15:27Z
2026-09-27T05:10:00Z,cepina,0.00,0.000,16,0,0.00,0.0,0,ok,rzc262700510vl.001.h5,2026-10-06T07:15:27Z
2026-09-27T05:05:00Z,cepina,0.00,0.000,16,0,0.00,0.0,0,ok,rzc262700505vl.001.h5,2026-10-06T07:15:27Z
2026-09-27T05:00:00Z,cepina,0.00,0.000,16,0,0.00,0.0,0,ok,rzc262700500vl.001.h5,2026-10-06T07:15:27Z
2026-09-27T04:55:00Z,cepina,0.00,0.000,16,0,0.00,0.0,0,ok,rzc262700455vl.001.h5,2026-10-06T07:15:27Z
2026-09-27T04:50:00Z,cepina,0.00,0.000,16,0,0.00,0.0,0,ok,rzc262700450vl.001.h5,2026-10-06T07:15:27Z
2026-09-27T04:45:00Z,cepina,0.00,0.000,16,0,0.00,0.0,0,ok,rzc262700445vl.001.h5,2026-10-06T07:15:27Z
2026-09-27T04:40:00Z,cepina,0.00,0.000,16,0,0.01,0.0,0,ok,rzc262700440vl.001.h5,2026-10-06T07:15:27Z
2026-09-27T04:35:00Z,cepina,0.00,0.000,16,0,0.00,0.0,0,ok,rzc262700435vl.001.h5,2026-10-06T07:15:27Z
2026-09-27T04:30:00Z,cepina,0.00,0.000,16,0,0.00,0.0,0,ok,rzc262700430vl.001.h5,2026-10-06T07:15:27Z
2026-09-27T04:25:00Z,cepina,0.00,0.000,16,0,0.00,0.0,0,ok,rzc262700425vl.001.h5,2026-10-06T07:15:27Z
2026-09-27T04:20:00Z,cepina,0.00,0.000,16,0,0.00,0.0,0,ok,rzc262700420vl.001.h5,2026-10-06T07:15:27Z
2026-09-27T04:15:00Z,cepina,0.00,0.000,16,0,0.00,0.0,0,ok,rzc262700415vl.001.h5,2026-10-06T07:15:27Z
2026-09-27T04:10:00Z,cepina,0.00,0.000,16,0,0.00,0.0,0,ok,rzc262700410vl.001.h5,2026-10-06T07:15:27Z
2026-09-27T04:05:00Z,cepina,0.00,0.000,16,0,0.00,0.0,0,ok,rzc262700405vl.001.h5,2026-10-06T07:15:27Z
2026-09-27T04:00:00Z,cepina,0.00,0.000,16,0,0.00,0.0,0,ok,rzc262700400vl.001.h5,2026-10-06T07:15:27Z
2026-09-27T03:55:00Z,cepina,0.00,0.000,16,0,0.00,0.0,0,ok,rzc262700355vl.001.h5,2026-10-06T07:15:27Z
2026-09-27T03:50:00Z,cepina,0.00,0.000,16,0,0.00,0.0,0,ok,rzc262700350vl.001.h5,2026-10-06T07:15:27Z
2026-09-27T03:45:00Z,cepina,0.00,0.000,16,0,0.00,0.0,0,ok,rzc262700345vl.001.h5,2026-10-06T07:15:27Z
2026-09-27T03:40:00Z,cepina,0.00,0.000,16,0,0.00,0.0,0,ok,rzc262700340vl.001.h5,2026-10-06T07:15:27Z
2026-09-27T03:35:00Z,cepina,0.00,0.000,16,0,0.00,0.0,0,ok,rzc262700335vl.001.h5,2026-10-06T07:15:27Z
2026-09-27T03:30:00Z,cepina,0.00,0.000,16,0,0.00,0.0,0,ok,rzc262700330vl.001.h5,2026-10-06T07:15:27Z
2026-09-27T03:25:00Z,cepina,0.00,0.000,16,0,0.00,0.0,0,ok,rzc262700325vl.001.h5,2026-10-06T07:15:27Z
2026-09-27T03:20:00Z,cepina,0.00,0.000,16,0,0.00,0.0,0,ok,rzc262700320vl.001.h5,2026-10-06T07:15:27Z
2026-09-27T03:15:00Z,cepina,0.00,0.000,16,0,0.00,0.0,0,ok,rzc262700315vl.001.h5,2026-10-06T07:15:27Z
2026-09-27T03:10:00Z,cepina,0.00,0.000,16,0,0.00,0.0,0,ok,rzc262700310vl.001.h5,2026-10-06T07:15:27Z
2026-09-27T03:05:00Z,cepina,0.00,0.000,16,0,0.00,0.0,0,ok,rzc262700305vl.001.h5,2026-10-06T07:15:27Z
2026-09-27T03:00:00Z,cepina,0.00,0.000,16,0,0.00,0.0,0,ok,rzc262700300vl.001.h5,2026-10-06T07:15:27Z
2026-09-27T02:55:00Z,cepina,0.00,0.000,16,0,0.00,0.0,0,ok,rzc262700255vl.001.h5,2026-10-06T07:15:27Z
2026-09-27T02:50:00Z,cepina,0.00,0.000,16,0,0.00,0.0,0,ok,rzc262700250vl.001.h5,2026-10-06T07:15:27Z
2026-09-27T02:45:00Z,cepina,0.00,0.000,16,0,0.00,0.0,0,ok,rzc262700245vl.001.h5,2026-10-06T07:15:27Z
2026-09-27T02:40:00Z,cepina,0.00,0.000,16,0,0.00,0.0,0,ok,rzc262700240vl.001.h5,2026-10-06T07:15:27Z
2026-09-27T02:35:00Z,cepina,0.00,0.000,16,0,0.00,0.0,0,ok,rzc262700235vl.001.h5,2026-10-06T07:15:27Z
2026-09-27T02:30:00Z,cepina,0.00,0.000,16,0,0.00,0.0,0,ok,rzc262700230vl.001.h5,2026-10-06T07:15:27Z
2026-09-27T02:25:00Z,cepina,0.00,0.000,16,0,0.00,0.0,0,ok,rzc262700225vl.001.h5,2026-10-06T07:15:27Z
2026-09-27T02:20:00Z,cepina,0.00,0.000,16,0,0.00,0.0,0,ok,rzc262700220vl.001.h5,2026-10-06T07:15:27Z
2026-09-27T02:15:00Z,cepina,0.00,0.000,16,0,0.00,0.0,0,ok,rzc262700215vl.001.h5,2026-10-06T07:15:27Z
2026-09-27T02:10:00Z,cepina,0.00,0.000,16,0,0.00,0.0,0,ok,rzc262700210vl.001.h5,2026-10-06T07:15:27Z
2026-09-27T02:05:00Z,cepina,0.00,0.000,16,0,0.00,0.0,0,ok,rzc262700205vl.001.h5,2026-10-06T07:15:27Z
2026-09-27T02:00:00Z,cepina,0.00,0.000,16,0,0.01,0.0,0,ok,rzc262700200vl.001.h5,2026-10-06T07:15:27Z
2026-09-27T01:55:00Z,cepina,0.00,0.000,16,0,0.00,0.0,0,ok,rzc262700155vl.001.h5,2026-10-06T07:15:27Z
2026-09-27T01:50:00Z,cepina,0.00,0.000,16,0,0.00,0.0,0,ok,rzc262700150vl.001.h5,2026-10-06T07:15:27Z
2026-09-27T01:45:00Z,cepina,0.00,0.000,16,0,0.00,0.0,0,ok,rzc262700145vl.001.h5,2026-10-06T07:15:27Z
2026-09-27T01:40:00Z,cepina,0.00,0.000,16,0,0.00,0.0,0,ok,rzc262700140vl.001.h5,2026-10-06T07:15:27Z
2026-09-27T01:35:00Z,cepina,0.00,0.000,16,0,0.00,0.0,0,ok,rzc262700135vl.001.h5,2026-10-06T07:15:27Z
2026-09-27T01:30:00Z,cepina,0.00,0.000,16,0,0.00,0.0,0,ok,rzc262700130vl.001.h5,2026-10-06T07:15:27Z
2026-09-27T01:25:00Z,cepina,0.00,0.000,16,0,0.00,0.0,0,ok,rzc262700125vl.001.h5,2026-10-06T07:15:27Z
2026-09-27T01:20:00Z,cepina,0.00,0.000,16,0,0.00,0.0,0,ok,rzc262700120vl.001.h5,2026-10-06T07:15:27Z
2026-09-27T01:15:00Z,cepina,0.00,0.000,16,0,0.00,0.0,0,ok,rzc262700115vl.001.h5,2026-10-06T07:15:27Z
2026-09-27T01:10:00Z,cepina,0.00,0.000,16,0,0.00,0.0,0,ok,rzc262700110vl.001.h5,2026-10-06T07:15:27Z
2026-09-27T01:05:00Z,cepina,0.00,0.000,16,0,0.00,0.0,0,ok,rzc262700105vl.001.h5,2026-10-06T07:15:27Z
2026-09-27T01:00:00Z,cepina,0.00,0.000,16,0,0.00,0.0,0,ok,rzc262700100vl.001.h5,2026-10-06T07:15:27Z
2026-09-27T00:55:00Z,cepina,0.00,0.000,16,0,0.00,0.0,0,ok,rzc262700055vl.001.h5,2026-10-06T07:15:27Z
2026-09-27T00:50:00Z,cepina,0.00,0.000,16,0,0.00,0.0,0,ok,rzc262700050vl.001.h5,2026-10-06T07:15:27Z
2026-09-27T00:45:00Z,cepina,0.00,0.000,16,0,0.00,0.0,0,ok,rzc262700045vl.001.h5,2026-10-06T07:15:27Z
2026-09-27T00:40:00Z,cepina,0.00,0.000,16,0,0.00,0.0,0,ok,rzc262700040vl.001.h5,2026-10-06T07:15:27Z
2026-09-27T00:35:00Z,cepina,0.00,0.000,16,0,0.00,0.0,0,ok,rzc262700035vl.001.h5,2026-10-06T07:15:27Z
2026-09-27T00:30:00Z,cepina,0.00,0.000,16,0,0.00,0.0,0,ok,rzc262700030vl.001.h5,2026-10-06T07:15:27Z
2026-09-27T00:25:00Z,cepina,0.00,0.000,16,0,0.00,0.0,0,ok,rzc262700025vl.001.h5,2026-10-06T07:15:27Z
2026-09-27T00:20:00Z,cepina,0.00,0.000,16,0,0.00,0.0,0,ok,rzc262700020vl.001.h5,2026-10-06T07:15:27Z
2026-09-27T00:15:00Z,cepina,0.00,0.000,16,0,0.00,0.0,0,ok,rzc262700015vl.001.h5,2026-10-06T07:15:27Z
2026-09-27T00:10:00Z,cepina,0.00,0.000,16,0,0.00,0.0,0,ok,rzc262700010vl.001.h5,2026-10-06T07:15:27Z
2026-09-27T00:05:00Z,cepina,0.00,0.000,16,0,0.00,0.0,0,ok,rzc262700005vl.001.h5,2026-10-06T07:15:27Z
2026-09-27T00:00:00Z,cepina,0.00,0.000,16,0,0.00,0.0,0,ok,rzc262700000vl.001.h5,2026-10-06T07:15:27Z
2026-09-26T23:55:00Z,cepina,0.00,0.000,16,0,0.01,0.0,0,ok,rzc262692355vl.001.h5,2026-10-06T07:15:27Z
2026-09-26T23:50:00Z,cepina,0.00,0.000,16,0,0.00,0.0,0,ok,rzc262692350vl.001.h5,2026-10-06T07:15:27Z
2026-09-26T23:45:00Z,cepina,0.00,0.000,16,0,0.00,0.0,0,ok,rzc262692345vl.001.h5,2026-10-06T07:15:27Z
2026-09-26T23:40:00Z,cepina,0.00,0.000,16,0,0.00,0.0,0,ok,rzc262692340vl.001.h5,2026-10-06T07:15:27Z
2026-09-26T23:35:00Z,cepina,0.00,0.000,16,0,0.00,0.0,0,ok,rzc262692335vl.001.h5,2026-10-06T07:15:27Z
2026-09-26T23:30:00Z,cepina,0.00,0.000,16,0,0.00,0.0,0,ok,rzc262692330vl.001.h5,2026-10-06T07:15:27Z
2026-09-26T23:25:00Z,cepina,0.00,0.000,16,0,0.00,0.0,0,ok,rzc262692325vl.001.h5,2026-10-06T07:15:27Z
2026-09-26T23:20:00Z,cepina,0.00,0.000,16,0,0.00,0.0,0,ok,rzc262692320vl.001.h5,2026-10-06T07:15:27Z
2026-09-26T23:15:00Z,cepina,0.00,0.000,16,0,0.00,0.0,0,ok,rzc262692315vl.001.h5,2026-10-06T07:15:27Z
2026-09-26T23:10:00Z,cepina,0.00,0.000,16,0,0.00,0.0,0,ok,rzc262692310vl.001.h5,2026-10-06T07:15:27Z
2026-09-26T23:05:00Z,cepina,0.00,0.000,16,0,0.00,0.0,0,ok,rzc262692305vl.001.h5,2026-10-06T07:15:27Z
2026-09-26T23:00:00Z,cepina,0.00,0.000,16,0,0.00,0.0,0,ok,rzc262692300vl.001.h5,2026-10-06T07:15:27Z
2026-09-26T22:55:00Z,cepina,0.00,0.000,16,0,0.00,0.0,0,ok,rzc262692255vl.001.h5,2026-10-06T07:15:27Z
2026-09-26T22:50:00Z,cepina,0.00,0.000,16,0,0.00,0.0,0,ok,rzc262692250vl.001.h5,2026-10-06T07:15:27Z
2026-09-26T22:45:00Z,cepina,0.00,0.000,16,0,0.00,0.0,0,ok,rzc262692245vl.001.h5,2026-10-06T07:15:27Z
2026-09-26T22:40:00Z,cepina,0.00,0.000,16,0,0.00,0.0,0,ok,rzc262692240vl.001.h5,2026-10-06T07:15:27Z
2026-09-26T22:35:00Z,cepina,0.00,0.000,16,0,0.00,0.0,0,ok,rzc262692235vl.001.h5,2026-10-06T07:15:27Z
2026-09-26T22:30:00Z,cepina,0.00,0.000,16,0,0.00,0.0,0,ok,rzc262692230vl.001.h5,2026-10-06T07:15:27Z
2026-09-26T22:25:00Z,cepina,0.00,0.000,16,0,0.00,0.0,0,ok,rzc262692225vl.001.h5,2026-10-06T07:15:27Z
2026-09-26T22:20:00Z,cepina,0.00,0.000,16,0,0.00,0.0,0,ok,rzc262692220vl.001.h5,2026-10-06T07:15:27Z
2026-09-26T22:15:00Z,cepina,0.00,0.000,16,0,0.00,0.0,0,ok,rzc262692215vl.001.h5,2026-10-06T07:15:27Z
2026-09-26T22:10:00Z,cepina,0.00,0.000,16,0,0.00,0.0,0,ok,rzc262692210vl.001.h5,2026-10-06T07:15:27Z
2026-09-26T22:05:00Z,cepina,0.00,0.000,16,0,0.00,0.0,0,ok,rzc262692205vl.001.h5,2026-10-06T07:15:27Z
2026-09-26T22:00:00Z,cepina,0.00,0.000,16,0,0.00,0.0,0,ok,rzc262692200vl.001.h5,2026-10-06T07:15:27Z
2026-09-26T21:55:00Z,cepina,0.00,0.000,16,0,0.00,0.0,0,ok,rzc262692155vl.001.h5,2026-10-06T07:15:27Z
2026-09-26T21:50:00Z,cepina,0.00,0.000,16,0,0.00,0.0,0,ok,rzc262692150vl.001.h5,2026-10-06T07:15:27Z
2026-09-26T21:45:00Z,cepina,0.00,0.000,16,0,0.00,0.0,0,ok,rzc262692145vl.001.h5,2026-10-06T07:15:27Z
2026-09-26T21:40:00Z,cepina,0.00,0.000,16,0,0.00,0.0,0,ok,rzc262692140vl.001.h5,2026-10-06T07:15:27Z
2026-09-26T21:35:00Z,cepina,0.00,0.000,16,0,0.00,0.0,0,ok,rzc262692135vl.001.h5,2026-10-06T07:15:27Z
2026-09-26T21:30:00Z,cepina,0.00,0.000,16,0,0.00,0.0,0,ok,rzc262692130vl.001.h5,2026-10-06T07:15:27Z
2026-09-26T21:25:00Z,cepina,0.00,0.000,16,0,0.00,0.0,0,ok,rzc262692125vl.001.h5,2026-10-06T07:15:27Z
2026-09-26T21:20:00Z,cepina,0.00,0.000,16,0,0.00,0.0,0,ok,rzc262692120vl.001.h5,2026-10-06T07:15:27Z
2026-09-26T21:15:00Z,cepina,0.00,0.000,16,0,0.00,0.0,0,ok,rzc262692115vl.001.h5,2026-10-06T07:15:27Z
2026-09-26T21:10:00Z,cepina,0.00,0.000,16,0,0.00,0.0,0,ok,rzc262692110vl.001.h5,2026-10-06T07:15:27Z
2026-09-26T21:05:00Z,cepina,0.00,0.000,16,0,0.00,0.0,0,ok,rzc262692105vl.001.h5,2026-10-06T07:15:27Z
2026-09-26T21:00:00Z,cepina,0.00,0.000,16,0,0.00,0.0,0,ok,rzc262692100vl.001.h5,2026-10-06T07:15:27Z
2026-09-26T20:55:00Z,cepina,0.00,0.000,16,0,0.00,0.0,0,ok,rzc262692055vl.001.h5,2026-10-06T07:15:27Z
2026-09-26T20:50:00Z,cepina,0.00,0.000,16,0,0.00,0.0,0,ok,rzc262692050vl.001.h5,2026-10-06T07:15:27Z
2026-09-26T20:45:00Z,cepina,0.00,0.000,16,0,0.00,0.0,0,ok,rzc262692045vl.001.h5,2026-10-06T07:15:27Z
2026-09-26T20:40:00Z,cepina,0.00,0.000,16,0,0.00,0.0,0,ok,rzc262692040vl.001.h5,2026-10-06T07:15:27Z
2026-09-26T20:35:00Z,cepina,0.00,0.000,16,0,0.00,0.0,0,ok,rzc262692035vl.001.h5,2026-10-06T07:15:27Z
2026-09-26T20:30:00Z,cepina,0.00,0.000,16,0,0.00,0.0,0,ok,rzc262692030vl.001.h5,2026-10-06T07:15:27Z
2026-09-26T20:25:00Z,cepina,0.00,0.000,16,0,0.00,0.0,0,ok,rzc262692025vl.001.h5,2026-10-06T07:15:27Z
2026-09-26T20:20:00Z,cepina,0.00,0.000,16,0,0.00,0.0,0,ok,rzc262692020vl.001.h5,2026-10-06T07:15:27Z
2026-09-26T20:15:00Z,cepina,0.00,0.000,16,0,0.00,0.0,0,ok,rzc262692015vl.001.h5,2026-10-06T07:15:27Z
2026-09-26T20:10:00Z,cepina,0.00,0.000,16,0,0.00,0.0,0,ok,rzc262692010vl.001.h5,2026-10-06T07:15:27Z
2026-09-26T20:05:00Z,cepina,0.00,0.000,16,0,0.00,0.0,0,ok,rzc262692005vl.001.h5,2026-10-06T07:15:27Z
2026-09-26T20:00:00Z,cepina,0.00,0.000,16,0,0.00,0.0,0,ok,rzc262692000vl.001.h5,2026-10-06T07:15:27Z
2026-09-26T19:55:00Z,cepina,0.00,0.000,16,0,0.00,0.0,0,ok,rzc262691955vl.001.h5,2026-10-06T07:15:27Z
2026-09-26T19:50:00Z,cepina,0.00,0.000,16,0,0.00,0.0,0,ok,rzc262691950vl.001.h5,2026-10-06T07:15:27Z
2026-09-26T19:45:00Z,cepina,0.00,0.000,16,0,0.00,0.0,0,ok,rzc262691945vl.001.h5,2026-10-06T07:15:27Z
2026-09-26T19:40:00Z,cepina,0.00,0.000,16,0,0.00,0.0,0,ok,rzc262691940vl.001.h5,2026-10-06T07:15:27Z
2026-09-26T19:35:00Z,cepina,0.00,0.000,16,0,0.00,0.0,0,ok,rzc262691935vl.001.h5,2026-10-06T07:15:27Z
2026-09-26T19:30:00Z,cepina,0.00,0.000,16,0,0.00,0.0,0,ok,rzc262691930vl.001.h5,2026-10-06T07:15:27Z
2026-09-26T19:25:00Z,cepina,0.00,0.000,16,0,0.00,0.0,0,ok,rzc262691925vl.001.h5,2026-10-06T07:15:27Z
2026-09-26T19:20:00Z,cepina,0.00,0.000,16,0,0.00,0.0,0,ok,rzc262691920vl.001.h5,2026-10-06T07:15:27Z
2026-09-26T19:15:00Z,cepina,0.00,0.000,16,0,0.00,0.0,0,ok,rzc262691915vl.001.h5,2026-10-06T07:15:27Z
2026-09-26T19:10:00Z,cepina,0.00,0.000,16,0,0.00,0.0,0,ok,rzc262691910vl.001.h5,2026-10-06T07:15:27Z
2026-09-26T19:05:00Z,cepina,0.00,0.000,16,0,0.00,0.0,0,ok,rzc262691905vl.001.h5,2026-10-06T07:15:27Z
2026-09-26T19:00:00Z,cepina,0.00,0.000,16,0,0.00,0.0,0,ok,rzc262691900vl.001.h5,2026-10-06T07:15:27Z
2026-09-26T18:55:00Z,cepina,0.00,0.000,16,0,0.00,0.0,0,ok,rzc262691855vl.001.h5,2026-10-06T07:15:27Z
2026-09-26T18:50:00Z,cepina,0.00,0.000,16,0,0.00,0.0,0,ok,rzc262691850vl.001.h5,2026-10-06T07:15:27Z
2026-09-26T18:45:00Z,cepina,0.00,0.000,16,0,0.00,0.0,0,ok,rzc262691845vl.001.h5,2026-10-06T07:15:27Z
2026-09-26T18:40:00Z,cepina,0.00,0.000,16,0,0.00,0.0,0,ok,rzc262691840vl.001.h5,2026-10-06T07:15:27Z
2026-09-26T18:35:00Z,cepina,0.00,0.000,16,0,0.01,0.0,0,ok,rzc262691835vl.001.h5,2026-10-06T07:15:27Z
2026-09-26T18:30:00Z,cepina,0.00,0.000,16,0,0.00,0.0,0,ok,rzc262691830vl.001.h5,2026-10-06T07:15:27Z
2026-09-26T18:25:00Z,cepina,0.00,0.000,16,0,0.00,0.0,0,ok,rzc262691825vl.001.h5,2026-10-06T07:15:27Z
2026-09-26T18:20:00Z,cepina,0.00,0.000,16,0,0.00,0.0,0,ok,rzc262691820vl.001.h5,2026-10-06T07:15:27Z
2026-09-26T18:15:00Z,cepina,0.00,0.000,16,0,0.00,0.0,0,ok,rzc262691815vl.001.h5,2026-10-06T07:15:27Z
2026-09-26T18:10:00Z,cepina,0.00,0.000,16,0,0.00,0.0,0,ok,rzc262691810vl.001.h5,2026-10-06T07:15:27Z
2026-09-26T18:05:00Z,cepina,0.00,0.000,16,0,0.00,0.0,0,ok,rzc262691805vl.001.h5,2026-10-06T07:15:27Z
2026-09-26T18:00:00Z,cepina,0.00,0.000,16,0,0.00,0.0,0,ok,rzc262691800vl.001.h5,2026-10-06T07:15:27Z
2026-09-26T17:55:00Z,cepina,0.00,0.000,16,0,0.01,0.0,0,ok,rzc262691755vl.001.h5,2026-10-06T07:15:27Z
2026-09-26T17:50:00Z,cepina,0.00,0.000,16,0,0.00,0.0,0,ok,rzc262691750vl.001.h5,2026-10-06T07:15:27Z
2026-09-26T17:45:00Z,cepina,0.00,0.000,16,0,0.00,0.0,0,ok,rzc262691745vl.001.h5,2026-10-06T07:15:27Z
2026-09-26T17:40:00Z,cepina,0.00,0.000,16,0,0.00,0.0,0,ok,rzc262691740vl.001.h5,2026-10-06T07:15:27Z
2026-09-26T17:35:00Z,cepina,0.00,0.000,16,0,0.00,0.0,0,ok,rzc262691735vl.001.h5,2026-10-06T07:15:27Z
2026-09-26T17:30:00Z,cepina,0.00,0.000,16,0,0.00,0.0,0,ok,rzc262691730vl.001.h5,2026-10-06T07:15:27Z
2026-09-26T17:25:00Z,cepina,0.00,0.000,16,0,0.00,0.0,0,ok,rzc262691725vl.001.h5,2026-10-06T07:15:27Z
2026-09-26T17:20:00Z,cepina,0.00,0.000,16,0,0.00,0.0,0,ok,rzc262691720vl.001.h5,2026-10-06T07:15:27Z
2026-09-26T17:15:00Z,cepina,0.00,0.000,16,0,0.00,0.0,0,ok,rzc262691715vl.001.h5,2026-10-06T07:15:27Z
2026-09-26T17:10:00Z,cepina,0.00,0.000,16,0,0.00,0.0,0,ok,rzc262691710vl.001.h5,2026-10-06T07:15:27Z
2026-09-26T17:05:00Z,cepina,0.00,0.000,16,0,0.00,0.0,0,ok,rzc262691705vl.001.h5,2026-10-06T07:15:27Z
2026-09-26T17:00:00Z,cepina,0.00,0.000,16,0,0.00,0.0,0,ok,rzc262691700vl.001.h5,2026-10-06T07:15:27Z
2026-09-26T16:55:00Z,cepina,0.00,0.000,16,0,0.00,0.0,0,ok,rzc262691655vl.001.h5,2026-10-06T07:15:27Z
2026-09-26T16:50:00Z,cepina,0.00,0.000,16,0,0.00,0.0,0,ok,rzc262691650vl.001.h5,2026-10-06T07:15:27Z
2026-09-26T16:45:00Z,cepina,0.00,0.000,16,0,0.00,0.0,0,ok,rzc262691645vl.001.h5,2026-10-06T07:15:27Z
2026-09-26T16:40:00Z,cepina,0.00,0.000,16,0,0.00,0.0,0,ok,rzc262691640vl.001.h5,2026-10-06T07:15:27Z
2026-09-26T16:35:00Z,cepina,0.00,0.000,16,0,0.00,0.0,0,ok,rzc262691635vl.001.h5,2026-10-06T07:15:27Z
2026-09-26T16:30:00Z,cepina,0.00,0.000,16,0,0.00,0.0,0,ok,rzc262691630vl.001.h5,2026-10-06T07:15:27Z
2026-09-26T16:25:00Z,cepina,0.00,0.000,16,0,0.00,0.0,0,ok,rzc262691625vl.001.h5,2026-10-06T07:15:27Z
2026-09-26T16:20:00Z,cepina,0.00,0.000,16,0,0.00,0.0,0,ok,rzc262691620vl.001.h5,2026-10-06T07:15:27Z
2026-09-26T16:15:00Z,cepina,0.00,0.000,16,0,0.00,0.0,0,ok,rzc262691615vl.001.h5,2026-10-06T07:15:27Z
2026-09-26T16:10:00Z,cepina,0.00,0.000,16,0,0.00,0.0,0,ok,rzc262691610vl.001.h5,2026-10-06T07:15:27Z
2026-09-26T16:05:00Z,cepina,0.00,0.000,16,0,0.00,0.0,0,ok,rzc262691605vl.001.h5,2026-10-06T07:15:27Z
2026-09-26T16:00:00Z,cepina,0.00,0.000,16,0,0.00,0.0,0,ok,rzc262691600vl.001.h5,2026-10-06T07:15:27Z
2026-09-26T15:55:00Z,cepina,0.00,0.000,16,0,0.00,0.0,0,ok,rzc262691555vl.001.h5,2026-10-06T07:15:27Z
2026-09-26T15:50:00Z,cepina,0.00,0.000,16,0,0.00,0.0,0,ok,rzc262691550vl.001.h5,2026-10-06T07:15:27Z
2026-09-26T15:45:00Z,cepina,0.00,0.000,16,0,0.00,0.0,0,ok,rzc262691545vl.001.h5,2026-10-06T07:15:27Z
2026-09-26T15:40:00Z,cepina,0.00,0.000,16,0,0.00,0.0,0,ok,rzc262691540vl.001.h5,2026-10-06T07:15:27Z
2026-09-26T15:35:00Z,cepina,0.00,0.000,16,0,0.00,0.0,0,ok,rzc262691535vl.001.h5,2026-10-06T07:15:27Z
2026-09-26T15:30:00Z,cepina,0.00,0.000,16,0,0.00,0.0,0,ok,rzc262691530vl.001.h5,2026-10-06T07:15:27Z
2026-09-26T15:25:00Z,cepina,0.00,0.000,16,0,0.00,0.0,0,ok,rzc262691525vl.001.h5,2026-10-06T07:15:27Z
2026-09-26T15:20:00Z,cepina,0.00,0.000,16,0,0.00,0.0,0,ok,rzc262691520vl.001.h5,2026-10-06T07:15:27Z
2026-09-26T15:15:00Z,cepina,0.00,0.000,16,0,0.00,0.0,0,ok,rzc262691515vl.001.h5,2026-10-06T07:15:27Z
2026-09-26T15:10:00Z,cepina,0.00,0.000,16,0,0.00,0.0,0,ok,rzc262691510vl.001.h5,2026-10-06T07:15:27Z
2026-09-26T15:05:00Z,cepina,0.00,0.000,16,0,0.00,0.0,0,ok,rzc262691505vl.001.h5,2026-10-06T07:15:27Z
2026-09-26T15:00:00Z,cepina,0.00,0.000,16,0,0.00,0.0,0,ok,rzc262691500vl.001.h5,2026-10-06T07:15:27Z
2026-09-26T14:55:00Z,cepina,0.00,0.000,16,0,0.00,0.0,0,ok,rzc262691455vl.001.h5,2026-10-06T07:15:27Z
2026-09-26T14:50:00Z,cepina,0.00,0.000,16,0,0.00,0.0,0,ok,rzc262691450vl.001.h5,2026-10-06T07:15:27Z
2026-09-26T14:45:00Z,cepina,0.00,0.000,16,0,0.00,0.0,0,ok,rzc262691445vl.001.h5,2026-10-06T07:15:27Z
2026-09-26T14:40:00Z,cepina,0.00,0.000,16,0,0.00,0.0,0,ok,rzc262691440vl.001.h5,2026-10-06T07:15:27Z
2026-09-26T14:35:00Z,cepina,0.00,0.000,16,0,0.00,0.0,0,ok,rzc262691435vl.001.h5,2026-10-06T07:15:27Z
2026-09-26T14:30:00Z,cepina,0.00,0.000,16,0,0.00,0.0,0,ok,rzc262691430vl.001.h5,2026-10-06T07:15:27Z
2026-09-26T14:25:00Z,cepina,0.00,0.000,16,0,0.00,0.0,0,ok,rzc262691425vl.001.h5,2026-10-06T07:15:27Z
2026-09-26T14:20:00Z,cepina,0.00,0.000,16,0,0.00,0.0,0,ok,rzc262691420vl.001.h5,2026-10-06T07:15:27Z
2026-09-26T14:15:00Z,cepina,0.00,0.000,16,0,0.00,0.0,0,ok,rzc262691415vl.001.h5,2026-10-06T07:15:27Z
2026-09-26T14:10:00Z,cepina,0.00,0.000,16,0,0.00,0.0,0,ok,rzc262691410vl.001.h5,2026-10-06T07:15:27Z
2026-09-26T14:05:00Z,cepina,0.00,0.000,16,0,0.00,0.0,0,ok,rzc262691405vl.001.h5,2026-10-06T07:15:27Z
2026-09-26T14:00:00Z,cepina,0.00,0.000,16,0,0.00,0.0,0,ok,rzc262691400vl.001.h5,2026-10-06T07:15:27Z
2026-09-26T13:55:00Z,cepina,0.00,0.000,16,0,0.00,0.0,0,ok,rzc262691355vl.001.h5,2026-10-06T07:15:27Z
2026-09-26T13:50:00Z,cepina,0.00,0.000,16,0,0.00,0.0,0,ok,rzc262691350vl.001.h5,2026-10-06T07:15:27Z
2026-09-26T13:45:00Z,cepina,0.00,0.000,16,0,0.00,0.0,0,ok,rzc262691345vl.001.h5,2026-10-06T07:15:27Z
2026-09-26T13:40:00Z,cepina,0.00,0.000,16,0,0.00,0.0,0,ok,rzc262691340vl.001.h5,2026-10-06T07:15:27Z
2026-09-26T13:35:00Z,cepina,0.00,0.000,16,0,0.00,0.0,0,ok,rzc262691335vl.001.h5,2026-10-06T07:15:27Z
2026-09-26T13:30:00Z,cepina,0.00,0.000,16,0,0.00,0.0,0,ok,rzc262691330vl.001.h5,2026-10-06T07:15:27Z
2026-09-26T13:25:00Z,cepina,0.00,0.000,16,0,0.00,0.0,0,ok,rzc262691325vl.001.h5,2026-10-06T07:15:27Z
2026-09-26T13:20:00Z,cepina,0.00,0.000,16,0,0.00,0.0,0,ok,rzc262691320vl.001.h5,2026-10-06T07:15:27Z
2026-09-26T13:15:00Z,cepina,0.00,0.000,16,0,0.00,0.0,0,ok,rzc262691315vl.001.h5,2026-10-06T07:15:27Z
2026-09-26T13:10:00Z,cepina,0.00,0.000,16,0,0.00,0.0,0,ok,rzc262691310vl.001.h5,2026-10-06T07:15:27Z
2026-09-26T13:05:00Z,cepina,0.00,0.000,16,0,0.00,0.0,0,ok,rzc262691305vl.001.h5,2026-10-06T07:15:27Z
2026-09-26T13:00:00Z,cepina,0.00,0.000,16,0,0.00,0.0,0,ok,rzc262691300vl.001.h5,2026-10-06T07:15:27Z
2026-09-26T12:55:00Z,cepina,0.00,0.000,16,0,0.00,0.0,0,ok,rzc262691255vl.001.h5,2026-10-06T07:15:27Z
2026-09-26T12:50:00Z,cepina,0.00,0.000,16,0,0.00,0.0,0,ok,rzc262691250vl.001.h5,2026-10-06T07:15:27Z
2026-09-26T12:45:00Z,cepina,0.00,0.000,16,0,0.00,0.0,0,ok,rzc262691245vl.001.h5,2026-10-06T07:15:27Z
2026-09-26T12:40:00Z,cepina,0.00,0.000,16,0,0.00,0.0,0,ok,rzc262691240vl.001.h5,2026-10-06T07:15:27Z
2026-09-26T12:35:00Z,cepina,0.00,0.000,16,0,0.00,0.0,0,ok,rzc262691235vl.001.h5,2026-10-06T07:15:27Z
2026-09-26T12:30:00Z,cepina,0.00,0.000,16,0,0.00,0.0,0,ok,rzc262691230vl.001.h5,2026-10-06T07:15:27Z
2026-09-26T12:25:00Z,cepina,0.00,0.000,16,0,0.00,0.0,0,ok,rzc262691225vl.001.h5,2026-10-06T07:15:27Z
2026-09-26T12:20:00Z,cepina,0.00,0.000,16,0,0.00,0.0,0,ok,rzc262691220vl.001.h5,2026-10-06T07:15:27Z
2026-09-26T12:15:00Z,cepina,0.00,0.000,16,0,0.00,0.0,0,ok,rzc262691215vl.001.h5,2026-10-06T07:15:27Z
2026-09-26T12:10:00Z,cepina,0.00,0.000,16,0,0.00,0.0,0,ok,rzc262691210vl.001.h5,2026-10-06T07:15:27Z
2026-09-26T12:05:00Z,cepina,0.00,0.000,16,0,0.00,0.0,0,ok,rzc262691205vl.001.h5,2026-10-06T07:15:27Z
2026-09-26T12:00:00Z,cepina,0.00,0.000,16,0,0.00,0.0,0,ok,rzc262691200vl.001.h5,2026-10-06T07:15:27Z
2026-09-26T11:55:00Z,cepina,0.00,0.000,16,0,0.00,0.0,0,ok,rzc262691155vl.001.h5,2026-10-06T07:15:27Z
2026-09-26T11:50:00Z,cepina,0.00,0.000,16,0,0.00,0.0,0,ok,rzc262691150vl.001.h5,2026-10-06T07:15:27Z
2026-09-26T11:45:00Z,cepina,0.00,0.000,16,0,0.00,0.0,0,ok,rzc262691145vl.001.h5,2026-10-06T07:15:27Z
2026-09-26T11:40:00Z,cepina,0.00,0.000,16,0,0.00,0.0,0,ok,rzc262691140vl.001.h5,2026-10-06T07:15:27Z
2026-09-26T11:35:00Z,cepina,0.00,0.000,16,0,0.00,0.0,0,ok,rzc262691135vl.001.h5,2026-10-06T07:15:27Z
2026-09-26T11:30:00Z,cepina,0.00,0.000,16,0,0.00,0.0,0,ok,rzc262691130vl.001.h5,2026-10-06T07:15:27Z
2026-09-26T11:25:00Z,cepina,0.00,0.000,16,0,0.00,0.0,0,ok,rzc262691125vl.001.h5,2026-10-06T07:15:27Z
2026-09-26T11:20:00Z,cepina,0.00,0.000,16,0,0.00,0.0,0,ok,rzc262691120vl.001.h5,2026-10-06T07:15:27Z
2026-09-26T11:15:00Z,cepina,0.00,0.000,16,0,0.00,0.0,0,ok,rzc262691115vl.001.h5,2026-10-06T07:15:27Z
2026-09-26T11:10:00Z,cepina,0.00,0.000,16,0,0.00,0.0,0,ok,rzc262691110vl.001.h5,2026-10-06T07:15:27Z
2026-09-26T11:05:00Z,cepina,0.00,0.000,16,0,0.00,0.0,0,ok,rzc262691105vl.001.h5,2026-10-06T07:15:27Z
2026-09-26T11:00:00Z,cepina,0.00,0.000,16,0,0.00,0.0,0,ok,rzc262691100vl.001.h5,2026-10-06T07:15:27Z
2026-09-26T10:55:00Z,cepina,0.00,0.000,16,0,0.00,0.0,0,ok,rzc262691055vl.001.h5,2026-10-06T07:15:27Z
2026-09-26T10:50:00Z,cepina,0.00,0.000,16,0,0.00,0.0,0,ok,rzc262691050vl.001.h5,2026-10-06T07:15:27Z
2026-09-26T10:45:00Z,cepina,0.00,0.000,16,0,0.00,0.0,0,ok,rzc262691045vl.001.h5,2026-10-06T07:15:27Z
2026-09-26T10:40:00Z,cepina,0.00,0.000,16,0,0.00,0.0,0,ok,rzc262691040vl.001.h5,2026-10-06T07:15:27Z
2026-09-26T10:35:00Z,cepina,0.00,0.000,16,0,0.00,0.0,0,ok,rzc262691035vl.001.h5,2026-10-06T07:15:27Z
2026-09-26T10:30:00Z,cepina,0.00,0.000,16,0,0.00,0.0,0,ok,rzc262691030vl.001.h5,2026-10-06T07:15:27Z
2026-09-26T10:25:00Z,cepina,0.00,0.000,16,0,0.00,0.0,0,ok,rzc262691025vl.001.h5,2026-10-06T07:15:27Z
2026-09-26T10:20:00Z,cepina,0.00,0.000,16,0,0.00,0.0,0,ok,rzc262691020vl.001.h5,2026-10-06T07:15:27Z
2026-09-26T10:15:00Z,cepina,0.00,0.000,16,0,0.00,0.0,0,ok,rzc262691015vl.001.h5,2026-10-06T07:15:27Z
2026-09-26T10:10:00Z,cepina,0.00,0.000,16,0,0.00,0.0,0,ok,rzc262691010vl.001.h5,2026-10-06T07:15:27Z
2026-09-26T10:05:00Z,cepina,0.00,0.000,16,0,0.00,0.0,0,ok,rzc262691005vl.001.h5,2026-10-06T07:15:27Z
2026-09-26T10:00:00Z,cepina,0.00,0.000,16,0,0.00,0.0,0,ok,rzc262691000vl.001.h5,2026-10-06T07:15:27Z
2026-09-26T09:55:00Z,cepina,0.00,0.000,16,0,0.00,0.0,0,ok,rzc262690955vl.001.h5,2026-10-06T07:15:27Z
2026-09-26T09:50:00Z,cepina,0.00,0.000,16,0,0.00,0.0,0,ok,rzc262690950vl.001.h5,2026-10-06T07:15:27Z
2026-09-26T09:45:00Z,cepina,0.00,0.000,16,0,0.00,0.0,0,ok,rzc262690945vl.001.h5,2026-10-06T07:15:27Z
2026-09-26T09:40:00Z,cepina,0.00,0.000,16,0,0.00,0.0,0,ok,rzc262690940vl.001.h5,2026-10-06T07:15:27Z
2026-09-26T09:35:00Z,cepina,0.00,0.000,16,0,0.00,0.0,0,ok,rzc262690935vl.001.h5,2026-10-06T07:15:27Z
2026-09-26T09:30:00Z,cepina,0.00,0.000,16,0,0.01,0.0,0,ok,rzc262690930vl.001.h5,2026-10-06T07:15:27Z
2026-09-26T09:25:00Z,cepina,0.00,0.000,16,0,0.00,0.0,0,ok,rzc262690925vl.001.h5,2026-10-06T07:15:27Z
2026-09-26T09:20:00Z,cepina,0.00,0.000,16,0,0.00,0.0,0,ok,rzc262690920vl.001.h5,2026-10-06T07:15:27Z
2026-09-26T09:15:00Z,cepina,0.00,0.000,16,0,0.00,0.0,0,ok,rzc262690915vl.001.h5,2026-10-06T07:15:27Z
2026-09-26T09:10:00Z,cepina,0.00,0.000,16,0,0.00,0.0,0,ok,rzc262690910vl.001.h5,2026-10-06T07:15:27Z
2026-09-26T09:05:00Z,cepina,0.00,0.000,16,0,0.00,0.0,0,ok,rzc262690905vl.001.h5,2026-10-06T07:15:27Z
2026-09-26T09:00:00Z,cepina,0.00,0.000,16,0,0.00,0.0,0,ok,rzc262690900vl.001.h5,2026-10-06T07:15:27Z
2026-09-26T08:55:00Z,cepina,0.00,0.000,16,0,0.00,0.0,0,ok,rzc262690855vl.001.h5,2026-10-06T07:15:27Z
2026-09-26T08:50:00Z,cepina,0.00,0.000,16,0,0.01,0.0,0,ok,rzc262690850vl.001.h5,2026-10-06T07:15:27Z
2026-09-26T08:45:00Z,cepina,0.00,0.000,16,0,0.00,0.0,0,ok,rzc262690845vl.001.h5,2026-10-06T07:15:27Z
2026-09-26T08:40:00Z,cepina,0.00,0.000,16,0,0.00,0.0,0,ok,rzc262690840vl.001.h5,2026-10-06T07:15:27Z
2026-09-26T08:35:00Z,cepina,0.00,0.000,16,0,0.00,0.0,0,ok,rzc262690835vl.001.h5,2026-10-06T07:15:27Z
2026-09-26T08:30:00Z,cepina,0.00,0.000,16,0,0.00,0.0,0,ok,rzc262690830vl.001.h5,2026-10-06T07:15:27Z
2026-09-26T08:25:00Z,cepina,0.00,0.000,16,0,0.00,0.0,0,ok,rzc262690825vl.001.h5,2026-10-06T07:15:27Z
2026-09-26T08:20:00Z,cepina,0.00,0.000,16,0,0.00,0.0,0,ok,rzc262690820vl.001.h5,2026-10-06T07:15:27Z
2026-09-26T08:15:00Z,cepina,0.00,0.000,16,0,0.00,0.0,0,ok,rzc262690815vl.001.h5,2026-10-06T07:15:27Z
2026-09-26T08:10:00Z,cepina,0.00,0.000,16,0,0.00,0.0,0,ok,rzc262690810vl.001.h5,2026-10-06T07:15:27Z
2026-09-26T08:05:00Z,cepina,0.00,0.000,16,0,0.00,0.0,0,ok,rzc262690805vl.001.h5,2026-10-06T07:15:27Z
2026-09-26T08:00:00Z,cepina,0.00,0.000,16,0,0.00,0.0,0,ok,rzc262690800vl.001.h5,2026-10-06T07:15:27Z
2026-09-26T07:55:00Z,cepina,0.00,0.000,16,0,0.00,0.0,0,ok,rzc262690755vl.001.h5,2026-10-06T07:15:27Z
2026-09-26T07:50:00Z,cepina,0.00,0.000,16,0,0.00,0.0,0,ok,rzc262690750vl.001.h5,2026-10-06T07:15:27Z
2026-09-26T07:45:00Z,cepina,0.00,0.000,16,0,0.00,0.0,0,ok,rzc262690745vl.001.h5,2026-10-06T07:15:27Z
2026-09-26T07:40:00Z,cepina,0.00,0.000,16,0,0.00,0.0,0,ok,rzc262690740vl.001.h5,2026-10-06T07:15:27Z
2026-09-26T07:35:00Z,cepina,0.00,0.000,16,0,0.00,0.0,0,ok,rzc262690735vl.001.h5,2026-10-06T07:15:27Z
2026-09-26T07:30:00Z,cepina,0.00,0.000,16,0,0.00,0.0,0,ok,rzc262690730vl.001.h5,2026-10-06T07:15:27Z
2026-09-26T07:25:00Z,cepina,0.00,0.000,16,0,0.00,0.0,0,ok,rzc262690725vl.001.h5,2026-10-06T07:15:27Z
2026-09-26T07:20:00Z,cepina,0.00,0.000,16,0,0.00,0.0,0,ok,rzc262690720vl.001.h5,2026-10-06T07:15:27Z
2026-09-26T07:15:00Z,cepina,0.00,0.000,16,0,0.00,0.0,0,ok,rzc262690715vl.001.h5,2026-10-06T07:15:27Z
2026-09-26T07:10:00Z,cepina,0.00,0.000,16,0,0.00,0.0,0,ok,rzc262690710vl.001.h5,2026-10-06T07:15:27Z
2026-09-26T07:05:00Z,cepina,0.00,0.000,16,0,0.00,0.0,0,ok,rzc262690705vl.001.h5,2026-10-06T07:15:27Z
2026-09-26T07:00:00Z,cepina,0.00,0.000,16,0,0.00,0.0,0,ok,rzc262690700vl.001.h5,2026-10-06T07:15:27Z
2026-09-26T06:55:00Z,cepina,0.00,0.000,16,0,0.01,0.0,0,ok,rzc262690655vl.001.h5,2026-10-06T07:15:27Z
2026-09-26T06:50:00Z,cepina,0.00,0.000,16,0,0.01,0.0,0,ok,rzc262690650vl.001.h5,2026-10-06T07:15:27Z
2026-09-26T06:45:00Z,cepina,0.00,0.000,16,0,0.00,0.0,0,ok,rzc262690645vl.001.h5,2026-10-06T07:15:27Z
2026-09-26T06:40:00Z,cepina,0.00,0.000,16,0,0.00,0.0,0,ok,rzc262690640vl.001.h5,2026-10-06T07:15:27Z
2026-09-26T06:35:00Z,cepina,0.00,0.000,16,0,0.00,0.0,0,ok,rzc262690635vl.001.h5,2026-10-06T07:15:27Z
2026-09-26T06:30:00Z,cepina,0.00,0.000,16,0,0.00,0.0,0,ok,rzc262690630vl.001.h5,2026-10-06T07:15:27Z
2026-09-26T06:25:00Z,cepina,0.00,0.000,16,0,0.00,0.0,0,ok,rzc262690625vl.001.h5,2026-10-06T07:15:27Z
2026-09-26T06:20:00Z,cepina,0.00,0.000,16,0,0.00,0.0,0,ok,rzc262690620vl.001.h5,2026-10-06T07:15:27Z
2026-09-26T06:15:00Z,cepina,0.00,0.000,16,0,0.00,0.0,0,ok,rzc262690615vl.001.h5,2026-10-06T07:15:27Z
2026-09-26T06:10:00Z,cepina,0.00,0.000,16,0,0.00,0.0,0,ok,rzc262690610vl.001.h5,2026-10-06T07:15:27Z
2026-09-26T06:05:00Z,cepina,0.00,0.000,16,0,0.00,0.0,0,ok,rzc262690605vl.001.h5,2026-10-06T07:15:27Z
2026-09-26T06:00:00Z,cepina,0.00,0.000,16,0,0.00,0.0,0,ok,rzc262690600vl.001.h5,2026-10-06T07:15:27Z
2026-09-26T05:55:00Z,cepina,0.00,0.000,16,0,0.00,0.0,0,ok,rzc262690555vl.001.h5,2026-10-06T07:15:27Z
2026-09-26T05:50:00Z,cepina,0.00,0.000,16,0,0.01,0.0,0,ok,rzc262690550vl.001.h5,2026-10-06T07:15:27Z
2026-09-26T05:45:00Z,cepina,0.00,0.000,16,0,0.00,0.0,0,ok,rzc262690545vl.001.h5,2026-10-06T07:15:27Z
2026-09-26T05:40:00Z,cepina,0.00,0.000,16,0,0.00,0.0,0,ok,rzc262690540vl.001.h5,2026-10-06T07:15:27Z
2026-09-26T05:35:00Z,cepina,0.00,0.000,16,0,0.00,0.0,0,ok,rzc262690535vl.001.h5,2026-10-06T07:15:27Z
2026-09-26T05:30:00Z,cepina,0.00,0.000,16,0,0.00,0.0,0,ok,rzc262690530vl.001.h5,2026-10-06T07:15:27Z
2026-09-26T05:25:00Z,cepina,0.00,0.000,16,0,0.00,0.0,0,ok,rzc262690525vl.001.h5,2026-10-06T07:15:27Z
2026-09-26T05:20:00Z,cepina,0.00,0.000,16,0,0.00,0.0,0,ok,rzc262690520vl.001.h5,2026-10-06T07:15:27Z
2026-09-26T05:15:00Z,cepina,0.00,0.000,16,0,0.00,0.0,0,ok,rzc262690515vl.001.h5,2026-10-06T07:15:27Z
2026-09-26T05:10:00Z,cepina,0.00,0.000,16,0,0.00,0.0,0,ok,rzc262690510vl.001.h5,2026-10-06T07:15:27Z
2026-09-26T05:05:00Z,cepina,0.00,0.000,16,0,0.00,0.0,0,ok,rzc262690505vl.001.h5,2026-10-06T07:15:27Z
2026-09-26T05:00:00Z,cepina,0.00,0.000,16,0,0.00,0.0,0,ok,rzc262690500vl.001.h5,2026-10-06T07:15:27Z
2026-09-26T04:55:00Z,cepina,0.00,0.000,16,0,0.00,0.0,0,ok,rzc262690455vl.001.h5,2026-10-06T07:15:27Z
2026-09-26T04:50:00Z,cepina,0.00,0.000,16,0,0.00,0.0,0,ok,rzc262690450vl.001.h5,2026-10-06T07:15:27Z
2026-09-26T04:45:00Z,cepina,0.00,0.000,16,0,0.00,0.0,0,ok,rzc262690445vl.001.h5,2026-10-06T07:15:27Z
2026-09-26T04:40:00Z,cepina,0.00,0.000,16,0,0.00,0.0,0,ok,rzc262690440vl.001.h5,2026-10-06T07:15:27Z
2026-09-26T04:35:00Z,cepina,0.00,0.000,16,0,0.00,0.0,0,ok,rzc262690435vl.001.h5,2026-10-06T07:15:27Z
2026-09-26T04:30:00Z,cepina,0.00,0.000,16,0,0.00,0.0,0,ok,rzc262690430vl.001.h5,2026-10-06T07:15:27Z
2026-09-26T04:25:00Z,cepina,0.00,0.000,16,0,0.00,0.0,0,ok,rzc262690425vl.001.h5,2026-10-06T07:15:27Z
2026-09-26T04:20:00Z,cepina,0.00,0.000,16,0,0.00,0.0,0,ok,rzc262690420vl.001.h5,2026-10-06T07:15:27Z
2026-09-26T04:15:00Z,cepina,0.00,0.000,16,0,0.00,0.0,0,ok,rzc262690415vl.001.h5,2026-10-06T07:15:27Z
2026-09-26T04:10:00Z,cepina,0.00,0.000,16,0,0.00,0.0,0,ok,rzc262690410vl.001.h5,2026-10-06T07:15:27Z
2026-09-26T04:05:00Z,cepina,0.00,0.000,16,0,0.00,0.0,0,ok,rzc262690405vl.001.h5,2026-10-06T07:15:27Z
2026-09-26T04:00:00Z,cepina,0.00,0.000,16,0,0.00,0.0,0,ok,rzc262690400vl.001.h5,2026-10-06T07:15:27Z
2026-09-26T03:55:00Z,cepina,0.00,0.000,16,0,0.00,0.0,0,ok,rzc262690355vl.001.h5,2026-10-06T07:15:27Z
2026-09-26T03:50:00Z,cepina,0.00,0.000,16,0,0.00,0.0,0,ok,rzc262690350vl.001.h5,2026-10-06T07:15:27Z
2026-09-26T03:45:00Z,cepina,0.00,0.000,16,0,0.00,0.0,0,ok,rzc262690345vl.001.h5,2026-10-06T07:15:27Z
2026-09-26T03:40:00Z,cepina,0.00,0.000,16,0,0.00,0.0,0,ok,rzc262690340vl.001.h5,2026-10-06T07:15:27Z
2026-09-26T03:35:00Z,cepina,0.00,0.000,16,0,0.00,0.0,0,ok,rzc262690335vl.001.h5,2026-10-06T07:15:27Z
2026-09-26T03:30:00Z,cepina,0.00,0.000,16,0,0.00,0.0,0,ok,rzc262690330vl.001.h5,2026-10-06T07:15:27Z
2026-09-26T03:25:00Z,cepina,0.00,0.000,16,0,0.00,0.0,0,ok,rzc262690325vl.001.h5,2026-10-06T07:15:27Z
2026-09-26T03:20:00Z,cepina,0.00,0.000,16,0,0.00,0.0,0,ok,rzc262690320vl.001.h5,2026-10-06T07:15:27Z
2026-09-26T03:15:00Z,cepina,0.00,0.000,16,0,0.00,0.0,0,ok,rzc262690315vl.001.h5,2026-10-06T07:15:27Z
2026-09-26T03:10:00Z,cepina,0.00,0.000,16,0,0.00,0.0,0,ok,rzc262690310vl.001.h5,2026-10-06T07:15:27Z
2026-09-26T03:05:00Z,cepina,0.00,0.000,16,0,0.00,0.0,0,ok,rzc262690305vl.001.h5,2026-10-06T07:15:27Z
2026-09-26T03:00:00Z,cepina,0.00,0.000,16,0,0.00,0.0,0,ok,rzc262690300vl.001.h5,2026-10-06T07:15:27Z
2026-09-26T02:55:00Z,cepina,0.00,0.000,16,0,0.00,0.0,0,ok,rzc262690255vl.001.h5,2026-10-06T07:15:27Z
2026-09-26T02:50:00Z,cepina,0.00,0.000,16,0,0.00,0.0,0,ok,rzc262690250vl.001.h5,2026-10-06T07:15:27Z
2026-09-26T02:45:00Z,cepina,0.00,0.000,16,0,0.00,0.0,0,ok,rzc262690245vl.001.h5,2026-10-06T07:15:27Z
2026-09-26T02:40:00Z,cepina,0.00,0.000,16,0,0.00,0.0,0,ok,rzc262690240vl.001.h5,2026-10-06T07:15:27Z
2026-09-26T02:35:00Z,cepina,0.00,0.000,16,0,0.00,0.0,0,ok,rzc262690235vl.001.h5,2026-10-06T07:15:27Z
2026-09-26T02:30:00Z,cepina,0.00,0.000,16,0,0.00,0.0,0,ok,rzc262690230vl.001.h5,2026-10-06T07:15:27Z
2026-09-26T02:25:00Z,cepina,0.00,0.000,16,0,0.00,0.0,0,ok,rzc262690225vl.001.h5,2026-10-06T07:15:27Z
2026-09-26T02:20:00Z,cepina,0.00,0.000,16,0,0.00,0.0,0,ok,rzc262690220vl.001.h5,2026-10-06T07:15:27Z
2026-09-26T02:15:00Z,cepina,0.00,0.000,16,0,0.00,0.0,0,ok,rzc262690215vl.001.h5,2026-10-06T07:15:27Z
2026-09-26T02:10:00Z,cepina,0.00,0.000,16,0,0.00,0.0,0,ok,rzc262690210vl.001.h5,2026-10-06T07:15:27Z
2026-09-26T02:05:00Z,cepina,0.00,0.000,16,0,0.00,0.0,0,ok,rzc262690205vl.001.h5,2026-10-06T07:15:27Z
2026-09-26T02:00:00Z,cepina,0.00,0.000,16,0,0.00,0.0,0,ok,rzc262690200vl.001.h5,2026-10-06T07:15:27Z
2026-09-26T01:55:00Z,cepina,0.00,0.000,16,0,0.00,0.0,0,ok,rzc262690155vl.001.h5,2026-10-06T07:15:27Z
2026-09-26T01:50:00Z,cepina,0.00,0.000,16,0,0.00,0.0,0,ok,rzc262690150vl.001.h5,2026-10-06T07:15:27Z
2026-09-26T01:45:00Z,cepina,0.00,0.000,16,0,0.00,0.0,0,ok,rzc262690145vl.001.h5,2026-10-06T07:15:27Z
2026-09-26T01:40:00Z,cepina,0.00,0.000,16,0,0.00,0.0,0,ok,rzc262690140vl.001.h5,2026-10-06T07:15:27Z
2026-09-26T01:35:00Z,cepina,0.00,0.000,16,0,0.00,0.0,0,ok,rzc262690135vl.001.h5,2026-10-06T07:15:27Z
2026-09-26T01:30:00Z,cepina,0.00,0.000,16,0,0.00,0.0,0,ok,rzc262690130vl.001.h5,2026-10-06T07:15:27Z
2026-09-26T01:25:00Z,cepina,0.00,0.000,16,0,0.00,0.0,0,ok,rzc262690125vl.001.h5,2026-10-06T07:15:27Z
2026-09-26T01:20:00Z,cepina,0.00,0.000,16,0,0.00,0.0,0,ok,rzc262690120vl.001.h5,2026-10-06T07:15:27Z
2026-09-26T01:15:00Z,cepina,0.00,0.000,16,0,0.00,0.0,0,ok,rzc262690115vl.001.h5,2026-10-06T07:15:27Z
2026-09-26T01:10:00Z,cepina,0.00,0.000,16,0,0.00,0.0,0,ok,rzc262690110vl.001.h5,2026-10-06T07:15:27Z
2026-09-26T01:05:00Z,cepina,0.00,0.000,16,0,0.00,0.0,0,ok,rzc262690105vl.001.h5,2026-10-06T07:15:27Z
2026-09-26T01:00:00Z,cepina,0.00,0.000,16,0,0.00,0.0,0,ok,rzc262690100vl.001.h5,2026-10-06T07:15:27Z
2026-09-26T00:55:00Z,cepina,0.00,0.000,16,0,0.00,0.0,0,ok,rzc262690055vl.001.h5,2026-10-06T07:15:27Z
2026-09-26T00:50:00Z,cepina,0.00,0.000,16,0,0.00,0.0,0,ok,rzc262690050vl.001.h5,2026-10-06T07:15:27Z
2026-09-26T00:45:00Z,cepina,0.00,0.000,16,0,0.00,0.0,0,ok,rzc262690045vl.001.h5,2026-10-06T07:15:27Z
2026-09-26T00:40:00Z,cepina,0.00,0.000,16,0,0.00,0.0,0,ok,rzc262690040vl.001.h5,2026-10-06T07:15:27Z
2026-09-26T00:35:00Z,cepina,0.00,0.000,16,0,0.00,0.0,0,ok,rzc262690035vl.001.h5,2026-10-06T07:15:27Z
2026-09-26T00:30:00Z,cepina,0.00,0.000,16,0,0.00,0.0,0,ok,rzc262690030vl.001.h5,2026-10-06T07:15:27Z
2026-09-26T00:25:00Z,cepina,0.00,0.000,16,0,0.00,0.0,0,ok,rzc262690025vl.001.h5,2026-10-06T07:15:27Z
2026-09-26T00:20:00Z,cepina,0.00,0.000,16,0,0.00,0.0,0,ok,rzc262690020vl.001.h5,2026-10-06T07:15:27Z
2026-09-26T00:15:00Z,cepina,0.00,0.000,16,0,0.00,0.0,0,ok,rzc262690015vl.001.h5,2026-10-06T07:15:27Z
2026-09-26T00:10:00Z,cepina,0.00,0.000,16,0,0.00,0.0,0,ok,rzc262690010vl.001.h5,2026-10-06T07:15:27Z
2026-09-26T00:05:00Z,cepina,0.00,0.000,16,0,0.00,0.0,0,ok,rzc262690005vl.001.h5,2026-10-06T07:15:27Z
2026-09-26T00:00:00Z,cepina,0.00,0.000,16,0,0.00,0.0,0,ok,rzc262690000vl.001.h5,2026-10-06T07:15:27Z
2026-09-25T23:55:00Z,cepina,0.00,0.000,16,0,0.00,0.0,0,ok,rzc262682355vl.001.h5,2026-10-06T07:15:27Z
2026-09-25T23:50:00Z,cepina,0.00,0.000,16,0,0.00,0.0,0,ok,rzc262682350vl.001.h5,2026-10-06T07:15:27Z
2026-09-25T23:45:00Z,cepina,0.00,0.000,16,0,0.00,0.0,0,ok,rzc262682345vl.001.h5,2026-10-06T07:15:27Z
2026-09-25T23:40:00Z,cepina,0.00,0.000,16,0,0.00,0.0,0,ok,rzc262682340vl.001.h5,2026-10-06T07:15:27Z
2026-09-25T23:35:00Z,cepina,0.00,0.000,16,0,0.00,0.0,0,ok,rzc262682335vl.001.h5,2026-10-06T07:15:27Z
2026-09-25T23:30:00Z,cepina,0.00,0.000,16,0,0.00,0.0,0,ok,rzc262682330vl.001.h5,2026-10-06T07:15:27Z
2026-09-25T23:25:00Z,cepina,0.00,0.000,16,0,0.00,0.0,0,ok,rzc262682325vl.001.h5,2026-10-06T07:15:27Z
2026-09-25T23:20:00Z,cepina,0.00,0.000,16,0,0.00,0.0,0,ok,rzc262682320vl.001.h5,2026-10-06T07:15:27Z
2026-09-25T23:15:00Z,cepina,0.00,0.000,16,0,0.00,0.0,0,ok,rzc262682315vl.001.h5,2026-10-06T07:15:27Z
2026-09-25T23:10:00Z,cepina,0.00,0.000,16,0,0.00,0.0,0,ok,rzc262682310vl.001.h5,2026-10-06T07:15:27Z
2026-09-25T23:05:00Z,cepina,0.00,0.000,16,0,0.00,0.0,0,ok,rzc262682305vl.001.h5,2026-10-06T07:15:27Z
2026-09-25T23:00:00Z,cepina,0.00,0.000,16,0,0.00,0.0,0,ok,rzc262682300vl.001.h5,2026-10-06T07:15:27Z
2026-09-25T22:55:00Z,cepina,0.00,0.000,16,0,0.00,0.0,0,ok,rzc262682255vl.001.h5,2026-10-06T07:15:27Z
2026-09-25T22:50:00Z,cepina,0.00,0.000,16,0,0.00,0.0,0,ok,rzc262682250vl.001.h5,2026-10-06T07:15:27Z
2026-09-25T22:45:00Z,cepina,0.00,0.000,16,0,0.00,0.0,0,ok,rzc262682245vl.001.h5,2026-10-06T07:15:27Z
2026-09-25T22:40:00Z,cepina,0.00,0.000,16,0,0.00,0.0,0,ok,rzc262682240vl.001.h5,2026-10-06T07:15:27Z
2026-09-25T22:35:00Z,cepina,0.00,0.000,16,0,0.00,0.0,0,ok,rzc262682235vl.001.h5,2026-10-06T07:15:27Z
2026-09-25T22:30:00Z,cepina,0.00,0.000,16,0,0.00,0.0,0,ok,rzc262682230vl.001.h5,2026-10-06T07:15:27Z
2026-09-25T22:25:00Z,cepina,0.00,0.000,16,0,0.00,0.0,0,ok,rzc262682225vl.001.h5,2026-10-06T07:15:27Z
2026-09-25T22:20:00Z,cepina,0.00,0.000,16,0,0.00,0.0,0,ok,rzc262682220vl.001.h5,2026-10-06T07:15:27Z
2026-09-25T22:15:00Z,cepina,0.00,0.000,16,0,0.00,0.0,0,ok,rzc262682215vl.001.h5,2026-10-06T07:15:27Z
2026-09-25T22:10:00Z,cepina,0.00,0.000,16,0,0.00,0.0,0,ok,rzc262682210vl.001.h5,2026-10-06T07:15:27Z
2026-09-25T22:05:00Z,cepina,0.00,0.000,16,0,0.00,0.0,0,ok,rzc262682205vl.001.h5,2026-10-06T07:15:27Z
2026-09-25T22:00:00Z,cepina,0.00,0.000,16,0,0.00,0.0,0,ok,rzc262682200vl.001.h5,2026-10-06T07:15:27Z
2026-09-25T21:55:00Z,cepina,0.00,0.000,16,0,0.01,0.0,0,ok,rzc262682155vl.001.h5,2026-10-06T07:15:27Z
2026-09-25T21:50:00Z,cepina,0.00,0.000,16,0,0.00,0.0,0,ok,rzc262682150vl.001.h5,2026-10-06T07:15:27Z
2026-09-25T21:45:00Z,cepina,0.00,0.000,16,0,0.00,0.0,0,ok,rzc262682145vl.001.h5,2026-10-06T07:15:27Z
2026-09-25T21:40:00Z,cepina,0.00,0.000,16,0,0.00,0.0,0,ok,rzc262682140vl.001.h5,2026-10-06T07:15:27Z
2026-09-25T21:35:00Z,cepina,0.00,0.000,16,0,0.00,0.0,0,ok,rzc262682135vl.001.h5,2026-10-06T07:15:27Z
2026-09-25T21:30:00Z,cepina,0.00,0.000,16,0,0.00,0.0,0,ok,rzc262682130vl.001.h5,2026-10-06T07:15:27Z
2026-09-25T21:25:00Z,cepina,0.00,0.000,16,0,0.00,0.0,0,ok,rzc262682125vl.001.h5,2026-10-06T07:15:27Z
2026-09-25T21:20:00Z,cepina,0.00,0.000,16,0,0.00,0.0,0,ok,rzc262682120vl.001.h5,2026-10-06T07:15:27Z
2026-09-25T21:15:00Z,cepina,0.00,0.000,16,0,0.00,0.0,0,ok,rzc262682115vl.001.h5,2026-10-06T07:15:27Z
2026-09-25T21:10:00Z,cepina,0.00,0.000,16,0,0.00,0.0,0,ok,rzc262682110vl.001.h5,2026-10-06T07:15:27Z
2026-09-25T21:05:00Z,cepina,0.00,0.000,16,0,0.00,0.0,0,ok,rzc262682105vl.001.h5,2026-10-06T07:15:27Z
2026-09-25T21:00:00Z,cepina,0.00,0.000,16,0,0.00,0.0,0,ok,rzc262682100vl.001.h5,2026-10-06T07:15:27Z
2026-09-25T20:55:00Z,cepina,0.00,0.000,16,0,0.00,0.0,0,ok,rzc262682055vl.001.h5,2026-10-06T07:15:27Z
2026-09-25T20:50:00Z,cepina,0.00,0.000,16,0,0.00,0.0,0,ok,rzc262682050vl.001.h5,2026-10-06T07:15:27Z
2026-09-25T20:45:00Z,cepina,0.00,0.000,16,0,0.00,0.0,0,ok,rzc262682045vl.001.h5,2026-10-06T07:15:27Z
2026-09-25T20:40:00Z,cepina,0.00,0.000,16,0,0.00,0.0,0,ok,rzc262682040vl.001.h5,2026-10-06T07:15:27Z
2026-09-25T20:35:00Z,cepina,0.00,0.000,16,0,0.00,0.0,0,ok,rzc262682035vl.001.h5,2026-10-06T07:15:27Z
2026-09-25T20:30:00Z,cepina,0.00,0.000,16,0,0.00,0.0,0,ok,rzc262682030vl.001.h5,2026-10-06T07:15:27Z
2026-09-25T20:25:00Z,cepina,0.00,0.000,16,0,0.00,0.0,0,ok,rzc262682025vl.001.h5,2026-10-06T07:15:27Z
2026-09-25T20:20:00Z,cepina,0.00,0.000,16,0,0.00,0.0,0,ok,rzc262682020vl.001.h5,2026-10-06T07:15:27Z
2026-09-25T20:15:00Z,cepina,0.00,0.000,16,0,0.00,0.0,0,ok,rzc262682015vl.001.h5,2026-10-06T07:15:27Z
2026-09-25T20:10:00Z,cepina,0.00,0.000,16,0,0.00,0.0,0,ok,rzc262682010vl.001.h5,2026-10-06T07:15:27Z
2026-09-25T20:05:00Z,cepina,0.00,0.000,16,0,0.00,0.0,0,ok,rzc262682005vl.001.h5,2026-10-06T07:15:27Z
2026-09-25T20:00:00Z,cepina,0.00,0.000,16,0,0.00,0.0,0,ok,rzc262682000vl.001.h5,2026-10-06T07:15:27Z
2026-09-25T19:55:00Z,cepina,0.00,0.000,16,0,0.00,0.0,0,ok,rzc262681955vl.001.h5,2026-10-06T07:15:27Z
2026-09-25T19:50:00Z,cepina,0.00,0.000,16,0,0.00,0.0,0,ok,rzc262681950vl.001.h5,2026-10-06T07:15:27Z
2026-09-25T19:45:00Z,cepina,0.00,0.000,16,0,0.00,0.0,0,ok,rzc262681945vl.001.h5,2026-10-06T07:15:27Z
2026-09-25T19:40:00Z,cepina,0.00,0.000,16,0,0.00,0.0,0,ok,rzc262681940vl.001.h5,2026-10-06T07:15:27Z
2026-09-25T19:35:00Z,cepina,0.00,0.000,16,0,0.00,0.0,0,ok,rzc262681935vl.001.h5,2026-10-06T07:15:27Z
2026-09-25T19:30:00Z,cepina,0.00,0.000,16,0,0.00,0.0,0,ok,rzc262681930vl.001.h5,2026-10-06T07:15:27Z
2026-09-25T19:25:00Z,cepina,0.00,0.000,16,0,0.00,0.0,0,ok,rzc262681925vl.001.h5,2026-10-06T07:15:27Z
2026-09-25T19:20:00Z,cepina,0.00,0.000,16,0,0.00,0.0,0,ok,rzc262681920vl.001.h5,2026-10-06T07:15:27Z
2026-09-25T19:15:00Z,cepina,0.00,0.000,16,0,0.00,0.0,0,ok,rzc262681915vl.001.h5,2026-10-06T07:15:27Z
2026-09-25T19:10:00Z,cepina,0.00,0.000,16,0,0.00,0.0,0,ok,rzc262681910vl.001.h5,2026-10-06T07:15:27Z
2026-09-25T19:05:00Z,cepina,0.00,0.000,16,0,0.00,0.0,0,ok,rzc262681905vl.001.h5,2026-10-06T07:15:27Z
2026-09-25T19:00:00Z,cepina,0.00,0.000,16,0,0.00,0.0,0,ok,rzc262681900vl.001.h5,2026-10-06T07:15:27Z
2026-09-25T18:55:00Z,cepina,0.00,0.000,16,0,0.00,0.0,0,ok,rzc262681855vl.001.h5,2026-10-06T07:15:27Z
2026-09-25T18:50:00Z,cepina,0.00,0.000,16,0,0.00,0.0,0,ok,rzc262681850vl.001.h5,2026-10-06T07:15:27Z
2026-09-25T18:45:00Z,cepina,0.00,0.000,16,0,0.00,0.0,0,ok,rzc262681845vl.001.h5,2026-10-06T07:15:27Z
2026-09-25T18:40:00Z,cepina,0.00,0.000,16,0,0.00,0.0,0,ok,rzc262681840vl.001.h5,2026-10-06T07:15:27Z
2026-09-25T18:35:00Z,cepina,0.00,0.000,16,0,0.00,0.0,0,ok,rzc262681835vl.001.h5,2026-10-06T07:15:27Z
2026-09-25T18:30:00Z,cepina,0.00,0.000,16,0,0.00,0.0,0,ok,rzc262681830vl.001.h5,2026-10-06T07:15:27Z
2026-09-25T18:25:00Z,cepina,0.00,0.000,16,0,0.00,0.0,0,ok,rzc262681825vl.001.h5,2026-10-06T07:15:27Z
2026-09-25T18:20:00Z,cepina,0.00,0.000,16,0,0.00,0.0,0,ok,rzc262681820vl.001.h5,2026-10-06T07:15:27Z
2026-09-25T18:15:00Z,cepina,0.00,0.000,16,0,0.00,0.0,0,ok,rzc262681815vl.001.h5,2026-10-06T07:15:27Z
2026-09-25T18:10:00Z,cepina,0.00,0.000,16,0,0.00,0.0,0,ok,rzc262681810vl.001.h5,2026-10-06T07:15:27Z
2026-09-25T18:05:00Z,cepina,0.00,0.000,16,0,0.00,0.0,0,ok,rzc262681805vl.001.h5,2026-10-06T07:15:27Z
2026-09-25T18:00:00Z,cepina,0.00,0.000,16,0,0.00,0.0,0,ok,rzc262681800vl.001.h5,2026-10-06T07:15:27Z
2026-09-25T17:55:00Z,cepina,0.00,0.000,16,0,0.00,0.0,0,ok,rzc262681755vl.001.h5,2026-10-06T07:15:27Z
2026-09-25T17:50:00Z,cepina,0.00,0.000,16,0,0.00,0.0,0,ok,rzc262681750vl.001.h5,2026-10-06T07:15:27Z
2026-09-25T17:45:00Z,cepina,0.00,0.000,16,0,0.00,0.0,0,ok,rzc262681745vl.001.h5,2026-10-06T07:15:27Z
2026-09-25T17:40:00Z,cepina,0.00,0.000,16,0,0.00,0.0,0,ok,rzc262681740vl.001.h5,2026-10-06T07:15:27Z
2026-09-25T17:35:00Z,cepina,0.00,0.000,16,0,0.01,0.0,0,ok,rzc262681735vl.001.h5,2026-10-06T07:15:27Z
2026-09-25T17:30:00Z,cepina,0.00,0.000,16,0,0.00,0.0,0,ok,rzc262681730vl.001.h5,2026-10-06T07:15:27Z
2026-09-25T17:25:00Z,cepina,0.00,0.000,16,0,0.00,0.0,0,ok,rzc262681725vl.001.h5,2026-10-06T07:15:27Z
2026-09-25T17:20:00Z,cepina,0.00,0.000,16,0,0.00,0.0,0,ok,rzc262681720vl.001.h5,2026-10-06T07:15:27Z
2026-09-25T17:15:00Z,cepina,0.00,0.000,16,0,0.00,0.0,0,ok,rzc262681715vl.001.h5,2026-10-06T07:15:27Z
2026-09-25T17:10:00Z,cepina,0.00,0.000,16,0,0.00,0.0,0,ok,rzc262681710vl.001.h5,2026-10-06T07:15:27Z
2026-09-25T17:05:00Z,cepina,0.00,0.000,16,0,0.00,0.0,0,ok,rzc262681705vl.001.h5,2026-10-06T07:15:27Z
2026-09-25T17:00:00Z,cepina,0.00,0.000,16,0,0.00,0.0,0,ok,rzc262681700vl.001.h5,2026-10-06T07:15:27Z
2026-09-25T16:55:00Z,cepina,0.00,0.000,16,0,0.00,0.0,0,ok,rzc262681655vl.001.h5,2026-10-06T07:15:27Z
2026-09-25T16:50:00Z,cepina,0.00,0.000,16,0,0.00,0.0,0,ok,rzc262681650vl.001.h5,2026-10-06T07:15:27Z
2026-09-25T16:45:00Z,cepina,0.00,0.000,16,0,0.00,0.0,0,ok,rzc262681645vl.001.h5,2026-10-06T07:15:27Z
2026-09-25T16:40:00Z,cepina,0.00,0.000,16,0,0.00,0.0,0,ok,rzc262681640vl.001.h5,2026-10-06T07:15:27Z
2026-09-25T16:35:00Z,cepina,0.00,0.000,16,0,0.01,0.0,0,ok,rzc262681635vl.001.h5,2026-10-06T07:15:27Z
2026-09-25T16:30:00Z,cepina,0.00,0.000,16,0,0.00,0.0,0,ok,rzc262681630vl.001.h5,2026-10-06T07:15:27Z
2026-09-25T16:25:00Z,cepina,0.00,0.000,16,0,0.00,0.0,0,ok,rzc262681625vl.001.h5,2026-10-06T07:15:27Z
2026-09-25T16:20:00Z,cepina,0.00,0.000,16,0,0.00,0.0,0,ok,rzc262681620vl.001.h5,2026-10-06T07:15:27Z
2026-09-25T16:15:00Z,cepina,0.00,0.000,16,0,0.00,0.0,0,ok,rzc262681615vl.001.h5,2026-10-06T07:15:27Z
2026-09-25T16:10:00Z,cepina,0.00,0.000,16,0,0.00,0.0,0,ok,rzc262681610vl.001.h5,2026-10-06T07:15:27Z
2026-09-25T16:05:00Z,cepina,0.00,0.000,16,0,0.00,0.0,0,ok,rzc262681605vl.001.h5,2026-10-06T07:15:27Z
2026-09-25T16:00:00Z,cepina,0.00,0.000,16,0,0.00,0.0,0,ok,rzc262681600vl.001.h5,2026-10-06T07:15:27Z
2026-09-25T15:55:00Z,cepina,0.00,0.000,16,0,0.00,0.0,0,ok,rzc262681555vl.001.h5,2026-10-06T07:15:27Z
2026-09-25T15:50:00Z,cepina,0.00,0.000,16,0,0.00,0.0,0,ok,rzc262681550vl.001.h5,2026-10-06T07:15:27Z
2026-09-25T15:45:00Z,cepina,0.00,0.000,16,0,0.00,0.0,0,ok,rzc262681545vl.001.h5,2026-10-06T07:15:27Z
2026-09-25T15:40:00Z,cepina,0.00,0.000,16,0,0.00,0.0,0,ok,rzc262681540vl.001.h5,2026-10-06T07:15:27Z
2026-09-25T15:35:00Z,cepina,0.00,0.000,16,0,0.00,0.0,0,ok,rzc262681535vl.001.h5,2026-10-06T07:15:27Z
2026-09-25T15:30:00Z,cepina,0.00,0.000,16,0,0.00,0.0,0,ok,rzc262681530vl.001.h5,2026-10-06T07:15:27Z
2026-09-25T15:25:00Z,cepina,0.00,0.000,16,0,0.00,0.0,0,ok,rzc262681525vl.001.h5,2026-10-06T07:15:27Z
2026-09-25T15:20:00Z,cepina,0.00,0.000,16,0,0.00,0.0,0,ok,rzc262681520vl.001.h5,2026-10-06T07:15:27Z
2026-09-25T15:15:00Z,cepina,0.00,0.000,16,0,0.00,0.0,0,ok,rzc262681515vl.001.h5,2026-10-06T07:15:27Z
2026-09-25T15:10:00Z,cepina,0.00,0.000,16,0,0.00,0.0,0,ok,rzc262681510vl.001.h5,2026-10-06T07:15:27Z
2026-09-25T15:05:00Z,cepina,0.00,0.000,16,0,0.00,0.0,0,ok,rzc262681505vl.001.h5,2026-10-06T07:15:27Z
2026-09-25T15:00:00Z,cepina,0.00,0.000,16,0,0.00,0.0,0,ok,rzc262681500vl.001.h5,2026-10-06T07:15:27Z
2026-09-25T14:55:00Z,cepina,0.00,0.000,16,0,0.00,0.0,0,ok,rzc262681455vl.001.h5,2026-10-06T07:15:27Z
2026-09-25T14:50:00Z,cepina,0.00,0.000,16,0,0.00,0.0,0,ok,rzc262681450vl.001.h5,2026-10-06T07:15:27Z
2026-09-25T14:45:00Z,cepina,0.00,0.000,16,0,0.00,0.0,0,ok,rzc262681445vl.001.h5,2026-10-06T07:15:27Z
2026-09-25T14:40:00Z,cepina,0.00,0.000,16,0,0.00,0.0,0,ok,rzc262681440vl.001.h5,2026-10-06T07:15:27Z
2026-09-25T14:35:00Z,cepina,0.00,0.000,16,0,0.00,0.0,0,ok,rzc262681435vl.001.h5,2026-10-06T07:15:27Z
2026-09-25T14:30:00Z,cepina,0.00,0.000,16,0,0.00,0.0,0,ok,rzc262681430vl.001.h5,2026-10-06T07:15:27Z
2026-09-25T14:25:00Z,cepina,0.00,0.000,16,0,0.00,0.0,0,ok,rzc262681425vl.001.h5,2026-10-06T07:15:27Z
2026-09-25T14:20:00Z,cepina,0.00,0.000,16,0,0.00,0.0,0,ok,rzc262681420vl.001.h5,2026-10-06T07:15:27Z
2026-09-25T14:15:00Z,cepina,0.00,0.000,16,0,0.00,0.0,0,ok,rzc262681415vl.001.h5,2026-10-06T07:15:27Z
2026-09-25T14:10:00Z,cepina,0.00,0.000,16,0,0.01,0.0,0,ok,rzc262681410vl.001.h5,2026-10-06T07:15:27Z
2026-09-25T14:05:00Z,cepina,0.00,0.000,16,0,0.00,0.0,0,ok,rzc262681405vl.001.h5,2026-10-06T07:15:27Z
2026-09-25T14:00:00Z,cepina,0.00,0.000,16,0,0.00,0.0,0,ok,rzc262681400vl.001.h5,2026-10-06T07:15:27Z
2026-09-25T13:55:00Z,cepina,0.00,0.000,16,0,0.00,0.0,0,ok,rzc262681355vl.001.h5,2026-10-06T07:15:27Z
2026-09-25T13:50:00Z,cepina,0.00,0.000,16,0,0.00,0.0,0,ok,rzc262681350vl.001.h5,2026-10-06T07:15:27Z
2026-09-25T13:45:00Z,cepina,0.00,0.000,16,0,0.00,0.0,0,ok,rzc262681345vl.001.h5,2026-10-06T07:15:27Z
2026-09-25T13:40:00Z,cepina,0.00,0.000,16,0,0.00,0.0,0,ok,rzc262681340vl.001.h5,2026-10-06T07:15:27Z
2026-09-25T13:35:00Z,cepina,0.00,0.000,16,0,0.00,0.0,0,ok,rzc262681335vl.001.h5,2026-10-06T07:15:27Z
2026-09-25T13:30:00Z,cepina,0.00,0.000,16,0,0.00,0.0,0,ok,rzc262681330vl.001.h5,2026-10-06T07:15:27Z
2026-09-25T13:25:00Z,cepina,0.00,0.000,16,0,0.00,0.0,0,ok,rzc262681325vl.001.h5,2026-10-06T07:15:27Z
2026-09-25T13:20:00Z,cepina,0.00,0.000,16,0,0.00,0.0,0,ok,rzc262681320vl.001.h5,2026-10-06T07:15:27Z
2026-09-25T13:15:00Z,cepina,0.00,0.000,16,0,0.00,0.0,0,ok,rzc262681315vl.001.h5,2026-10-06T07:15:27Z
2026-09-25T13:10:00Z,cepina,0.00,0.000,16,0,0.00,0.0,0,ok,rzc262681310vl.001.h5,2026-10-06T07:15:27Z
2026-09-25T13:05:00Z,cepina,0.00,0.000,16,0,0.00,0.0,0,ok,rzc262681305vl.001.h5,2026-10-06T07:15:27Z
2026-09-25T13:00:00Z,cepina,0.00,0.000,16,0,0.00,0.0,0,ok,rzc262681300vl.001.h5,2026-10-06T07:15:27Z
2026-09-25T12:55:00Z,cepina,0.00,0.000,16,0,0.00,0.0,0,ok,rzc262681255vl.001.h5,2026-10-06T07:15:27Z
2026-09-25T12:50:00Z,cepina,0.00,0.000,16,0,0.00,0.0,0,ok,rzc262681250vl.001.h5,2026-10-06T07:15:27Z
2026-09-25T12:45:00Z,cepina,0.00,0.000,16,0,0.00,0.0,0,ok,rzc262681245vl.001.h5,2026-10-06T07:15:27Z
2026-09-25T12:40:00Z,cepina,0.00,0.000,16,0,0.00,0.0,0,ok,rzc262681240vl.001.h5,2026-10-06T07:15:27Z
2026-09-25T12:35:00Z,cepina,0.00,0.000,16,0,0.00,0.0,0,ok,rzc262681235vl.001.h5,2026-10-06T07:15:27Z
2026-09-25T12:30:00Z,cepina,0.00,0.000,16,0,0.00,0.0,0,ok,rzc262681230vl.001.h5,2026-10-06T07:15:27Z
2026-09-25T12:25:00Z,cepina,0.00,0.000,16,0,0.00,0.0,0,ok,rzc262681225vl.001.h5,2026-10-06T07:15:27Z
2026-09-25T12:20:00Z,cepina,0.00,0.000,16,0,0.00,0.0,0,ok,rzc262681220vl.001.h5,2026-10-06T07:15:27Z
2026-09-25T12:15:00Z,cepina,0.00,0.000,16,0,0.00,0.0,0,ok,rzc262681215vl.001.h5,2026-10-06T07:15:27Z
2026-09-25T12:10:00Z,cepina,0.00,0.000,16,0,0.00,0.0,0,ok,rzc262681210vl.001.h5,2026-10-06T07:15:27Z
2026-09-25T12:05:00Z,cepina,0.00,0.000,16,0,0.00,0.0,0,ok,rzc262681205vl.001.h5,2026-10-06T07:15:27Z
2026-09-25T12:00:00Z,cepina,0.00,0.000,16,0,0.00,0.0,0,ok,rzc262681200vl.001.h5,2026-10-06T07:15:27Z
2026-09-25T11:55:00Z,cepina,0.00,0.000,16,0,0.00,0.0,0,ok,rzc262681155vl.001.h5,2026-10-06T07:15:27Z
2026-09-25T11:50:00Z,cepina,0.00,0.000,16,0,0.00,0.0,0,ok,rzc262681150vl.001.h5,2026-10-06T07:15:27Z
2026-09-25T11:45:00Z,cepina,0.00,0.000,16,0,0.00,0.0,0,ok,rzc262681145vl.001.h5,2026-10-06T07:15:27Z
2026-09-25T11:40:00Z,cepina,0.00,0.000,16,0,0.00,0.0,0,ok,rzc262681140vl.001.h5,2026-10-06T07:15:27Z
2026-09-25T11:35:00Z,cepina,0.00,0.000,16,0,0.00,0.0,0,ok,rzc262681135vl.001.h5,2026-10-06T07:15:27Z
2026-09-25T11:30:00Z,cepina,0.00,0.000,16,0,0.00,0.0,0,ok,rzc262681130vl.001.h5,2026-10-06T07:15:27Z
2026-09-25T11:25:00Z,cepina,0.00,0.000,16,0,0.00,0.0,0,ok,rzc262681125vl.001.h5,2026-10-06T07:15:27Z
2026-09-25T11:20:00Z,cepina,0.00,0.000,16,0,0.00,0.0,0,ok,rzc262681120vl.001.h5,2026-10-06T07:15:27Z
2026-09-25T11:15:00Z,cepina,0.00,0.000,16,0,0.00,0.0,0,ok,rzc262681115vl.001.h5,2026-10-06T07:15:27Z
2026-09-25T11:10:00Z,cepina,0.00,0.000,16,0,0.00,0.0,0,ok,rzc262681110vl.001.h5,2026-10-06T07:15:27Z
2026-09-25T11:05:00Z,cepina,0.00,0.000,16,0,0.00,0.0,0,ok,rzc262681105vl.001.h5,2026-10-06T07:15:27Z
2026-09-25T11:00:00Z,cepina,0.00,0.000,16,0,0.00,0.0,0,ok,rzc262681100vl.001.h5,2026-10-06T07:15:27Z
2026-09-25T10:55:00Z,cepina,0.00,0.000,16,0,0.00,0.0,0,ok,rzc262681055vl.001.h5,2026-10-06T07:15:27Z
2026-09-25T10:50:00Z,cepina,0.00,0.000,16,0,0.00,0.0,0,ok,rzc262681050vl.001.h5,2026-10-06T07:15:27Z
2026-09-25T10:45:00Z,cepina,0.00,0.000,16,0,0.00,0.0,0,ok,rzc262681045vl.001.h5,2026-10-06T07:15:27Z
2026-09-25T10:40:00Z,cepina,0.00,0.000,16,0,0.00,0.0,0,ok,rzc262681040vl.001.h5,2026-10-06T07:15:27Z
2026-09-25T10:35:00Z,cepina,0.00,0.000,16,0,0.00,0.0,0,ok,rzc262681035vl.001.h5,2026-10-06T07:15:27Z
2026-09-25T10:30:00Z,cepina,0.00,0.000,16,0,0.00,0.0,0,ok,rzc262681030vl.001.h5,2026-10-06T07:15:27Z
2026-09-25T10:25:00Z,cepina,0.00,0.000,16,0,0.00,0.0,0,ok,rzc262681025vl.001.h5,2026-10-06T07:15:27Z
2026-09-25T10:20:00Z,cepina,0.00,0.000,16,0,0.00,0.0,0,ok,rzc262681020vl.001.h5,2026-10-06T07:15:27Z
2026-09-25T10:15:00Z,cepina,0.00,0.000,16,0,0.00,0.0,0,ok,rzc262681015vl.001.h5,2026-10-06T07:15:27Z
2026-09-25T10:10:00Z,cepina,0.00,0.000,16,0,0.00,0.0,0,ok,rzc262681010vl.001.h5,2026-10-06T07:15:27Z
2026-09-25T10:05:00Z,cepina,0.00,0.000,16,0,0.00,0.0,0,ok,rzc262681005vl.001.h5,2026-10-06T07:15:27Z
2026-09-25T10:00:00Z,cepina,0.00,0.000,16,0,0.00,0.0,0,ok,rzc262681000vl.001.h5,2026-10-06T07:15:27Z
2026-09-25T09:55:00Z,cepina,0.00,0.000,16,0,0.00,0.0,0,ok,rzc262680955vl.001.h5,2026-10-06T07:15:27Z
2026-09-25T09:50:00Z,cepina,0.00,0.000,16,0,0.00,0.0,0,ok,rzc262680950vl.001.h5,2026-10-06T07:15:27Z
2026-09-25T09:45:00Z,cepina,0.00,0.000,16,0,0.00,0.0,0,ok,rzc262680945vl.001.h5,2026-10-06T07:15:27Z
2026-09-25T09:40:00Z,cepina,0.00,0.000,16,0,0.00,0.0,0,ok,rzc262680940vl.001.h5,2026-10-06T07:15:27Z
2026-09-25T09:35:00Z,cepina,0.00,0.000,16,0,0.00,0.0,0,ok,rzc262680935vl.001.h5,2026-10-06T07:15:27Z
2026-09-25T09:30:00Z,cepina,0.00,0.000,16,0,0.00,0.0,0,ok,rzc262680930vl.001.h5,2026-10-06T07:15:27Z
2026-09-25T09:25:00Z,cepina,0.00,0.000,16,0,0.00,0.0,0,ok,rzc262680925vl.001.h5,2026-10-06T07:15:27Z
2026-09-25T09:20:00Z,cepina,0.00,0.000,16,0,0.00,0.0,0,ok,rzc262680920vl.001.h5,2026-10-06T07:15:27Z
2026-09-25T09:15:00Z,cepina,0.00,0.000,16,0,0.00,0.0,0,ok,rzc262680915vl.001.h5,2026-10-06T07:15:27Z
2026-09-25T09:10:00Z,cepina,0.00,0.000,16,0,0.00,0.0,0,ok,rzc262680910vl.001.h5,2026-10-06T07:15:27Z
2026-09-25T09:05:00Z,cepina,0.00,0.000,16,0,0.00,0.0,0,ok,rzc262680905vl.001.h5,2026-10-06T07:15:27Z
2026-09-25T09:00:00Z,cepina,0.00,0.000,16,0,0.00,0.0,0,ok,rzc262680900vl.001.h5,2026-10-06T07:15:27Z
2026-09-25T08:55:00Z,cepina,0.00,0.000,16,0,0.00,0.0,0,ok,rzc262680855vl.001.h5,2026-10-06T07:15:27Z
2026-09-25T08:50:00Z,cepina,0.00,0.000,16,0,0.00,0.0,0,ok,rzc262680850vl.001.h5,2026-10-06T07:15:27Z
2026-09-25T08:45:00Z,cepina,0.00,0.000,16,0,0.00,0.0,0,ok,rzc262680845vl.001.h5,2026-10-06T07:15:27Z
2026-09-25T08:40:00Z,cepina,0.00,0.000,16,0,0.00,0.0,0,ok,rzc262680840vl.001.h5,2026-10-06T07:15:27Z
2026-09-25T08:35:00Z,cepina,0.00,0.000,16,0,0.00,0.0,0,ok,rzc262680835vl.001.h5,2026-10-06T07:15:27Z
2026-09-25T08:30:00Z,cepina,0.00,0.000,16,0,0.00,0.0,0,ok,rzc262680830vl.001.h5,2026-10-06T07:15:27Z
2026-09-25T08:25:00Z,cepina,0.00,0.000,16,0,0.00,0.0,0,ok,rzc262680825vl.001.h5,2026-10-06T07:15:27Z
2026-09-25T08:20:00Z,cepina,0.00,0.000,16,0,0.00,0.0,0,ok,rzc262680820vl.001.h5,2026-10-06T07:15:27Z
2026-09-25T08:15:00Z,cepina,0.00,0.000,16,0,0.00,0.0,0,ok,rzc262680815vl.001.h5,2026-10-06T07:15:27Z
2026-09-25T08:10:00Z,cepina,0.00,0.000,16,0,0.00,0.0,0,ok,rzc262680810vl.001.h5,2026-10-06T07:15:27Z
2026-09-25T08:05:00Z,cepina,0.00,0.000,16,0,0.01,0.0,0,ok,rzc262680805vl.001.h5,2026-10-06T07:15:27Z
2026-09-25T08:00:00Z,cepina,0.00,0.000,16,0,0.00,0.0,0,ok,rzc262680800vl.001.h5,2026-10-06T07:15:27Z
2026-09-25T07:55:00Z,cepina,0.00,0.000,16,0,0.00,0.0,0,ok,rzc262680755vl.001.h5,2026-10-06T07:15:27Z
2026-09-25T07:50:00Z,cepina,0.00,0.000,16,0,0.00,0.0,0,ok,rzc262680750vl.001.h5,2026-10-06T07:15:27Z
2026-09-25T07:45:00Z,cepina,0.00,0.000,16,0,0.00,0.0,0,ok,rzc262680745vl.001.h5,2026-10-06T07:15:27Z
2026-09-25T07:40:00Z,cepina,0.00,0.000,16,0,0.00,0.0,0,ok,rzc262680740vl.001.h5,2026-10-06T07:15:27Z
2026-09-25T07:35:00Z,cepina,0.00,0.000,16,0,0.00,0.0,0,ok,rzc262680735vl.001.h5,2026-10-06T07:15:27Z
2026-09-25T07:30:00Z,cepina,0.00,0.000,16,0,0.00,0.0,0,ok,rzc262680730vl.001.h5,2026-10-06T07:15:27Z
2026-09-25T07:25:00Z,cepina,0.00,0.000,16,0,0.00,0.0,0,ok,rzc262680725vl.001.h5,2026-10-06T07:15:27Z
2026-09-25T07:20:00Z,cepina,0.00,0.000,16,0,0.00,0.0,0,ok,rzc262680720vl.001.h5,2026-10-06T07:15:27Z
2026-09-25T07:15:00Z,cepina,0.00,0.000,16,0,0.00,0.0,0,ok,rzc262680715vl.001.h5,2026-10-06T07:15:27Z
2026-09-25T07:10:00Z,cepina,0.00,0.000,16,0,0.00,0.0,0,ok,rzc262680710vl.001.h5,2026-10-06T07:15:27Z
2026-09-25T07:05:00Z,cepina,0.00,0.000,16,0,0.00,0.0,0,ok,rzc262680705vl.001.h5,2026-10-06T07:15:27Z
2026-09-25T07:00:00Z,cepina,0.00,0.000,16,0,0.00,0.0,0,ok,rzc262680700vl.001.h5,2026-10-06T07:15:27Z
2026-09-25T06:55:00Z,cepina,0.00,0.000,16,0,0.00,0.0,0,ok,rzc262680655vl.001.h5,2026-10-06T07:15:27Z
2026-09-25T06:50:00Z,cepina,0.00,0.000,16,0,0.00,0.0,0,ok,rzc262680650vl.001.h5,2026-10-06T07:15:27Z
2026-09-25T06:45:00Z,cepina,0.00,0.000,16,0,0.00,0.0,0,ok,rzc262680645vl.001.h5,2026-10-06T07:15:27Z
2026-09-25T06:40:00Z,cepina,0.00,0.000,16,0,0.00,0.0,0,ok,rzc262680640vl.001.h5,2026-10-06T07:15:27Z
2026-09-25T06:35:00Z,cepina,0.00,0.000,16,0,0.00,0.0,0,ok,rzc262680635vl.001.h5,2026-10-06T07:15:27Z
2026-09-25T06:30:00Z,cepina,0.00,0.000,16,0,0.00,0.0,0,ok,rzc262680630vl.001.h5,2026-10-06T07:15:27Z
2026-09-25T06:25:00Z,cepina,0.00,0.000,16,0,0.00,0.0,0,ok,rzc262680625vl.001.h5,2026-10-06T07:15:27Z
2026-09-25T06:20:00Z,cepina,0.00,0.000,16,0,0.00,0.0,0,ok,rzc262680620vl.001.h5,2026-10-06T07:15:27Z
2026-09-25T06:15:00Z,cepina,0.00,0.000,16,0,0.00,0.0,0,ok,rzc262680615vl.001.h5,2026-10-06T07:15:27Z
2026-09-25T06:10:00Z,cepina,0.00,0.000,16,0,0.00,0.0,0,ok,rzc262680610vl.001.h5,2026-10-06T07:15:27Z
2026-09-25T06:05:00Z,cepina,0.00,0.000,16,0,0.00,0.0,0,ok,rzc262680605vl.001.h5,2026-10-06T07:15:27Z
2026-09-25T06:00:00Z,cepina,0.00,0.000,16,0,0.00,0.0,0,ok,rzc262680600vl.001.h5,2026-10-06T07:15:27Z
2026-09-25T05:55:00Z,cepina,0.00,0.000,16,0,0.00,0.0,0,ok,rzc262680555vl.001.h5,2026-10-06T07:15:27Z
2026-09-25T05:50:00Z,cepina,0.00,0.000,16,0,0.00,0.0,0,ok,rzc262680550vl.001.h5,2026-10-06T07:15:27Z
2026-09-25T05:45:00Z,cepina,0.00,0.000,16,0,0.00,0.0,0,ok,rzc262680545vl.001.h5,2026-10-06T07:15:27Z
2026-09-25T05:40:00Z,cepina,0.00,0.000,16,0,0.00,0.0,0,ok,rzc262680540vl.001.h5,2026-10-06T07:15:27Z
2026-09-25T05:35:00Z,cepina,0.00,0.000,16,0,0.00,0.0,0,ok,rzc262680535vl.001.h5,2026-10-06T07:15:27Z
2026-09-25T05:30:00Z,cepina,0.00,0.000,16,0,0.00,0.0,0,ok,rzc262680530vl.001.h5,2026-10-06T07:15:27Z
2026-09-25T05:25:00Z,cepina,0.00,0.000,16,0,0.01,0.0,0,ok,rzc262680525vl.001.h5,2026-10-06T07:15:27Z
2026-09-25T05:20:00Z,cepina,0.00,0.000,16,0,0.00,0.0,0,ok,rzc262680520vl.001.h5,2026-10-06T07:15:27Z
2026-09-25T05:15:00Z,cepina,0.00,0.000,16,0,0.00,0.0,0,ok,rzc262680515vl.001.h5,2026-10-06T07:15:27Z
2026-09-25T05:10:00Z,cepina,0.00,0.000,16,0,0.00,0.0,0,ok,rzc262680510vl.001.h5,2026-10-06T07:15:27Z
2026-09-25T05:05:00Z,cepina,0.00,0.000,16,0,0.00,0.0,0,ok,rzc262680505vl.001.h5,2026-10-06T07:15:27Z
2026-09-25T05:00:00Z,cepina,0.00,0.000,16,0,0.00,0.0,0,ok,rzc262680500vl.001.h5,2026-10-06T07:15:27Z
2026-09-25T04:55:00Z,cepina,0.00,0.000,16,0,0.00,0.0,0,ok,rzc262680455vl.001.h5,2026-10-06T07:15:27Z
2026-09-25T04:50:00Z,cepina,0.00,0.000,16,0,0.00,0.0,0,ok,rzc262680450vl.001.h5,2026-10-06T07:15:27Z
2026-09-25T04:45:00Z,cepina,0.00,0.000,16,0,0.00,0.0,0,ok,rzc262680445vl.001.h5,2026-10-06T07:15:27Z
2026-09-25T04:40:00Z,cepina,0.00,0.000,16,0,0.00,0.0,0,ok,rzc262680440vl.001.h5,2026-10-06T07:15:27Z
2026-09-25T04:35:00Z,cepina,0.00,0.000,16,0,0.00,0.0,0,ok,rzc262680435vl.001.h5,2026-10-06T07:15:27Z
2026-09-25T04:30:00Z,cepina,0.00,0.000,16,0,0.00,0.0,0,ok,rzc262680430vl.001.h5,2026-10-06T07:15:27Z
2026-09-25T04:25:00Z,cepina,0.00,0.000,16,0,0.00,0.0,0,ok,rzc262680425vl.001.h5,2026-10-06T07:15:27Z
2026-09-25T04:20:00Z,cepina,0.00,0.000,16,0,0.00,0.0,0,ok,rzc262680420vl.001.h5,2026-10-06T07:15:27Z
2026-09-25T04:15:00Z,cepina,0.00,0.000,16,0,0.01,0.0,0,ok,rzc262680415vl.001.h5,2026-10-06T07:15:27Z
2026-09-25T04:10:00Z,cepina,0.00,0.000,16,0,0.00,0.0,0,ok,rzc262680410vl.001.h5,2026-10-06T07:15:27Z
2026-09-25T04:05:00Z,cepina,0.00,0.000,16,0,0.00,0.0,0,ok,rzc262680405vl.001.h5,2026-10-06T07:15:27Z
2026-09-25T04:00:00Z,cepina,0.00,0.000,16,0,0.01,0.0,0,ok,rzc262680400vl.001.h5,2026-10-06T07:15:27Z
2026-09-25T03:55:00Z,cepina,0.00,0.000,16,0,0.00,0.0,0,ok,rzc262680355vl.001.h5,2026-10-06T07:15:27Z
2026-09-25T03:50:00Z,cepina,0.00,0.000,16,0,0.00,0.0,0,ok,rzc262680350vl.001.h5,2026-10-06T07:15:27Z
2026-09-25T03:45:00Z,cepina,0.00,0.000,16,0,0.00,0.0,0,ok,rzc262680345vl.001.h5,2026-10-06T07:15:27Z
2026-09-25T03:40:00Z,cepina,0.00,0.000,16,0,0.00,0.0,0,ok,rzc262680340vl.001.h5,2026-10-06T07:15:27Z
2026-09-25T03:35:00Z,cepina,0.00,0.000,16,0,0.00,0.0,0,ok,rzc262680335vl.001.h5,2026-10-06T07:15:27Z
2026-09-25T03:30:00Z,cepina,0.00,0.000,16,0,0.00,0.0,0,ok,rzc262680330vl.001.h5,2026-10-06T07:15:27Z
2026-09-25T03:25:00Z,cepina,0.00,0.000,16,0,0.00,0.0,0,ok,rzc262680325vl.001.h5,2026-10-06T07:15:27Z
2026-09-25T03:20:00Z,cepina,0.00,0.000,16,0,0.00,0.0,0,ok,rzc262680320vl.001.h5,2026-10-06T07:15:27Z
2026-09-25T03:15:00Z,cepina,0.00,0.000,16,0,0.00,0.0,0,ok,rzc262680315vl.001.h5,2026-10-06T07:15:27Z
2026-09-25T03:10:00Z,cepina,0.00,0.000,16,0,0.00,0.0,0,ok,rzc262680310vl.001.h5,2026-10-06T07:15:27Z
2026-09-25T03:05:00Z,cepina,0.00,0.000,16,0,0.00,0.0,0,ok,rzc262680305vl.001.h5,2026-10-06T07:15:27Z
2026-09-25T03:00:00Z,cepina,0.00,0.000,16,0,0.00,0.0,0,ok,rzc262680300vl.001.h5,2026-10-06T07:15:27Z
2026-09-25T02:55:00Z,cepina,0.00,0.000,16,0,0.00,0.0,0,ok,rzc262680255vl.001.h5,2026-10-06T07:15:27Z
2026-09-25T02:50:00Z,cepina,0.00,0.000,16,0,0.00,0.0,0,ok,rzc262680250vl.001.h5,2026-10-06T07:15:27Z
2026-09-25T02:45:00Z,cepina,0.00,0.000,16,0,0.00,0.0,0,ok,rzc262680245vl.001.h5,2026-10-06T07:15:27Z
2026-09-25T02:40:00Z,cepina,0.00,0.000,16,0,0.00,0.0,0,ok,rzc262680240vl.001.h5,2026-10-06T07:15:27Z
2026-09-25T02:35:00Z,cepina,0.00,0.000,16,0,0.00,0.0,0,ok,rzc262680235vl.001.h5,2026-10-06T07:15:27Z
2026-09-25T02:30:00Z,cepina,0.00,0.000,16,0,0.00,0.0,0,ok,rzc262680230vl.001.h5,2026-10-06T07:15:27Z
2026-09-25T02:25:00Z,cepina,0.00,0.000,16,0,0.00,0.0,0,ok,rzc262680225vl.001.h5,2026-10-06T07:15:27Z
2026-09-25T02:20:00Z,cepina,0.00,0.000,16,0,0.00,0.0,0,ok,rzc262680220vl.001.h5,2026-10-06T07:15:27Z
2026-09-25T02:15:00Z,cepina,0.00,0.000,16,0,0.00,0.0,0,ok,rzc262680215vl.001.h5,2026-10-06T07:15:27Z
2026-09-25T02:10:00Z,cepina,0.00,0.000,16,0,0.00,0.0,0,ok,rzc262680210vl.001.h5,2026-10-06T07:15:27Z
2026-09-25T02:05:00Z,cepina,0.00,0.000,16,0,0.00,0.0,0,ok,rzc262680205vl.001.h5,2026-10-06T07:15:27Z
2026-09-25T02:00:00Z,cepina,0.00,0.000,16,0,0.00,0.0,0,ok,rzc262680200vl.001.h5,2026-10-06T07:15:27Z
2026-09-25T01:55:00Z,cepina,0.00,0.000,16,0,0.00,0.0,0,ok,rzc262680155vl.001.h5,2026-10-06T07:15:27Z
2026-09-25T01:50:00Z,cepina,0.00,0.000,16,0,0.00,0.0,0,ok,rzc262680150vl.001.h5,2026-10-06T07:15:27Z
2026-09-25T01:45:00Z,cepina,0.00,0.000,16,0,0.00,0.0,0,ok,rzc262680145vl.001.h5,2026-10-06T07:15:27Z
2026-09-25T01:40:00Z,cepina,0.00,0.000,16,0,0.00,0.0,0,ok,rzc262680140vl.001.h5,2026-10-06T07:15:27Z
2026-09-25T01:35:00Z,cepina,0.00,0.000,16,0,0.00,0.0,0,ok,rzc262680135vl.001.h5,2026-10-06T07:15:27Z
2026-09-25T01:30:00Z,cepina,0.00,0.000,16,0,0.00,0.0,0,ok,rzc262680130vl.001.h5,2026-10-06T07:15:27Z
2026-09-25T01:25:00Z,cepina,0.00,0.000,16,0,0.00,0.0,0,ok,rzc262680125vl.001.h5,2026-10-06T07:15:27Z
2026-09-25T01:20:00Z,cepina,0.00,0.000,16,0,0.00,0.0,0,ok,rzc262680120vl.001.h5,2026-10-06T07:15:27Z
2026-09-25T01:15:00Z,cepina,0.00,0.000,16,0,0.00,0.0,0,ok,rzc262680115vl.001.h5,2026-10-06T07:15:27Z
2026-09-25T01:10:00Z,cepina,0.00,0.000,16,0,0.00,0.0,0,ok,rzc262680110vl.001.h5,2026-10-06T07:15:27Z
2026-09-25T01:05:00Z,cepina,0.00,0.000,16,0,0.00,0.0,0,ok,rzc262680105vl.001.h5,2026-10-06T07:15:27Z
2026-09-25T01:00:00Z,cepina,0.00,0.000,16,0,0.00,0.0,0,ok,rzc262680100vl.001.h5,2026-10-06T07:15:27Z
2026-09-25T00:55:00Z,cepina,0.00,0.000,16,0,0.00,0.0,0,ok,rzc262680055vl.001.h5,2026-10-06T07:15:27Z
2026-09-25T00:50:00Z,cepina,0.00,0.000,16,0,0.00,0.0,0,ok,rzc262680050vl.001.h5,2026-10-06T07:15:27Z
2026-09-25T00:45:00Z,cepina,0.00,0.000,16,0,0.00,0.0,0,ok,rzc262680045vl.001.h5,2026-10-06T07:15:27Z
2026-09-25T00:40:00Z,cepina,0.00,0.000,16,0,0.00,0.0,0,ok,rzc262680040vl.001.h5,2026-10-06T07:15:27Z
2026-09-25T00:35:00Z,cepina,0.00,0.000,16,0,0.00,0.0,0,ok,rzc262680035vl.001.h5,2026-10-06T07:15:27Z
2026-09-25T00:30:00Z,cepina,0.00,0.000,16,0,0.00,0.0,0,ok,rzc262680030vl.001.h5,2026-10-06T07:15:27Z
2026-09-25T00:25:00Z,cepina,0.00,0.000,16,0,0.00,0.0,0,ok,rzc262680025vl.001.h5,2026-10-06T07:15:27Z
2026-09-25T00:20:00Z,cepina,0.00,0.000,16,0,0.00,0.0,0,ok,rzc262680020vl.001.h5,2026-10-06T07:15:27Z
2026-09-25T00:15:00Z,cepina,0.00,0.000,16,0,0.00,0.0,0,ok,rzc262680015vl.001.h5,2026-10-06T07:15:27Z
2026-09-25T00:10:00Z,cepina,0.00,0.000,16,0,0.00,0.0,0,ok,rzc262680010vl.001.h5,2026-10-06T07:15:27Z
2026-09-25T00:05:00Z,cepina,0.00,0.000,16,0,0.00,0.0,0,ok,rzc262680005vl.001.h5,2026-10-06T07:15:27Z
2026-09-25T00:00:00Z,cepina,0.00,0.000,16,0,0.00,0.0,0,ok,rzc262680000vl.001.h5,2026-10-06T07:15:27Z
2026-09-24T23:55:00Z,cepina,0.00,0.000,16,0,0.00,0.0,0,ok,rzc262672355vl.001.h5,2026-10-06T07:15:27Z
2026-09-24T23:50:00Z,cepina,0.00,0.000,16,0,0.00,0.0,0,ok,rzc262672350vl.001.h5,2026-10-06T07:15:27Z
2026-09-24T23:45:00Z,cepina,0.00,0.000,16,0,0.00,0.0,0,ok,rzc262672345vl.001.h5,2026-10-06T07:15:27Z
2026-09-24T23:40:00Z,cepina,0.00,0.000,16,0,0.00,0.0,0,ok,rzc262672340vl.001.h5,2026-10-06T07:15:27Z
2026-09-24T23:35:00Z,cepina,0.00,0.000,16,0,0.00,0.0,0,ok,rzc262672335vl.001.h5,2026-10-06T07:15:27Z
2026-09-24T23:30:00Z,cepina,0.00,0.000,16,0,0.00,0.0,0,ok,rzc262672330vl.001.h5,2026-10-06T07:15:27Z
2026-09-24T23:25:00Z,cepina,0.00,0.000,16,0,0.00,0.0,0,ok,rzc262672325vl.001.h5,2026-10-06T07:15:27Z
2026-09-24T23:20:00Z,cepina,0.00,0.000,16,0,0.00,0.0,0,ok,rzc262672320vl.001.h5,2026-10-06T07:15:27Z
2026-09-24T23:15:00Z,cepina,0.00,0.000,16,0,0.00,0.0,0,ok,rzc262672315vl.001.h5,2026-10-06T07:15:27Z
2026-09-24T23:10:00Z,cepina,0.00,0.000,16,0,0.00,0.0,0,ok,rzc262672310vl.001.h5,2026-10-06T07:15:27Z
2026-09-24T23:05:00Z,cepina,0.00,0.000,16,0,0.00,0.0,0,ok,rzc262672305vl.001.h5,2026-10-06T07:15:27Z
2026-09-24T23:00:00Z,cepina,0.00,0.000,16,0,0.00,0.0,0,ok,rzc262672300vl.001.h5,2026-10-06T07:15:27Z
2026-09-24T22:55:00Z,cepina,0.00,0.000,16,0,0.00,0.0,0,ok,rzc262672255vl.001.h5,2026-10-06T07:15:27Z
2026-09-24T22:50:00Z,cepina,0.00,0.000,16,0,0.00,0.0,0,ok,rzc262672250vl.001.h5,2026-10-06T07:15:27Z
2026-09-24T22:45:00Z,cepina,0.00,0.000,16,0,0.00,0.0,0,ok,rzc262672245vl.001.h5,2026-10-06T07:15:27Z
2026-09-24T22:40:00Z,cepina,0.00,0.000,16,0,0.00,0.0,0,ok,rzc262672240vl.001.h5,2026-10-06T07:15:27Z
2026-09-24T22:35:00Z,cepina,0.00,0.000,16,0,0.00,0.0,0,ok,rzc262672235vl.001.h5,2026-10-06T07:15:27Z
2026-09-24T22:30:00Z,cepina,0.00,0.000,16,0,0.00,0.0,0,ok,rzc262672230vl.001.h5,2026-10-06T07:15:27Z
2026-09-24T22:25:00Z,cepina,0.00,0.000,16,0,0.00,0.0,0,ok,rzc262672225vl.001.h5,2026-10-06T07:15:27Z
2026-09-24T22:20:00Z,cepina,0.00,0.000,16,0,0.00,0.0,0,ok,rzc262672220vl.001.h5,2026-10-06T07:15:27Z
2026-09-24T22:15:00Z,cepina,0.00,0.000,16,0,0.00,0.0,0,ok,rzc262672215vl.001.h5,2026-10-06T07:15:27Z
2026-09-24T22:10:00Z,cepina,0.00,0.000,16,0,0.00,0.0,0,ok,rzc262672210vl.001.h5,2026-10-06T07:15:27Z
2026-09-24T22:05:00Z,cepina,0.00,0.000,16,0,0.00,0.0,0,ok,rzc262672205vl.001.h5,2026-10-06T07:15:27Z
2026-09-24T22:00:00Z,cepina,0.00,0.000,16,0,0.00,0.0,0,ok,rzc262672200vl.001.h5,2026-10-06T07:15:27Z
2026-09-24T21:55:00Z,cepina,0.00,0.000,16,0,0.00,0.0,0,ok,rzc262672155vl.001.h5,2026-10-06T07:15:27Z
2026-09-24T21:50:00Z,cepina,0.00,0.000,16,0,0.00,0.0,0,ok,rzc262672150vl.001.h5,2026-10-06T07:15:27Z
2026-09-24T21:45:00Z,cepina,0.00,0.000,16,0,0.00,0.0,0,ok,rzc262672145vl.001.h5,2026-10-06T07:15:27Z
2026-09-24T21:40:00Z,cepina,0.00,0.000,16,0,0.00,0.0,0,ok,rzc262672140vl.001.h5,2026-10-06T07:15:27Z
2026-09-24T21:35:00Z,cepina,0.00,0.000,16,0,0.00,0.0,0,ok,rzc262672135vl.001.h5,2026-10-06T07:15:27Z
2026-09-24T21:30:00Z,cepina,0.00,0.000,16,0,0.00,0.0,0,ok,rzc262672130vl.001.h5,2026-10-06T07:15:27Z
2026-09-24T21:25:00Z,cepina,0.00,0.000,16,0,0.00,0.0,0,ok,rzc262672125vl.001.h5,2026-10-06T07:15:27Z
2026-09-24T21:20:00Z,cepina,0.00,0.000,16,0,0.00,0.0,0,ok,rzc262672120vl.001.h5,2026-10-06T07:15:27Z
2026-09-24T21:15:00Z,cepina,0.00,0.000,16,0,0.00,0.0,0,ok,rzc262672115vl.001.h5,2026-10-06T07:15:27Z
2026-09-24T21:10:00Z,cepina,0.00,0.000,16,0,0.00,0.0,0,ok,rzc262672110vl.001.h5,2026-10-06T07:15:27Z
2026-09-24T21:05:00Z,cepina,0.00,0.000,16,0,0.00,0.0,0,ok,rzc262672105vl.001.h5,2026-10-06T07:15:27Z
2026-09-24T21:00:00Z,cepina,0.00,0.000,16,0,0.00,0.0,0,ok,rzc262672100vl.001.h5,2026-10-06T07:15:27Z
2026-09-24T20:55:00Z,cepina,0.00,0.000,16,0,0.00,0.0,0,ok,rzc262672055vl.001.h5,2026-10-06T07:15:27Z
2026-09-24T20:50:00Z,cepina,0.00,0.000,16,0,0.00,0.0,0,ok,rzc262672050vl.001.h5,2026-10-06T07:15:27Z
2026-09-24T20:45:00Z,cepina,0.00,0.000,16,0,0.00,0.0,0,ok,rzc262672045vl.001.h5,2026-10-06T07:15:27Z
2026-09-24T20:40:00Z,cepina,0.00,0.000,16,0,0.00,0.0,0,ok,rzc262672040vl.001.h5,2026-10-06T07:15:27Z
2026-09-24T20:35:00Z,cepina,0.00,0.000,16,0,0.00,0.0,0,ok,rzc262672035vl.001.h5,2026-10-06T07:15:27Z
2026-09-24T20:30:00Z,cepina,0.00,0.000,16,0,0.00,0.0,0,ok,rzc262672030vl.001.h5,2026-10-06T07:15:27Z
2026-09-24T20:25:00Z,cepina,0.00,0.000,16,0,0.00,0.0,0,ok,rzc262672025vl.001.h5,2026-10-06T07:15:27Z
2026-09-24T20:20:00Z,cepina,0.00,0.000,16,0,0.00,0.0,0,ok,rzc262672020vl.001.h5,2026-10-06T07:15:27Z
2026-09-24T20:15:00Z,cepina,0.00,0.000,16,0,0.00,0.0,0,ok,rzc262672015vl.001.h5,2026-10-06T07:15:27Z
2026-09-24T20:10:00Z,cepina,0.00,0.000,16,0,0.00,0.0,0,ok,rzc262672010vl.001.h5,2026-10-06T07:15:27Z
2026-09-24T20:05:00Z,cepina,0.00,0.000,16,0,0.00,0.0,0,ok,rzc262672005vl.001.h5,2026-10-06T07:15:27Z
2026-09-24T20:00:00Z,cepina,0.00,0.000,16,0,0.00,0.0,0,ok,rzc262672000vl.001.h5,2026-10-06T07:15:27Z
2026-09-24T19:55:00Z,cepina,0.00,0.000,16,0,0.00,0.0,0,ok,rzc262671955vl.001.h5,2026-10-06T07:15:27Z
2026-09-24T19:50:00Z,cepina,0.00,0.000,16,0,0.01,0.0,0,ok,rzc262671950vl.001.h5,2026-10-06T07:15:27Z
2026-09-24T19:45:00Z,cepina,0.00,0.000,16,0,0.00,0.0,0,ok,rzc262671945vl.001.h5,2026-10-06T07:15:27Z
2026-09-24T19:40:00Z,cepina,0.00,0.000,16,0,0.00,0.0,0,ok,rzc262671940vl.001.h5,2026-10-06T07:15:27Z
2026-09-24T19:35:00Z,cepina,0.00,0.000,16,0,0.00,0.0,0,ok,rzc262671935vl.001.h5,2026-10-06T07:15:27Z
2026-09-24T19:30:00Z,cepina,0.00,0.000,16,0,0.00,0.0,0,ok,rzc262671930vl.001.h5,2026-10-06T07:15:27Z
2026-09-24T19:25:00Z,cepina,0.00,0.000,16,0,0.00,0.0,0,ok,rzc262671925vl.001.h5,2026-10-06T07:15:27Z
2026-09-24T19:20:00Z,cepina,0.00,0.000,16,0,0.00,0.0,0,ok,rzc262671920vl.001.h5,2026-10-06T07:15:27Z
2026-09-24T19:15:00Z,cepina,0.00,0.000,16,0,0.00,0.0,0,ok,rzc262671915vl.001.h5,2026-10-06T07:15:27Z
2026-09-24T19:10:00Z,cepina,0.00,0.000,16,0,0.00,0.0,0,ok,rzc262671910vl.001.h5,2026-10-06T07:15:27Z
2026-09-24T19:05:00Z,cepina,0.00,0.000,16,0,0.00,0.0,0,ok,rzc262671905vl.001.h5,2026-10-06T07:15:27Z
2026-09-24T19:00:00Z,cepina,0.00,0.000,16,0,0.00,0.0,0,ok,rzc262671900vl.001.h5,2026-10-06T07:15:27Z
2026-09-24T18:55:00Z,cepina,0.00,0.000,16,0,0.00,0.0,0,ok,rzc262671855vl.001.h5,2026-10-06T07:15:27Z
2026-09-24T18:50:00Z,cepina,0.00,0.000,16,0,0.00,0.0,0,ok,rzc262671850vl.001.h5,2026-10-06T07:15:27Z
2026-09-24T18:45:00Z,cepina,0.00,0.000,16,0,0.01,0.0,0,ok,rzc262671845vl.001.h5,2026-10-06T07:15:27Z
2026-09-24T18:40:00Z,cepina,0.00,0.000,16,0,0.00,0.0,0,ok,rzc262671840vl.001.h5,2026-10-06T07:15:27Z
2026-09-24T18:35:00Z,cepina,0.00,0.000,16,0,0.00,0.0,0,ok,rzc262671835vl.001.h5,2026-10-06T07:15:27Z
2026-09-24T18:30:00Z,cepina,0.00,0.000,16,0,0.00,0.0,0,ok,rzc262671830vl.001.h5,2026-10-06T07:15:27Z
2026-09-24T18:25:00Z,cepina,0.00,0.000,16,0,0.00,0.0,0,ok,rzc262671825vl.001.h5,2026-10-06T07:15:27Z
2026-09-24T18:20:00Z,cepina,0.00,0.000,16,0,0.00,0.0,0,ok,rzc262671820vl.001.h5,2026-10-06T07:15:27Z
2026-09-24T18:15:00Z,cepina,0.00,0.000,16,0,0.10,0.0,0,ok,rzc262671815vl.001.h5,2026-10-06T07:15:27Z
2026-09-24T18:10:00Z,cepina,0.00,0.000,16,0,0.23,0.0,0,ok,rzc262671810vl.001.h5,2026-10-06T07:15:27Z
2026-09-24T18:05:00Z,cepina,0.01,0.001,16,0,0.55,0.0,0,ok,rzc262671805vl.001.h5,2026-10-06T07:15:27Z
2026-09-24T18:00:00Z,cepina,0.13,0.068,16,0,0.55,0.0,0,ok,rzc262671800vl.001.h5,2026-10-06T07:15:27Z
2026-09-24T17:55:00Z,cepina,0.44,0.234,16,0,0.90,0.0,0,ok,rzc262671755vl.001.h5,2026-10-06T07:15:27Z
2026-09-24T17:50:00Z,cepina,0.54,0.418,16,0,0.95,0.0,0,ok,rzc262671750vl.001.h5,2026-10-06T07:15:27Z
2026-09-24T17:45:00Z,cepina,0.50,0.295,16,0,0.98,0.0,0,ok,rzc262671745vl.001.h5,2026-10-06T07:15:27Z
2026-09-24T17:40:00Z,cepina,0.28,0.151,16,0,0.89,0.0,0,ok,rzc262671740vl.001.h5,2026-10-06T07:15:27Z
2026-09-24T17:35:00Z,cepina,0.25,0.132,16,0,0.81,0.0,0,ok,rzc262671735vl.001.h5,2026-10-06T07:15:27Z
2026-09-24T17:30:00Z,cepina,0.15,0.061,16,0,0.47,0.0,0,ok,rzc262671730vl.001.h5,2026-10-06T07:15:27Z
2026-09-24T17:25:00Z,cepina,0.02,0.020,16,0,0.33,0.0,0,ok,rzc262671725vl.001.h5,2026-10-06T07:15:27Z
2026-09-24T17:20:00Z,cepina,0.01,0.001,16,0,0.19,0.0,0,ok,rzc262671720vl.001.h5,2026-10-06T07:15:27Z
2026-09-24T17:15:00Z,cepina,0.00,0.000,16,0,0.15,0.0,0,ok,rzc262671715vl.001.h5,2026-10-06T07:15:27Z
2026-09-24T17:10:00Z,cepina,0.00,0.000,16,0,0.18,0.0,0,ok,rzc262671710vl.001.h5,2026-10-06T07:15:27Z
2026-09-24T17:05:00Z,cepina,0.02,0.002,16,0,0.10,0.0,0,ok,rzc262671705vl.001.h5,2026-10-06T07:15:27Z
2026-09-24T17:00:00Z,cepina,0.03,0.009,16,0,0.11,0.0,0,ok,rzc262671700vl.001.h5,2026-10-06T07:15:27Z
2026-09-24T16:55:00Z,cepina,0.10,0.025,16,0,0.24,0.0,0,ok,rzc262671655vl.001.h5,2026-10-06T07:15:27Z
2026-09-24T16:50:00Z,cepina,0.10,0.018,16,0,0.26,0.0,0,ok,rzc262671650vl.001.h5,2026-10-06T07:15:27Z
2026-09-24T16:45:00Z,cepina,0.15,0.043,16,0,0.34,0.0,0,ok,rzc262671645vl.001.h5,2026-10-06T07:15:27Z
2026-09-24T16:40:00Z,cepina,0.01,0.003,16,0,0.14,0.0,0,ok,rzc262671640vl.001.h5,2026-10-06T07:15:27Z
2026-09-24T16:35:00Z,cepina,0.00,0.000,16,0,0.13,0.0,0,ok,rzc262671635vl.001.h5,2026-10-06T07:15:27Z
2026-09-24T16:30:00Z,cepina,0.12,0.029,16,0,0.16,0.0,0,ok,rzc262671630vl.001.h5,2026-10-06T07:15:27Z
2026-09-24T16:25:00Z,cepina,0.03,0.018,16,0,0.20,0.0,0,ok,rzc262671625vl.001.h5,2026-10-06T07:15:27Z
2026-09-24T16:20:00Z,cepina,0.18,0.111,16,0,0.38,0.0,0,ok,rzc262671620vl.001.h5,2026-10-06T07:15:27Z
2026-09-24T16:15:00Z,cepina,0.24,0.120,16,0,0.38,0.0,0,ok,rzc262671615vl.001.h5,2026-10-06T07:15:27Z
2026-09-24T16:10:00Z,cepina,0.10,0.032,16,0,0.30,0.0,0,ok,rzc262671610vl.001.h5,2026-10-06T07:15:27Z
2026-09-24T16:05:00Z,cepina,0.22,0.129,16,0,0.27,0.0,0,ok,rzc262671605vl.001.h5,2026-10-06T07:15:27Z
2026-09-24T16:00:00Z,cepina,0.20,0.136,16,0,0.32,0.0,0,ok,rzc262671600vl.001.h5,2026-10-06T07:15:27Z
2026-09-24T15:55:00Z,cepina,0.17,0.053,16,0,0.27,0.0,0,ok,rzc262671555vl.001.h5,2026-10-06T07:15:27Z
2026-09-24T15:50:00Z,cepina,0.10,0.069,16,0,0.19,0.0,0,ok,rzc262671550vl.001.h5,2026-10-06T07:15:27Z
2026-09-24T15:45:00Z,cepina,0.01,0.002,16,0,0.22,0.0,0,ok,rzc262671545vl.001.h5,2026-10-06T07:15:27Z
2026-09-24T15:40:00Z,cepina,0.08,0.011,16,0,0.30,0.0,0,ok,rzc262671540vl.001.h5,2026-10-06T07:15:27Z
2026-09-24T15:35:00Z,cepina,0.27,0.118,16,0,0.27,0.0,0,ok,rzc262671535vl.001.h5,2026-10-06T07:15:27Z
2026-09-24T15:30:00Z,cepina,0.01,0.001,16,0,0.29,0.0,0,ok,rzc262671530vl.001.h5,2026-10-06T07:15:27Z
2026-09-24T15:25:00Z,cepina,0.10,0.008,16,0,0.24,0.0,0,ok,rzc262671525vl.001.h5,2026-10-06T07:15:27Z
2026-09-24T15:20:00Z,cepina,0.00,0.000,16,0,0.25,0.0,0,ok,rzc262671520vl.001.h5,2026-10-06T07:15:27Z
2026-09-24T15:15:00Z,cepina,0.00,0.000,16,0,0.43,0.0,0,ok,rzc262671515vl.001.h5,2026-10-06T07:15:27Z
2026-09-24T15:10:00Z,cepina,0.00,0.000,16,0,0.32,0.0,0,ok,rzc262671510vl.001.h5,2026-10-06T07:15:27Z
2026-09-24T15:05:00Z,cepina,0.14,0.056,16,0,0.30,0.0,0,ok,rzc262671505vl.001.h5,2026-10-06T07:15:27Z
2026-09-24T15:00:00Z,cepina,0.20,0.093,16,0,0.28,0.0,0,ok,rzc262671500vl.001.h5,2026-10-06T07:15:27Z
2026-09-24T14:55:00Z,cepina,0.13,0.048,16,0,0.18,0.0,0,ok,rzc262671455vl.001.h5,2026-10-06T07:15:27Z
2026-09-24T14:50:00Z,cepina,0.03,0.012,16,0,0.14,0.0,0,ok,rzc262671450vl.001.h5,2026-10-06T07:15:27Z
2026-09-24T14:45:00Z,cepina,0.01,0.004,16,0,0.10,0.0,0,ok,rzc262671445vl.001.h5,2026-10-06T07:15:27Z
2026-09-24T14:40:00Z,cepina,0.03,0.019,16,0,0.13,0.0,0,ok,rzc262671440vl.001.h5,2026-10-06T07:15:27Z
2026-09-24T14:35:00Z,cepina,0.10,0.046,16,0,0.15,0.0,0,ok,rzc262671435vl.001.h5,2026-10-06T07:15:27Z
2026-09-24T14:30:00Z,cepina,0.10,0.039,16,0,0.17,0.0,0,ok,rzc262671430vl.001.h5,2026-10-06T07:15:27Z
2026-09-24T14:25:00Z,cepina,0.01,0.001,16,0,0.16,0.0,0,ok,rzc262671425vl.001.h5,2026-10-06T07:15:27Z
2026-09-24T14:20:00Z,cepina,0.00,0.000,16,0,0.03,0.0,0,ok,rzc262671420vl.001.h5,2026-10-06T07:15:27Z
2026-09-24T14:15:00Z,cepina,0.00,0.000,16,0,0.01,0.0,0,ok,rzc262671415vl.001.h5,2026-10-06T07:15:27Z
2026-09-24T14:10:00Z,cepina,0.00,0.000,16,0,0.00,0.0,0,ok,rzc262671410vl.001.h5,2026-10-06T07:15:27Z
2026-09-24T14:05:00Z,cepina,0.00,0.000,16,0,0.00,0.0,0,ok,rzc262671405vl.001.h5,2026-10-06T07:15:27Z
2026-09-24T14:00:00Z,cepina,0.00,0.000,16,0,0.00,0.0,0,ok,rzc262671400vl.001.h5,2026-10-06T07:15:27Z
2026-09-24T13:55:00Z,cepina,0.00,0.000,16,0,0.00,0.0,0,ok,rzc262671355vl.001.h5,2026-10-06T07:15:27Z
2026-09-24T13:50:00Z,cepina,0.00,0.000,16,0,0.00,0.0,0,ok,rzc262671350vl.001.h5,2026-10-06T07:15:27Z
2026-09-24T13:45:00Z,cepina,0.00,0.000,16,0,0.00,0.0,0,ok,rzc262671345vl.001.h5,2026-10-06T07:15:27Z
2026-09-24T13:40:00Z,cepina,0.00,0.000,16,0,0.00,0.0,0,ok,rzc262671340vl.001.h5,2026-10-06T07:15:27Z
2026-09-24T13:35:00Z,cepina,0.00,0.000,16,0,0.00,0.0,0,ok,rzc262671335vl.001.h5,2026-10-06T07:15:27Z
2026-09-24T13:30:00Z,cepina,0.00,0.000,16,0,0.00,0.0,0,ok,rzc262671330vl.001.h5,2026-10-06T07:15:27Z
2026-09-24T13:25:00Z,cepina,0.00,0.000,16,0,0.00,0.0,0,ok,rzc262671325vl.001.h5,2026-10-06T07:15:27Z
2026-09-24T13:20:00Z,cepina,0.00,0.000,16,0,0.00,0.0,0,ok,rzc262671320vl.001.h5,2026-10-06T07:15:27Z
2026-09-24T13:15:00Z,cepina,0.00,0.000,16,0,0.00,0.0,0,ok,rzc262671315vl.001.h5,2026-10-06T07:15:27Z
2026-09-24T13:10:00Z,cepina,0.00,0.000,16,0,0.00,0.0,0,ok,rzc262671310vl.001.h5,2026-10-06T07:15:27Z
2026-09-24T13:05:00Z,cepina,0.00,0.000,16,0,0.00,0.0,0,ok,rzc262671305vl.001.h5,2026-10-06T07:15:27Z
2026-09-24T13:00:00Z,cepina,0.00,0.000,16,0,0.00,0.0,0,ok,rzc262671300vl.001.h5,2026-10-06T07:15:27Z
2026-09-24T12:55:00Z,cepina,0.00,0.000,16,0,0.00,0.0,0,ok,rzc262671255vl.001.h5,2026-10-06T07:15:27Z
2026-09-24T12:50:00Z,cepina,0.00,0.000,16,0,0.00,0.0,0,ok,rzc262671250vl.001.h5,2026-10-06T07:15:27Z
2026-09-24T12:45:00Z,cepina,0.00,0.000,16,0,0.00,0.0,0,ok,rzc262671245vl.001.h5,2026-10-06T07:15:27Z
2026-09-24T12:40:00Z,cepina,0.00,0.000,16,0,0.00,0.0,0,ok,rzc262671240vl.001.h5,2026-10-06T07:15:27Z
2026-09-24T12:35:00Z,cepina,0.00,0.000,16,0,0.00,0.0,0,ok,rzc262671235vl.001.h5,2026-10-06T07:15:27Z
2026-09-24T12:30:00Z,cepina,0.00,0.000,16,0,0.00,0.0,0,ok,rzc262671230vl.001.h5,2026-10-06T07:15:27Z
2026-09-24T12:25:00Z,cepina,0.00,0.000,16,0,0.00,0.0,0,ok,rzc262671225vl.001.h5,2026-10-06T07:15:27Z
2026-09-24T12:20:00Z,cepina,0.00,0.000,16,0,0.00,0.0,0,ok,rzc262671220vl.001.h5,2026-10-06T07:15:27Z
2026-09-24T12:15:00Z,cepina,0.00,0.000,16,0,0.00,0.0,0,ok,rzc262671215vl.001.h5,2026-10-06T07:15:27Z
2026-09-24T12:10:00Z,cepina,0.00,0.000,16,0,0.00,0.0,0,ok,rzc262671210vl.001.h5,2026-10-06T07:15:27Z
2026-09-24T12:05:00Z,cepina,0.00,0.000,16,0,0.00,0.0,0,ok,rzc262671205vl.001.h5,2026-10-06T07:15:27Z
2026-09-24T12:00:00Z,cepina,0.00,0.000,16,0,0.00,0.0,0,ok,rzc262671200vl.001.h5,2026-10-06T07:15:27Z
2026-09-24T11:55:00Z,cepina,0.00,0.000,16,0,0.00,0.0,0,ok,rzc262671155vl.001.h5,2026-10-06T07:15:27Z
2026-09-24T11:50:00Z,cepina,0.00,0.000,16,0,0.00,0.0,0,ok,rzc262671150vl.001.h5,2026-10-06T07:15:27Z
2026-09-24T11:45:00Z,cepina,0.00,0.000,16,0,0.00,0.0,0,ok,rzc262671145vl.001.h5,2026-10-06T07:15:27Z
2026-09-24T11:40:00Z,cepina,0.00,0.000,16,0,0.00,0.0,0,ok,rzc262671140vl.001.h5,2026-10-06T07:15:27Z
2026-09-24T11:35:00Z,cepina,0.00,0.000,16,0,0.00,0.0,0,ok,rzc262671135vl.001.h5,2026-10-06T07:15:27Z
2026-09-24T11:30:00Z,cepina,0.00,0.000,16,0,0.00,0.0,0,ok,rzc262671130vl.001.h5,2026-10-06T07:15:27Z
2026-09-24T11:25:00Z,cepina,0.00,0.000,16,0,0.00,0.0,0,ok,rzc262671125vl.001.h5,2026-10-06T07:15:27Z
2026-09-24T11:20:00Z,cepina,0.00,0.000,16,0,0.00,0.0,0,ok,rzc262671120vl.001.h5,2026-10-06T07:15:27Z
2026-09-24T11:15:00Z,cepina,0.00,0.000,16,0,0.00,0.0,0,ok,rzc262671115vl.001.h5,2026-10-06T07:15:27Z
2026-09-24T11:10:00Z,cepina,0.00,0.000,16,0,0.00,0.0,0,ok,rzc262671110vl.001.h5,2026-10-06T07:15:27Z
2026-09-24T11:05:00Z,cepina,0.00,0.000,16,0,0.00,0.0,0,ok,rzc262671105vl.001.h5,2026-10-06T07:15:27Z
2026-09-24T11:00:00Z,cepina,0.00,0.000,16,0,0.00,0.0,0,ok,rzc262671100vl.001.h5,2026-10-06T07:15:27Z
2026-09-24T10:55:00Z,cepina,0.00,0.000,16,0,0.00,0.0,0,ok,rzc262671055vl.001.h5,2026-10-06T07:15:27Z
2026-09-24T10:50:00Z,cepina,0.00,0.000,16,0,0.00,0.0,0,ok,rzc262671050vl.001.h5,2026-10-06T07:15:27Z
2026-09-24T10:45:00Z,cepina,0.00,0.000,16,0,0.00,0.0,0,ok,rzc262671045vl.001.h5,2026-10-06T07:15:27Z
2026-09-24T10:40:00Z,cepina,0.00,0.000,16,0,0.00,0.0,0,ok,rzc262671040vl.001.h5,2026-10-06T07:15:27Z
2026-09-24T10:35:00Z,cepina,0.00,0.000,16,0,0.00,0.0,0,ok,rzc262671035vl.001.h5,2026-10-06T07:15:27Z
2026-09-24T10:30:00Z,cepina,0.00,0.000,16,0,0.00,0.0,0,ok,rzc262671030vl.001.h5,2026-10-06T07:15:27Z
2026-09-24T10:25:00Z,cepina,0.00,0.000,16,0,0.00,0.0,0,ok,rzc262671025vl.001.h5,2026-10-06T07:15:27Z
2026-09-24T10:20:00Z,cepina,0.00,0.000,16,0,0.00,0.0,0,ok,rzc262671020vl.001.h5,2026-10-06T07:15:27Z
2026-09-24T10:15:00Z,cepina,0.00,0.000,16,0,0.00,0.0,0,ok,rzc262671015vl.001.h5,2026-10-06T07:15:27Z
2026-09-24T10:10:00Z,cepina,0.00,0.000,16,0,0.00,0.0,0,ok,rzc262671010vl.001.h5,2026-10-06T07:15:27Z
2026-09-24T10:05:00Z,cepina,0.00,0.000,16,0,0.00,0.0,0,ok,rzc262671005vl.001.h5,2026-10-06T07:15:27Z
2026-09-24T10:00:00Z,cepina,0.00,0.000,16,0,0.00,0.0,0,ok,rzc262671000vl.001.h5,2026-10-06T07:15:27Z
2026-09-24T09:55:00Z,cepina,0.00,0.000,16,0,0.00,0.0,0,ok,rzc262670955vl.001.h5,2026-10-06T07:15:27Z
2026-09-24T09:50:00Z,cepina,0.00,0.000,16,0,0.00,0.0,0,ok,rzc262670950vl.001.h5,2026-10-06T07:15:27Z
2026-09-24T09:45:00Z,cepina,0.00,0.000,16,0,0.00,0.0,0,ok,rzc262670945vl.001.h5,2026-10-06T07:15:27Z
2026-09-24T09:40:00Z,cepina,0.00,0.000,16,0,0.00,0.0,0,ok,rzc262670940vl.001.h5,2026-10-06T07:15:27Z
2026-09-24T09:35:00Z,cepina,0.00,0.000,16,0,0.00,0.0,0,ok,rzc262670935vl.001.h5,2026-10-06T07:15:27Z
2026-09-24T09:30:00Z,cepina,0.00,0.000,16,0,0.00,0.0,0,ok,rzc262670930vl.001.h5,2026-10-06T07:15:27Z
2026-09-24T09:25:00Z,cepina,0.00,0.000,16,0,0.00,0.0,0,ok,rzc262670925vl.001.h5,2026-10-06T07:15:27Z
2026-09-24T09:20:00Z,cepina,0.00,0.000,16,0,0.00,0.0,0,ok,rzc262670920vl.001.h5,2026-10-06T07:15:27Z
2026-09-24T09:15:00Z,cepina,0.00,0.000,16,0,0.00,0.0,0,ok,rzc262670915vl.001.h5,2026-10-06T07:15:27Z
2026-09-24T09:10:00Z,cepina,0.00,0.000,16,0,0.00,0.0,0,ok,rzc262670910vl.001.h5,2026-10-06T07:15:27Z
2026-09-24T09:05:00Z,cepina,0.00,0.000,16,0,0.00,0.0,0,ok,rzc262670905vl.001.h5,2026-10-06T07:15:27Z
2026-09-24T09:00:00Z,cepina,0.00,0.000,16,0,0.00,0.0,0,ok,rzc262670900vl.001.h5,2026-10-06T07:15:27Z
2026-09-24T08:55:00Z,cepina,0.00,0.000,16,0,0.00,0.0,0,ok,rzc262670855vl.001.h5,2026-10-06T07:15:27Z
2026-09-24T08:50:00Z,cepina,0.00,0.000,16,0,0.00,0.0,0,ok,rzc262670850vl.001.h5,2026-10-06T07:15:27Z
2026-09-24T08:45:00Z,cepina,0.00,0.000,16,0,0.00,0.0,0,ok,rzc262670845vl.001.h5,2026-10-06T07:15:27Z
2026-09-24T08:40:00Z,cepina,0.00,0.000,16,0,0.00,0.0,0,ok,rzc262670840vl.001.h5,2026-10-06T07:15:27Z
2026-09-24T08:35:00Z,cepina,0.00,0.000,16,0,0.00,0.0,0,ok,rzc262670835vl.001.h5,2026-10-06T07:15:27Z
2026-09-24T08:30:00Z,cepina,0.00,0.000,16,0,0.00,0.0,0,ok,rzc262670830vl.001.h5,2026-10-06T07:15:27Z
2026-09-24T08:25:00Z,cepina,0.00,0.000,16,0,0.00,0.0,0,ok,rzc262670825vl.001.h5,2026-10-06T07:15:27Z
2026-09-24T08:20:00Z,cepina,0.00,0.000,16,0,0.00,0.0,0,ok,rzc262670820vl.001.h5,2026-10-06T07:15:27Z
2026-09-24T08:15:00Z,cepina,0.00,0.000,16,0,0.00,0.0,0,ok,rzc262670815vl.001.h5,2026-10-06T07:15:27Z
2026-09-24T08:10:00Z,cepina,0.00,0.000,16,0,0.00,0.0,0,ok,rzc262670810vl.001.h5,2026-10-06T07:15:27Z
2026-09-24T08:05:00Z,cepina,0.00,0.000,16,0,0.00,0.0,0,ok,rzc262670805vl.001.h5,2026-10-06T07:15:27Z
2026-09-24T08:00:00Z,cepina,0.00,0.000,16,0,0.00,0.0,0,ok,rzc262670800vl.001.h5,2026-10-06T07:15:27Z
2026-09-24T07:55:00Z,cepina,0.00,0.000,16,0,0.00,0.0,0,ok,rzc262670755vl.001.h5,2026-10-06T07:15:27Z
2026-09-24T07:50:00Z,cepina,0.00,0.000,16,0,0.00,0.0,0,ok,rzc262670750vl.001.h5,2026-10-06T07:15:27Z
2026-09-24T07:45:00Z,cepina,0.00,0.000,16,0,0.00,0.0,0,ok,rzc262670745vl.001.h5,2026-10-06T07:15:27Z
2026-09-24T07:40:00Z,cepina,0.00,0.000,16,0,0.00,0.0,0,ok,rzc262670740vl.001.h5,2026-10-06T07:15:27Z
2026-09-24T07:35:00Z,cepina,0.00,0.000,16,0,0.00,0.0,0,ok,rzc262670735vl.001.h5,2026-10-06T07:15:27Z
2026-09-24T07:30:00Z,cepina,0.00,0.000,16,0,0.00,0.0,0,ok,rzc262670730vl.001.h5,2026-10-06T07:15:27Z
2026-09-24T07:25:00Z,cepina,0.00,0.000,16,0,0.00,0.0,0,ok,rzc262670725vl.001.h5,2026-10-06T07:15:27Z
2026-09-24T07:20:00Z,cepina,0.00,0.000,16,0,0.00,0.0,0,ok,rzc262670720vl.001.h5,2026-10-06T07:15:27Z
2026-09-24T07:15:00Z,cepina,0.00,0.000,16,0,0.00,0.0,0,ok,rzc262670715vl.001.h5,2026-10-06T07:15:27Z
2026-09-24T07:10:00Z,cepina,0.00,0.000,16,0,0.00,0.0,0,ok,rzc262670710vl.001.h5,2026-10-06T07:15:27Z
2026-09-24T07:05:00Z,cepina,0.00,0.000,16,0,0.00,0.0,0,ok,rzc262670705vl.001.h5,2026-10-06T07:15:27Z
2026-09-24T07:00:00Z,cepina,0.00,0.000,16,0,0.00,0.0,0,ok,rzc262670700vl.001.h5,2026-10-06T07:15:27Z
2026-09-24T06:55:00Z,cepina,0.00,0.000,16,0,0.00,0.0,0,ok,rzc262670655vl.001.h5,2026-10-06T07:15:27Z
2026-09-24T06:50:00Z,cepina,0.00,0.000,16,0,0.00,0.0,0,ok,rzc262670650vl.001.h5,2026-10-06T07:15:27Z
2026-09-24T06:45:00Z,cepina,0.00,0.000,16,0,0.00,0.0,0,ok,rzc262670645vl.001.h5,2026-10-06T07:15:27Z
2026-09-24T06:40:00Z,cepina,0.00,0.000,16,0,0.00,0.0,0,ok,rzc262670640vl.001.h5,2026-10-06T07:15:27Z
2026-09-24T06:35:00Z,cepina,0.00,0.000,16,0,0.00,0.0,0,ok,rzc262670635vl.001.h5,2026-10-06T07:15:27Z
2026-09-24T06:30:00Z,cepina,0.00,0.000,16,0,0.00,0.0,0,ok,rzc262670630vl.001.h5,2026-10-06T07:15:27Z
2026-09-24T06:25:00Z,cepina,0.00,0.000,16,0,0.00,0.0,0,ok,rzc262670625vl.001.h5,2026-10-06T07:15:27Z
2026-09-24T06:20:00Z,cepina,0.00,0.000,16,0,0.00,0.0,0,ok,rzc262670620vl.001.h5,2026-10-06T07:15:27Z
2026-09-24T06:15:00Z,cepina,0.00,0.000,16,0,0.00,0.0,0,ok,rzc262670615vl.001.h5,2026-10-06T07:15:27Z
2026-09-24T06:10:00Z,cepina,0.00,0.000,16,0,0.00,0.0,0,ok,rzc262670610vl.001.h5,2026-10-06T07:15:27Z
2026-09-24T06:05:00Z,cepina,0.00,0.000,16,0,0.00,0.0,0,ok,rzc262670605vl.001.h5,2026-10-06T07:15:27Z
2026-09-24T06:00:00Z,cepina,0.00,0.000,16,0,0.00,0.0,0,ok,rzc262670600vl.001.h5,2026-10-06T07:15:27Z
2026-09-24T05:55:00Z,cepina,0.00,0.000,16,0,0.00,0.0,0,ok,rzc262670555vl.001.h5,2026-10-06T07:15:27Z
2026-09-24T05:50:00Z,cepina,0.00,0.000,16,0,0.00,0.0,0,ok,rzc262670550vl.001.h5,2026-10-06T07:15:27Z
2026-09-24T05:45:00Z,cepina,0.00,0.000,16,0,0.00,0.0,0,ok,rzc262670545vl.001.h5,2026-10-06T07:15:27Z
2026-09-24T05:40:00Z,cepina,0.00,0.000,16,0,0.00,0.0,0,ok,rzc262670540vl.001.h5,2026-10-06T07:15:27Z
2026-09-24T05:35:00Z,cepina,0.00,0.000,16,0,0.00,0.0,0,ok,rzc262670535vl.001.h5,2026-10-06T07:15:27Z
2026-09-24T05:30:00Z,cepina,0.00,0.000,16,0,0.00,0.0,0,ok,rzc262670530vl.001.h5,2026-10-06T07:15:27Z
2026-09-24T05:25:00Z,cepina,0.00,0.000,16,0,0.00,0.0,0,ok,rzc262670525vl.001.h5,2026-10-06T07:15:27Z
2026-09-24T05:20:00Z,cepina,0.00,0.000,16,0,0.00,0.0,0,ok,rzc262670520vl.001.h5,2026-10-06T07:15:27Z
2026-09-24T05:15:00Z,cepina,0.00,0.000,16,0,0.00,0.0,0,ok,rzc262670515vl.001.h5,2026-10-06T07:15:27Z
2026-09-24T05:10:00Z,cepina,0.00,0.000,16,0,0.00,0.0,0,ok,rzc262670510vl.001.h5,2026-10-06T07:15:27Z
2026-09-24T05:05:00Z,cepina,0.00,0.000,16,0,0.00,0.0,0,ok,rzc262670505vl.001.h5,2026-10-06T07:15:27Z
2026-09-24T05:00:00Z,cepina,0.00,0.000,16,0,0.00,0.0,0,ok,rzc262670500vl.001.h5,2026-10-06T07:15:27Z
2026-09-24T04:55:00Z,cepina,0.00,0.000,16,0,0.00,0.0,0,ok,rzc262670455vl.001.h5,2026-10-06T07:15:27Z
2026-09-24T04:50:00Z,cepina,0.00,0.000,16,0,0.00,0.0,0,ok,rzc262670450vl.001.h5,2026-10-06T07:15:27Z
2026-09-24T04:45:00Z,cepina,0.00,0.000,16,0,0.00,0.0,0,ok,rzc262670445vl.001.h5,2026-10-06T07:15:27Z
2026-09-24T04:40:00Z,cepina,0.00,0.000,16,0,0.00,0.0,0,ok,rzc262670440vl.001.h5,2026-10-06T07:15:27Z
2026-09-24T04:35:00Z,cepina,0.00,0.000,16,0,0.00,0.0,0,ok,rzc262670435vl.001.h5,2026-10-06T07:15:27Z
2026-09-24T04:30:00Z,cepina,0.00,0.000,16,0,0.00,0.0,0,ok,rzc262670430vl.001.h5,2026-10-06T07:15:27Z
2026-09-24T04:25:00Z,cepina,0.00,0.000,16,0,0.00,0.0,0,ok,rzc262670425vl.001.h5,2026-10-06T07:15:27Z
2026-09-24T04:20:00Z,cepina,0.00,0.000,16,0,0.00,0.0,0,ok,rzc262670420vl.001.h5,2026-10-06T07:15:27Z
2026-09-24T04:15:00Z,cepina,0.00,0.000,16,0,0.00,0.0,0,ok,rzc262670415vl.001.h5,2026-10-06T07:15:27Z
2026-09-24T04:10:00Z,cepina,0.00,0.000,16,0,0.00,0.0,0,ok,rzc262670410vl.001.h5,2026-10-06T07:15:27Z
2026-09-24T04:05:00Z,cepina,0.00,0.000,16,0,0.00,0.0,0,ok,rzc262670405vl.001.h5,2026-10-06T07:15:27Z
2026-09-24T04:00:00Z,cepina,0.00,0.000,16,0,0.00,0.0,0,ok,rzc262670400vl.001.h5,2026-10-06T07:15:27Z
2026-09-24T03:55:00Z,cepina,0.00,0.000,16,0,0.00,0.0,0,ok,rzc262670355vl.001.h5,2026-10-06T07:15:27Z
2026-09-24T03:50:00Z,cepina,0.00,0.000,16,0,0.00,0.0,0,ok,rzc262670350vl.001.h5,2026-10-06T07:15:27Z
2026-09-24T03:45:00Z,cepina,0.00,0.000,16,0,0.00,0.0,0,ok,rzc262670345vl.001.h5,2026-10-06T07:15:27Z
2026-09-24T03:40:00Z,cepina,0.00,0.000,16,0,0.00,0.0,0,ok,rzc262670340vl.001.h5,2026-10-06T07:15:27Z
2026-09-24T03:35:00Z,cepina,0.00,0.000,16,0,0.00,0.0,0,ok,rzc262670335vl.001.h5,2026-10-06T07:15:27Z
2026-09-24T03:30:00Z,cepina,0.00,0.000,16,0,0.00,0.0,0,ok,rzc262670330vl.001.h5,2026-10-06T07:15:27Z
2026-09-24T03:25:00Z,cepina,0.00,0.000,16,0,0.00,0.0,0,ok,rzc262670325vl.001.h5,2026-10-06T07:15:27Z
2026-09-24T03:20:00Z,cepina,0.00,0.000,16,0,0.00,0.0,0,ok,rzc262670320vl.001.h5,2026-10-06T07:15:27Z
2026-09-24T03:15:00Z,cepina,0.00,0.000,16,0,0.00,0.0,0,ok,rzc262670315vl.001.h5,2026-10-06T07:15:27Z
2026-09-24T03:10:00Z,cepina,0.00,0.000,16,0,0.00,0.0,0,ok,rzc262670310vl.001.h5,2026-10-06T07:15:27Z
2026-09-24T03:05:00Z,cepina,0.00,0.000,16,0,0.00,0.0,0,ok,rzc262670305vl.001.h5,2026-10-06T07:15:27Z
2026-09-24T03:00:00Z,cepina,0.00,0.000,16,0,0.00,0.0,0,ok,rzc262670300vl.001.h5,2026-10-06T07:15:27Z
2026-09-24T02:55:00Z,cepina,0.00,0.000,16,0,0.00,0.0,0,ok,rzc262670255vl.001.h5,2026-10-06T07:15:27Z
2026-09-24T02:50:00Z,cepina,0.00,0.000,16,0,0.00,0.0,0,ok,rzc262670250vl.001.h5,2026-10-06T07:15:27Z
2026-09-24T02:45:00Z,cepina,0.00,0.000,16,0,0.00,0.0,0,ok,rzc262670245vl.001.h5,2026-10-06T07:15:27Z
2026-09-24T02:40:00Z,cepina,0.00,0.000,16,0,0.00,0.0,0,ok,rzc262670240vl.001.h5,2026-10-06T07:15:27Z
2026-09-24T02:35:00Z,cepina,0.00,0.000,16,0,0.00,0.0,0,ok,rzc262670235vl.001.h5,2026-10-06T07:15:27Z
2026-09-24T02:30:00Z,cepina,0.00,0.000,16,0,0.00,0.0,0,ok,rzc262670230vl.001.h5,2026-10-06T07:15:27Z
2026-09-24T02:25:00Z,cepina,0.00,0.000,16,0,0.00,0.0,0,ok,rzc262670225vl.001.h5,2026-10-06T07:15:27Z
2026-09-24T02:20:00Z,cepina,0.00,0.000,16,0,0.00,0.0,0,ok,rzc262670220vl.001.h5,2026-10-06T07:15:27Z
2026-09-24T02:15:00Z,cepina,0.00,0.000,16,0,0.00,0.0,0,ok,rzc262670215vl.001.h5,2026-10-06T07:15:27Z
2026-09-24T02:10:00Z,cepina,0.00,0.000,16,0,0.00,0.0,0,ok,rzc262670210vl.001.h5,2026-10-06T07:15:27Z
2026-09-24T02:05:00Z,cepina,0.00,0.000,16,0,0.00,0.0,0,ok,rzc262670205vl.001.h5,2026-10-06T07:15:27Z
2026-09-24T02:00:00Z,cepina,0.00,0.000,16,0,0.00,0.0,0,ok,rzc262670200vl.001.h5,2026-10-06T07:15:27Z
2026-09-24T01:55:00Z,cepina,0.00,0.000,16,0,0.00,0.0,0,ok,rzc262670155vl.001.h5,2026-10-06T07:15:27Z
2026-09-24T01:50:00Z,cepina,0.00,0.000,16,0,0.00,0.0,0,ok,rzc262670150vl.001.h5,2026-10-06T07:15:27Z
2026-09-24T01:45:00Z,cepina,0.00,0.000,16,0,0.00,0.0,0,ok,rzc262670145vl.001.h5,2026-10-06T07:15:27Z
2026-09-24T01:40:00Z,cepina,0.00,0.000,16,0,0.00,0.0,0,ok,rzc262670140vl.001.h5,2026-10-06T07:15:27Z
2026-09-24T01:35:00Z,cepina,0.00,0.000,16,0,0.00,0.0,0,ok,rzc262670135vl.001.h5,2026-10-06T07:15:27Z
2026-09-24T01:30:00Z,cepina,0.00,0.000,16,0,0.00,0.0,0,ok,rzc262670130vl.001.h5,2026-10-06T07:15:27Z
2026-09-24T01:25:00Z,cepina,0.00,0.000,16,0,0.00,0.0,0,ok,rzc262670125vl.001.h5,2026-10-06T07:15:27Z
2026-09-24T01:20:00Z,cepina,0.00,0.000,16,0,0.00,0.0,0,ok,rzc262670120vl.001.h5,2026-10-06T07:15:27Z
2026-09-24T01:15:00Z,cepina,0.00,0.000,16,0,0.00,0.0,0,ok,rzc262670115vl.001.h5,2026-10-06T07:15:27Z
2026-09-24T01:10:00Z,cepina,0.00,0.000,16,0,0.00,0.0,0,ok,rzc262670110vl.001.h5,2026-10-06T07:15:27Z
2026-09-24T01:05:00Z,cepina,0.00,0.000,16,0,0.00,0.0,0,ok,rzc262670105vl.001.h5,2026-10-06T07:15:27Z
2026-09-24T01:00:00Z,cepina,0.00,0.000,16,0,0.00,0.0,0,ok,rzc262670100vl.001.h5,2026-10-06T07:15:27Z
2026-09-24T00:55:00Z,cepina,0.00,0.000,16,0,0.00,0.0,0,ok,rzc262670055vl.001.h5,2026-10-06T07:15:27Z
2026-09-24T00:50:00Z,cepina,0.00,0.000,16,0,0.00,0.0,0,ok,rzc262670050vl.001.h5,2026-10-06T07:15:27Z
2026-09-24T00:45:00Z,cepina,0.00,0.000,16,0,0.00,0.0,0,ok,rzc262670045vl.001.h5,2026-10-06T07:15:27Z
2026-09-24T00:40:00Z,cepina,0.00,0.000,16,0,0.00,0.0,0,ok,rzc262670040vl.001.h5,2026-10-06T07:15:27Z
2026-09-24T00:35:00Z,cepina,0.00,0.000,16,0,0.00,0.0,0,ok,rzc262670035vl.001.h5,2026-10-06T07:15:27Z
2026-09-24T00:30:00Z,cepina,0.00,0.000,16,0,0.00,0.0,0,ok,rzc262670030vl.001.h5,2026-10-06T07:15:27Z
2026-09-24T00:25:00Z,cepina,0.00,0.000,16,0,0.00,0.0,0,ok,rzc262670025vl.001.h5,2026-10-06T07:15:27Z
2026-09-24T00:20:00Z,cepina,0.00,0.000,16,0,0.00,0.0,0,ok,rzc262670020vl.001.h5,2026-10-06T07:15:27Z
2026-09-24T00:15:00Z,cepina,0.00,0.000,16,0,0.00,0.0,0,ok,rzc262670015vl.001.h5,2026-10-06T07:15:27Z
2026-09-24T00:10:00Z,cepina,0.00,0.000,16,0,0.00,0.0,0,ok,rzc262670010vl.001.h5,2026-10-06T07:15:27Z
2026-09-24T00:05:00Z,cepina,0.00,0.000,16,0,0.00,0.0,0,ok,rzc262670005vl.001.h5,2026-10-06T07:15:27Z
2026-09-24T00:00:00Z,cepina,0.00,0.000,16,0,0.00,0.0,0,ok,rzc262670000vl.001.h5,2026-10-06T07:15:27Z
2026-09-23T23:55:00Z,cepina,0.00,0.000,16,0,0.00,0.0,0,ok,rzc262662355vl.001.h5,2026-10-06T07:15:27Z
2026-09-23T23:50:00Z,cepina,0.00,0.000,16,0,0.00,0.0,0,ok,rzc262662350vl.001.h5,2026-10-06T07:15:27Z
2026-09-23T23:45:00Z,cepina,0.00,0.000,16,0,0.00,0.0,0,ok,rzc262662345vl.001.h5,2026-10-06T07:15:27Z
2026-09-23T23:40:00Z,cepina,0.00,0.000,16,0,0.00,0.0,0,ok,rzc262662340vl.001.h5,2026-10-06T07:15:27Z
2026-09-23T23:35:00Z,cepina,0.00,0.000,16,0,0.00,0.0,0,ok,rzc262662335vl.001.h5,2026-10-06T07:15:27Z
2026-09-23T23:30:00Z,cepina,0.00,0.000,16,0,0.00,0.0,0,ok,rzc262662330vl.001.h5,2026-10-06T07:15:27Z
2026-09-23T23:25:00Z,cepina,0.00,0.000,16,0,0.00,0.0,0,ok,rzc262662325vl.001.h5,2026-10-06T07:15:27Z
2026-09-23T23:20:00Z,cepina,0.00,0.000,16,0,0.00,0.0,0,ok,rzc262662320vl.001.h5,2026-10-06T07:15:27Z
2026-09-23T23:15:00Z,cepina,0.00,0.000,16,0,0.00,0.0,0,ok,rzc262662315vl.001.h5,2026-10-06T07:15:27Z
2026-09-23T23:10:00Z,cepina,0.00,0.000,16,0,0.00,0.0,0,ok,rzc262662310vl.001.h5,2026-10-06T07:15:27Z
2026-09-23T23:05:00Z,cepina,0.00,0.000,16,0,0.00,0.0,0,ok,rzc262662305vl.001.h5,2026-10-06T07:15:27Z
2026-09-23T23:00:00Z,cepina,0.00,0.000,16,0,0.00,0.0,0,ok,rzc262662300vl.001.h5,2026-10-06T07:15:27Z
2026-09-23T22:55:00Z,cepina,0.00,0.000,16,0,0.00,0.0,0,ok,rzc262662255vl.001.h5,2026-10-06T07:15:27Z
2026-09-23T22:50:00Z,cepina,0.00,0.000,16,0,0.00,0.0,0,ok,rzc262662250vl.001.h5,2026-10-06T07:15:27Z
2026-09-23T22:45:00Z,cepina,0.00,0.000,16,0,0.00,0.0,0,ok,rzc262662245vl.001.h5,2026-10-06T07:15:27Z
2026-09-23T22:40:00Z,cepina,0.00,0.000,16,0,0.00,0.0,0,ok,rzc262662240vl.001.h5,2026-10-06T07:15:27Z
2026-09-23T22:35:00Z,cepina,0.00,0.000,16,0,0.00,0.0,0,ok,rzc262662235vl.001.h5,2026-10-06T07:15:27Z
2026-09-23T22:30:00Z,cepina,0.00,0.000,16,0,0.00,0.0,0,ok,rzc262662230vl.001.h5,2026-10-06T07:15:27Z
2026-09-23T22:25:00Z,cepina,0.00,0.000,16,0,0.00,0.0,0,ok,rzc262662225vl.001.h5,2026-10-06T07:15:27Z
2026-09-23T22:20:00Z,cepina,0.00,0.000,16,0,0.00,0.0,0,ok,rzc262662220vl.001.h5,2026-10-06T07:15:27Z
2026-09-23T22:15:00Z,cepina,0.00,0.000,16,0,0.00,0.0,0,ok,rzc262662215vl.001.h5,2026-10-06T07:15:27Z
2026-09-23T22:10:00Z,cepina,0.00,0.000,16,0,0.00,0.0,0,ok,rzc262662210vl.001.h5,2026-10-06T07:15:27Z
2026-09-23T22:05:00Z,cepina,0.00,0.000,16,0,0.00,0.0,0,ok,rzc262662205vl.001.h5,2026-10-06T07:15:27Z
2026-09-23T22:00:00Z,cepina,0.00,0.000,16,0,0.00,0.0,0,ok,rzc262662200vl.001.h5,2026-10-06T07:15:27Z
2026-09-23T21:55:00Z,cepina,0.00,0.000,16,0,0.00,0.0,0,ok,rzc262662155vl.001.h5,2026-10-06T07:15:27Z
2026-09-23T21:50:00Z,cepina,0.00,0.000,16,0,0.00,0.0,0,ok,rzc262662150vl.001.h5,2026-10-06T07:15:27Z
2026-09-23T21:45:00Z,cepina,0.00,0.000,16,0,0.00,0.0,0,ok,rzc262662145vl.001.h5,2026-10-06T07:15:27Z
2026-09-23T21:40:00Z,cepina,0.00,0.000,16,0,0.00,0.0,0,ok,rzc262662140vl.001.h5,2026-10-06T07:15:27Z
2026-09-23T21:35:00Z,cepina,0.00,0.000,16,0,0.00,0.0,0,ok,rzc262662135vl.001.h5,2026-10-06T07:15:27Z
2026-09-23T21:30:00Z,cepina,0.00,0.000,16,0,0.00,0.0,0,ok,rzc262662130vl.001.h5,2026-10-06T07:15:27Z
2026-09-23T21:25:00Z,cepina,0.00,0.000,16,0,0.00,0.0,0,ok,rzc262662125vl.001.h5,2026-10-06T07:15:27Z
2026-09-23T21:20:00Z,cepina,0.00,0.000,16,0,0.00,0.0,0,ok,rzc262662120vl.001.h5,2026-10-06T07:15:27Z
2026-09-23T21:15:00Z,cepina,0.00,0.000,16,0,0.00,0.0,0,ok,rzc262662115vl.001.h5,2026-10-06T07:15:27Z
2026-09-23T21:10:00Z,cepina,0.00,0.000,16,0,0.01,0.0,0,ok,rzc262662110vl.001.h5,2026-10-06T07:15:27Z
2026-09-23T21:05:00Z,cepina,0.00,0.000,16,0,0.00,0.0,0,ok,rzc262662105vl.001.h5,2026-10-06T07:15:27Z
2026-09-23T21:00:00Z,cepina,0.00,0.000,16,0,0.00,0.0,0,ok,rzc262662100vl.001.h5,2026-10-06T07:15:27Z
2026-09-23T20:55:00Z,cepina,0.00,0.000,16,0,0.00,0.0,0,ok,rzc262662055vl.001.h5,2026-10-06T07:15:27Z
2026-09-23T20:50:00Z,cepina,0.00,0.000,16,0,0.10,0.0,0,ok,rzc262662050vl.001.h5,2026-10-06T07:15:27Z
2026-09-23T20:45:00Z,cepina,0.00,0.000,16,0,0.00,0.0,0,ok,rzc262662045vl.001.h5,2026-10-06T07:15:27Z
2026-09-23T20:40:00Z,cepina,0.00,0.000,16,0,0.00,0.0,0,ok,rzc262662040vl.001.h5,2026-10-06T07:15:27Z
2026-09-23T20:35:00Z,cepina,0.00,0.000,16,0,0.00,0.0,0,ok,rzc262662035vl.001.h5,2026-10-06T07:15:27Z
2026-09-23T20:30:00Z,cepina,0.00,0.000,16,0,0.00,0.0,0,ok,rzc262662030vl.001.h5,2026-10-06T07:15:27Z
2026-09-23T20:25:00Z,cepina,0.00,0.000,16,0,0.00,0.0,0,ok,rzc262662025vl.001.h5,2026-10-06T07:15:27Z
2026-09-23T20:20:00Z,cepina,0.00,0.000,16,0,0.00,0.0,0,ok,rzc262662020vl.001.h5,2026-10-06T07:15:27Z
2026-09-23T20:15:00Z,cepina,0.00,0.000,16,0,0.00,0.0,0,ok,rzc262662015vl.001.h5,2026-10-06T07:15:27Z
2026-09-23T20:10:00Z,cepina,0.00,0.000,16,0,0.00,0.0,0,ok,rzc262662010vl.001.h5,2026-10-06T07:15:27Z
2026-09-23T20:05:00Z,cepina,0.00,0.000,16,0,0.00,0.0,0,ok,rzc262662005vl.001.h5,2026-10-06T07:15:27Z
2026-09-23T20:00:00Z,cepina,0.00,0.000,16,0,0.00,0.0,0,ok,rzc262662000vl.001.h5,2026-10-06T07:15:27Z
2026-09-23T19:55:00Z,cepina,0.00,0.000,16,0,0.00,0.0,0,ok,rzc262661955vl.001.h5,2026-10-06T07:15:27Z
2026-09-23T19:50:00Z,cepina,0.00,0.000,16,0,0.00,0.0,0,ok,rzc262661950vl.001.h5,2026-10-06T07:15:27Z
2026-09-23T19:45:00Z,cepina,0.00,0.000,16,0,0.00,0.0,0,ok,rzc262661945vl.001.h5,2026-10-06T07:15:27Z
2026-09-23T19:40:00Z,cepina,0.00,0.000,16,0,0.00,0.0,0,ok,rzc262661940vl.001.h5,2026-10-06T07:15:27Z
2026-09-23T19:35:00Z,cepina,0.00,0.000,16,0,0.00,0.0,0,ok,rzc262661935vl.001.h5,2026-10-06T07:15:27Z
2026-09-23T19:30:00Z,cepina,0.00,0.000,16,0,0.00,0.0,0,ok,rzc262661930vl.001.h5,2026-10-06T07:15:27Z
2026-09-23T19:25:00Z,cepina,0.00,0.000,16,0,0.00,0.0,0,ok,rzc262661925vl.001.h5,2026-10-06T07:15:27Z
2026-09-23T19:20:00Z,cepina,0.00,0.000,16,0,0.00,0.0,0,ok,rzc262661920vl.001.h5,2026-10-06T07:15:27Z
2026-09-23T19:15:00Z,cepina,0.00,0.000,16,0,0.00,0.0,0,ok,rzc262661915vl.001.h5,2026-10-06T07:15:27Z
2026-09-23T19:10:00Z,cepina,0.00,0.000,16,0,0.00,0.0,0,ok,rzc262661910vl.001.h5,2026-10-06T07:15:27Z
2026-09-23T19:05:00Z,cepina,0.00,0.000,16,0,0.00,0.0,0,ok,rzc262661905vl.001.h5,2026-10-06T07:15:27Z
2026-09-23T19:00:00Z,cepina,0.00,0.000,16,0,0.00,0.0,0,ok,rzc262661900vl.001.h5,2026-10-06T07:15:27Z
2026-09-23T18:55:00Z,cepina,0.00,0.000,16,0,0.00,0.0,0,ok,rzc262661855vl.001.h5,2026-10-06T07:15:27Z
2026-09-23T18:50:00Z,cepina,0.00,0.000,16,0,0.00,0.0,0,ok,rzc262661850vl.001.h5,2026-10-06T07:15:27Z
2026-09-23T18:45:00Z,cepina,0.00,0.000,16,0,0.00,0.0,0,ok,rzc262661845vl.001.h5,2026-10-06T07:15:27Z
2026-09-23T18:40:00Z,cepina,0.00,0.000,16,0,0.00,0.0,0,ok,rzc262661840vl.001.h5,2026-10-06T07:15:27Z
2026-09-23T18:35:00Z,cepina,0.00,0.000,16,0,0.00,0.0,0,ok,rzc262661835vl.001.h5,2026-10-06T07:15:27Z
2026-09-23T18:30:00Z,cepina,0.00,0.000,16,0,0.00,0.0,0,ok,rzc262661830vl.001.h5,2026-10-06T07:15:27Z
2026-09-23T18:25:00Z,cepina,0.00,0.000,16,0,0.00,0.0,0,ok,rzc262661825vl.001.h5,2026-10-06T07:15:27Z
2026-09-23T18:20:00Z,cepina,0.00,0.000,16,0,0.00,0.0,0,ok,rzc262661820vl.001.h5,2026-10-06T07:15:27Z
2026-09-23T18:15:00Z,cepina,0.00,0.000,16,0,0.00,0.0,0,ok,rzc262661815vl.001.h5,2026-10-06T07:15:27Z
2026-09-23T18:10:00Z,cepina,0.00,0.000,16,0,0.00,0.0,0,ok,rzc262661810vl.001.h5,2026-10-06T07:15:27Z
2026-09-23T18:05:00Z,cepina,0.00,0.000,16,0,0.00,0.0,0,ok,rzc262661805vl.001.h5,2026-10-06T07:15:27Z
2026-09-23T18:00:00Z,cepina,0.00,0.000,16,0,0.00,0.0,0,ok,rzc262661800vl.001.h5,2026-10-06T07:15:27Z
2026-09-23T17:55:00Z,cepina,0.00,0.000,16,0,0.00,0.0,0,ok,rzc262661755vl.001.h5,2026-10-06T07:15:27Z
2026-09-23T17:50:00Z,cepina,0.00,0.000,16,0,0.00,0.0,0,ok,rzc262661750vl.001.h5,2026-10-06T07:15:27Z
2026-09-23T17:45:00Z,cepina,0.00,0.000,16,0,0.00,0.0,0,ok,rzc262661745vl.001.h5,2026-10-06T07:15:27Z
2026-09-23T17:40:00Z,cepina,0.00,0.000,16,0,0.00,0.0,0,ok,rzc262661740vl.001.h5,2026-10-06T07:15:27Z
2026-09-23T17:35:00Z,cepina,0.00,0.000,16,0,0.00,0.0,0,ok,rzc262661735vl.001.h5,2026-10-06T07:15:27Z
2026-09-23T17:30:00Z,cepina,0.00,0.000,16,0,0.00,0.0,0,ok,rzc262661730vl.001.h5,2026-10-06T07:15:27Z
2026-09-23T17:25:00Z,cepina,0.00,0.000,16,0,0.00,0.0,0,ok,rzc262661725vl.001.h5,2026-10-06T07:15:27Z
2026-09-23T17:20:00Z,cepina,0.00,0.000,16,0,0.00,0.0,0,ok,rzc262661720vl.001.h5,2026-10-06T07:15:27Z
2026-09-23T17:15:00Z,cepina,0.00,0.000,16,0,0.00,0.0,0,ok,rzc262661715vl.001.h5,2026-10-06T07:15:27Z
2026-09-23T17:10:00Z,cepina,0.00,0.000,16,0,0.00,0.0,0,ok,rzc262661710vl.001.h5,2026-10-06T07:15:27Z
2026-09-23T17:05:00Z,cepina,0.00,0.000,16,0,0.00,0.0,0,ok,rzc262661705vl.001.h5,2026-10-06T07:15:27Z
2026-09-23T17:00:00Z,cepina,0.00,0.000,16,0,0.00,0.0,0,ok,rzc262661700vl.001.h5,2026-10-06T07:15:27Z
2026-09-23T16:55:00Z,cepina,0.00,0.000,16,0,0.00,0.0,0,ok,rzc262661655vl.001.h5,2026-10-06T07:15:27Z
2026-09-23T16:50:00Z,cepina,0.00,0.000,16,0,0.00,0.0,0,ok,rzc262661650vl.001.h5,2026-10-06T07:15:27Z
2026-09-23T16:45:00Z,cepina,0.00,0.000,16,0,0.00,0.0,0,ok,rzc262661645vl.001.h5,2026-10-06T07:15:27Z
2026-09-23T16:40:00Z,cepina,0.00,0.000,16,0,0.00,0.0,0,ok,rzc262661640vl.001.h5,2026-10-06T07:15:27Z
2026-09-23T16:35:00Z,cepina,0.00,0.000,16,0,0.00,0.0,0,ok,rzc262661635vl.001.h5,2026-10-06T07:15:27Z
2026-09-23T16:30:00Z,cepina,0.00,0.000,16,0,0.00,0.0,0,ok,rzc262661630vl.001.h5,2026-10-06T07:15:27Z
2026-09-23T16:25:00Z,cepina,0.00,0.000,16,0,0.00,0.0,0,ok,rzc262661625vl.001.h5,2026-10-06T07:15:27Z
2026-09-23T16:20:00Z,cepina,0.00,0.000,16,0,0.00,0.0,0,ok,rzc262661620vl.001.h5,2026-10-06T07:15:27Z
2026-09-23T16:15:00Z,cepina,0.00,0.000,16,0,0.00,0.0,0,ok,rzc262661615vl.001.h5,2026-10-06T07:15:27Z
2026-09-23T16:10:00Z,cepina,0.00,0.000,16,0,0.00,0.0,0,ok,rzc262661610vl.001.h5,2026-10-06T07:15:27Z
2026-09-23T16:05:00Z,cepina,0.00,0.000,16,0,0.00,0.0,0,ok,rzc262661605vl.001.h5,2026-10-06T07:15:27Z
2026-09-23T16:00:00Z,cepina,0.00,0.000,16,0,0.00,0.0,0,ok,rzc262661600vl.001.h5,2026-10-06T07:15:27Z
2026-09-23T15:55:00Z,cepina,0.00,0.000,16,0,0.00,0.0,0,ok,rzc262661555vl.001.h5,2026-10-06T07:15:27Z
2026-09-23T15:50:00Z,cepina,0.00,0.000,16,0,0.00,0.0,0,ok,rzc262661550vl.001.h5,2026-10-06T07:15:27Z
2026-09-23T15:45:00Z,cepina,0.00,0.000,16,0,0.00,0.0,0,ok,rzc262661545vl.001.h5,2026-10-06T07:15:27Z
2026-09-23T15:40:00Z,cepina,0.00,0.000,16,0,0.00,0.0,0,ok,rzc262661540vl.001.h5,2026-10-06T07:15:27Z
2026-09-23T15:35:00Z,cepina,0.00,0.000,16,0,0.00,0.0,0,ok,rzc262661535vl.001.h5,2026-10-06T07:15:27Z
2026-09-23T15:30:00Z,cepina,0.00,0.000,16,0,0.00,0.0,0,ok,rzc262661530vl.001.h5,2026-10-06T07:15:27Z
2026-09-23T15:25:00Z,cepina,0.00,0.000,16,0,0.01,0.0,0,ok,rzc262661525vl.001.h5,2026-10-06T07:15:27Z
2026-09-23T15:20:00Z,cepina,0.00,0.000,16,0,0.00,0.0,0,ok,rzc262661520vl.001.h5,2026-10-06T07:15:27Z
2026-09-23T15:15:00Z,cepina,0.00,0.000,16,0,0.00,0.0,0,ok,rzc262661515vl.001.h5,2026-10-06T07:15:27Z
2026-09-23T15:10:00Z,cepina,0.00,0.000,16,0,0.00,0.0,0,ok,rzc262661510vl.001.h5,2026-10-06T07:15:27Z
2026-09-23T15:05:00Z,cepina,0.00,0.000,16,0,0.00,0.0,0,ok,rzc262661505vl.001.h5,2026-10-06T07:15:27Z
2026-09-23T15:00:00Z,cepina,0.00,0.000,16,0,0.00,0.0,0,ok,rzc262661500vl.001.h5,2026-10-06T07:15:27Z
2026-09-23T14:55:00Z,cepina,0.00,0.000,16,0,0.00,0.0,0,ok,rzc262661455vl.001.h5,2026-10-06T07:15:27Z
2026-09-23T14:50:00Z,cepina,0.00,0.000,16,0,0.00,0.0,0,ok,rzc262661450vl.001.h5,2026-10-06T07:15:27Z
2026-09-23T14:45:00Z,cepina,0.00,0.000,16,0,0.00,0.0,0,ok,rzc262661445vl.001.h5,2026-10-06T07:15:27Z
2026-09-23T14:40:00Z,cepina,0.00,0.000,16,0,0.00,0.0,0,ok,rzc262661440vl.001.h5,2026-10-06T07:15:27Z
2026-09-23T14:35:00Z,cepina,0.00,0.000,16,0,0.00,0.0,0,ok,rzc262661435vl.001.h5,2026-10-06T07:15:27Z
2026-09-23T14:30:00Z,cepina,0.00,0.000,16,0,0.00,0.0,0,ok,rzc262661430vl.001.h5,2026-10-06T07:15:27Z
2026-09-23T14:25:00Z,cepina,0.00,0.000,16,0,0.00,0.0,0,ok,rzc262661425vl.001.h5,2026-10-06T07:15:27Z
2026-09-23T14:20:00Z,cepina,0.00,0.000,16,0,0.00,0.0,0,ok,rzc262661420vl.001.h5,2026-10-06T07:15:27Z
2026-09-23T14:15:00Z,cepina,0.00,0.000,16,0,0.00,0.0,0,ok,rzc262661415vl.001.h5,2026-10-06T07:15:27Z
2026-09-23T14:10:00Z,cepina,0.00,0.000,16,0,0.00,0.0,0,ok,rzc262661410vl.001.h5,2026-10-06T07:15:27Z
2026-09-23T14:05:00Z,cepina,0.00,0.000,16,0,0.00,0.0,0,ok,rzc262661405vl.001.h5,2026-10-06T07:15:27Z
2026-09-23T14:00:00Z,cepina,0.00,0.000,16,0,0.00,0.0,0,ok,rzc262661400vl.001.h5,2026-10-06T07:15:27Z
2026-09-23T13:55:00Z,cepina,0.00,0.000,16,0,0.00,0.0,0,ok,rzc262661355vl.001.h5,2026-10-06T07:15:27Z
2026-09-23T13:50:00Z,cepina,0.00,0.000,16,0,0.00,0.0,0,ok,rzc262661350vl.001.h5,2026-10-06T07:15:27Z
2026-09-23T13:45:00Z,cepina,0.00,0.000,16,0,0.00,0.0,0,ok,rzc262661345vl.001.h5,2026-10-06T07:15:27Z
2026-09-23T13:40:00Z,cepina,0.00,0.000,16,0,0.00,0.0,0,ok,rzc262661340vl.001.h5,2026-10-06T07:15:27Z
2026-09-23T13:35:00Z,cepina,0.00,0.000,16,0,0.00,0.0,0,ok,rzc262661335vl.001.h5,2026-10-06T07:15:27Z
2026-09-23T13:30:00Z,cepina,0.00,0.000,16,0,0.00,0.0,0,ok,rzc262661330vl.001.h5,2026-10-06T07:15:27Z
2026-09-23T13:25:00Z,cepina,0.00,0.000,16,0,0.00,0.0,0,ok,rzc262661325vl.001.h5,2026-10-06T07:15:27Z
2026-09-23T13:20:00Z,cepina,0.00,0.000,16,0,0.00,0.0,0,ok,rzc262661320vl.001.h5,2026-10-06T07:15:27Z
2026-09-23T13:15:00Z,cepina,0.00,0.000,16,0,0.00,0.0,0,ok,rzc262661315vl.001.h5,2026-10-06T07:15:27Z
2026-09-23T13:10:00Z,cepina,0.00,0.000,16,0,0.00,0.0,0,ok,rzc262661310vl.001.h5,2026-10-06T07:15:27Z
2026-09-23T13:05:00Z,cepina,0.00,0.000,16,0,0.00,0.0,0,ok,rzc262661305vl.001.h5,2026-10-06T07:15:27Z
2026-09-23T13:00:00Z,cepina,0.00,0.000,16,0,0.00,0.0,0,ok,rzc262661300vl.001.h5,2026-10-06T07:15:27Z
2026-09-23T12:55:00Z,cepina,0.00,0.000,16,0,0.00,0.0,0,ok,rzc262661255vl.001.h5,2026-10-06T07:15:27Z
2026-09-23T12:50:00Z,cepina,0.00,0.000,16,0,0.00,0.0,0,ok,rzc262661250vl.001.h5,2026-10-06T07:15:27Z
2026-09-23T12:45:00Z,cepina,0.00,0.000,16,0,0.00,0.0,0,ok,rzc262661245vl.001.h5,2026-10-06T07:15:27Z
2026-09-23T12:40:00Z,cepina,0.00,0.000,16,0,0.00,0.0,0,ok,rzc262661240vl.001.h5,2026-10-06T07:15:27Z
2026-09-23T12:35:00Z,cepina,0.00,0.000,16,0,0.00,0.0,0,ok,rzc262661235vl.001.h5,2026-10-06T07:15:27Z
2026-09-23T12:30:00Z,cepina,0.00,0.000,16,0,0.00,0.0,0,ok,rzc262661230vl.001.h5,2026-10-06T07:15:27Z
2026-09-23T12:25:00Z,cepina,0.00,0.000,16,0,0.00,0.0,0,ok,rzc262661225vl.001.h5,2026-10-06T07:15:27Z
2026-09-23T12:20:00Z,cepina,0.00,0.000,16,0,0.00,0.0,0,ok,rzc262661220vl.001.h5,2026-10-06T07:15:27Z
2026-09-23T12:15:00Z,cepina,0.00,0.000,16,0,0.00,0.0,0,ok,rzc262661215vl.001.h5,2026-10-06T07:15:27Z
2026-09-23T12:10:00Z,cepina,0.00,0.000,16,0,0.00,0.0,0,ok,rzc262661210vl.001.h5,2026-10-06T07:15:27Z
2026-09-23T12:05:00Z,cepina,0.00,0.000,16,0,0.00,0.0,0,ok,rzc262661205vl.001.h5,2026-10-06T07:15:27Z
2026-09-23T12:00:00Z,cepina,0.00,0.000,16,0,0.00,0.0,0,ok,rzc262661200vl.001.h5,2026-10-06T07:15:27Z
2026-09-23T11:55:00Z,cepina,0.00,0.000,16,0,0.01,0.0,0,ok,rzc262661155vl.001.h5,2026-10-06T07:15:27Z
2026-09-23T11:50:00Z,cepina,0.00,0.000,16,0,0.00,0.0,0,ok,rzc262661150vl.001.h5,2026-10-06T07:15:27Z
2026-09-23T11:45:00Z,cepina,0.00,0.000,16,0,0.00,0.0,0,ok,rzc262661145vl.001.h5,2026-10-06T07:15:27Z
2026-09-23T11:40:00Z,cepina,0.00,0.000,16,0,0.00,0.0,0,ok,rzc262661140vl.001.h5,2026-10-06T07:15:27Z
2026-09-23T11:35:00Z,cepina,0.00,0.000,16,0,0.00,0.0,0,ok,rzc262661135vl.001.h5,2026-10-06T07:15:27Z
2026-09-23T11:30:00Z,cepina,0.00,0.000,16,0,0.00,0.0,0,ok,rzc262661130vl.001.h5,2026-10-06T07:15:27Z
2026-09-23T11:25:00Z,cepina,0.00,0.000,16,0,0.00,0.0,0,ok,rzc262661125vl.001.h5,2026-10-06T07:15:27Z
2026-09-23T11:20:00Z,cepina,0.00,0.000,16,0,0.00,0.0,0,ok,rzc262661120vl.001.h5,2026-10-06T07:15:27Z
2026-09-23T11:15:00Z,cepina,0.00,0.000,16,0,0.00,0.0,0,ok,rzc262661115vl.001.h5,2026-10-06T07:15:27Z
2026-09-23T11:10:00Z,cepina,0.00,0.000,16,0,0.00,0.0,0,ok,rzc262661110vl.001.h5,2026-10-06T07:15:27Z
2026-09-23T11:05:00Z,cepina,0.00,0.000,16,0,0.00,0.0,0,ok,rzc262661105vl.001.h5,2026-10-06T07:15:27Z
2026-09-23T11:00:00Z,cepina,0.00,0.000,16,0,0.00,0.0,0,ok,rzc262661100vl.001.h5,2026-10-06T07:15:27Z
2026-09-23T10:55:00Z,cepina,0.00,0.000,16,0,0.00,0.0,0,ok,rzc262661055vl.001.h5,2026-10-06T07:15:27Z
2026-09-23T10:50:00Z,cepina,0.00,0.000,16,0,0.00,0.0,0,ok,rzc262661050vl.001.h5,2026-10-06T07:15:27Z
2026-09-23T10:45:00Z,cepina,0.00,0.000,16,0,0.00,0.0,0,ok,rzc262661045vl.001.h5,2026-10-06T07:15:27Z
2026-09-23T10:40:00Z,cepina,0.00,0.000,16,0,0.00,0.0,0,ok,rzc262661040vl.001.h5,2026-10-06T07:15:27Z
2026-09-23T10:35:00Z,cepina,0.00,0.000,16,0,0.00,0.0,0,ok,rzc262661035vl.001.h5,2026-10-06T07:15:27Z
2026-09-23T10:30:00Z,cepina,0.00,0.000,16,0,0.00,0.0,0,ok,rzc262661030vl.001.h5,2026-10-06T07:15:27Z
2026-09-23T10:25:00Z,cepina,0.00,0.000,16,0,0.00,0.0,0,ok,rzc262661025vl.001.h5,2026-10-06T07:15:27Z
2026-09-23T10:20:00Z,cepina,0.00,0.000,16,0,0.00,0.0,0,ok,rzc262661020vl.001.h5,2026-10-06T07:15:27Z
2026-09-23T10:15:00Z,cepina,0.00,0.000,16,0,0.00,0.0,0,ok,rzc262661015vl.001.h5,2026-10-06T07:15:27Z
2026-09-23T10:10:00Z,cepina,0.00,0.000,16,0,0.00,0.0,0,ok,rzc262661010vl.001.h5,2026-10-06T07:15:27Z
2026-09-23T10:05:00Z,cepina,0.00,0.000,16,0,0.00,0.0,0,ok,rzc262661005vl.001.h5,2026-10-06T07:15:27Z
2026-09-23T10:00:00Z,cepina,0.00,0.000,16,0,0.00,0.0,0,ok,rzc262661000vl.001.h5,2026-10-06T07:15:27Z
2026-09-23T09:55:00Z,cepina,0.00,0.000,16,0,0.00,0.0,0,ok,rzc262660955vl.001.h5,2026-10-06T07:15:27Z
2026-09-23T09:50:00Z,cepina,0.00,0.000,16,0,0.00,0.0,0,ok,rzc262660950vl.001.h5,2026-10-06T07:15:27Z
2026-09-23T09:45:00Z,cepina,0.00,0.000,16,0,0.00,0.0,0,ok,rzc262660945vl.001.h5,2026-10-06T07:15:27Z
2026-09-23T09:40:00Z,cepina,0.00,0.000,16,0,0.00,0.0,0,ok,rzc262660940vl.001.h5,2026-10-06T07:15:27Z
2026-09-23T09:35:00Z,cepina,0.00,0.000,16,0,0.00,0.0,0,ok,rzc262660935vl.001.h5,2026-10-06T07:15:27Z
2026-09-23T09:30:00Z,cepina,0.00,0.000,16,0,0.00,0.0,0,ok,rzc262660930vl.001.h5,2026-10-06T07:15:27Z
2026-09-23T09:25:00Z,cepina,0.00,0.000,16,0,0.00,0.0,0,ok,rzc262660925vl.001.h5,2026-10-06T07:15:27Z
2026-09-23T09:20:00Z,cepina,0.00,0.000,16,0,0.00,0.0,0,ok,rzc262660920vl.001.h5,2026-10-06T07:15:27Z
2026-09-23T09:15:00Z,cepina,0.00,0.000,16,0,0.00,0.0,0,ok,rzc262660915vl.001.h5,2026-10-06T07:15:27Z
2026-09-23T09:10:00Z,cepina,0.00,0.000,16,0,0.00,0.0,0,ok,rzc262660910vl.001.h5,2026-10-06T07:15:27Z
2026-09-23T09:05:00Z,cepina,0.00,0.000,16,0,0.00,0.0,0,ok,rzc262660905vl.001.h5,2026-10-06T07:15:27Z
2026-09-23T09:00:00Z,cepina,0.00,0.000,16,0,0.00,0.0,0,ok,rzc262660900vl.001.h5,2026-10-06T07:15:27Z
2026-09-23T08:55:00Z,cepina,0.00,0.000,16,0,0.00,0.0,0,ok,rzc262660855vl.001.h5,2026-10-06T07:15:27Z
2026-09-23T08:50:00Z,cepina,0.00,0.000,16,0,0.00,0.0,0,ok,rzc262660850vl.001.h5,2026-10-06T07:15:27Z
2026-09-23T08:45:00Z,cepina,0.00,0.000,16,0,0.00,0.0,0,ok,rzc262660845vl.001.h5,2026-10-06T07:15:27Z
2026-09-23T08:40:00Z,cepina,0.00,0.000,16,0,0.00,0.0,0,ok,rzc262660840vl.001.h5,2026-10-06T07:15:27Z
2026-09-23T08:35:00Z,cepina,0.00,0.000,16,0,0.00,0.0,0,ok,rzc262660835vl.001.h5,2026-10-06T07:15:27Z
2026-09-23T08:30:00Z,cepina,0.00,0.000,16,0,0.00,0.0,0,ok,rzc262660830vl.001.h5,2026-10-06T07:15:27Z
2026-09-23T08:25:00Z,cepina,0.00,0.000,16,0,0.00,0.0,0,ok,rzc262660825vl.001.h5,2026-10-06T07:15:27Z
2026-09-23T08:20:00Z,cepina,0.00,0.000,16,0,0.00,0.0,0,ok,rzc262660820vl.001.h5,2026-10-06T07:15:27Z
2026-09-23T08:15:00Z,cepina,0.00,0.000,16,0,0.00,0.0,0,ok,rzc262660815vl.001.h5,2026-10-06T07:15:27Z
2026-09-23T08:10:00Z,cepina,0.00,0.000,16,0,0.00,0.0,0,ok,rzc262660810vl.001.h5,2026-10-06T07:15:27Z
2026-09-23T08:05:00Z,cepina,0.00,0.000,16,0,0.00,0.0,0,ok,rzc262660805vl.001.h5,2026-10-06T07:15:27Z
2026-09-23T08:00:00Z,cepina,0.00,0.000,16,0,0.00,0.0,0,ok,rzc262660800vl.001.h5,2026-10-06T07:15:27Z
2026-09-23T07:55:00Z,cepina,0.00,0.000,16,0,0.00,0.0,0,ok,rzc262660755vl.001.h5,2026-10-06T07:15:27Z
2026-09-23T07:50:00Z,cepina,0.00,0.000,16,0,0.00,0.0,0,ok,rzc262660750vl.001.h5,2026-10-06T07:15:27Z
2026-09-23T07:45:00Z,cepina,0.00,0.000,16,0,0.00,0.0,0,ok,rzc262660745vl.001.h5,2026-10-06T07:15:27Z
2026-09-23T07:40:00Z,cepina,0.00,0.000,16,0,0.00,0.0,0,ok,rzc262660740vl.001.h5,2026-10-06T07:15:27Z
2026-09-23T07:35:00Z,cepina,0.00,0.000,16,0,0.00,0.0,0,ok,rzc262660735vl.001.h5,2026-10-06T07:15:27Z
2026-09-23T07:30:00Z,cepina,0.00,0.000,16,0,0.00,0.0,0,ok,rzc262660730vl.001.h5,2026-10-06T07:15:27Z
2026-09-23T07:25:00Z,cepina,0.00,0.000,16,0,0.00,0.0,0,ok,rzc262660725vl.001.h5,2026-10-06T07:15:27Z
2026-09-23T07:20:00Z,cepina,0.00,0.000,16,0,0.00,0.0,0,ok,rzc262660720vl.001.h5,2026-10-06T07:15:27Z
2026-09-23T07:15:00Z,cepina,0.00,0.000,16,0,0.00,0.0,0,ok,rzc262660715vl.001.h5,2026-10-06T07:15:27Z
2026-09-23T07:10:00Z,cepina,0.00,0.000,16,0,0.00,0.0,0,ok,rzc262660710vl.001.h5,2026-10-06T07:15:27Z
2026-09-23T07:05:00Z,cepina,0.00,0.000,16,0,0.00,0.0,0,ok,rzc262660705vl.001.h5,2026-10-06T07:15:27Z
2026-09-23T07:00:00Z,cepina,0.00,0.000,16,0,0.00,0.0,0,ok,rzc262660700vl.001.h5,2026-10-06T07:15:27Z
2026-09-23T06:55:00Z,cepina,0.00,0.000,16,0,0.00,0.0,0,ok,rzc262660655vl.001.h5,2026-10-06T07:15:27Z
2026-09-23T06:50:00Z,cepina,0.00,0.000,16,0,0.00,0.0,0,ok,rzc262660650vl.001.h5,2026-10-06T07:15:27Z
2026-09-23T06:45:00Z,cepina,0.00,0.000,16,0,0.00,0.0,0,ok,rzc262660645vl.001.h5,2026-10-06T07:15:27Z
2026-09-23T06:40:00Z,cepina,0.00,0.000,16,0,0.00,0.0,0,ok,rzc262660640vl.001.h5,2026-10-06T07:15:27Z
2026-09-23T06:35:00Z,cepina,0.00,0.000,16,0,0.00,0.0,0,ok,rzc262660635vl.001.h5,2026-10-06T07:15:27Z
2026-09-23T06:30:00Z,cepina,0.00,0.000,16,0,0.00,0.0,0,ok,rzc262660630vl.001.h5,2026-10-06T07:15:27Z
2026-09-23T06:25:00Z,cepina,0.00,0.000,16,0,0.00,0.0,0,ok,rzc262660625vl.001.h5,2026-10-06T07:15:27Z
2026-09-23T06:20:00Z,cepina,0.00,0.000,16,0,0.00,0.0,0,ok,rzc262660620vl.001.h5,2026-10-06T07:15:27Z
2026-09-23T06:15:00Z,cepina,0.00,0.000,16,0,0.00,0.0,0,ok,rzc262660615vl.001.h5,2026-10-06T07:15:27Z
2026-09-23T06:10:00Z,cepina,0.00,0.000,16,0,0.00,0.0,0,ok,rzc262660610vl.001.h5,2026-10-06T07:15:27Z
2026-09-23T06:05:00Z,cepina,0.00,0.000,16,0,0.00,0.0,0,ok,rzc262660605vl.001.h5,2026-10-06T07:15:27Z
2026-09-23T06:00:00Z,cepina,0.00,0.000,16,0,0.00,0.0,0,ok,rzc262660600vl.001.h5,2026-10-06T07:15:27Z
2026-09-23T05:55:00Z,cepina,0.00,0.000,16,0,0.00,0.0,0,ok,rzc262660555vl.001.h5,2026-10-06T07:15:27Z
2026-09-23T05:50:00Z,cepina,0.00,0.000,16,0,0.00,0.0,0,ok,rzc262660550vl.001.h5,2026-10-06T07:15:27Z
2026-09-23T05:45:00Z,cepina,0.00,0.000,16,0,0.00,0.0,0,ok,rzc262660545vl.001.h5,2026-10-06T07:15:27Z
2026-09-23T05:40:00Z,cepina,0.00,0.000,16,0,0.00,0.0,0,ok,rzc262660540vl.001.h5,2026-10-06T07:15:27Z
2026-09-23T05:35:00Z,cepina,0.00,0.000,16,0,0.00,0.0,0,ok,rzc262660535vl.001.h5,2026-10-06T07:15:27Z
2026-09-23T05:30:00Z,cepina,0.00,0.000,16,0,0.00,0.0,0,ok,rzc262660530vl.001.h5,2026-10-06T07:15:27Z
2026-09-23T05:25:00Z,cepina,0.00,0.000,16,0,0.00,0.0,0,ok,rzc262660525vl.001.h5,2026-10-06T07:15:27Z
2026-09-23T05:20:00Z,cepina,0.00,0.000,16,0,0.00,0.0,0,ok,rzc262660520vl.001.h5,2026-10-06T07:15:27Z
2026-09-23T05:15:00Z,cepina,0.00,0.000,16,0,0.00,0.0,0,ok,rzc262660515vl.001.h5,2026-10-06T07:15:27Z
2026-09-23T05:10:00Z,cepina,0.00,0.000,16,0,0.00,0.0,0,ok,rzc262660510vl.001.h5,2026-10-06T07:15:27Z
2026-09-23T05:05:00Z,cepina,0.00,0.000,16,0,0.00,0.0,0,ok,rzc262660505vl.001.h5,2026-10-06T07:15:27Z
2026-09-23T05:00:00Z,cepina,0.00,0.000,16,0,0.00,0.0,0,ok,rzc262660500vl.001.h5,2026-10-06T07:15:27Z
2026-09-23T04:55:00Z,cepina,0.00,0.000,16,0,0.00,0.0,0,ok,rzc262660455vl.001.h5,2026-10-06T07:15:27Z
2026-09-23T04:50:00Z,cepina,0.00,0.000,16,0,0.00,0.0,0,ok,rzc262660450vl.001.h5,2026-10-06T07:15:27Z
2026-09-23T04:45:00Z,cepina,0.00,0.000,16,0,0.00,0.0,0,ok,rzc262660445vl.001.h5,2026-10-06T07:15:27Z
2026-09-23T04:40:00Z,cepina,0.00,0.000,16,0,0.00,0.0,0,ok,rzc262660440vl.001.h5,2026-10-06T07:15:27Z
2026-09-23T04:35:00Z,cepina,0.00,0.000,16,0,0.00,0.0,0,ok,rzc262660435vl.001.h5,2026-10-06T07:15:27Z
2026-09-23T04:30:00Z,cepina,0.00,0.000,16,0,0.00,0.0,0,ok,rzc262660430vl.001.h5,2026-10-06T07:15:27Z
2026-09-23T04:25:00Z,cepina,0.00,0.000,16,0,0.00,0.0,0,ok,rzc262660425vl.001.h5,2026-10-06T07:15:27Z
2026-09-23T04:20:00Z,cepina,0.00,0.000,16,0,0.00,0.0,0,ok,rzc262660420vl.001.h5,2026-10-06T07:15:27Z
2026-09-23T04:15:00Z,cepina,0.00,0.000,16,0,0.00,0.0,0,ok,rzc262660415vl.001.h5,2026-10-06T07:15:27Z
2026-09-23T04:10:00Z,cepina,0.00,0.000,16,0,0.00,0.0,0,ok,rzc262660410vl.001.h5,2026-10-06T07:15:27Z
2026-09-23T04:05:00Z,cepina,0.00,0.000,16,0,0.00,0.0,0,ok,rzc262660405vl.001.h5,2026-10-06T07:15:27Z
2026-09-23T04:00:00Z,cepina,0.00,0.000,16,0,0.00,0.0,0,ok,rzc262660400vl.001.h5,2026-10-06T07:15:27Z
2026-09-23T03:55:00Z,cepina,0.00,0.000,16,0,0.00,0.0,0,ok,rzc262660355vl.001.h5,2026-10-06T07:15:27Z
2026-09-23T03:50:00Z,cepina,0.00,0.000,16,0,0.00,0.0,0,ok,rzc262660350vl.001.h5,2026-10-06T07:15:27Z
2026-09-23T03:45:00Z,cepina,0.00,0.000,16,0,0.00,0.0,0,ok,rzc262660345vl.001.h5,2026-10-06T07:15:27Z
2026-09-23T03:40:00Z,cepina,0.00,0.000,16,0,0.00,0.0,0,ok,rzc262660340vl.001.h5,2026-10-06T07:15:27Z
2026-09-23T03:35:00Z,cepina,0.00,0.000,16,0,0.00,0.0,0,ok,rzc262660335vl.001.h5,2026-10-06T07:15:27Z
2026-09-23T03:30:00Z,cepina,0.00,0.000,16,0,0.00,0.0,0,ok,rzc262660330vl.001.h5,2026-10-06T07:15:27Z
2026-09-23T03:25:00Z,cepina,0.00,0.000,16,0,0.00,0.0,0,ok,rzc262660325vl.001.h5,2026-10-06T07:15:27Z
2026-09-23T03:20:00Z,cepina,0.00,0.000,16,0,0.00,0.0,0,ok,rzc262660320vl.001.h5,2026-10-06T07:15:27Z
2026-09-23T03:15:00Z,cepina,0.00,0.000,16,0,0.00,0.0,0,ok,rzc262660315vl.001.h5,2026-10-06T07:15:27Z
2026-09-23T03:10:00Z,cepina,0.00,0.000,16,0,0.00,0.0,0,ok,rzc262660310vl.001.h5,2026-10-06T07:15:27Z
2026-09-23T03:05:00Z,cepina,0.00,0.000,16,0,0.00,0.0,0,ok,rzc262660305vl.001.h5,2026-10-06T07:15:27Z
2026-09-23T03:00:00Z,cepina,0.00,0.000,16,0,0.00,0.0,0,ok,rzc262660300vl.001.h5,2026-10-06T07:15:27Z
2026-09-23T02:55:00Z,cepina,0.00,0.000,16,0,0.00,0.0,0,ok,rzc262660255vl.001.h5,2026-10-06T07:15:27Z
2026-09-23T02:50:00Z,cepina,0.00,0.000,16,0,0.00,0.0,0,ok,rzc262660250vl.001.h5,2026-10-06T07:15:27Z
2026-09-23T02:45:00Z,cepina,0.00,0.000,16,0,0.00,0.0,0,ok,rzc262660245vl.001.h5,2026-10-06T07:15:27Z
2026-09-23T02:40:00Z,cepina,0.00,0.000,16,0,0.00,0.0,0,ok,rzc262660240vl.001.h5,2026-10-06T07:15:27Z
2026-09-23T02:35:00Z,cepina,0.00,0.000,16,0,0.00,0.0,0,ok,rzc262660235vl.001.h5,2026-10-06T07:15:27Z
2026-09-23T02:30:00Z,cepina,0.00,0.000,16,0,0.00,0.0,0,ok,rzc262660230vl.001.h5,2026-10-06T07:15:27Z
2026-09-23T02:25:00Z,cepina,0.00,0.000,16,0,0.00,0.0,0,ok,rzc262660225vl.001.h5,2026-10-06T07:15:27Z
2026-09-23T02:20:00Z,cepina,0.00,0.000,16,0,0.00,0.0,0,ok,rzc262660220vl.001.h5,2026-10-06T07:15:27Z
2026-09-23T02:15:00Z,cepina,0.00,0.000,16,0,0.00,0.0,0,ok,rzc262660215vl.001.h5,2026-10-06T07:15:27Z
2026-09-23T02:10:00Z,cepina,0.00,0.000,16,0,0.00,0.0,0,ok,rzc262660210vl.001.h5,2026-10-06T07:15:27Z
2026-09-23T02:05:00Z,cepina,0.00,0.000,16,0,0.00,0.0,0,ok,rzc262660205vl.001.h5,2026-10-06T07:15:27Z
2026-09-23T02:00:00Z,cepina,0.00,0.000,16,0,0.00,0.0,0,ok,rzc262660200vl.001.h5,2026-10-06T07:15:27Z
2026-09-23T01:55:00Z,cepina,0.00,0.000,16,0,0.00,0.0,0,ok,rzc262660155vl.001.h5,2026-10-06T07:15:27Z
2026-09-23T01:50:00Z,cepina,0.00,0.000,16,0,0.00,0.0,0,ok,rzc262660150vl.001.h5,2026-10-06T07:15:27Z
2026-09-23T01:45:00Z,cepina,0.00,0.000,16,0,0.00,0.0,0,ok,rzc262660145vl.001.h5,2026-10-06T07:15:27Z
2026-09-23T01:40:00Z,cepina,0.00,0.000,16,0,0.00,0.0,0,ok,rzc262660140vl.001.h5,2026-10-06T07:15:27Z
2026-09-23T01:35:00Z,cepina,0.00,0.000,16,0,0.00,0.0,0,ok,rzc262660135vl.001.h5,2026-10-06T07:15:27Z
2026-09-23T01:30:00Z,cepina,0.00,0.000,16,0,0.00,0.0,0,ok,rzc262660130vl.001.h5,2026-10-06T07:15:27Z
2026-09-23T01:25:00Z,cepina,0.00,0.000,16,0,0.00,0.0,0,ok,rzc262660125vl.001.h5,2026-10-06T07:15:27Z
2026-09-23T01:20:00Z,cepina,0.00,0.000,16,0,0.00,0.0,0,ok,rzc262660120vl.001.h5,2026-10-06T07:15:27Z
2026-09-23T01:15:00Z,cepina,0.00,0.000,16,0,0.00,0.0,0,ok,rzc262660115vl.001.h5,2026-10-06T07:15:27Z
2026-09-23T01:10:00Z,cepina,0.00,0.000,16,0,0.00,0.0,0,ok,rzc262660110vl.001.h5,2026-10-06T07:15:27Z
2026-09-23T01:05:00Z,cepina,0.00,0.000,16,0,0.00,0.0,0,ok,rzc262660105vl.001.h5,2026-10-06T07:15:27Z
2026-09-23T01:00:00Z,cepina,0.00,0.000,16,0,0.00,0.0,0,ok,rzc262660100vl.001.h5,2026-10-06T07:15:27Z
2026-09-23T00:55:00Z,cepina,0.00,0.000,16,0,0.00,0.0,0,ok,rzc262660055vl.001.h5,2026-10-06T07:15:27Z
2026-09-23T00:50:00Z,cepina,0.00,0.000,16,0,0.00,0.0,0,ok,rzc262660050vl.001.h5,2026-10-06T07:15:27Z
2026-09-23T00:45:00Z,cepina,0.00,0.000,16,0,0.00,0.0,0,ok,rzc262660045vl.001.h5,2026-10-06T07:15:27Z
2026-09-23T00:40:00Z,cepina,0.00,0.000,16,0,0.00,0.0,0,ok,rzc262660040vl.001.h5,2026-10-06T07:15:27Z
2026-09-23T00:35:00Z,cepina,0.00,0.000,16,0,0.00,0.0,0,ok,rzc262660035vl.001.h5,2026-10-06T07:15:27Z
2026-09-23T00:30:00Z,cepina,0.00,0.000,16,0,0.00,0.0,0,ok,rzc262660030vl.001.h5,2026-10-06T07:15:27Z
2026-09-23T00:25:00Z,cepina,0.00,0.000,16,0,0.00,0.0,0,ok,rzc262660025vl.001.h5,2026-10-06T07:15:27Z
2026-09-23T00:20:00Z,cepina,0.00,0.000,16,0,0.00,0.0,0,ok,rzc262660020vl.001.h5,2026-10-06T07:15:27Z
2026-09-23T00:15:00Z,cepina,0.00,0.000,16,0,0.00,0.0,0,ok,rzc262660015vl.001.h5,2026-10-06T07:15:27Z
2026-09-23T00:10:00Z,cepina,0.00,0.000,16,0,0.00,0.0,0,ok,rzc262660010vl.001.h5,2026-10-06T07:15:27Z
2026-09-23T00:05:00Z,cepina,0.00,0.000,16,0,0.00,0.0,0,ok,rzc262660005vl.001.h5,2026-10-06T07:15:27Z
2026-09-23T00:00:00Z,cepina,0.00,0.000,16,0,0.00,0.0,0,ok,rzc262660000vl.001.h5,2026-10-06T07:15:27Z
2026-09-22T23:55:00Z,cepina,0.00,0.000,16,0,0.00,0.0,0,ok,rzc262652355vl.001.h5,2026-10-06T07:15:27Z
2026-09-22T23:50:00Z,cepina,0.00,0.000,16,0,0.00,0.0,0,ok,rzc262652350vl.001.h5,2026-10-06T07:15:27Z
2026-09-22T23:45:00Z,cepina,0.00,0.000,16,0,0.00,0.0,0,ok,rzc262652345vl.001.h5,2026-10-06T07:15:27Z
2026-09-22T23:40:00Z,cepina,0.00,0.000,16,0,0.00,0.0,0,ok,rzc262652340vl.001.h5,2026-10-06T07:15:27Z
2026-09-22T23:35:00Z,cepina,0.00,0.000,16,0,0.00,0.0,0,ok,rzc262652335vl.001.h5,2026-10-06T07:15:27Z
2026-09-22T23:30:00Z,cepina,0.00,0.000,16,0,0.00,0.0,0,ok,rzc262652330vl.001.h5,2026-10-06T07:15:27Z
2026-09-22T23:25:00Z,cepina,0.00,0.000,16,0,0.00,0.0,0,ok,rzc262652325vl.001.h5,2026-10-06T07:15:27Z
2026-09-22T23:20:00Z,cepina,0.00,0.000,16,0,0.00,0.0,0,ok,rzc262652320vl.001.h5,2026-10-06T07:15:27Z
2026-09-22T23:15:00Z,cepina,0.00,0.000,16,0,0.00,0.0,0,ok,rzc262652315vl.001.h5,2026-10-06T07:15:27Z
2026-09-22T23:10:00Z,cepina,0.00,0.000,16,0,0.00,0.0,0,ok,rzc262652310vl.001.h5,2026-10-06T07:15:27Z
2026-09-22T23:05:00Z,cepina,0.00,0.000,16,0,0.00,0.0,0,ok,rzc262652305vl.001.h5,2026-10-06T07:15:27Z
2026-09-22T23:00:00Z,cepina,0.00,0.000,16,0,0.00,0.0,0,ok,rzc262652300vl.001.h5,2026-10-06T07:15:27Z
2026-09-22T22:55:00Z,cepina,0.00,0.000,16,0,0.00,0.0,0,ok,rzc262652255vl.001.h5,2026-10-06T07:15:27Z
2026-09-22T22:50:00Z,cepina,0.00,0.000,16,0,0.00,0.0,0,ok,rzc262652250vl.001.h5,2026-10-06T07:15:27Z
2026-09-22T22:45:00Z,cepina,0.00,0.000,16,0,0.00,0.0,0,ok,rzc262652245vl.001.h5,2026-10-06T07:15:27Z
2026-09-22T22:40:00Z,cepina,0.00,0.000,16,0,0.00,0.0,0,ok,rzc262652240vl.001.h5,2026-10-06T07:15:27Z
2026-09-22T22:35:00Z,cepina,0.00,0.000,16,0,0.00,0.0,0,ok,rzc262652235vl.001.h5,2026-10-06T07:15:27Z
2026-09-22T22:30:00Z,cepina,0.00,0.000,16,0,0.00,0.0,0,ok,rzc262652230vl.001.h5,2026-10-06T07:15:27Z
2026-09-22T22:25:00Z,cepina,0.00,0.000,16,0,0.00,0.0,0,ok,rzc262652225vl.001.h5,2026-10-06T07:15:27Z
2026-09-22T22:20:00Z,cepina,0.00,0.000,16,0,0.00,0.0,0,ok,rzc262652220vl.001.h5,2026-10-06T07:15:27Z
2026-09-22T22:15:00Z,cepina,0.00,0.000,16,0,0.00,0.0,0,ok,rzc262652215vl.001.h5,2026-10-06T07:15:27Z
2026-09-22T22:10:00Z,cepina,0.00,0.000,16,0,0.00,0.0,0,ok,rzc262652210vl.001.h5,2026-10-06T07:15:27Z
2026-09-22T22:05:00Z,cepina,0.00,0.000,16,0,0.00,0.0,0,ok,rzc262652205vl.001.h5,2026-10-06T07:15:27Z
2026-09-22T22:00:00Z,cepina,0.00,0.000,16,0,0.00,0.0,0,ok,rzc262652200vl.001.h5,2026-10-06T07:15:27Z
2026-09-22T21:55:00Z,cepina,0.00,0.000,16,0,0.00,0.0,0,ok,rzc262652155vl.001.h5,2026-10-06T07:15:27Z
2026-09-22T21:50:00Z,cepina,0.00,0.000,16,0,0.00,0.0,0,ok,rzc262652150vl.001.h5,2026-10-06T07:15:27Z
2026-09-22T21:45:00Z,cepina,0.00,0.000,16,0,0.00,0.0,0,ok,rzc262652145vl.001.h5,2026-10-06T07:15:27Z
2026-09-22T21:40:00Z,cepina,0.00,0.000,16,0,0.00,0.0,0,ok,rzc262652140vl.001.h5,2026-10-06T07:15:27Z
2026-09-22T21:35:00Z,cepina,0.00,0.000,16,0,0.00,0.0,0,ok,rzc262652135vl.001.h5,2026-10-06T07:15:27Z
2026-09-22T21:30:00Z,cepina,0.00,0.000,16,0,0.00,0.0,0,ok,rzc262652130vl.001.h5,2026-10-06T07:15:27Z
2026-09-22T21:25:00Z,cepina,0.00,0.000,16,0,0.00,0.0,0,ok,rzc262652125vl.001.h5,2026-10-06T07:15:27Z
2026-09-22T21:20:00Z,cepina,0.00,0.000,16,0,0.00,0.0,0,ok,rzc262652120vl.001.h5,2026-10-06T07:15:27Z
2026-09-22T21:15:00Z,cepina,0.00,0.000,16,0,0.00,0.0,0,ok,rzc262652115vl.001.h5,2026-10-06T07:15:27Z
2026-09-22T21:10:00Z,cepina,0.00,0.000,16,0,0.00,0.0,0,ok,rzc262652110vl.001.h5,2026-10-06T07:15:27Z
2026-09-22T21:05:00Z,cepina,0.00,0.000,16,0,0.00,0.0,0,ok,rzc262652105vl.001.h5,2026-10-06T07:15:27Z
2026-09-22T21:00:00Z,cepina,0.00,0.000,16,0,0.00,0.0,0,ok,rzc262652100vl.001.h5,2026-10-06T07:15:27Z
2026-09-22T20:55:00Z,cepina,0.00,0.000,16,0,0.00,0.0,0,ok,rzc262652055vl.001.h5,2026-10-06T07:15:27Z
2026-09-22T20:50:00Z,cepina,0.00,0.000,16,0,0.00,0.0,0,ok,rzc262652050vl.001.h5,2026-10-06T07:15:27Z
2026-09-22T20:45:00Z,cepina,0.00,0.000,16,0,0.00,0.0,0,ok,rzc262652045vl.001.h5,2026-10-06T07:15:27Z
2026-09-22T20:40:00Z,cepina,0.00,0.000,16,0,0.00,0.0,0,ok,rzc262652040vl.001.h5,2026-10-06T07:15:27Z
2026-09-22T20:35:00Z,cepina,0.00,0.000,16,0,0.00,0.0,0,ok,rzc262652035vl.001.h5,2026-10-06T07:15:27Z
2026-09-22T20:30:00Z,cepina,0.00,0.000,16,0,0.00,0.0,0,ok,rzc262652030vl.001.h5,2026-10-06T07:15:27Z
2026-09-22T20:25:00Z,cepina,0.00,0.000,16,0,0.00,0.0,0,ok,rzc262652025vl.001.h5,2026-10-06T07:15:27Z
2026-09-22T20:20:00Z,cepina,0.00,0.000,16,0,0.01,0.0,0,ok,rzc262652020vl.001.h5,2026-10-06T07:15:27Z
2026-09-22T20:15:00Z,cepina,0.00,0.000,16,0,0.00,0.0,0,ok,rzc262652015vl.001.h5,2026-10-06T07:15:27Z
2026-09-22T20:10:00Z,cepina,0.00,0.000,16,0,0.00,0.0,0,ok,rzc262652010fl.001.h5,2026-10-06T07:15:27Z
2026-09-22T20:05:00Z,cepina,0.00,0.000,16,0,0.00,0.0,0,ok,rzc262652005vl.001.h5,2026-10-06T07:15:27Z
2026-09-22T20:00:00Z,cepina,0.00,0.000,16,0,0.00,0.0,0,ok,rzc262652000vl.001.h5,2026-10-06T07:15:27Z
2026-09-22T19:55:00Z,cepina,0.00,0.000,16,0,0.00,0.0,0,ok,rzc262651955vl.001.h5,2026-10-06T07:15:27Z
2026-09-22T19:50:00Z,cepina,0.00,0.000,16,0,0.00,0.0,0,ok,rzc262651950vl.001.h5,2026-10-06T07:15:27Z
2026-09-22T19:45:00Z,cepina,0.00,0.000,16,0,0.00,0.0,0,ok,rzc262651945vl.001.h5,2026-10-06T07:15:27Z
2026-09-22T19:40:00Z,cepina,0.00,0.000,16,0,0.00,0.0,0,ok,rzc262651940vl.001.h5,2026-10-06T07:15:27Z
2026-09-22T19:35:00Z,cepina,0.00,0.000,16,0,0.00,0.0,0,ok,rzc262651935vl.001.h5,2026-10-06T07:15:27Z
2026-09-22T19:30:00Z,cepina,0.00,0.000,16,0,0.00,0.0,0,ok,rzc262651930vl.001.h5,2026-10-06T07:15:27Z
2026-09-22T19:25:00Z,cepina,0.00,0.000,16,0,0.00,0.0,0,ok,rzc262651925vl.001.h5,2026-10-06T07:15:27Z
2026-09-22T19:20:00Z,cepina,0.00,0.000,16,0,0.00,0.0,0,ok,rzc262651920vl.001.h5,2026-10-06T07:15:27Z
2026-09-22T19:15:00Z,cepina,0.00,0.000,16,0,0.00,0.0,0,ok,rzc262651915vl.001.h5,2026-10-06T07:15:27Z
2026-09-22T19:10:00Z,cepina,0.00,0.000,16,0,0.00,0.0,0,ok,rzc262651910vl.001.h5,2026-10-06T07:15:27Z
2026-09-22T19:05:00Z,cepina,0.00,0.000,16,0,0.00,0.0,0,ok,rzc262651905vl.001.h5,2026-10-06T07:15:27Z
2026-09-22T19:00:00Z,cepina,0.00,0.000,16,0,0.00,0.0,0,ok,rzc262651900vl.001.h5,2026-10-06T07:15:27Z
2026-09-22T18:55:00Z,cepina,0.00,0.000,16,0,0.00,0.0,0,ok,rzc262651855vl.001.h5,2026-10-06T07:15:27Z
2026-09-22T18:50:00Z,cepina,0.00,0.000,16,0,0.00,0.0,0,ok,rzc262651850vl.001.h5,2026-10-06T07:15:27Z
2026-09-22T18:45:00Z,cepina,0.00,0.000,16,0,0.00,0.0,0,ok,rzc262651845vl.001.h5,2026-10-06T07:15:27Z
2026-09-22T18:40:00Z,cepina,0.00,0.000,16,0,0.00,0.0,0,ok,rzc262651840vl.001.h5,2026-10-06T07:15:27Z
2026-09-22T18:35:00Z,cepina,0.00,0.000,16,0,0.00,0.0,0,ok,rzc262651835vl.001.h5,2026-10-06T07:15:27Z
2026-09-22T18:30:00Z,cepina,0.00,0.000,16,0,0.00,0.0,0,ok,rzc262651830vl.001.h5,2026-10-06T07:15:27Z
2026-09-22T18:25:00Z,cepina,0.00,0.000,16,0,0.00,0.0,0,ok,rzc262651825vl.001.h5,2026-10-06T07:15:27Z
2026-09-22T18:20:00Z,cepina,0.00,0.000,16,0,0.00,0.0,0,ok,rzc262651820vl.001.h5,2026-10-06T07:15:27Z
2026-09-22T18:15:00Z,cepina,0.00,0.000,16,0,0.00,0.0,0,ok,rzc262651815vl.001.h5,2026-10-06T07:15:27Z
2026-09-22T18:10:00Z,cepina,0.00,0.000,16,0,0.00,0.0,0,ok,rzc262651810vl.001.h5,2026-10-06T07:15:27Z
2026-09-22T18:05:00Z,cepina,0.00,0.000,16,0,0.00,0.0,0,ok,rzc262651805vl.001.h5,2026-10-06T07:15:27Z
2026-09-22T18:00:00Z,cepina,0.00,0.000,16,0,0.00,0.0,0,ok,rzc262651800vl.001.h5,2026-10-06T07:15:27Z
2026-09-22T17:55:00Z,cepina,0.00,0.000,16,0,0.00,0.0,0,ok,rzc262651755vl.001.h5,2026-10-06T07:15:27Z
2026-09-22T17:50:00Z,cepina,0.00,0.000,16,0,0.00,0.0,0,ok,rzc262651750vl.001.h5,2026-10-06T07:15:27Z
2026-09-22T17:45:00Z,cepina,0.00,0.000,16,0,0.00,0.0,0,ok,rzc262651745vl.001.h5,2026-10-06T07:15:27Z
2026-09-22T17:40:00Z,cepina,0.00,0.000,16,0,0.00,0.0,0,ok,rzc262651740vl.001.h5,2026-10-06T07:15:27Z
2026-09-22T17:35:00Z,cepina,0.00,0.000,16,0,0.00,0.0,0,ok,rzc262651735vl.001.h5,2026-10-06T07:15:27Z
2026-09-22T17:30:00Z,cepina,0.00,0.000,16,0,0.00,0.0,0,ok,rzc262651730vl.001.h5,2026-10-06T07:15:27Z
2026-09-22T17:25:00Z,cepina,0.00,0.000,16,0,0.00,0.0,0,ok,rzc262651725vl.001.h5,2026-10-06T07:15:27Z
2026-09-22T17:20:00Z,cepina,0.00,0.000,16,0,0.00,0.0,0,ok,rzc262651720vl.001.h5,2026-10-06T07:15:27Z
2026-09-22T17:15:00Z,cepina,0.00,0.000,16,0,0.00,0.0,0,ok,rzc262651715vl.001.h5,2026-10-06T07:15:27Z
2026-09-22T17:10:00Z,cepina,0.00,0.000,16,0,0.00,0.0,0,ok,rzc262651710vl.001.h5,2026-10-06T07:15:27Z
2026-09-22T17:05:00Z,cepina,0.00,0.000,16,0,0.00,0.0,0,ok,rzc262651705vl.001.h5,2026-10-06T07:15:27Z
2026-09-22T17:00:00Z,cepina,0.00,0.000,16,0,0.00,0.0,0,ok,rzc262651700vl.001.h5,2026-10-06T07:15:27Z
2026-09-22T16:55:00Z,cepina,0.00,0.000,16,0,0.00,0.0,0,ok,rzc262651655vl.001.h5,2026-10-06T07:15:27Z
2026-09-22T16:50:00Z,cepina,0.00,0.000,16,0,0.00,0.0,0,ok,rzc262651650vl.001.h5,2026-10-06T07:15:27Z
2026-09-22T16:45:00Z,cepina,0.00,0.000,16,0,0.00,0.0,0,ok,rzc262651645vl.001.h5,2026-10-06T07:15:27Z
2026-09-22T16:40:00Z,cepina,0.00,0.000,16,0,0.00,0.0,0,ok,rzc262651640vl.001.h5,2026-10-06T07:15:27Z
2026-09-22T16:35:00Z,cepina,0.00,0.000,16,0,0.00,0.0,0,ok,rzc262651635vl.001.h5,2026-10-06T07:15:27Z
2026-09-22T16:30:00Z,cepina,0.00,0.000,16,0,0.00,0.0,0,ok,rzc262651630vl.001.h5,2026-10-06T07:15:27Z
2026-09-22T16:25:00Z,cepina,0.00,0.000,16,0,0.01,0.0,0,ok,rzc262651625vl.001.h5,2026-10-06T07:15:27Z
2026-09-22T16:20:00Z,cepina,0.00,0.000,16,0,0.00,0.0,0,ok,rzc262651620vl.001.h5,2026-10-06T07:15:27Z
2026-09-22T16:15:00Z,cepina,0.00,0.000,16,0,0.00,0.0,0,ok,rzc262651615vl.001.h5,2026-10-06T07:15:27Z
2026-09-22T16:10:00Z,cepina,0.00,0.000,16,0,0.00,0.0,0,ok,rzc262651610vl.001.h5,2026-10-06T07:15:27Z
2026-09-22T16:05:00Z,cepina,0.00,0.000,16,0,0.00,0.0,0,ok,rzc262651605vl.001.h5,2026-10-06T07:15:27Z
2026-09-22T16:00:00Z,cepina,0.00,0.000,16,0,0.00,0.0,0,ok,rzc262651600vl.001.h5,2026-10-06T07:15:27Z
2026-09-22T15:55:00Z,cepina,0.00,0.000,16,0,0.00,0.0,0,ok,rzc262651555vl.001.h5,2026-10-06T07:15:27Z
2026-09-22T15:50:00Z,cepina,0.00,0.000,16,0,0.00,0.0,0,ok,rzc262651550vl.001.h5,2026-10-06T07:15:27Z
2026-09-22T15:45:00Z,cepina,0.00,0.000,16,0,0.00,0.0,0,ok,rzc262651545vl.001.h5,2026-10-06T07:15:27Z
2026-09-22T15:40:00Z,cepina,0.00,0.000,16,0,0.01,0.0,0,ok,rzc262651540vl.001.h5,2026-10-06T07:15:27Z
2026-09-22T15:35:00Z,cepina,0.00,0.000,16,0,0.00,0.0,0,ok,rzc262651535vl.001.h5,2026-10-06T07:15:27Z
2026-09-22T15:30:00Z,cepina,0.00,0.000,16,0,0.00,0.0,0,ok,rzc262651530vl.001.h5,2026-10-06T07:15:27Z
2026-09-22T15:25:00Z,cepina,0.00,0.000,16,0,0.00,0.0,0,ok,rzc262651525vl.001.h5,2026-10-06T07:15:27Z
2026-09-22T15:20:00Z,cepina,0.00,0.000,16,0,0.00,0.0,0,ok,rzc262651520vl.001.h5,2026-10-06T07:15:27Z
2026-09-22T15:15:00Z,cepina,0.00,0.000,16,0,0.00,0.0,0,ok,rzc262651515vl.001.h5,2026-10-06T07:15:27Z
2026-09-22T15:10:00Z,cepina,0.00,0.000,16,0,0.00,0.0,0,ok,rzc262651510vl.001.h5,2026-10-06T07:15:27Z
2026-09-22T15:05:00Z,cepina,0.00,0.000,16,0,0.00,0.0,0,ok,rzc262651505vl.001.h5,2026-10-06T07:15:27Z
2026-09-22T15:00:00Z,cepina,0.00,0.000,16,0,0.00,0.0,0,ok,rzc262651500vl.001.h5,2026-10-06T07:15:27Z
2026-09-22T14:55:00Z,cepina,0.00,0.000,16,0,0.00,0.0,0,ok,rzc262651455vl.001.h5,2026-10-06T07:15:27Z
2026-09-22T14:50:00Z,cepina,0.00,0.000,16,0,0.00,0.0,0,ok,rzc262651450vl.001.h5,2026-10-06T07:15:27Z
2026-09-22T14:45:00Z,cepina,0.00,0.000,16,0,0.00,0.0,0,ok,rzc262651445vl.001.h5,2026-10-06T07:15:27Z
2026-09-22T14:40:00Z,cepina,0.00,0.000,16,0,0.00,0.0,0,ok,rzc262651440vl.001.h5,2026-10-06T07:15:27Z
2026-09-22T14:35:00Z,cepina,0.00,0.000,16,0,0.00,0.0,0,ok,rzc262651435vl.001.h5,2026-10-06T07:15:27Z
2026-09-22T14:30:00Z,cepina,0.00,0.000,16,0,0.00,0.0,0,ok,rzc262651430vl.001.h5,2026-10-06T07:15:27Z
2026-09-22T14:25:00Z,cepina,0.00,0.000,16,0,0.00,0.0,0,ok,rzc262651425vl.001.h5,2026-10-06T07:15:27Z
2026-09-22T14:20:00Z,cepina,0.00,0.000,16,0,0.00,0.0,0,ok,rzc262651420vl.001.h5,2026-10-06T07:15:27Z
2026-09-22T14:15:00Z,cepina,0.00,0.000,16,0,0.00,0.0,0,ok,rzc262651415vl.001.h5,2026-10-06T07:15:27Z
2026-09-22T14:10:00Z,cepina,0.00,0.000,16,0,0.00,0.0,0,ok,rzc262651410vl.001.h5,2026-10-06T07:15:27Z
2026-09-22T14:05:00Z,cepina,0.00,0.000,16,0,0.00,0.0,0,ok,rzc262651405vl.001.h5,2026-10-06T07:15:27Z
2026-09-22T14:00:00Z,cepina,0.00,0.000,16,0,0.00,0.0,0,ok,rzc262651400vl.001.h5,2026-10-06T07:15:27Z
2026-09-22T13:55:00Z,cepina,0.00,0.000,16,0,0.00,0.0,0,ok,rzc262651355vl.001.h5,2026-10-06T07:15:27Z
2026-09-22T13:50:00Z,cepina,0.00,0.000,16,0,0.00,0.0,0,ok,rzc262651350vl.001.h5,2026-10-06T07:15:27Z
2026-09-22T13:45:00Z,cepina,0.00,0.000,16,0,0.00,0.0,0,ok,rzc262651345vl.001.h5,2026-10-06T07:15:27Z
2026-09-22T13:40:00Z,cepina,0.00,0.000,16,0,0.00,0.0,0,ok,rzc262651340vl.001.h5,2026-10-06T07:15:27Z
2026-09-22T13:35:00Z,cepina,0.00,0.000,16,0,0.00,0.0,0,ok,rzc262651335vl.001.h5,2026-10-06T07:15:27Z
2026-09-22T13:30:00Z,cepina,0.00,0.000,16,0,0.00,0.0,0,ok,rzc262651330vl.001.h5,2026-10-06T07:15:27Z
2026-09-22T13:25:00Z,cepina,0.00,0.000,16,0,0.00,0.0,0,ok,rzc262651325vl.001.h5,2026-10-06T07:15:27Z
2026-09-22T13:20:00Z,cepina,0.00,0.000,16,0,0.00,0.0,0,ok,rzc262651320vl.001.h5,2026-10-06T07:15:27Z
2026-09-22T13:15:00Z,cepina,0.00,0.000,16,0,0.00,0.0,0,ok,rzc262651315vl.001.h5,2026-10-06T07:15:27Z
2026-09-22T13:10:00Z,cepina,0.00,0.000,16,0,0.00,0.0,0,ok,rzc262651310vl.001.h5,2026-10-06T07:15:27Z
2026-09-22T13:05:00Z,cepina,0.00,0.000,16,0,0.00,0.0,0,ok,rzc262651305vl.001.h5,2026-10-06T07:15:27Z
2026-09-22T13:00:00Z,cepina,0.00,0.000,16,0,0.00,0.0,0,ok,rzc262651300vl.001.h5,2026-10-06T07:15:27Z
2026-09-22T12:55:00Z,cepina,0.00,0.000,16,0,0.00,0.0,0,ok,rzc262651255vl.001.h5,2026-10-06T07:15:27Z
2026-09-22T12:50:00Z,cepina,0.00,0.000,16,0,0.00,0.0,0,ok,rzc262651250vl.001.h5,2026-10-06T07:15:27Z
2026-09-22T12:45:00Z,cepina,0.00,0.000,16,0,0.00,0.0,0,ok,rzc262651245vl.001.h5,2026-10-06T07:15:27Z
2026-09-22T12:40:00Z,cepina,0.00,0.000,16,0,0.00,0.0,0,ok,rzc262651240vl.001.h5,2026-10-06T07:15:27Z
2026-09-22T12:35:00Z,cepina,0.00,0.000,16,0,0.00,0.0,0,ok,rzc262651235vl.001.h5,2026-10-06T07:15:27Z
2026-09-22T12:30:00Z,cepina,0.00,0.000,16,0,0.00,0.0,0,ok,rzc262651230vl.001.h5,2026-10-06T07:15:27Z
2026-09-22T12:25:00Z,cepina,0.00,0.000,16,0,0.00,0.0,0,ok,rzc262651225vl.001.h5,2026-10-06T07:15:27Z
2026-09-22T12:20:00Z,cepina,0.00,0.000,16,0,0.00,0.0,0,ok,rzc262651220vl.001.h5,2026-10-06T07:15:27Z
2026-09-22T12:15:00Z,cepina,0.00,0.000,16,0,0.00,0.0,0,ok,rzc262651215vl.001.h5,2026-10-06T07:15:27Z
2026-09-22T12:10:00Z,cepina,0.00,0.000,16,0,0.00,0.0,0,ok,rzc262651210vl.001.h5,2026-10-06T07:15:27Z
2026-09-22T12:05:00Z,cepina,0.00,0.000,16,0,0.00,0.0,0,ok,rzc262651205vl.001.h5,2026-10-06T07:15:27Z
2026-09-22T12:00:00Z,cepina,0.00,0.000,16,0,0.00,0.0,0,ok,rzc262651200ml.001.h5,2026-10-06T07:15:27Z
2026-09-22T11:55:00Z,cepina,0.00,0.000,16,0,0.00,0.0,0,ok,rzc262651155ll.001.h5,2026-10-06T07:15:27Z
2026-09-22T11:50:00Z,cepina,0.00,0.000,16,0,0.00,0.0,0,ok,rzc262651150vl.001.h5,2026-10-06T07:15:27Z
2026-09-22T11:45:00Z,cepina,0.00,0.000,16,0,0.00,0.0,0,ok,rzc262651145vl.001.h5,2026-10-06T07:15:27Z
2026-09-22T11:40:00Z,cepina,0.00,0.000,16,0,0.00,0.0,0,ok,rzc262651140vl.001.h5,2026-10-06T07:15:27Z
2026-09-22T11:35:00Z,cepina,0.00,0.000,16,0,0.00,0.0,0,ok,rzc262651135vl.001.h5,2026-10-06T07:15:27Z
2026-09-22T11:30:00Z,cepina,0.00,0.000,16,0,0.00,0.0,0,ok,rzc262651130vl.001.h5,2026-10-06T07:15:27Z
2026-09-22T11:25:00Z,cepina,0.00,0.000,16,0,0.00,0.0,0,ok,rzc262651125vl.001.h5,2026-10-06T07:15:27Z
2026-09-22T11:20:00Z,cepina,0.00,0.000,16,0,0.00,0.0,0,ok,rzc262651120vl.001.h5,2026-10-06T07:15:27Z
2026-09-22T11:15:00Z,cepina,0.00,0.000,16,0,0.00,0.0,0,ok,rzc262651115vl.001.h5,2026-10-06T07:15:27Z
2026-09-22T11:10:00Z,cepina,0.00,0.000,16,0,0.00,0.0,0,ok,rzc262651110vl.001.h5,2026-10-06T07:15:27Z
2026-09-22T11:05:00Z,cepina,0.00,0.000,16,0,0.00,0.0,0,ok,rzc262651105vl.001.h5,2026-10-06T07:15:27Z
2026-09-22T11:00:00Z,cepina,0.00,0.000,16,0,0.00,0.0,0,ok,rzc262651100vl.001.h5,2026-10-06T07:15:27Z
2026-09-22T10:55:00Z,cepina,0.00,0.000,16,0,0.00,0.0,0,ok,rzc262651055vl.001.h5,2026-10-06T07:15:27Z
2026-09-22T10:50:00Z,cepina,0.00,0.000,16,0,0.00,0.0,0,ok,rzc262651050vl.001.h5,2026-10-06T07:15:27Z
2026-09-22T10:45:00Z,cepina,0.00,0.000,16,0,0.00,0.0,0,ok,rzc262651045vl.001.h5,2026-10-06T07:15:27Z
2026-09-22T10:40:00Z,cepina,0.00,0.000,16,0,0.00,0.0,0,ok,rzc262651040vl.001.h5,2026-10-06T07:15:27Z
2026-09-22T10:35:00Z,cepina,0.00,0.000,16,0,0.00,0.0,0,ok,rzc262651035vl.001.h5,2026-10-06T07:15:27Z
2026-09-22T10:30:00Z,cepina,0.00,0.000,16,0,0.00,0.0,0,ok,rzc262651030vl.001.h5,2026-10-06T07:15:27Z
2026-09-22T10:25:00Z,cepina,0.00,0.000,16,0,0.00,0.0,0,ok,rzc262651025vl.001.h5,2026-10-06T07:15:27Z
2026-09-22T10:20:00Z,cepina,0.00,0.000,16,0,0.00,0.0,0,ok,rzc262651020vl.001.h5,2026-10-06T07:15:27Z
2026-09-22T10:15:00Z,cepina,0.00,0.000,16,0,0.00,0.0,0,ok,rzc262651015vl.001.h5,2026-10-06T07:15:27Z
2026-09-22T10:10:00Z,cepina,0.00,0.000,16,0,0.00,0.0,0,ok,rzc262651010vl.001.h5,2026-10-06T07:15:27Z
2026-09-22T10:05:00Z,cepina,0.00,0.000,16,0,0.00,0.0,0,ok,rzc262651005vl.001.h5,2026-10-06T07:15:27Z
2026-09-22T10:00:00Z,cepina,0.00,0.000,16,0,0.00,0.0,0,ok,rzc262651000vl.001.h5,2026-10-06T07:15:27Z
2026-09-22T09:55:00Z,cepina,0.00,0.000,16,0,0.00,0.0,0,ok,rzc262650955vl.001.h5,2026-10-06T07:15:27Z
2026-09-22T09:50:00Z,cepina,0.00,0.000,16,0,0.00,0.0,0,ok,rzc262650950vl.001.h5,2026-10-06T07:15:27Z
2026-09-22T09:45:00Z,cepina,0.00,0.000,16,0,0.00,0.0,0,ok,rzc262650945vl.001.h5,2026-10-06T07:15:27Z
2026-09-22T09:40:00Z,cepina,0.00,0.000,16,0,0.00,0.0,0,ok,rzc262650940vl.001.h5,2026-10-06T07:15:27Z
2026-09-22T09:35:00Z,cepina,0.00,0.000,16,0,0.00,0.0,0,ok,rzc262650935vl.001.h5,2026-10-06T07:15:27Z
2026-09-22T09:30:00Z,cepina,0.00,0.000,16,0,0.00,0.0,0,ok,rzc262650930vl.001.h5,2026-10-06T07:15:27Z
2026-09-22T09:25:00Z,cepina,0.00,0.000,16,0,0.00,0.0,0,ok,rzc262650925vl.001.h5,2026-10-06T07:15:27Z
2026-09-22T09:20:00Z,cepina,0.00,0.000,16,0,0.00,0.0,0,ok,rzc262650920vl.001.h5,2026-10-06T07:15:27Z
2026-09-22T09:15:00Z,cepina,0.00,0.000,16,0,0.00,0.0,0,ok,rzc262650915vl.001.h5,2026-10-06T07:15:27Z
2026-09-22T09:10:00Z,cepina,0.00,0.000,16,0,0.00,0.0,0,ok,rzc262650910vl.001.h5,2026-10-06T07:15:27Z
2026-09-22T09:05:00Z,cepina,0.00,0.000,16,0,0.00,0.0,0,ok,rzc262650905vl.001.h5,2026-10-06T07:15:27Z
2026-09-22T09:00:00Z,cepina,0.00,0.000,16,0,0.00,0.0,0,ok,rzc262650900vl.001.h5,2026-10-06T07:15:27Z
2026-09-22T08:55:00Z,cepina,0.00,0.000,16,0,0.00,0.0,0,ok,rzc262650855vl.001.h5,2026-10-06T07:15:27Z
2026-09-22T08:50:00Z,cepina,0.00,0.000,16,0,0.00,0.0,0,ok,rzc262650850vl.001.h5,2026-10-06T07:15:27Z
2026-09-22T08:45:00Z,cepina,0.00,0.000,16,0,0.00,0.0,0,ok,rzc262650845vl.001.h5,2026-10-06T07:15:27Z
2026-09-22T08:40:00Z,cepina,0.00,0.000,16,0,0.00,0.0,0,ok,rzc262650840vl.001.h5,2026-10-06T07:15:27Z
2026-09-22T08:35:00Z,cepina,0.00,0.000,16,0,0.00,0.0,0,ok,rzc262650835vl.001.h5,2026-10-06T07:15:27Z
2026-09-22T08:30:00Z,cepina,0.00,0.000,16,0,0.00,0.0,0,ok,rzc262650830vl.001.h5,2026-10-06T07:15:27Z
2026-09-22T08:25:00Z,cepina,0.00,0.000,16,0,0.00,0.0,0,ok,rzc262650825vl.001.h5,2026-10-06T07:15:27Z
2026-09-22T08:20:00Z,cepina,0.00,0.000,16,0,0.00,0.0,0,ok,rzc262650820vl.001.h5,2026-10-06T07:15:27Z
2026-09-22T08:15:00Z,cepina,0.00,0.000,16,0,0.00,0.0,0,ok,rzc262650815vl.001.h5,2026-10-06T07:15:27Z
2026-09-22T08:10:00Z,cepina,0.00,0.000,16,0,0.00,0.0,0,ok,rzc262650810vl.001.h5,2026-10-06T07:15:27Z
2026-09-22T08:05:00Z,cepina,0.00,0.000,16,0,0.00,0.0,0,ok,rzc262650805vl.001.h5,2026-10-06T07:15:27Z
2026-09-22T08:00:00Z,cepina,0.00,0.000,16,0,0.00,0.0,0,ok,rzc262650800vl.001.h5,2026-10-06T07:15:27Z
2026-09-22T07:55:00Z,cepina,0.00,0.000,16,0,0.00,0.0,0,ok,rzc262650755vl.001.h5,2026-10-06T07:15:27Z
2026-09-22T07:50:00Z,cepina,0.00,0.000,16,0,0.00,0.0,0,ok,rzc262650750vl.001.h5,2026-10-06T07:15:27Z
2026-09-22T07:45:00Z,cepina,0.00,0.000,16,0,0.00,0.0,0,ok,rzc262650745vl.001.h5,2026-10-06T07:15:27Z
2026-09-22T07:40:00Z,cepina,0.00,0.000,16,0,0.00,0.0,0,ok,rzc262650740vl.001.h5,2026-10-06T07:15:27Z
2026-09-22T07:35:00Z,cepina,0.00,0.000,16,0,0.00,0.0,0,ok,rzc262650735vl.001.h5,2026-10-06T07:15:27Z
2026-09-22T07:30:00Z,cepina,0.00,0.000,16,0,0.00,0.0,0,ok,rzc262650730vl.001.h5,2026-10-06T07:15:27Z
2026-09-22T07:25:00Z,cepina,0.00,0.000,16,0,0.00,0.0,0,ok,rzc262650725vl.001.h5,2026-10-06T07:15:27Z
2026-09-22T07:20:00Z,cepina,0.00,0.000,16,0,0.00,0.0,0,ok,rzc262650720vl.001.h5,2026-10-06T07:15:27Z
2026-09-22T07:15:00Z,cepina,0.00,0.000,16,0,0.00,0.0,0,ok,rzc262650715vl.001.h5,2026-10-06T07:15:27Z
2026-09-22T07:10:00Z,cepina,0.00,0.000,16,0,0.00,0.0,0,ok,rzc262650710vl.001.h5,2026-10-06T07:15:27Z
2026-09-22T07:05:00Z,cepina,0.00,0.000,16,0,0.00,0.0,0,ok,rzc262650705vl.001.h5,2026-10-06T07:15:27Z
2026-09-22T07:00:00Z,cepina,0.00,0.000,16,0,0.00,0.0,0,ok,rzc262650700vl.001.h5,2026-10-06T07:15:27Z
2026-09-22T06:55:00Z,cepina,0.00,0.000,16,0,0.00,0.0,0,ok,rzc262650655vl.001.h5,2026-10-06T07:15:27Z
2026-09-22T06:50:00Z,cepina,0.00,0.000,16,0,0.00,0.0,0,ok,rzc262650650vl.001.h5,2026-10-06T07:15:27Z
2026-09-22T06:45:00Z,cepina,0.00,0.000,16,0,0.00,0.0,0,ok,rzc262650645vl.001.h5,2026-10-06T07:15:27Z
2026-09-22T06:40:00Z,cepina,0.00,0.000,16,0,0.00,0.0,0,ok,rzc262650640vl.001.h5,2026-10-06T07:15:27Z
2026-09-22T06:35:00Z,cepina,0.00,0.000,16,0,0.00,0.0,0,ok,rzc262650635vl.001.h5,2026-10-06T07:15:27Z
2026-09-22T06:30:00Z,cepina,0.00,0.000,16,0,0.00,0.0,0,ok,rzc262650630vl.001.h5,2026-10-06T07:15:27Z
2026-09-22T06:25:00Z,cepina,0.00,0.000,16,0,0.00,0.0,0,ok,rzc262650625vl.001.h5,2026-10-06T07:15:27Z
2026-09-22T06:20:00Z,cepina,0.00,0.000,16,0,0.00,0.0,0,ok,rzc262650620vl.001.h5,2026-10-06T07:15:27Z
2026-09-22T06:15:00Z,cepina,0.00,0.000,16,0,0.00,0.0,0,ok,rzc262650615vl.001.h5,2026-10-06T07:15:27Z
2026-09-22T06:10:00Z,cepina,0.00,0.000,16,0,0.00,0.0,0,ok,rzc262650610vl.001.h5,2026-10-06T07:15:27Z
2026-09-22T06:05:00Z,cepina,0.00,0.000,16,0,0.00,0.0,0,ok,rzc262650605vl.001.h5,2026-10-06T07:15:27Z
2026-09-22T06:00:00Z,cepina,0.00,0.000,16,0,0.00,0.0,0,ok,rzc262650600vl.001.h5,2026-10-06T07:15:27Z
2026-09-22T05:55:00Z,cepina,0.00,0.000,16,0,0.00,0.0,0,ok,rzc262650555vl.001.h5,2026-10-06T07:15:27Z
2026-09-22T05:50:00Z,cepina,0.00,0.000,16,0,0.00,0.0,0,ok,rzc262650550vl.001.h5,2026-10-06T07:15:27Z
2026-09-22T05:45:00Z,cepina,0.00,0.000,16,0,0.00,0.0,0,ok,rzc262650545vl.001.h5,2026-10-06T07:15:27Z
2026-09-22T05:40:00Z,cepina,0.00,0.000,16,0,0.00,0.0,0,ok,rzc262650540vl.001.h5,2026-10-06T07:15:27Z
2026-09-22T05:35:00Z,cepina,0.00,0.000,16,0,0.00,0.0,0,ok,rzc262650535vl.001.h5,2026-10-06T07:15:27Z
2026-09-22T05:30:00Z,cepina,0.00,0.000,16,0,0.00,0.0,0,ok,rzc262650530vl.001.h5,2026-10-06T07:15:27Z
2026-09-22T05:25:00Z,cepina,0.00,0.000,16,0,0.00,0.0,0,ok,rzc262650525vl.001.h5,2026-10-06T07:15:27Z
2026-09-22T05:20:00Z,cepina,0.00,0.000,16,0,0.00,0.0,0,ok,rzc262650520vl.001.h5,2026-10-06T07:15:27Z
2026-09-22T05:15:00Z,cepina,0.00,0.000,16,0,0.00,0.0,0,ok,rzc262650515vl.001.h5,2026-10-06T07:15:27Z
2026-09-22T05:10:00Z,cepina,0.00,0.000,16,0,0.00,0.0,0,ok,rzc262650510vl.001.h5,2026-10-06T07:15:27Z
2026-09-22T05:05:00Z,cepina,0.00,0.000,16,0,0.00,0.0,0,ok,rzc262650505vl.001.h5,2026-10-06T07:15:27Z
2026-09-22T05:00:00Z,cepina,0.00,0.000,16,0,0.00,0.0,0,ok,rzc262650500vl.001.h5,2026-10-06T07:15:27Z
2026-09-22T04:55:00Z,cepina,0.00,0.000,16,0,0.00,0.0,0,ok,rzc262650455vl.001.h5,2026-10-06T07:15:27Z
2026-09-22T04:50:00Z,cepina,0.00,0.000,16,0,0.00,0.0,0,ok,rzc262650450vl.001.h5,2026-10-06T07:15:27Z
2026-09-22T04:45:00Z,cepina,0.00,0.000,16,0,0.00,0.0,0,ok,rzc262650445vl.001.h5,2026-10-06T07:15:27Z
2026-09-22T04:40:00Z,cepina,0.00,0.000,16,0,0.00,0.0,0,ok,rzc262650440vl.001.h5,2026-10-06T07:15:27Z
2026-09-22T04:35:00Z,cepina,0.00,0.000,16,0,0.01,0.0,0,ok,rzc262650435vl.001.h5,2026-10-06T07:15:27Z
2026-09-22T04:30:00Z,cepina,0.00,0.000,16,0,0.00,0.0,0,ok,rzc262650430vl.001.h5,2026-10-06T07:15:27Z
2026-09-22T04:25:00Z,cepina,0.00,0.000,16,0,0.00,0.0,0,ok,rzc262650425vl.001.h5,2026-10-06T07:15:27Z
2026-09-22T04:20:00Z,cepina,0.00,0.000,16,0,0.01,0.0,0,ok,rzc262650420vl.001.h5,2026-10-06T07:15:27Z
2026-09-22T04:15:00Z,cepina,0.00,0.000,16,0,0.00,0.0,0,ok,rzc262650415vl.001.h5,2026-10-06T07:15:27Z
2026-09-22T04:10:00Z,cepina,0.00,0.000,16,0,0.00,0.0,0,ok,rzc262650410vl.001.h5,2026-10-06T07:15:27Z
2026-09-22T04:05:00Z,cepina,0.00,0.000,16,0,0.00,0.0,0,ok,rzc262650405vl.001.h5,2026-10-06T07:15:27Z
2026-09-22T04:00:00Z,cepina,0.00,0.000,16,0,0.00,0.0,0,ok,rzc262650400vl.001.h5,2026-10-06T07:15:27Z
2026-09-22T03:55:00Z,cepina,0.00,0.000,16,0,0.00,0.0,0,ok,rzc262650355vl.001.h5,2026-10-06T07:15:27Z
2026-09-22T03:50:00Z,cepina,0.00,0.000,16,0,0.00,0.0,0,ok,rzc262650350vl.001.h5,2026-10-06T07:15:27Z
2026-09-22T03:45:00Z,cepina,0.00,0.000,16,0,0.00,0.0,0,ok,rzc262650345vl.001.h5,2026-10-06T07:15:27Z
2026-09-22T03:40:00Z,cepina,0.00,0.000,16,0,0.00,0.0,0,ok,rzc262650340vl.001.h5,2026-10-06T07:15:27Z
2026-09-22T03:35:00Z,cepina,0.00,0.000,16,0,0.00,0.0,0,ok,rzc262650335vl.001.h5,2026-10-06T07:15:27Z
2026-09-22T03:30:00Z,cepina,0.00,0.000,16,0,0.00,0.0,0,ok,rzc262650330vl.001.h5,2026-10-06T07:15:27Z
2026-09-22T03:25:00Z,cepina,0.00,0.000,16,0,0.00,0.0,0,ok,rzc262650325vl.001.h5,2026-10-06T07:15:27Z
2026-09-22T03:20:00Z,cepina,0.00,0.000,16,0,0.00,0.0,0,ok,rzc262650320vl.001.h5,2026-10-06T07:15:27Z
2026-09-22T03:15:00Z,cepina,0.00,0.000,16,0,0.00,0.0,0,ok,rzc262650315vl.001.h5,2026-10-06T07:15:27Z
2026-09-22T03:10:00Z,cepina,0.00,0.000,16,0,0.00,0.0,0,ok,rzc262650310vl.001.h5,2026-10-06T07:15:27Z
2026-09-22T03:05:00Z,cepina,0.00,0.000,16,0,0.00,0.0,0,ok,rzc262650305vl.001.h5,2026-10-06T07:15:27Z
2026-09-22T03:00:00Z,cepina,0.00,0.000,16,0,0.00,0.0,0,ok,rzc262650300vl.001.h5,2026-10-06T07:15:27Z
2026-09-22T02:55:00Z,cepina,0.00,0.000,16,0,0.00,0.0,0,ok,rzc262650255vl.001.h5,2026-10-06T07:15:27Z
2026-09-22T02:50:00Z,cepina,0.00,0.000,16,0,0.00,0.0,0,ok,rzc262650250vl.001.h5,2026-10-06T07:15:27Z
2026-09-22T02:45:00Z,cepina,0.00,0.000,16,0,0.00,0.0,0,ok,rzc262650245vl.001.h5,2026-10-06T07:15:27Z
2026-09-22T02:40:00Z,cepina,0.00,0.000,16,0,0.00,0.0,0,ok,rzc262650240vl.001.h5,2026-10-06T07:15:27Z
2026-09-22T02:35:00Z,cepina,0.00,0.000,16,0,0.00,0.0,0,ok,rzc262650235vl.001.h5,2026-10-06T07:15:27Z
2026-09-22T02:30:00Z,cepina,0.00,0.000,16,0,0.00,0.0,0,ok,rzc262650230vl.001.h5,2026-10-06T07:15:27Z
2026-09-22T02:25:00Z,cepina,0.00,0.000,16,0,0.00,0.0,0,ok,rzc262650225vl.001.h5,2026-10-06T07:15:27Z
2026-09-22T02:20:00Z,cepina,0.00,0.000,16,0,0.00,0.0,0,ok,rzc262650220vl.001.h5,2026-10-06T07:15:27Z
2026-09-22T02:15:00Z,cepina,0.00,0.000,16,0,0.00,0.0,0,ok,rzc262650215vl.001.h5,2026-10-06T07:15:27Z
2026-09-22T02:10:00Z,cepina,0.00,0.000,16,0,0.00,0.0,0,ok,rzc262650210vl.001.h5,2026-10-06T07:15:27Z
2026-09-22T02:05:00Z,cepina,0.00,0.000,16,0,0.00,0.0,0,ok,rzc262650205vl.001.h5,2026-10-06T07:15:27Z
2026-09-22T02:00:00Z,cepina,0.00,0.000,16,0,0.00,0.0,0,ok,rzc262650200vl.001.h5,2026-10-06T07:15:27Z
2026-09-22T01:55:00Z,cepina,0.00,0.000,16,0,0.00,0.0,0,ok,rzc262650155vl.001.h5,2026-10-06T07:15:27Z
2026-09-22T01:50:00Z,cepina,0.00,0.000,16,0,0.00,0.0,0,ok,rzc262650150vl.001.h5,2026-10-06T07:15:27Z
2026-09-22T01:45:00Z,cepina,0.00,0.000,16,0,0.00,0.0,0,ok,rzc262650145vl.001.h5,2026-10-06T07:15:27Z
2026-09-22T01:40:00Z,cepina,0.00,0.000,16,0,0.00,0.0,0,ok,rzc262650140vl.001.h5,2026-10-06T07:15:27Z
2026-09-22T01:35:00Z,cepina,0.00,0.000,16,0,0.00,0.0,0,ok,rzc262650135vl.001.h5,2026-10-06T07:15:27Z
2026-09-22T01:30:00Z,cepina,0.00,0.000,16,0,0.00,0.0,0,ok,rzc262650130vl.001.h5,2026-10-06T07:15:27Z
2026-09-22T01:25:00Z,cepina,0.00,0.000,16,0,0.00,0.0,0,ok,rzc262650125vl.001.h5,2026-10-06T07:15:27Z
2026-09-22T01:20:00Z,cepina,0.00,0.000,16,0,0.00,0.0,0,ok,rzc262650120vl.001.h5,2026-10-06T07:15:27Z
2026-09-22T01:15:00Z,cepina,0.00,0.000,16,0,0.00,0.0,0,ok,rzc262650115vl.001.h5,2026-10-06T07:15:27Z
2026-09-22T01:10:00Z,cepina,0.00,0.000,16,0,0.00,0.0,0,ok,rzc262650110vl.001.h5,2026-10-06T07:15:27Z
2026-09-22T01:05:00Z,cepina,0.00,0.000,16,0,0.00,0.0,0,ok,rzc262650105vl.001.h5,2026-10-06T07:15:27Z
2026-09-22T01:00:00Z,cepina,0.00,0.000,16,0,0.00,0.0,0,ok,rzc262650100vl.001.h5,2026-10-06T07:15:27Z
2026-09-22T00:55:00Z,cepina,0.00,0.000,16,0,0.00,0.0,0,ok,rzc262650055vl.001.h5,2026-10-06T07:15:27Z
2026-09-22T00:50:00Z,cepina,0.00,0.000,16,0,0.00,0.0,0,ok,rzc262650050vl.001.h5,2026-10-06T07:15:27Z
2026-09-22T00:45:00Z,cepina,0.00,0.000,16,0,0.00,0.0,0,ok,rzc262650045vl.001.h5,2026-10-06T07:15:27Z
2026-09-22T00:40:00Z,cepina,0.00,0.000,16,0,0.00,0.0,0,ok,rzc262650040vl.001.h5,2026-10-06T07:15:27Z
2026-09-22T00:35:00Z,cepina,0.00,0.000,16,0,0.00,0.0,0,ok,rzc262650035vl.001.h5,2026-10-06T07:15:27Z
2026-09-22T00:30:00Z,cepina,0.00,0.000,16,0,0.00,0.0,0,ok,rzc262650030vl.001.h5,2026-10-06T07:15:27Z
2026-09-22T00:25:00Z,cepina,0.00,0.000,16,0,0.00,0.0,0,ok,rzc262650025vl.001.h5,2026-10-06T07:15:27Z
2026-09-22T00:20:00Z,cepina,0.00,0.000,16,0,0.00,0.0,0,ok,rzc262650020vl.001.h5,2026-10-06T07:15:27Z
2026-09-22T00:15:00Z,cepina,0.00,0.000,16,0,0.00,0.0,0,ok,rzc262650015vl.001.h5,2026-10-06T07:15:27Z
2026-09-22T00:10:00Z,cepina,0.00,0.000,16,0,0.00,0.0,0,ok,rzc262650010vl.001.h5,2026-10-06T07:15:27Z
2026-09-22T00:05:00Z,cepina,0.00,0.000,16,0,0.00,0.0,0,ok,rzc262650005vl.001.h5,2026-10-06T07:15:27Z
2026-09-22T00:00:00Z,cepina,0.00,0.000,16,0,0.00,0.0,0,ok,rzc262650000vl.001.h5,2026-10-06T07:15:27Z
