timestamp_utc,area_name,max_mmh,mean_mmh,pixel_count,status,fetched_at_utc
2026-10-05T06:20:00Z,ruspino,0.02,0.001,21,ok,2026-10-05T12:38:40Z
2026-10-05T06:15:00Z,ruspino,0.00,0.000,21,ok,2026-10-05T12:38:40Z
2026-10-05T06:10:00Z,ruspino,0.00,0.000,21,ok,2026-10-05T12:38:40Z
2026-10-05T06:05:00Z,ruspino,0.00,0.000,21,ok,2026-10-05T12:38:40Z
2026-10-05T06:00:00Z,ruspino,0.00,0.000,21,ok,2026-10-05T12:38:40Z
2026-09-18T19:00:00Z,ruspino,0.00,0.000,21,ok,2026-10-05T12:38:40Z
2026-09-18T18:55:00Z,ruspino,0.00,0.000,21,ok,2026-10-05T12:38:40Z
2026-09-18T18:50:00Z,ruspino,0.00,0.000,21,ok,2026-10-05T12:38:40Z
2026-09-18T18:45:00Z,ruspino,0.00,0.000,21,ok,2026-10-05T12:38:40Z
2026-09-18T18:40:00Z,ruspino,0.00,0.000,21,ok,2026-10-05T12:38:40Z
2026-09-18T18:35:00Z,ruspino,0.00,0.000,21,ok,2026-10-05T12:38:40Z
2026-09-18T18:30:00Z,ruspino,0.00,0.000,21,ok,2026-10-05T12:38:40Z
2026-09-18T18:25:00Z,ruspino,0.00,0.000,21,ok,2026-10-05T12:38:40Z
2026-09-18T18:20:00Z,ruspino,0.00,0.000,21,ok,2026-10-05T12:38:40Z
2026-09-18T18:15:00Z,ruspino,0.00,0.000,21,ok,2026-10-05T12:38:40Z
2026-09-18T18:10:00Z,ruspino,0.00,0.000,21,ok,2026-10-05T12:38:40Z
2026-09-18T18:05:00Z,ruspino,0.00,0.000,21,ok,2026-10-05T12:38:40Z
2026-09-18T18:00:00Z,ruspino,0.00,0.000,21,ok,2026-10-05T12:38:40Z
2026-09-18T17:55:00Z,ruspino,0.00,0.000,21,ok,2026-10-05T12:38:40Z
2026-09-18T17:50:00Z,ruspino,0.00,0.000,21,ok,2026-10-05T12:38:40Z
2026-09-18T17:45:00Z,ruspino,0.00,0.000,21,ok,2026-10-05T12:38:40Z
2026-09-18T17:40:00Z,ruspino,0.00,0.000,21,ok,2026-10-05T12:38:40Z
2026-09-18T17:35:00Z,ruspino,0.00,0.000,21,ok,2026-10-05T12:38:40Z
2026-09-18T17:30:00Z,ruspino,0.00,0.000,21,ok,2026-10-05T12:38:40Z
2026-09-18T17:25:00Z,ruspino,0.00,0.000,21,ok,2026-10-05T12:38:40Z
2026-09-18T17:20:00Z,ruspino,0.00,0.000,21,ok,2026-10-05T12:38:40Z
2026-09-18T17:15:00Z,ruspino,0.00,0.000,21,ok,2026-10-05T12:38:40Z
2026-09-18T17:10:00Z,ruspino,0.00,0.000,21,ok,2026-10-05T12:38:40Z
2026-09-18T17:05:00Z,ruspino,0.00,0.000,21,ok,2026-10-05T12:38:40Z
2026-09-18T17:00:00Z,ruspino,0.00,0.000,21,ok,2026-10-05T12:38:40Z
2026-09-18T16:55:00Z,ruspino,0.00,0.000,21,ok,2026-10-05T12:38:40Z
2026-09-18T16:50:00Z,ruspino,0.00,0.000,21,ok,2026-10-05T12:38:40Z
2026-09-18T16:45:00Z,ruspino,0.00,0.000,21,ok,2026-10-05T12:38:40Z
2026-09-18T16:40:00Z,ruspino,0.00,0.000,21,ok,2026-10-05T12:38:40Z
2026-09-18T16:35:00Z,ruspino,0.00,0.000,21,ok,2026-10-05T12:38:40Z
2026-09-18T16:30:00Z,ruspino,0.00,0.000,21,ok,2026-10-05T12:38:40Z
2026-09-18T16:25:00Z,ruspino,0.00,0.000,21,ok,2026-10-05T12:38:40Z
2026-09-18T16:20:00Z,ruspino,0.00,0.000,21,ok,2026-10-05T12:38:40Z
2026-09-18T16:15:00Z,ruspino,0.00,0.000,21,ok,2026-10-05T12:38:40Z
2026-09-18T16:10:00Z,ruspino,0.00,0.000,21,ok,2026-10-05T12:38:40Z
2026-09-18T16:05:00Z,ruspino,0.00,0.000,21,ok,2026-10-05T12:38:40Z
2026-09-18T16:00:00Z,ruspino,0.00,0.000,21,ok,2026-10-05T12:38:40Z
2026-09-18T15:55:00Z,ruspino,0.01,0.004,21,ok,2026-10-05T12:38:40Z
2026-09-18T15:50:00Z,ruspino,0.01,0.004,21,ok,2026-10-05T12:38:40Z
2026-09-18T15:45:00Z,ruspino,0.01,0.002,21,ok,2026-10-05T12:38:40Z
2026-09-18T15:40:00Z,ruspino,0.01,0.002,21,ok,2026-10-05T12:38:40Z
2026-09-18T15:35:00Z,ruspino,0.01,0.001,21,ok,2026-10-05T12:38:40Z
2026-09-18T15:30:00Z,ruspino,0.00,0.000,21,ok,2026-10-05T12:38:40Z
2026-09-18T15:25:00Z,ruspino,0.00,0.000,21,ok,2026-10-05T12:38:40Z
2026-09-18T15:20:00Z,ruspino,0.00,0.000,21,ok,2026-10-05T12:38:40Z
2026-09-18T15:15:00Z,ruspino,0.00,0.000,21,ok,2026-10-05T12:38:40Z
2026-09-18T15:10:00Z,ruspino,0.00,0.000,21,ok,2026-10-05T12:38:40Z
2026-09-18T15:05:00Z,ruspino,0.00,0.000,21,ok,2026-10-05T12:38:40Z
2026-09-18T15:00:00Z,ruspino,0.00,0.000,21,ok,2026-10-05T12:38:40Z
2026-09-18T14:55:00Z,ruspino,0.00,0.000,21,ok,2026-10-05T12:38:40Z
2026-09-18T14:50:00Z,ruspino,0.00,0.000,21,ok,2026-10-05T12:38:40Z
2026-09-18T14:45:00Z,ruspino,0.00,0.000,21,ok,2026-10-05T12:38:40Z
2026-09-18T14:40:00Z,ruspino,0.00,0.000,21,ok,2026-10-05T12:38:40Z
2026-09-18T14:35:00Z,ruspino,0.00,0.000,21,ok,2026-10-05T12:38:40Z
2026-09-18T14:30:00Z,ruspino,0.00,0.000,21,ok,2026-10-05T12:38:40Z
2026-09-18T14:25:00Z,ruspino,0.00,0.000,21,ok,2026-10-05T12:38:40Z
2026-09-18T14:20:00Z,ruspino,0.00,0.000,21,ok,2026-10-05T12:38:40Z
2026-09-18T14:15:00Z,ruspino,0.00,0.000,21,ok,2026-10-05T12:38:40Z
2026-09-18T14:10:00Z,ruspino,0.00,0.000,21,ok,2026-10-05T12:38:40Z
2026-09-18T14:05:00Z,ruspino,0.03,0.018,21,ok,2026-10-05T12:38:40Z
2026-09-18T14:00:00Z,ruspino,0.28,0.119,21,ok,2026-10-05T12:38:40Z
2026-09-18T13:55:00Z,ruspino,0.28,0.119,21,ok,2026-10-05T12:38:40Z
2026-09-18T13:50:00Z,ruspino,0.62,0.344,21,ok,2026-10-05T12:38:40Z
2026-09-18T13:45:00Z,ruspino,1.03,0.690,21,ok,2026-10-05T12:38:40Z
2026-09-18T13:40:00Z,ruspino,2.34,1.304,21,ok,2026-10-05T12:38:40Z
2026-09-18T13:35:00Z,ruspino,2.34,1.351,21,ok,2026-10-05T12:38:40Z
2026-09-18T13:30:00Z,ruspino,3.12,1.305,21,ok,2026-10-05T12:38:40Z
2026-09-18T13:25:00Z,ruspino,2.36,0.901,21,ok,2026-10-05T12:38:40Z
2026-09-18T13:20:00Z,ruspino,2.10,0.651,21,ok,2026-10-05T12:38:40Z
2026-09-18T13:15:00Z,ruspino,1.84,0.425,21,ok,2026-10-05T12:38:40Z
2026-09-18T13:10:00Z,ruspino,0.85,0.155,21,ok,2026-10-05T12:38:40Z
2026-09-18T13:05:00Z,ruspino,0.41,0.066,21,ok,2026-10-05T12:38:40Z
2026-09-18T13:00:00Z,ruspino,0.36,0.072,21,ok,2026-10-05T12:38:40Z
2026-09-18T12:55:00Z,ruspino,0.36,0.061,21,ok,2026-10-05T12:38:40Z
2026-09-18T12:50:00Z,ruspino,0.38,0.112,21,ok,2026-10-05T12:38:40Z
2026-09-18T12:45:00Z,ruspino,0.34,0.068,21,ok,2026-10-05T12:38:40Z
2026-09-18T12:40:00Z,ruspino,0.16,0.023,21,ok,2026-10-05T12:38:40Z
2026-09-18T12:35:00Z,ruspino,0.25,0.018,21,ok,2026-10-05T12:38:40Z
2026-09-18T12:30:00Z,ruspino,0.08,0.021,21,ok,2026-10-05T12:38:40Z
2026-09-18T12:25:00Z,ruspino,0.16,0.062,21,ok,2026-10-05T12:38:40Z
2026-09-18T12:20:00Z,ruspino,0.16,0.065,21,ok,2026-10-05T12:38:40Z
2026-09-18T12:15:00Z,ruspino,0.20,0.084,21,ok,2026-10-05T12:38:40Z
2026-09-18T12:10:00Z,ruspino,0.17,0.098,21,ok,2026-10-05T12:38:40Z
2026-09-18T12:05:00Z,ruspino,0.10,0.052,21,ok,2026-10-05T12:38:40Z
2026-09-18T12:00:00Z,ruspino,0.19,0.013,21,ok,2026-10-05T12:38:40Z
2026-09-18T11:55:00Z,ruspino,0.01,0.001,21,ok,2026-10-05T12:38:40Z
2026-09-18T11:50:00Z,ruspino,0.00,0.000,21,ok,2026-10-05T12:38:40Z
2026-09-18T11:45:00Z,ruspino,0.00,0.000,21,ok,2026-10-05T12:38:40Z
2026-09-18T11:40:00Z,ruspino,0.00,0.000,21,ok,2026-10-05T12:38:40Z
2026-09-18T11:35:00Z,ruspino,0.00,0.000,21,ok,2026-10-05T12:38:40Z
2026-09-18T11:30:00Z,ruspino,0.00,0.000,21,ok,2026-10-05T12:38:40Z
2026-09-18T11:25:00Z,ruspino,0.00,0.000,21,ok,2026-10-05T12:38:40Z
2026-09-18T11:20:00Z,ruspino,0.00,0.000,21,ok,2026-10-05T12:38:40Z
2026-09-18T11:15:00Z,ruspino,0.00,0.000,21,ok,2026-10-05T12:38:40Z
2026-09-18T11:10:00Z,ruspino,0.00,0.000,21,ok,2026-10-05T12:38:40Z
2026-09-18T11:05:00Z,ruspino,0.00,0.000,21,ok,2026-10-05T12:38:40Z
2026-09-18T11:00:00Z,ruspino,0.00,0.000,21,ok,2026-10-05T12:38:40Z
2026-09-18T09:30:00Z,ruspino,0.00,0.000,21,ok,2026-10-05T12:38:40Z
2026-09-18T09:25:00Z,ruspino,0.00,0.000,21,ok,2026-10-05T12:38:40Z
2026-09-18T09:20:00Z,ruspino,0.00,0.000,21,ok,2026-10-05T12:38:40Z
2026-09-18T09:15:00Z,ruspino,0.00,0.000,21,ok,2026-10-05T12:38:40Z
2026-09-18T09:10:00Z,ruspino,0.00,0.000,21,ok,2026-10-05T12:38:40Z
2026-09-18T09:05:00Z,ruspino,0.00,0.000,21,ok,2026-10-05T12:38:40Z
2026-09-18T09:00:00Z,ruspino,0.00,0.000,21,ok,2026-10-05T12:38:40Z
2026-09-18T08:55:00Z,ruspino,0.00,0.000,21,ok,2026-10-05T12:38:40Z
2026-09-18T08:50:00Z,ruspino,0.00,0.000,21,ok,2026-10-05T12:38:40Z
2026-09-18T08:45:00Z,ruspino,0.06,0.004,21,ok,2026-10-05T12:38:40Z
2026-09-18T08:40:00Z,ruspino,0.59,0.175,21,ok,2026-10-05T12:38:40Z
2026-09-18T08:35:00Z,ruspino,0.59,0.175,21,ok,2026-10-05T12:38:40Z
2026-09-18T08:30:00Z,ruspino,0.82,0.517,21,ok,2026-10-05T12:38:40Z
2026-09-18T08:25:00Z,ruspino,1.26,0.730,21,ok,2026-10-05T12:38:40Z
2026-09-18T08:20:00Z,ruspino,1.32,0.590,21,ok,2026-10-05T12:38:40Z
2026-09-18T08:15:00Z,ruspino,1.32,0.595,21,ok,2026-10-05T12:38:40Z
2026-09-18T08:10:00Z,ruspino,1.89,1.022,21,ok,2026-10-05T12:38:40Z
2026-09-18T08:05:00Z,ruspino,2.40,1.886,21,ok,2026-10-05T12:38:40Z
2026-09-18T08:00:00Z,ruspino,2.86,1.955,21,ok,2026-10-05T12:38:40Z
2026-09-18T07:55:00Z,ruspino,2.77,1.949,21,ok,2026-10-05T12:38:40Z
2026-09-18T07:50:00Z,ruspino,3.34,1.936,21,ok,2026-10-05T12:38:40Z
2026-09-18T07:45:00Z,ruspino,4.39,2.831,21,ok,2026-10-05T12:38:40Z
2026-09-18T07:40:00Z,ruspino,3.28,2.379,21,ok,2026-10-05T12:38:40Z
2026-09-18T07:35:00Z,ruspino,3.34,2.392,21,ok,2026-10-05T12:38:40Z
2026-09-18T07:30:00Z,ruspino,3.04,2.277,21,ok,2026-10-05T12:38:40Z
2026-09-18T07:25:00Z,ruspino,2.49,1.745,21,ok,2026-10-05T12:38:40Z
2026-09-18T07:20:00Z,ruspino,2.29,1.656,21,ok,2026-10-05T12:38:40Z
2026-09-18T07:15:00Z,ruspino,2.08,1.537,21,ok,2026-10-05T12:38:40Z
2026-09-18T07:10:00Z,ruspino,1.42,1.161,21,ok,2026-10-05T12:38:40Z
2026-09-18T07:05:00Z,ruspino,1.04,0.831,21,ok,2026-10-05T12:38:40Z
2026-09-18T07:00:00Z,ruspino,0.94,0.710,21,ok,2026-10-05T12:38:40Z
2026-09-18T06:55:00Z,ruspino,0.94,0.593,21,ok,2026-10-05T12:38:40Z
2026-09-18T06:50:00Z,ruspino,1.11,0.648,21,ok,2026-10-05T12:38:40Z
2026-09-18T06:45:00Z,ruspino,0.68,0.502,21,ok,2026-10-05T12:38:40Z
2026-09-18T06:40:00Z,ruspino,0.71,0.573,21,ok,2026-10-05T12:38:40Z
2026-09-18T06:35:00Z,ruspino,0.69,0.575,21,ok,2026-10-05T12:38:40Z
2026-09-18T06:30:00Z,ruspino,0.78,0.627,21,ok,2026-10-05T12:38:40Z
2026-09-18T06:25:00Z,ruspino,0.52,0.439,21,ok,2026-10-05T12:38:40Z
2026-09-18T06:20:00Z,ruspino,0.63,0.467,21,ok,2026-10-05T12:38:40Z
2026-09-18T06:15:00Z,ruspino,0.62,0.365,21,ok,2026-10-05T12:38:40Z
2026-09-18T06:10:00Z,ruspino,0.43,0.172,21,ok,2026-10-05T12:38:40Z
2026-09-18T06:05:00Z,ruspino,0.33,0.243,21,ok,2026-10-05T12:38:40Z
2026-09-18T06:00:00Z,ruspino,0.42,0.262,21,ok,2026-10-05T12:38:40Z
2026-09-18T05:55:00Z,ruspino,0.42,0.222,21,ok,2026-10-05T12:38:40Z
2026-09-18T05:50:00Z,ruspino,0.41,0.220,21,ok,2026-10-05T12:38:40Z
2026-09-18T05:45:00Z,ruspino,0.58,0.237,21,ok,2026-10-05T12:38:40Z
2026-09-18T05:40:00Z,ruspino,0.50,0.111,21,ok,2026-10-05T12:38:40Z
2026-09-18T05:35:00Z,ruspino,0.50,0.086,21,ok,2026-10-05T12:38:40Z
2026-09-18T05:30:00Z,ruspino,0.31,0.041,21,ok,2026-10-05T12:38:40Z
2026-09-18T05:25:00Z,ruspino,0.32,0.018,21,ok,2026-10-05T12:38:40Z
2026-09-18T05:20:00Z,ruspino,0.00,0.000,21,ok,2026-10-05T12:38:40Z
2026-09-17T13:00:00Z,ruspino,0.00,0.000,21,ok,2026-10-05T12:38:40Z
2026-09-17T12:55:00Z,ruspino,0.00,0.000,21,ok,2026-10-05T12:38:40Z
2026-09-17T12:50:00Z,ruspino,0.00,0.000,21,ok,2026-10-05T12:38:40Z
2026-09-17T12:45:00Z,ruspino,0.00,0.000,21,ok,2026-10-05T12:38:40Z
2026-09-17T12:40:00Z,ruspino,0.00,0.000,21,ok,2026-10-05T12:38:40Z
2026-09-17T12:35:00Z,ruspino,0.00,0.000,21,ok,2026-10-05T12:38:40Z
2026-09-17T12:30:00Z,ruspino,0.00,0.000,21,ok,2026-10-05T12:38:40Z
2026-09-17T12:25:00Z,ruspino,0.00,0.000,21,ok,2026-10-05T12:38:40Z
2026-09-17T12:20:00Z,ruspino,0.00,0.000,21,ok,2026-10-05T12:38:40Z
2026-09-17T12:15:00Z,ruspino,0.00,0.000,21,ok,2026-10-05T12:38:40Z
2026-09-17T12:10:00Z,ruspino,0.00,0.000,21,ok,2026-10-05T12:38:40Z
2026-09-17T12:05:00Z,ruspino,0.00,0.000,21,ok,2026-10-05T12:38:40Z
2026-09-17T12:00:00Z,ruspino,0.00,0.000,21,ok,2026-10-05T12:38:40Z
2026-09-17T11:55:00Z,ruspino,0.00,0.000,21,ok,2026-10-05T12:38:40Z
2026-09-17T11:50:00Z,ruspino,0.00,0.000,21,ok,2026-10-05T12:38:40Z
2026-09-17T11:45:00Z,ruspino,0.00,0.000,21,ok,2026-10-05T12:38:40Z
2026-09-17T11:40:00Z,ruspino,0.00,0.000,21,ok,2026-10-05T12:38:40Z
2026-09-17T11:35:00Z,ruspino,0.00,0.000,21,ok,2026-10-05T12:38:40Z
2026-09-17T11:30:00Z,ruspino,0.00,0.000,21,ok,2026-10-05T12:38:40Z
2026-09-17T11:25:00Z,ruspino,0.00,0.000,21,ok,2026-10-05T12:38:40Z
2026-09-17T11:20:00Z,ruspino,0.00,0.000,21,ok,2026-10-05T12:38:40Z
2026-09-17T11:15:00Z,ruspino,0.00,0.000,21,ok,2026-10-05T12:38:40Z
2026-09-17T11:10:00Z,ruspino,0.00,0.000,21,ok,2026-10-05T12:38:40Z
2026-09-17T11:05:00Z,ruspino,0.00,0.000,21,ok,2026-10-05T12:38:40Z
2026-09-17T11:00:00Z,ruspino,0.00,0.000,21,ok,2026-10-05T12:38:40Z
2026-09-17T10:55:00Z,ruspino,0.00,0.000,21,ok,2026-10-05T12:38:40Z
2026-09-17T10:50:00Z,ruspino,0.00,0.000,21,ok,2026-10-05T12:38:40Z
2026-09-17T10:45:00Z,ruspino,0.00,0.000,21,ok,2026-10-05T12:38:40Z
2026-09-17T10:40:00Z,ruspino,0.00,0.000,21,ok,2026-10-05T12:38:40Z
2026-09-17T10:35:00Z,ruspino,0.00,0.000,21,ok,2026-10-05T12:38:40Z
2026-09-17T10:30:00Z,ruspino,0.00,0.000,21,ok,2026-10-05T12:38:40Z
2026-09-17T10:25:00Z,ruspino,0.00,0.000,21,ok,2026-10-05T12:38:40Z
2026-09-17T10:20:00Z,ruspino,0.00,0.000,21,ok,2026-10-05T12:38:40Z
2026-09-17T10:15:00Z,ruspino,0.00,0.000,21,ok,2026-10-05T12:38:40Z
2026-09-17T10:10:00Z,ruspino,0.00,0.000,21,ok,2026-10-05T12:38:40Z
2026-09-17T10:05:00Z,ruspino,0.00,0.000,21,ok,2026-10-05T12:38:40Z
2026-09-17T10:00:00Z,ruspino,0.00,0.000,21,ok,2026-10-05T12:38:40Z
2026-09-17T09:55:00Z,ruspino,0.00,0.000,21,ok,2026-10-05T12:38:40Z
2026-09-17T09:50:00Z,ruspino,0.00,0.000,21,ok,2026-10-05T12:38:40Z
2026-09-17T09:45:00Z,ruspino,0.00,0.000,21,ok,2026-10-05T12:38:40Z
2026-09-17T09:40:00Z,ruspino,0.00,0.000,21,ok,2026-10-05T12:38:40Z
2026-09-17T09:35:00Z,ruspino,0.00,0.000,21,ok,2026-10-05T12:38:40Z
2026-09-17T09:30:00Z,ruspino,0.00,0.000,21,ok,2026-10-05T12:38:40Z
2026-09-17T09:25:00Z,ruspino,0.00,0.000,21,ok,2026-10-05T12:38:40Z
2026-09-17T09:20:00Z,ruspino,0.00,0.000,21,ok,2026-10-05T12:38:40Z
2026-09-17T09:15:00Z,ruspino,0.00,0.000,21,ok,2026-10-05T12:38:40Z
2026-09-17T09:10:00Z,ruspino,0.00,0.000,21,ok,2026-10-05T12:38:40Z
2026-09-17T09:05:00Z,ruspino,0.00,0.000,21,ok,2026-10-05T12:38:40Z
2026-09-17T09:00:00Z,ruspino,0.00,0.000,21,ok,2026-10-05T12:38:40Z
2026-09-17T08:55:00Z,ruspino,0.00,0.000,21,ok,2026-10-05T12:38:40Z
2026-09-17T08:50:00Z,ruspino,0.00,0.000,21,ok,2026-10-05T12:38:40Z
2026-09-17T08:45:00Z,ruspino,0.00,0.000,21,ok,2026-10-05T12:38:40Z
2026-09-17T08:40:00Z,ruspino,0.00,0.000,21,ok,2026-10-05T12:38:40Z
2026-09-17T08:35:00Z,ruspino,0.00,0.000,21,ok,2026-10-05T12:38:40Z
2026-09-17T08:30:00Z,ruspino,0.00,0.000,21,ok,2026-10-05T12:38:40Z
2026-09-17T08:25:00Z,ruspino,0.00,0.000,21,ok,2026-10-05T12:38:40Z
2026-09-17T08:20:00Z,ruspino,0.00,0.000,21,ok,2026-10-05T12:38:40Z
2026-09-17T08:15:00Z,ruspino,0.00,0.000,21,ok,2026-10-05T12:38:40Z
2026-09-17T08:10:00Z,ruspino,0.00,0.000,21,ok,2026-10-05T12:38:40Z
2026-09-17T08:05:00Z,ruspino,0.00,0.000,21,ok,2026-10-05T12:38:40Z
2026-09-17T08:00:00Z,ruspino,0.00,0.000,21,ok,2026-10-05T12:38:40Z
2026-09-17T07:35:00Z,ruspino,0.00,0.000,21,ok,2026-10-05T12:38:40Z
2026-09-17T07:30:00Z,ruspino,0.00,0.000,21,ok,2026-10-05T12:38:40Z
2026-09-17T07:25:00Z,ruspino,0.00,0.000,21,ok,2026-10-05T12:38:40Z
2026-09-17T07:20:00Z,ruspino,0.00,0.000,21,ok,2026-10-05T12:38:40Z
2026-09-17T07:15:00Z,ruspino,0.00,0.000,21,ok,2026-10-05T12:38:40Z
2026-09-17T07:10:00Z,ruspino,0.02,0.016,21,ok,2026-10-05T12:38:40Z
2026-09-17T07:05:00Z,ruspino,0.03,0.024,21,ok,2026-10-05T12:38:40Z
2026-09-17T07:00:00Z,ruspino,0.03,0.022,21,ok,2026-10-05T12:38:40Z
2026-09-17T06:55:00Z,ruspino,0.08,0.025,21,ok,2026-10-05T12:38:40Z
2026-09-17T06:50:00Z,ruspino,0.02,0.013,21,ok,2026-10-05T12:38:40Z
2026-09-17T06:45:00Z,ruspino,0.02,0.013,21,ok,2026-10-05T12:38:40Z
2026-09-17T06:40:00Z,ruspino,0.16,0.126,21,ok,2026-10-05T12:38:40Z
2026-09-17T06:35:00Z,ruspino,0.16,0.126,21,ok,2026-10-05T12:38:40Z
2026-09-17T06:30:00Z,ruspino,0.16,0.119,21,ok,2026-10-05T12:38:40Z
2026-09-17T06:25:00Z,ruspino,0.19,0.150,21,ok,2026-10-05T12:38:40Z
2026-09-17T06:20:00Z,ruspino,0.31,0.210,21,ok,2026-10-05T12:38:40Z
2026-09-17T06:15:00Z,ruspino,0.33,0.233,21,ok,2026-10-05T12:38:40Z
2026-09-17T06:10:00Z,ruspino,0.32,0.259,21,ok,2026-10-05T12:38:40Z
2026-09-17T06:05:00Z,ruspino,0.45,0.304,21,ok,2026-10-05T12:38:40Z
2026-09-17T06:00:00Z,ruspino,0.24,0.171,21,ok,2026-10-05T12:38:40Z
2026-09-17T05:55:00Z,ruspino,0.23,0.150,21,ok,2026-10-05T12:38:40Z
2026-09-17T05:50:00Z,ruspino,0.21,0.143,21,ok,2026-10-05T12:38:40Z
2026-09-17T05:45:00Z,ruspino,0.21,0.144,21,ok,2026-10-05T12:38:40Z
2026-09-17T05:40:00Z,ruspino,0.34,0.241,21,ok,2026-10-05T12:38:40Z
2026-09-17T05:35:00Z,ruspino,0.42,0.238,21,ok,2026-10-05T12:38:40Z
2026-09-17T05:30:00Z,ruspino,0.56,0.289,21,ok,2026-10-05T12:38:40Z
2026-09-17T05:25:00Z,ruspino,0.41,0.285,21,ok,2026-10-05T12:38:40Z
2026-09-17T05:20:00Z,ruspino,0.32,0.273,21,ok,2026-10-05T12:38:40Z
2026-09-17T05:15:00Z,ruspino,0.71,0.345,21,ok,2026-10-05T12:38:40Z
2026-09-17T05:10:00Z,ruspino,0.41,0.345,21,ok,2026-10-05T12:38:40Z
2026-09-17T05:05:00Z,ruspino,0.81,0.749,21,ok,2026-10-05T12:38:40Z
2026-09-17T05:00:00Z,ruspino,1.10,0.837,21,ok,2026-10-05T12:38:40Z
2026-09-17T04:55:00Z,ruspino,1.10,0.853,21,ok,2026-10-05T12:38:40Z
2026-09-17T04:50:00Z,ruspino,1.25,0.918,21,ok,2026-10-05T12:38:40Z
2026-09-17T04:45:00Z,ruspino,0.90,0.753,21,ok,2026-10-05T12:38:40Z
2026-09-17T04:40:00Z,ruspino,1.11,0.889,21,ok,2026-10-05T12:38:40Z
2026-09-17T04:35:00Z,ruspino,0.61,0.515,21,ok,2026-10-05T12:38:40Z
2026-09-17T04:30:00Z,ruspino,0.93,0.520,21,ok,2026-10-05T12:38:40Z
2026-09-17T04:25:00Z,ruspino,0.46,0.397,21,ok,2026-10-05T12:38:40Z
2026-09-17T04:20:00Z,ruspino,1.38,0.766,21,ok,2026-10-05T12:38:40Z
2026-09-17T04:15:00Z,ruspino,1.29,0.961,21,ok,2026-10-05T12:38:40Z
2026-09-17T04:10:00Z,ruspino,0.93,0.869,21,ok,2026-10-05T12:38:40Z
2026-09-17T04:05:00Z,ruspino,0.97,0.791,21,ok,2026-10-05T12:38:40Z
2026-09-17T04:00:00Z,ruspino,0.79,0.615,21,ok,2026-10-05T12:38:40Z
2026-09-17T03:55:00Z,ruspino,2.15,1.599,21,ok,2026-10-05T12:38:40Z
2026-09-17T03:50:00Z,ruspino,2.15,1.599,21,ok,2026-10-05T12:38:40Z
2026-09-17T03:45:00Z,ruspino,2.70,2.194,21,ok,2026-10-05T12:38:40Z
2026-09-17T03:40:00Z,ruspino,3.89,2.779,21,ok,2026-10-05T12:38:40Z
2026-09-17T03:35:00Z,ruspino,3.89,2.779,21,ok,2026-10-05T12:38:40Z
2026-09-17T03:30:00Z,ruspino,4.55,3.415,21,ok,2026-10-05T12:38:40Z
2026-09-17T03:25:00Z,ruspino,4.44,4.017,21,ok,2026-10-05T12:38:40Z
2026-09-17T03:20:00Z,ruspino,6.01,4.034,21,ok,2026-10-05T12:38:40Z
2026-09-17T03:15:00Z,ruspino,6.01,4.034,21,ok,2026-10-05T12:38:40Z
2026-09-17T03:10:00Z,ruspino,5.91,4.498,21,ok,2026-10-05T12:38:40Z
2026-09-17T03:05:00Z,ruspino,6.17,4.474,21,ok,2026-10-05T12:38:40Z
2026-09-17T03:00:00Z,ruspino,8.05,7.346,21,ok,2026-10-05T12:38:40Z
2026-09-17T02:55:00Z,ruspino,8.55,7.544,21,ok,2026-10-05T12:38:40Z
2026-09-17T02:50:00Z,ruspino,11.07,9.034,21,ok,2026-10-05T12:38:40Z
2026-09-17T02:45:00Z,ruspino,13.84,10.316,21,ok,2026-10-05T12:38:40Z
2026-09-17T02:40:00Z,ruspino,21.09,13.439,21,ok,2026-10-05T12:38:40Z
2026-09-17T02:35:00Z,ruspino,21.09,13.734,21,ok,2026-10-05T12:38:40Z
2026-09-17T02:30:00Z,ruspino,26.37,20.503,21,ok,2026-10-05T12:38:40Z
2026-09-17T02:25:00Z,ruspino,30.46,20.582,21,ok,2026-10-05T12:38:40Z
2026-09-17T02:20:00Z,ruspino,26.14,14.109,21,ok,2026-10-05T12:38:40Z
2026-09-17T02:15:00Z,ruspino,7.12,5.732,21,ok,2026-10-05T12:38:40Z
2026-09-17T02:10:00Z,ruspino,5.39,4.020,21,ok,2026-10-05T12:38:40Z
2026-09-17T02:05:00Z,ruspino,2.83,1.989,21,ok,2026-10-05T12:38:40Z
2026-09-17T02:00:00Z,ruspino,0.76,0.685,21,ok,2026-10-05T12:38:40Z
2026-09-17T01:55:00Z,ruspino,0.88,0.381,21,ok,2026-10-05T12:38:40Z
2026-09-17T01:50:00Z,ruspino,1.99,0.414,21,ok,2026-10-05T12:38:40Z
2026-09-17T01:45:00Z,ruspino,2.79,1.680,21,ok,2026-10-05T12:38:40Z
2026-09-17T01:40:00Z,ruspino,2.07,1.674,21,ok,2026-10-05T12:38:40Z
2026-09-17T01:35:00Z,ruspino,3.16,1.654,21,ok,2026-10-05T12:38:40Z
2026-09-17T01:30:00Z,ruspino,4.44,2.393,21,ok,2026-10-05T12:38:40Z
2026-09-17T01:25:00Z,ruspino,10.76,8.480,21,ok,2026-10-05T12:38:40Z
2026-09-17T01:20:00Z,ruspino,10.22,7.454,21,ok,2026-10-05T12:38:40Z
2026-09-17T01:15:00Z,ruspino,10.22,8.589,21,ok,2026-10-05T12:38:40Z
2026-09-17T01:10:00Z,ruspino,13.15,8.354,21,ok,2026-10-05T12:38:40Z
2026-09-17T01:05:00Z,ruspino,10.61,8.030,21,ok,2026-10-05T12:38:40Z
2026-09-17T01:00:00Z,ruspino,15.74,10.415,21,ok,2026-10-05T12:38:40Z
2026-09-17T00:55:00Z,ruspino,15.74,11.697,21,ok,2026-10-05T12:38:40Z
2026-09-17T00:50:00Z,ruspino,21.09,13.004,21,ok,2026-10-05T12:38:40Z
2026-09-17T00:45:00Z,ruspino,13.16,8.485,21,ok,2026-10-05T12:38:40Z
2026-09-17T00:40:00Z,ruspino,12.45,6.575,21,ok,2026-10-05T12:38:40Z
2026-09-17T00:35:00Z,ruspino,9.77,5.517,21,ok,2026-10-05T12:38:40Z
2026-09-17T00:30:00Z,ruspino,7.52,6.073,21,ok,2026-10-05T12:38:40Z
2026-09-17T00:25:00Z,ruspino,9.92,5.287,21,ok,2026-10-05T12:38:40Z
2026-09-17T00:20:00Z,ruspino,6.95,2.921,21,ok,2026-10-05T12:38:40Z
2026-09-17T00:15:00Z,ruspino,4.26,2.219,21,ok,2026-10-05T12:38:40Z
2026-09-17T00:10:00Z,ruspino,2.79,1.763,21,ok,2026-10-05T12:38:40Z
2026-09-17T00:05:00Z,ruspino,2.25,1.585,21,ok,2026-10-05T12:38:40Z
2026-09-17T00:00:00Z,ruspino,2.19,1.379,21,ok,2026-10-05T12:38:40Z
2026-09-16T23:55:00Z,ruspino,2.77,1.812,21,ok,2026-10-05T12:38:40Z
2026-09-16T23:50:00Z,ruspino,2.58,1.584,21,ok,2026-10-05T12:38:40Z
2026-09-16T23:45:00Z,ruspino,4.65,2.551,21,ok,2026-10-05T12:38:40Z
2026-09-16T23:40:00Z,ruspino,8.30,5.459,21,ok,2026-10-05T12:38:40Z
2026-09-16T23:35:00Z,ruspino,8.90,5.978,21,ok,2026-10-05T12:38:40Z
2026-09-16T23:30:00Z,ruspino,7.48,4.647,21,ok,2026-10-05T12:38:40Z
2026-09-16T23:25:00Z,ruspino,12.99,7.541,21,ok,2026-10-05T12:38:40Z
2026-09-16T23:20:00Z,ruspino,9.39,4.654,21,ok,2026-10-05T12:38:40Z
2026-09-16T23:15:00Z,ruspino,10.09,6.482,21,ok,2026-10-05T12:38:40Z
2026-09-16T23:10:00Z,ruspino,13.85,8.319,21,ok,2026-10-05T12:38:40Z
2026-09-16T23:05:00Z,ruspino,8.10,6.380,21,ok,2026-10-05T12:38:40Z
2026-09-16T23:00:00Z,ruspino,21.75,9.717,21,ok,2026-10-05T12:38:40Z
2026-09-16T22:55:00Z,ruspino,5.08,3.356,21,ok,2026-10-05T12:38:40Z
2026-09-16T22:50:00Z,ruspino,22.67,9.500,21,ok,2026-10-05T12:38:40Z
2026-09-16T22:45:00Z,ruspino,51.78,29.090,21,ok,2026-10-05T12:38:40Z
2026-09-16T22:40:00Z,ruspino,51.00,40.114,21,ok,2026-10-05T12:38:40Z
2026-09-16T22:35:00Z,ruspino,54.97,43.052,21,ok,2026-10-05T12:38:40Z
2026-09-16T22:30:00Z,ruspino,52.67,38.437,21,ok,2026-10-05T12:38:40Z
2026-09-16T22:25:00Z,ruspino,41.33,30.765,21,ok,2026-10-05T12:38:40Z
2026-09-16T22:20:00Z,ruspino,67.56,49.608,21,ok,2026-10-05T12:38:40Z
2026-09-16T22:15:00Z,ruspino,45.51,14.782,21,ok,2026-10-05T12:38:40Z
2026-09-16T22:10:00Z,ruspino,6.38,2.090,21,ok,2026-10-05T12:38:40Z
2026-09-16T22:05:00Z,ruspino,1.37,0.436,21,ok,2026-10-05T12:38:40Z
2026-09-16T22:00:00Z,ruspino,1.91,0.379,21,ok,2026-10-05T12:38:40Z
2026-09-16T21:55:00Z,ruspino,4.07,0.926,21,ok,2026-10-05T12:38:40Z
2026-09-16T21:50:00Z,ruspino,7.02,2.580,21,ok,2026-10-05T12:38:40Z
2026-09-16T21:45:00Z,ruspino,13.03,9.904,21,ok,2026-10-05T12:38:40Z
2026-09-16T21:40:00Z,ruspino,34.81,15.954,21,ok,2026-10-05T12:38:40Z
2026-09-16T21:35:00Z,ruspino,40.22,30.502,21,ok,2026-10-05T12:38:40Z
2026-09-16T21:30:00Z,ruspino,55.90,33.421,21,ok,2026-10-05T12:38:40Z
2026-09-16T21:25:00Z,ruspino,43.86,35.231,21,ok,2026-10-05T12:38:40Z
2026-09-16T21:20:00Z,ruspino,38.20,22.254,21,ok,2026-10-05T12:38:40Z
2026-09-16T21:15:00Z,ruspino,18.31,12.792,21,ok,2026-10-05T12:38:40Z
2026-09-16T21:10:00Z,ruspino,12.44,7.651,21,ok,2026-10-05T12:38:40Z
2026-09-16T21:05:00Z,ruspino,9.49,4.587,21,ok,2026-10-05T12:38:40Z
2026-09-16T21:00:00Z,ruspino,6.20,2.784,21,ok,2026-10-05T12:38:40Z
2026-09-16T20:55:00Z,ruspino,2.06,1.521,21,ok,2026-10-05T12:38:40Z
2026-09-16T20:50:00Z,ruspino,0.91,0.723,21,ok,2026-10-05T12:38:40Z
2026-09-16T20:45:00Z,ruspino,0.02,0.001,21,ok,2026-10-05T12:38:40Z
2026-09-16T20:40:00Z,ruspino,0.02,0.001,21,ok,2026-10-05T12:38:40Z
2026-09-16T20:35:00Z,ruspino,0.05,0.014,21,ok,2026-10-05T12:38:40Z
2026-09-16T20:30:00Z,ruspino,1.59,0.355,21,ok,2026-10-05T12:38:40Z
2026-09-16T20:25:00Z,ruspino,2.71,1.367,21,ok,2026-10-05T12:38:40Z
2026-09-16T20:20:00Z,ruspino,2.07,1.124,21,ok,2026-10-05T12:38:40Z
2026-09-16T20:15:00Z,ruspino,4.07,1.760,21,ok,2026-10-05T12:38:40Z
2026-09-16T20:10:00Z,ruspino,1.42,0.477,21,ok,2026-10-05T12:38:40Z
2026-09-16T20:05:00Z,ruspino,0.48,0.094,21,ok,2026-10-05T12:38:40Z
2026-09-16T20:00:00Z,ruspino,0.56,0.055,21,ok,2026-10-05T12:38:40Z
2026-09-16T19:55:00Z,ruspino,0.00,0.000,21,ok,2026-10-05T12:38:40Z
2026-09-16T19:50:00Z,ruspino,0.00,0.000,21,ok,2026-10-05T12:38:40Z
2026-09-16T19:45:00Z,ruspino,0.00,0.000,21,ok,2026-10-05T12:38:40Z
2026-09-16T19:40:00Z,ruspino,0.00,0.000,21,ok,2026-10-05T12:38:40Z
2026-09-16T19:35:00Z,ruspino,0.00,0.000,21,ok,2026-10-05T12:38:40Z
2026-09-16T19:30:00Z,ruspino,0.00,0.000,21,ok,2026-10-05T12:38:40Z
2026-09-16T19:25:00Z,ruspino,0.00,0.000,21,ok,2026-10-05T12:38:40Z
2026-09-16T19:20:00Z,ruspino,0.00,0.000,21,ok,2026-10-05T12:38:40Z
2026-09-16T19:15:00Z,ruspino,0.00,0.000,21,ok,2026-10-05T12:38:40Z
2026-09-16T19:10:00Z,ruspino,0.00,0.000,21,ok,2026-10-05T12:38:40Z
2026-09-16T19:05:00Z,ruspino,0.00,0.000,21,ok,2026-10-05T12:38:40Z
2026-09-16T19:00:00Z,ruspino,0.00,0.000,21,ok,2026-10-05T12:38:40Z
2026-09-16T18:55:00Z,ruspino,0.00,0.000,21,ok,2026-10-05T12:38:40Z
2026-09-16T18:50:00Z,ruspino,0.00,0.000,21,ok,2026-10-05T12:38:40Z
2026-09-16T18:45:00Z,ruspino,0.00,0.000,21,ok,2026-10-05T12:38:40Z
2026-09-16T18:40:00Z,ruspino,0.00,0.000,21,ok,2026-10-05T12:38:40Z
2026-09-16T18:35:00Z,ruspino,0.00,0.000,21,ok,2026-10-05T12:38:40Z
2026-09-16T18:30:00Z,ruspino,0.00,0.000,21,ok,2026-10-05T12:38:40Z
2026-09-16T18:25:00Z,ruspino,0.00,0.000,21,ok,2026-10-05T12:38:40Z
2026-09-16T18:20:00Z,ruspino,0.00,0.000,21,ok,2026-10-05T12:38:40Z
2026-09-16T18:15:00Z,ruspino,0.00,0.000,21,ok,2026-10-05T12:38:40Z
2026-09-16T18:10:00Z,ruspino,0.00,0.000,21,ok,2026-10-05T12:38:40Z
2026-09-16T18:05:00Z,ruspino,0.00,0.000,21,ok,2026-10-05T12:38:40Z
2026-09-16T18:00:00Z,ruspino,0.00,0.000,21,ok,2026-10-05T12:38:40Z
2026-09-16T17:55:00Z,ruspino,0.00,0.000,21,ok,2026-10-05T12:38:40Z
2026-09-16T17:50:00Z,ruspino,0.00,0.000,21,ok,2026-10-05T12:38:40Z
2026-09-16T17:45:00Z,ruspino,0.00,0.000,21,ok,2026-10-05T12:38:40Z
2026-09-16T17:40:00Z,ruspino,0.00,0.000,21,ok,2026-10-05T12:38:40Z
2026-09-16T17:35:00Z,ruspino,0.00,0.000,21,ok,2026-10-05T12:38:40Z
2026-09-16T17:30:00Z,ruspino,0.00,0.000,21,ok,2026-10-05T12:38:40Z
2026-09-16T17:25:00Z,ruspino,0.00,0.000,21,ok,2026-10-05T12:38:40Z
2026-09-16T17:20:00Z,ruspino,0.00,0.000,21,ok,2026-10-05T12:38:40Z
2026-09-16T17:15:00Z,ruspino,0.00,0.000,21,ok,2026-10-05T12:38:40Z
2026-09-16T17:10:00Z,ruspino,0.00,0.000,21,ok,2026-10-05T12:38:40Z
2026-09-16T17:05:00Z,ruspino,0.00,0.000,21,ok,2026-10-05T12:38:40Z
2026-09-16T17:00:00Z,ruspino,0.00,0.000,21,ok,2026-10-05T12:38:40Z
2026-09-16T16:55:00Z,ruspino,0.00,0.000,21,ok,2026-10-05T12:38:40Z
2026-09-11T04:00:00Z,ruspino,0.00,0.000,21,ok,2026-10-05T12:38:40Z
2026-09-11T03:55:00Z,ruspino,0.00,0.000,21,ok,2026-10-05T12:38:40Z
2026-09-11T03:50:00Z,ruspino,0.00,0.000,21,ok,2026-10-05T12:38:40Z
2026-09-11T03:45:00Z,ruspino,0.00,0.000,21,ok,2026-10-05T12:38:40Z
2026-09-11T03:40:00Z,ruspino,0.00,0.000,21,ok,2026-10-05T12:38:40Z
2026-09-11T03:35:00Z,ruspino,0.00,0.000,21,ok,2026-10-05T12:38:40Z
2026-09-11T03:30:00Z,ruspino,0.00,0.000,21,ok,2026-10-05T12:38:40Z
2026-09-11T03:25:00Z,ruspino,0.00,0.000,21,ok,2026-10-05T12:38:40Z
2026-09-11T03:20:00Z,ruspino,0.00,0.000,21,ok,2026-10-05T12:38:40Z
2026-09-11T03:15:00Z,ruspino,0.00,0.000,21,ok,2026-10-05T12:43:47Z
2026-09-11T03:10:00Z,ruspino,0.00,0.000,21,ok,2026-10-05T12:43:47Z
2026-09-11T03:05:00Z,ruspino,0.00,0.000,21,ok,2026-10-05T12:43:47Z
2026-09-11T03:00:00Z,ruspino,0.00,0.000,21,ok,2026-10-05T12:43:47Z
2026-09-11T02:55:00Z,ruspino,0.00,0.000,21,ok,2026-10-05T12:43:47Z
2026-09-11T02:50:00Z,ruspino,0.00,0.000,21,ok,2026-10-05T12:43:47Z
2026-09-11T02:45:00Z,ruspino,0.00,0.000,21,ok,2026-10-05T12:43:47Z
2026-09-11T02:40:00Z,ruspino,0.00,0.000,21,ok,2026-10-05T12:43:47Z
2026-09-11T02:35:00Z,ruspino,0.00,0.000,21,ok,2026-10-05T12:43:47Z
2026-09-11T02:30:00Z,ruspino,0.00,0.000,21,ok,2026-10-05T12:43:47Z
2026-09-11T02:25:00Z,ruspino,0.00,0.000,21,ok,2026-10-05T12:43:47Z
2026-09-11T02:20:00Z,ruspino,0.00,0.000,21,ok,2026-10-05T12:43:47Z
2026-09-11T02:15:00Z,ruspino,0.00,0.000,21,ok,2026-10-05T12:43:47Z
2026-09-11T02:10:00Z,ruspino,0.00,0.000,21,ok,2026-10-05T12:43:47Z
2026-09-11T02:05:00Z,ruspino,0.00,0.000,21,ok,2026-10-05T12:43:47Z
2026-09-11T02:00:00Z,ruspino,0.00,0.000,21,ok,2026-10-05T12:43:47Z
2026-09-11T01:55:00Z,ruspino,0.00,0.000,21,ok,2026-10-05T12:43:47Z
2026-09-11T01:50:00Z,ruspino,0.00,0.000,21,ok,2026-10-05T12:43:47Z
2026-09-11T01:45:00Z,ruspino,0.00,0.000,21,ok,2026-10-05T12:43:47Z
2026-09-11T01:40:00Z,ruspino,0.00,0.000,21,ok,2026-10-05T12:43:47Z
2026-09-11T01:35:00Z,ruspino,0.00,0.000,21,ok,2026-10-05T12:43:47Z
2026-09-11T01:30:00Z,ruspino,0.00,0.000,21,ok,2026-10-05T12:43:47Z
2026-09-11T01:25:00Z,ruspino,0.00,0.000,21,ok,2026-10-05T12:43:47Z
2026-09-11T01:20:00Z,ruspino,0.00,0.000,21,ok,2026-10-05T12:43:47Z
2026-09-11T01:15:00Z,ruspino,0.00,0.000,21,ok,2026-10-05T12:43:47Z
2026-09-11T01:10:00Z,ruspino,0.00,0.000,21,ok,2026-10-05T12:43:47Z
2026-09-11T01:05:00Z,ruspino,0.00,0.000,21,ok,2026-10-05T12:43:47Z
2026-09-11T01:00:00Z,ruspino,0.00,0.000,21,ok,2026-10-05T12:43:47Z
2026-09-11T00:55:00Z,ruspino,0.00,0.000,21,ok,2026-10-05T12:43:47Z
2026-09-11T00:50:00Z,ruspino,0.00,0.000,21,ok,2026-10-05T12:43:47Z
2026-09-11T00:45:00Z,ruspino,0.00,0.000,21,ok,2026-10-05T12:43:47Z
2026-09-11T00:40:00Z,ruspino,0.00,0.000,21,ok,2026-10-05T12:43:47Z
2026-09-11T00:35:00Z,ruspino,0.00,0.000,21,ok,2026-10-05T12:43:47Z
2026-09-11T00:30:00Z,ruspino,0.00,0.000,21,ok,2026-10-05T12:43:47Z
2026-09-11T00:25:00Z,ruspino,0.00,0.000,21,ok,2026-10-05T12:43:47Z
2026-09-11T00:20:00Z,ruspino,0.00,0.000,21,ok,2026-10-05T12:43:47Z
2026-09-11T00:15:00Z,ruspino,0.00,0.000,21,ok,2026-10-05T12:43:47Z
2026-09-11T00:10:00Z,ruspino,0.00,0.000,21,ok,2026-10-05T12:43:47Z
2026-09-11T00:05:00Z,ruspino,0.00,0.000,21,ok,2026-10-05T12:43:47Z
2026-09-11T00:00:00Z,ruspino,0.00,0.000,21,ok,2026-10-05T12:43:47Z
2026-09-10T23:55:00Z,ruspino,0.00,0.000,21,ok,2026-10-05T12:43:47Z
2026-09-10T23:50:00Z,ruspino,0.00,0.000,21,ok,2026-10-05T12:43:47Z
2026-09-10T23:45:00Z,ruspino,0.00,0.000,21,ok,2026-10-05T12:43:47Z
2026-09-10T23:40:00Z,ruspino,0.00,0.000,21,ok,2026-10-05T12:43:47Z
2026-09-10T23:35:00Z,ruspino,0.00,0.000,21,ok,2026-10-05T12:43:47Z
2026-09-10T23:30:00Z,ruspino,0.00,0.000,21,ok,2026-10-05T12:43:47Z
2026-09-10T23:25:00Z,ruspino,0.00,0.000,21,ok,2026-10-05T12:43:47Z
2026-09-10T23:20:00Z,ruspino,0.00,0.000,21,ok,2026-10-05T12:43:47Z
2026-09-10T23:15:00Z,ruspino,0.00,0.000,21,ok,2026-10-05T12:43:47Z
2026-09-10T23:10:00Z,ruspino,0.00,0.000,21,ok,2026-10-05T12:43:47Z
2026-09-10T23:05:00Z,ruspino,0.00,0.000,21,ok,2026-10-05T12:43:47Z
2026-09-10T23:00:00Z,ruspino,0.00,0.000,21,ok,2026-10-05T12:43:47Z
2026-09-10T22:55:00Z,ruspino,0.00,0.000,21,ok,2026-10-05T12:43:47Z
2026-09-10T22:50:00Z,ruspino,0.00,0.000,21,ok,2026-10-05T12:43:47Z
2026-09-10T22:45:00Z,ruspino,0.00,0.000,21,ok,2026-10-05T12:43:47Z
2026-09-10T22:40:00Z,ruspino,0.00,0.000,21,ok,2026-10-05T12:43:47Z
2026-09-10T22:35:00Z,ruspino,0.00,0.000,21,ok,2026-10-05T12:43:47Z
2026-09-10T22:30:00Z,ruspino,0.00,0.000,21,ok,2026-10-05T12:43:47Z
2026-09-10T22:25:00Z,ruspino,0.00,0.000,21,ok,2026-10-05T12:43:47Z
2026-09-10T22:20:00Z,ruspino,0.00,0.000,21,ok,2026-10-05T12:43:47Z
2026-09-10T22:15:00Z,ruspino,0.00,0.000,21,ok,2026-10-05T12:43:47Z
2026-09-10T22:10:00Z,ruspino,0.00,0.000,21,ok,2026-10-05T12:43:47Z
2026-09-10T22:05:00Z,ruspino,0.00,0.000,21,ok,2026-10-05T12:43:47Z
2026-09-10T22:00:00Z,ruspino,0.00,0.000,21,ok,2026-10-05T12:43:47Z
2026-09-10T21:55:00Z,ruspino,0.00,0.000,21,ok,2026-10-05T12:43:47Z
2026-09-10T21:50:00Z,ruspino,0.00,0.000,21,ok,2026-10-05T12:43:47Z
2026-09-10T21:45:00Z,ruspino,0.00,0.000,21,ok,2026-10-05T12:43:47Z
2026-09-10T21:40:00Z,ruspino,0.00,0.000,21,ok,2026-10-05T12:43:47Z
2026-09-10T21:35:00Z,ruspino,0.00,0.000,21,ok,2026-10-05T12:43:47Z
2026-09-10T21:30:00Z,ruspino,0.00,0.000,21,ok,2026-10-05T12:43:47Z
2026-09-10T21:25:00Z,ruspino,0.00,0.000,21,ok,2026-10-05T12:43:47Z
2026-09-10T21:20:00Z,ruspino,0.00,0.000,21,ok,2026-10-05T12:43:47Z
2026-09-10T21:15:00Z,ruspino,0.00,0.000,21,ok,2026-10-05T12:43:47Z
2026-09-10T21:10:00Z,ruspino,0.00,0.000,21,ok,2026-10-05T12:43:47Z
2026-09-10T21:05:00Z,ruspino,0.00,0.000,21,ok,2026-10-05T12:43:47Z
2026-09-10T21:00:00Z,ruspino,0.00,0.000,21,ok,2026-10-05T12:43:47Z
2026-09-10T20:55:00Z,ruspino,0.00,0.000,21,ok,2026-10-05T12:43:47Z
2026-09-10T20:50:00Z,ruspino,0.00,0.000,21,ok,2026-10-05T12:43:47Z
2026-09-10T20:45:00Z,ruspino,0.00,0.000,21,ok,2026-10-05T12:43:47Z
2026-09-10T20:40:00Z,ruspino,0.00,0.000,21,ok,2026-10-05T12:43:47Z
2026-09-10T20:35:00Z,ruspino,0.00,0.000,21,ok,2026-10-05T12:43:47Z
2026-09-10T20:30:00Z,ruspino,0.00,0.000,21,ok,2026-10-05T12:43:47Z
2026-09-10T20:25:00Z,ruspino,0.00,0.000,21,ok,2026-10-05T12:43:47Z
2026-09-10T20:20:00Z,ruspino,0.00,0.000,21,ok,2026-10-05T12:43:47Z
2026-09-10T20:15:00Z,ruspino,0.00,0.000,21,ok,2026-10-05T12:43:47Z
2026-09-10T20:10:00Z,ruspino,0.00,0.000,21,ok,2026-10-05T12:43:47Z
2026-09-10T20:05:00Z,ruspino,0.00,0.000,21,ok,2026-10-05T12:43:47Z
2026-09-10T20:00:00Z,ruspino,0.00,0.000,21,ok,2026-10-05T12:43:47Z
2026-09-10T19:55:00Z,ruspino,0.00,0.000,21,ok,2026-10-05T12:43:47Z
2026-09-10T19:50:00Z,ruspino,0.00,0.000,21,ok,2026-10-05T12:43:47Z
2026-09-10T19:45:00Z,ruspino,0.00,0.000,21,ok,2026-10-05T12:43:47Z
2026-09-10T19:40:00Z,ruspino,0.00,0.000,21,ok,2026-10-05T12:43:47Z
2026-09-10T19:35:00Z,ruspino,0.00,0.000,21,ok,2026-10-05T12:43:47Z
2026-09-10T19:30:00Z,ruspino,0.00,0.000,21,ok,2026-10-05T12:43:47Z
2026-09-10T19:25:00Z,ruspino,0.00,0.000,21,ok,2026-10-05T12:43:47Z
2026-09-10T19:20:00Z,ruspino,0.00,0.000,21,ok,2026-10-05T12:43:47Z
2026-09-10T19:15:00Z,ruspino,0.00,0.000,21,ok,2026-10-05T12:43:47Z
2026-09-10T19:10:00Z,ruspino,0.00,0.000,21,ok,2026-10-05T12:43:47Z
2026-09-10T19:05:00Z,ruspino,0.00,0.000,21,ok,2026-10-05T12:43:47Z
2026-09-10T19:00:00Z,ruspino,0.00,0.000,21,ok,2026-10-05T12:43:47Z
2026-09-10T18:55:00Z,ruspino,0.00,0.000,21,ok,2026-10-05T12:43:47Z
2026-09-10T18:50:00Z,ruspino,0.00,0.000,21,ok,2026-10-05T12:43:47Z
2026-09-10T18:45:00Z,ruspino,0.00,0.000,21,ok,2026-10-05T12:43:47Z
2026-09-10T18:40:00Z,ruspino,0.00,0.000,21,ok,2026-10-05T12:43:47Z
2026-09-10T18:35:00Z,ruspino,0.00,0.000,21,ok,2026-10-05T12:43:47Z
2026-09-10T18:30:00Z,ruspino,0.00,0.000,21,ok,2026-10-05T12:43:47Z
2026-09-10T18:25:00Z,ruspino,0.00,0.000,21,ok,2026-10-05T12:43:47Z
2026-09-10T18:20:00Z,ruspino,0.00,0.000,21,ok,2026-10-05T12:43:47Z
2026-09-10T18:15:00Z,ruspino,0.00,0.000,21,ok,2026-10-05T12:43:47Z
2026-09-10T18:10:00Z,ruspino,0.00,0.000,21,ok,2026-10-05T12:43:47Z
2026-09-10T18:05:00Z,ruspino,0.00,0.000,21,ok,2026-10-05T12:43:47Z
2026-09-10T18:00:00Z,ruspino,0.00,0.000,21,ok,2026-10-05T12:43:47Z
2026-09-10T17:55:00Z,ruspino,0.00,0.000,21,ok,2026-10-05T12:43:47Z
2026-09-10T17:50:00Z,ruspino,0.00,0.000,21,ok,2026-10-05T12:43:47Z
2026-09-10T17:45:00Z,ruspino,0.00,0.000,21,ok,2026-10-05T12:43:47Z
2026-09-10T17:40:00Z,ruspino,0.00,0.000,21,ok,2026-10-05T12:43:47Z
2026-09-10T17:35:00Z,ruspino,0.00,0.000,21,ok,2026-10-05T12:43:47Z
2026-09-10T17:30:00Z,ruspino,0.00,0.000,21,ok,2026-10-05T12:43:47Z
2026-09-10T17:25:00Z,ruspino,0.00,0.000,21,ok,2026-10-05T12:43:47Z
2026-09-10T17:20:00Z,ruspino,0.00,0.000,21,ok,2026-10-05T12:43:47Z
2026-09-10T17:15:00Z,ruspino,0.00,0.000,21,ok,2026-10-05T12:43:47Z
2026-09-10T17:10:00Z,ruspino,0.00,0.000,21,ok,2026-10-05T12:43:47Z
2026-09-10T17:05:00Z,ruspino,0.00,0.000,21,ok,2026-10-05T12:43:47Z
2026-09-10T17:00:00Z,ruspino,0.00,0.000,21,ok,2026-10-05T12:43:47Z
2026-09-10T16:00:00Z,ruspino,0.00,0.000,21,ok,2026-10-05T12:43:47Z
2026-09-10T15:55:00Z,ruspino,0.00,0.000,21,ok,2026-10-05T12:43:47Z
2026-09-10T15:50:00Z,ruspino,0.00,0.000,21,ok,2026-10-05T12:43:47Z
2026-09-10T15:45:00Z,ruspino,0.00,0.000,21,ok,2026-10-05T12:43:47Z
2026-09-10T15:40:00Z,ruspino,0.00,0.000,21,ok,2026-10-05T12:43:47Z
2026-09-10T15:35:00Z,ruspino,0.00,0.000,21,ok,2026-10-05T12:43:47Z
2026-09-10T15:30:00Z,ruspino,0.00,0.000,21,ok,2026-10-05T12:43:47Z
2026-09-10T15:25:00Z,ruspino,0.00,0.000,21,ok,2026-10-05T12:43:47Z
2026-09-10T15:20:00Z,ruspino,0.00,0.000,21,ok,2026-10-05T12:43:47Z
2026-09-10T15:15:00Z,ruspino,0.00,0.000,21,ok,2026-10-05T12:43:47Z
2026-09-10T15:10:00Z,ruspino,0.00,0.000,21,ok,2026-10-05T12:43:47Z
2026-09-10T15:05:00Z,ruspino,0.00,0.000,21,ok,2026-10-05T12:43:47Z
2026-09-10T15:00:00Z,ruspino,0.00,0.000,21,ok,2026-10-05T12:43:47Z
2026-09-10T14:55:00Z,ruspino,0.00,0.000,21,ok,2026-10-05T12:43:47Z
2026-09-10T14:50:00Z,ruspino,0.00,0.000,21,ok,2026-10-05T12:43:47Z
2026-09-10T14:45:00Z,ruspino,0.00,0.000,21,ok,2026-10-05T12:43:47Z
2026-09-10T14:40:00Z,ruspino,0.00,0.000,21,ok,2026-10-05T12:43:47Z
2026-09-10T14:35:00Z,ruspino,0.00,0.000,21,ok,2026-10-05T12:43:47Z
2026-09-10T14:30:00Z,ruspino,0.00,0.000,21,ok,2026-10-05T12:43:47Z
2026-09-10T14:25:00Z,ruspino,0.00,0.000,21,ok,2026-10-05T12:43:47Z
2026-09-10T14:20:00Z,ruspino,0.00,0.000,21,ok,2026-10-05T12:43:47Z
2026-09-10T14:15:00Z,ruspino,0.00,0.000,21,ok,2026-10-05T12:43:47Z
2026-09-10T14:10:00Z,ruspino,0.00,0.000,21,ok,2026-10-05T12:43:47Z
2026-09-10T14:05:00Z,ruspino,0.00,0.000,21,ok,2026-10-05T12:43:47Z
2026-09-10T14:00:00Z,ruspino,0.00,0.000,21,ok,2026-10-05T12:43:47Z
2026-09-10T13:55:00Z,ruspino,0.00,0.000,21,ok,2026-10-05T12:43:47Z
2026-09-10T13:50:00Z,ruspino,0.00,0.000,21,ok,2026-10-05T12:43:47Z
2026-09-10T13:45:00Z,ruspino,0.00,0.000,21,ok,2026-10-05T12:43:47Z
2026-09-10T13:40:00Z,ruspino,0.00,0.000,21,ok,2026-10-05T12:43:47Z
2026-09-10T13:35:00Z,ruspino,0.00,0.000,21,ok,2026-10-05T12:43:47Z
2026-09-10T13:30:00Z,ruspino,0.00,0.000,21,ok,2026-10-05T12:43:47Z
2026-09-10T13:25:00Z,ruspino,0.00,0.000,21,ok,2026-10-05T12:43:47Z
2026-09-10T13:20:00Z,ruspino,0.00,0.000,21,ok,2026-10-05T12:43:47Z
2026-09-10T13:15:00Z,ruspino,0.00,0.000,21,ok,2026-10-05T12:43:47Z
2026-09-10T13:10:00Z,ruspino,0.00,0.000,21,ok,2026-10-05T12:43:47Z
2026-09-10T13:05:00Z,ruspino,0.00,0.000,21,ok,2026-10-05T12:43:47Z
2026-09-10T13:00:00Z,ruspino,0.00,0.000,21,ok,2026-10-05T12:43:47Z
2026-09-10T12:55:00Z,ruspino,0.00,0.000,21,ok,2026-10-05T12:43:47Z
2026-09-10T12:50:00Z,ruspino,0.03,0.012,21,ok,2026-10-05T12:43:47Z
2026-09-10T12:45:00Z,ruspino,0.01,0.001,21,ok,2026-10-05T12:43:47Z
2026-09-10T12:40:00Z,ruspino,0.00,0.000,21,ok,2026-10-05T12:43:47Z
2026-09-10T12:35:00Z,ruspino,0.00,0.000,21,ok,2026-10-05T12:43:47Z
2026-09-10T12:30:00Z,ruspino,0.00,0.000,21,ok,2026-10-05T12:43:47Z
2026-09-10T12:25:00Z,ruspino,0.14,0.028,21,ok,2026-10-05T12:43:47Z
2026-09-10T12:20:00Z,ruspino,0.00,0.000,21,ok,2026-10-05T12:43:47Z
2026-09-10T12:15:00Z,ruspino,0.64,0.275,21,ok,2026-10-05T12:43:47Z
2026-09-10T12:10:00Z,ruspino,0.00,0.000,21,ok,2026-10-05T12:43:47Z
2026-09-10T12:05:00Z,ruspino,0.65,0.196,21,ok,2026-10-05T12:43:47Z
2026-09-10T12:00:00Z,ruspino,0.33,0.147,21,ok,2026-10-05T12:43:47Z
2026-09-10T11:55:00Z,ruspino,0.27,0.036,21,ok,2026-10-05T12:43:47Z
2026-09-10T11:50:00Z,ruspino,0.00,0.000,21,ok,2026-10-05T12:43:47Z
2026-09-10T11:45:00Z,ruspino,0.34,0.070,21,ok,2026-10-05T12:43:47Z
2026-09-10T11:40:00Z,ruspino,0.00,0.000,21,ok,2026-10-05T12:43:47Z
2026-09-10T11:35:00Z,ruspino,0.00,0.000,21,ok,2026-10-05T12:43:47Z
2026-09-10T11:30:00Z,ruspino,0.15,0.014,21,ok,2026-10-05T12:43:47Z
2026-09-10T11:25:00Z,ruspino,0.00,0.000,21,ok,2026-10-05T12:43:47Z
2026-09-10T11:20:00Z,ruspino,0.00,0.000,21,ok,2026-10-05T12:43:47Z
2026-09-10T11:15:00Z,ruspino,0.42,0.100,21,ok,2026-10-05T12:43:47Z
2026-09-10T11:10:00Z,ruspino,0.92,0.665,21,ok,2026-10-05T12:43:47Z
2026-09-10T11:05:00Z,ruspino,0.62,0.516,21,ok,2026-10-05T12:43:47Z
2026-09-10T11:00:00Z,ruspino,0.81,0.694,21,ok,2026-10-05T12:43:47Z
2026-09-10T10:55:00Z,ruspino,0.96,0.792,21,ok,2026-10-05T12:43:47Z
2026-09-10T10:50:00Z,ruspino,0.64,0.550,21,ok,2026-10-05T12:43:47Z
2026-09-10T10:45:00Z,ruspino,0.64,0.548,21,ok,2026-10-05T12:43:47Z
2026-09-10T10:40:00Z,ruspino,0.41,0.384,21,ok,2026-10-05T12:43:47Z
2026-09-10T10:35:00Z,ruspino,0.35,0.297,21,ok,2026-10-05T12:43:47Z
2026-09-10T10:30:00Z,ruspino,0.25,0.067,21,ok,2026-10-05T12:43:47Z
2026-09-10T10:25:00Z,ruspino,0.25,0.115,21,ok,2026-10-05T12:43:47Z
2026-09-10T10:20:00Z,ruspino,0.34,0.160,21,ok,2026-10-05T12:43:47Z
2026-09-10T10:15:00Z,ruspino,0.72,0.206,21,ok,2026-10-05T12:43:47Z
2026-09-10T10:10:00Z,ruspino,1.27,0.779,21,ok,2026-10-05T12:43:47Z
2026-09-10T10:05:00Z,ruspino,1.56,1.335,21,ok,2026-10-05T12:43:47Z
2026-09-10T10:00:00Z,ruspino,2.09,1.870,21,ok,2026-10-05T12:43:47Z
2026-09-10T09:55:00Z,ruspino,3.01,1.905,21,ok,2026-10-05T12:43:47Z
2026-09-10T09:50:00Z,ruspino,2.55,1.737,21,ok,2026-10-05T12:43:47Z
2026-09-10T09:45:00Z,ruspino,2.38,1.503,21,ok,2026-10-05T12:43:47Z
2026-09-10T09:40:00Z,ruspino,2.23,1.917,21,ok,2026-10-05T12:43:47Z
2026-09-10T09:35:00Z,ruspino,2.51,1.720,21,ok,2026-10-05T12:43:47Z
2026-09-10T09:30:00Z,ruspino,3.14,1.705,21,ok,2026-10-05T12:43:47Z
2026-09-10T09:25:00Z,ruspino,2.70,1.874,21,ok,2026-10-05T12:43:47Z
2026-09-10T09:20:00Z,ruspino,2.79,0.969,21,ok,2026-10-05T12:43:47Z
2026-09-10T09:15:00Z,ruspino,1.54,0.919,21,ok,2026-10-05T12:43:47Z
2026-09-10T09:10:00Z,ruspino,1.72,0.865,21,ok,2026-10-05T12:43:47Z
2026-09-10T09:05:00Z,ruspino,1.12,0.777,21,ok,2026-10-05T12:43:47Z
2026-09-10T09:00:00Z,ruspino,1.27,0.739,21,ok,2026-10-05T12:43:47Z
2026-09-10T08:55:00Z,ruspino,1.31,0.871,21,ok,2026-10-05T12:43:47Z
2026-09-10T08:50:00Z,ruspino,1.83,1.173,21,ok,2026-10-05T12:43:47Z
2026-09-10T08:45:00Z,ruspino,2.13,1.381,21,ok,2026-10-05T12:43:47Z
2026-09-10T08:40:00Z,ruspino,1.63,1.093,21,ok,2026-10-05T12:43:47Z
2026-09-10T08:35:00Z,ruspino,1.97,1.346,21,ok,2026-10-05T12:43:47Z
2026-09-10T08:30:00Z,ruspino,4.31,1.512,21,ok,2026-10-05T12:43:47Z
2026-09-10T08:25:00Z,ruspino,3.25,1.138,21,ok,2026-10-05T12:43:47Z
2026-09-10T08:20:00Z,ruspino,2.75,0.733,21,ok,2026-10-05T12:43:47Z
2026-09-10T08:15:00Z,ruspino,0.78,0.350,21,ok,2026-10-05T12:43:47Z
2026-09-10T08:10:00Z,ruspino,0.47,0.044,21,ok,2026-10-05T12:43:47Z
2026-09-10T08:05:00Z,ruspino,2.75,0.795,21,ok,2026-10-05T12:43:47Z
2026-09-10T08:00:00Z,ruspino,5.03,3.376,21,ok,2026-10-05T12:43:47Z
2026-09-10T07:55:00Z,ruspino,11.38,4.524,21,ok,2026-10-05T12:43:47Z
2026-09-10T07:50:00Z,ruspino,12.59,4.635,21,ok,2026-10-05T12:43:47Z
2026-09-10T07:45:00Z,ruspino,11.20,3.076,21,ok,2026-10-05T12:43:47Z
2026-09-10T07:40:00Z,ruspino,5.14,1.705,21,ok,2026-10-05T12:43:47Z
2026-09-10T07:35:00Z,ruspino,5.39,1.036,21,ok,2026-10-05T12:43:47Z
2026-09-10T07:30:00Z,ruspino,1.52,0.507,21,ok,2026-10-05T12:43:47Z
2026-09-10T07:25:00Z,ruspino,1.33,0.301,21,ok,2026-10-05T12:43:47Z
2026-09-10T07:20:00Z,ruspino,1.07,0.663,21,ok,2026-10-05T12:43:47Z
2026-09-10T07:15:00Z,ruspino,1.13,0.970,21,ok,2026-10-05T12:43:47Z
2026-09-10T07:10:00Z,ruspino,1.70,0.854,21,ok,2026-10-05T12:43:47Z
2026-09-10T07:05:00Z,ruspino,1.18,0.268,21,ok,2026-10-05T12:43:47Z
2026-09-10T07:00:00Z,ruspino,0.92,0.145,21,ok,2026-10-05T12:43:47Z
2026-09-10T06:55:00Z,ruspino,4.26,0.909,21,ok,2026-10-05T12:43:47Z
2026-09-10T06:50:00Z,ruspino,17.18,3.846,21,ok,2026-10-05T12:43:47Z
2026-09-10T06:45:00Z,ruspino,7.42,3.753,21,ok,2026-10-05T12:43:47Z
2026-09-10T06:40:00Z,ruspino,5.49,2.325,21,ok,2026-10-05T12:43:47Z
2026-09-10T06:35:00Z,ruspino,2.18,1.188,21,ok,2026-10-05T12:43:47Z
2026-09-10T06:30:00Z,ruspino,0.95,0.102,21,ok,2026-10-05T12:43:47Z
2026-09-10T06:25:00Z,ruspino,0.00,0.000,21,ok,2026-10-05T12:43:47Z
2026-09-10T06:20:00Z,ruspino,0.00,0.000,21,ok,2026-10-05T12:43:47Z
2026-09-10T06:15:00Z,ruspino,0.00,0.000,21,ok,2026-10-05T12:43:47Z
2026-09-10T06:10:00Z,ruspino,0.00,0.000,21,ok,2026-10-05T12:43:47Z
2026-09-10T06:05:00Z,ruspino,0.00,0.000,21,ok,2026-10-05T12:43:47Z
2026-09-10T06:00:00Z,ruspino,0.00,0.000,21,ok,2026-10-05T12:43:47Z
2026-09-10T05:55:00Z,ruspino,0.00,0.000,21,ok,2026-10-05T12:43:47Z
2026-09-10T05:50:00Z,ruspino,0.00,0.000,21,ok,2026-10-05T12:43:47Z
2026-09-10T05:45:00Z,ruspino,0.00,0.000,21,ok,2026-10-05T12:43:47Z
2026-09-10T05:40:00Z,ruspino,0.00,0.000,21,ok,2026-10-05T12:43:47Z
2026-09-10T05:35:00Z,ruspino,0.36,0.045,21,ok,2026-10-05T12:43:47Z
2026-09-10T05:30:00Z,ruspino,0.45,0.057,21,ok,2026-10-05T12:43:47Z
2026-09-10T05:25:00Z,ruspino,0.66,0.469,21,ok,2026-10-05T12:43:47Z
2026-09-10T05:20:00Z,ruspino,0.92,0.684,21,ok,2026-10-05T12:43:47Z
2026-09-10T05:15:00Z,ruspino,1.03,0.651,21,ok,2026-10-05T12:43:47Z
2026-09-10T05:10:00Z,ruspino,0.64,0.549,21,ok,2026-10-05T12:43:47Z
2026-09-10T05:05:00Z,ruspino,0.58,0.546,21,ok,2026-10-05T12:43:47Z
2026-09-10T05:00:00Z,ruspino,0.61,0.563,21,ok,2026-10-05T12:43:47Z
2026-09-10T04:55:00Z,ruspino,0.59,0.534,21,ok,2026-10-05T12:43:47Z
2026-09-10T04:50:00Z,ruspino,0.47,0.267,21,ok,2026-10-05T12:43:47Z
2026-09-10T04:45:00Z,ruspino,0.00,0.000,21,ok,2026-10-05T12:43:47Z
2026-09-10T04:40:00Z,ruspino,0.00,0.000,21,ok,2026-10-05T12:43:47Z
2026-09-10T04:35:00Z,ruspino,0.00,0.000,21,ok,2026-10-05T12:43:47Z
2026-09-10T04:30:00Z,ruspino,0.00,0.000,21,ok,2026-10-05T12:43:47Z
2026-09-10T04:25:00Z,ruspino,0.00,0.000,21,ok,2026-10-05T12:43:47Z
2026-09-10T04:20:00Z,ruspino,0.00,0.000,21,ok,2026-10-05T12:43:47Z
2026-09-10T04:15:00Z,ruspino,0.00,0.000,21,ok,2026-10-05T12:43:47Z
2026-09-10T04:10:00Z,ruspino,0.00,0.000,21,ok,2026-10-05T12:43:47Z
2026-09-10T04:05:00Z,ruspino,0.00,0.000,21,ok,2026-10-05T12:43:47Z
2026-09-10T04:00:00Z,ruspino,0.00,0.000,21,ok,2026-10-05T12:43:47Z
2026-09-10T03:55:00Z,ruspino,0.00,0.000,21,ok,2026-10-05T12:43:47Z
2026-09-10T03:50:00Z,ruspino,0.00,0.000,21,ok,2026-10-05T12:43:47Z
2026-09-10T03:45:00Z,ruspino,0.00,0.000,21,ok,2026-10-05T12:43:47Z
2026-09-10T03:40:00Z,ruspino,0.00,0.000,21,ok,2026-10-05T12:43:47Z
2026-09-10T03:35:00Z,ruspino,0.00,0.000,21,ok,2026-10-05T12:43:47Z
2026-09-10T03:30:00Z,ruspino,0.00,0.000,21,ok,2026-10-05T12:43:47Z
2026-09-10T03:25:00Z,ruspino,0.00,0.000,21,ok,2026-10-05T12:43:47Z
2026-09-10T03:20:00Z,ruspino,0.00,0.000,21,ok,2026-10-05T12:43:47Z
2026-09-10T03:15:00Z,ruspino,0.00,0.000,21,ok,2026-10-05T12:43:47Z
2026-09-10T03:10:00Z,ruspino,0.00,0.000,21,ok,2026-10-05T12:43:47Z
2026-09-10T03:05:00Z,ruspino,0.00,0.000,21,ok,2026-10-05T12:43:47Z
2026-09-10T03:00:00Z,ruspino,0.00,0.000,21,ok,2026-10-05T12:43:47Z
2026-09-10T02:55:00Z,ruspino,0.00,0.000,21,ok,2026-10-05T12:43:47Z
2026-09-10T02:50:00Z,ruspino,0.00,0.000,21,ok,2026-10-05T12:43:47Z
2026-09-10T02:45:00Z,ruspino,0.00,0.000,21,ok,2026-10-05T12:43:47Z
2026-09-10T02:40:00Z,ruspino,0.00,0.000,21,ok,2026-10-05T12:43:47Z
2026-09-10T02:35:00Z,ruspino,0.00,0.000,21,ok,2026-10-05T12:43:47Z
2026-09-10T02:30:00Z,ruspino,0.00,0.000,21,ok,2026-10-05T12:43:47Z
2026-09-10T02:25:00Z,ruspino,0.00,0.000,21,ok,2026-10-05T12:43:47Z
2026-09-10T02:20:00Z,ruspino,0.00,0.000,21,ok,2026-10-05T12:43:47Z
2026-09-10T02:15:00Z,ruspino,0.00,0.000,21,ok,2026-10-05T12:43:47Z
2026-09-10T02:10:00Z,ruspino,0.00,0.000,21,ok,2026-10-05T12:43:47Z
2026-09-10T02:05:00Z,ruspino,0.00,0.000,21,ok,2026-10-05T12:43:47Z
2026-09-10T02:00:00Z,ruspino,0.00,0.000,21,ok,2026-10-05T12:43:47Z
2026-09-10T01:55:00Z,ruspino,0.00,0.000,21,ok,2026-10-05T12:43:47Z
2026-09-10T01:50:00Z,ruspino,0.00,0.000,21,ok,2026-10-05T12:43:47Z
2026-09-10T01:45:00Z,ruspino,0.00,0.000,21,ok,2026-10-05T12:43:47Z
2026-09-10T01:40:00Z,ruspino,0.00,0.000,21,ok,2026-10-05T12:43:47Z
2026-09-10T01:35:00Z,ruspino,0.00,0.000,21,ok,2026-10-05T12:43:47Z
2026-09-10T01:30:00Z,ruspino,0.00,0.000,21,ok,2026-10-05T12:43:47Z
2026-09-10T01:25:00Z,ruspino,0.57,0.181,21,ok,2026-10-05T12:43:47Z
2026-09-10T01:20:00Z,ruspino,2.30,0.915,21,ok,2026-10-05T12:43:47Z
2026-09-10T01:15:00Z,ruspino,5.62,1.442,21,ok,2026-10-05T12:43:47Z
2026-09-10T01:10:00Z,ruspino,9.64,2.489,21,ok,2026-10-05T12:43:47Z
2026-09-10T01:05:00Z,ruspino,10.23,6.341,21,ok,2026-10-05T12:43:47Z
2026-09-10T01:00:00Z,ruspino,11.11,9.694,21,ok,2026-10-05T12:43:47Z
2026-09-10T00:55:00Z,ruspino,15.10,13.022,21,ok,2026-10-05T12:43:47Z
2026-09-10T00:50:00Z,ruspino,12.84,10.640,21,ok,2026-10-05T12:43:47Z
2026-09-10T00:45:00Z,ruspino,11.75,7.440,21,ok,2026-10-05T12:43:47Z
2026-09-10T00:40:00Z,ruspino,6.46,5.098,21,ok,2026-10-05T12:43:47Z
2026-09-10T00:35:00Z,ruspino,4.09,3.495,21,ok,2026-10-05T12:43:47Z
2026-09-10T00:30:00Z,ruspino,4.95,4.285,21,ok,2026-10-05T12:43:47Z
2026-09-10T00:25:00Z,ruspino,6.29,6.121,21,ok,2026-10-05T12:43:47Z
2026-09-10T00:20:00Z,ruspino,5.49,4.675,21,ok,2026-10-05T12:43:47Z
2026-09-10T00:15:00Z,ruspino,5.61,4.241,21,ok,2026-10-05T12:43:47Z
2026-09-10T00:10:00Z,ruspino,6.55,3.543,21,ok,2026-10-05T12:43:47Z
2026-09-10T00:05:00Z,ruspino,4.82,3.762,21,ok,2026-10-05T12:43:47Z
2026-09-10T00:00:00Z,ruspino,6.49,5.815,21,ok,2026-10-05T12:43:47Z
2026-09-09T23:55:00Z,ruspino,5.97,4.260,21,ok,2026-10-05T12:43:47Z
2026-09-09T23:50:00Z,ruspino,8.11,4.172,21,ok,2026-10-05T12:43:47Z
2026-09-09T23:45:00Z,ruspino,5.70,4.212,21,ok,2026-10-05T12:43:47Z
2026-09-09T23:40:00Z,ruspino,6.28,5.496,21,ok,2026-10-05T12:43:47Z
2026-09-09T23:35:00Z,ruspino,5.80,3.829,21,ok,2026-10-05T12:43:47Z
2026-09-09T23:30:00Z,ruspino,9.60,4.491,21,ok,2026-10-05T12:43:47Z
2026-09-09T23:25:00Z,ruspino,7.52,5.737,21,ok,2026-10-05T12:43:47Z
2026-09-09T23:20:00Z,ruspino,14.67,13.158,21,ok,2026-10-05T12:43:47Z
2026-09-09T23:15:00Z,ruspino,18.10,12.436,21,ok,2026-10-05T12:43:47Z
2026-09-09T23:10:00Z,ruspino,15.95,12.124,21,ok,2026-10-05T12:43:47Z
2026-09-09T23:05:00Z,ruspino,15.90,12.472,21,ok,2026-10-05T12:43:47Z
2026-09-09T23:00:00Z,ruspino,15.67,13.733,21,ok,2026-10-05T12:43:47Z
2026-09-09T22:55:00Z,ruspino,18.88,14.206,21,ok,2026-10-05T12:43:47Z
2026-09-09T22:50:00Z,ruspino,14.98,10.397,21,ok,2026-10-05T12:43:47Z
2026-09-09T22:45:00Z,ruspino,16.28,11.757,21,ok,2026-10-05T12:43:47Z
2026-09-09T22:40:00Z,ruspino,11.06,8.181,21,ok,2026-10-05T12:43:47Z
2026-09-09T22:35:00Z,ruspino,11.28,8.157,21,ok,2026-10-05T12:43:47Z
2026-09-09T22:30:00Z,ruspino,6.38,5.372,21,ok,2026-10-05T12:43:47Z
2026-09-09T22:25:00Z,ruspino,17.91,11.073,21,ok,2026-10-05T12:43:47Z
2026-09-09T22:20:00Z,ruspino,18.01,12.510,21,ok,2026-10-05T12:43:47Z
2026-09-09T22:15:00Z,ruspino,12.73,9.150,21,ok,2026-10-05T12:43:47Z
2026-09-09T22:10:00Z,ruspino,13.93,8.988,21,ok,2026-10-05T12:43:47Z
2026-09-09T22:05:00Z,ruspino,12.01,7.638,21,ok,2026-10-05T12:43:47Z
2026-09-09T22:00:00Z,ruspino,8.41,6.476,21,ok,2026-10-05T12:43:47Z
2026-09-09T21:55:00Z,ruspino,5.41,4.780,21,ok,2026-10-05T12:43:47Z
2026-09-09T21:50:00Z,ruspino,4.80,4.220,21,ok,2026-10-05T12:43:47Z
2026-09-09T21:45:00Z,ruspino,6.90,4.019,21,ok,2026-10-05T12:43:47Z
2026-09-09T21:40:00Z,ruspino,9.25,3.668,21,ok,2026-10-05T12:43:47Z
2026-09-09T21:35:00Z,ruspino,5.89,3.949,21,ok,2026-10-05T12:43:47Z
2026-09-09T21:30:00Z,ruspino,7.45,4.933,21,ok,2026-10-05T12:43:47Z
2026-09-09T21:25:00Z,ruspino,4.01,3.192,21,ok,2026-10-05T12:43:47Z
2026-09-09T21:20:00Z,ruspino,3.22,2.783,21,ok,2026-10-05T12:43:47Z
2026-09-09T21:15:00Z,ruspino,2.15,1.518,21,ok,2026-10-05T12:43:47Z
2026-09-09T21:10:00Z,ruspino,1.14,0.911,21,ok,2026-10-05T12:43:47Z
2026-09-09T21:05:00Z,ruspino,0.99,0.704,21,ok,2026-10-05T12:43:47Z
2026-09-09T21:00:00Z,ruspino,0.59,0.538,21,ok,2026-10-05T12:43:47Z
2026-09-09T20:55:00Z,ruspino,0.42,0.145,21,ok,2026-10-05T12:43:47Z
2026-09-09T20:50:00Z,ruspino,0.41,0.162,21,ok,2026-10-05T12:43:47Z
2026-09-09T20:45:00Z,ruspino,0.47,0.040,21,ok,2026-10-05T12:43:47Z
2026-09-09T20:40:00Z,ruspino,0.00,0.000,21,ok,2026-10-05T12:43:47Z
2026-09-09T20:35:00Z,ruspino,0.00,0.000,21,ok,2026-10-05T12:43:47Z
2026-09-09T20:30:00Z,ruspino,0.00,0.000,21,ok,2026-10-05T12:43:47Z
2026-09-09T20:25:00Z,ruspino,0.00,0.000,21,ok,2026-10-05T12:43:47Z
2026-09-09T20:20:00Z,ruspino,0.00,0.000,21,ok,2026-10-05T12:43:47Z
2026-09-09T20:15:00Z,ruspino,0.42,0.345,21,ok,2026-10-05T12:43:47Z
2026-09-09T20:10:00Z,ruspino,0.78,0.584,21,ok,2026-10-05T12:43:47Z
2026-09-09T20:05:00Z,ruspino,1.24,0.682,21,ok,2026-10-05T12:43:47Z
2026-09-09T20:00:00Z,ruspino,0.85,0.752,21,ok,2026-10-05T12:43:47Z
2026-09-09T19:55:00Z,ruspino,2.10,1.738,21,ok,2026-10-05T12:43:47Z
2026-09-09T19:50:00Z,ruspino,1.88,1.607,21,ok,2026-10-05T12:43:47Z
2026-09-09T19:45:00Z,ruspino,1.89,1.683,21,ok,2026-10-05T12:43:47Z
2026-09-09T19:40:00Z,ruspino,1.44,1.143,21,ok,2026-10-05T12:43:47Z
2026-09-09T19:35:00Z,ruspino,1.48,1.082,21,ok,2026-10-05T12:43:47Z
2026-09-09T19:30:00Z,ruspino,0.86,0.640,21,ok,2026-10-05T12:43:47Z
2026-09-09T19:25:00Z,ruspino,0.41,0.233,21,ok,2026-10-05T12:43:47Z
2026-09-09T19:20:00Z,ruspino,0.00,0.000,21,ok,2026-10-05T12:43:47Z
2026-09-09T19:15:00Z,ruspino,0.00,0.000,21,ok,2026-10-05T12:43:47Z
2026-09-09T19:10:00Z,ruspino,0.00,0.000,21,ok,2026-10-05T12:43:47Z
2026-09-09T19:05:00Z,ruspino,0.00,0.000,21,ok,2026-10-05T12:43:47Z
2026-09-09T19:00:00Z,ruspino,0.00,0.000,21,ok,2026-10-05T12:43:47Z
2026-09-09T18:55:00Z,ruspino,0.00,0.000,21,ok,2026-10-05T12:43:47Z
2026-09-09T18:50:00Z,ruspino,0.00,0.000,21,ok,2026-10-05T12:43:47Z
2026-09-09T18:45:00Z,ruspino,0.00,0.000,21,ok,2026-10-05T12:43:47Z
2026-09-09T18:40:00Z,ruspino,0.31,0.097,21,ok,2026-10-05T12:43:47Z
2026-09-09T18:35:00Z,ruspino,0.34,0.271,21,ok,2026-10-05T12:43:47Z
2026-09-09T18:30:00Z,ruspino,0.26,0.234,21,ok,2026-10-05T12:43:47Z
2026-09-09T18:25:00Z,ruspino,0.12,0.062,21,ok,2026-10-05T12:43:47Z
2026-09-09T18:20:00Z,ruspino,0.00,0.000,21,ok,2026-10-05T12:43:47Z
2026-09-09T18:15:00Z,ruspino,0.15,0.007,21,ok,2026-10-05T12:43:47Z
2026-09-09T18:10:00Z,ruspino,0.00,0.000,21,ok,2026-10-05T12:43:47Z
2026-09-09T18:05:00Z,ruspino,0.00,0.000,21,ok,2026-10-05T12:43:47Z
2026-09-09T18:00:00Z,ruspino,0.00,0.000,21,ok,2026-10-05T12:43:47Z
2026-09-09T17:55:00Z,ruspino,0.00,0.000,21,ok,2026-10-05T12:43:47Z
2026-09-09T17:50:00Z,ruspino,0.00,0.000,21,ok,2026-10-05T12:43:47Z
2026-09-09T17:45:00Z,ruspino,0.00,0.000,21,ok,2026-10-05T12:43:47Z
2026-09-09T17:40:00Z,ruspino,0.00,0.000,21,ok,2026-10-05T12:43:47Z
2026-09-09T17:35:00Z,ruspino,0.16,0.008,21,ok,2026-10-05T12:43:47Z
2026-09-09T17:30:00Z,ruspino,2.83,0.420,21,ok,2026-10-05T12:43:47Z
2026-09-09T17:25:00Z,ruspino,8.40,2.559,21,ok,2026-10-05T12:43:47Z
2026-09-09T17:20:00Z,ruspino,15.07,7.617,21,ok,2026-10-05T12:43:47Z
2026-09-09T17:15:00Z,ruspino,20.08,12.469,21,ok,2026-10-05T12:43:47Z
2026-09-09T17:10:00Z,ruspino,24.64,18.264,21,ok,2026-10-05T12:43:47Z
2026-09-09T17:05:00Z,ruspino,21.83,16.114,21,ok,2026-10-05T12:43:47Z
2026-09-09T17:00:00Z,ruspino,37.66,17.263,21,ok,2026-10-05T12:43:47Z
2026-09-09T16:55:00Z,ruspino,12.32,5.852,21,ok,2026-10-05T12:43:47Z
2026-09-09T16:50:00Z,ruspino,4.84,1.824,21,ok,2026-10-05T12:43:47Z
2026-09-09T16:45:00Z,ruspino,1.97,1.129,21,ok,2026-10-05T12:43:47Z
2026-09-09T16:40:00Z,ruspino,1.28,1.117,21,ok,2026-10-05T12:43:47Z
2026-09-09T16:35:00Z,ruspino,4.42,2.302,21,ok,2026-10-05T12:43:47Z
2026-09-09T16:30:00Z,ruspino,4.53,3.683,21,ok,2026-10-05T12:43:47Z
2026-09-09T16:25:00Z,ruspino,22.66,6.687,21,ok,2026-10-05T12:43:47Z
2026-09-09T16:20:00Z,ruspino,30.94,11.180,21,ok,2026-10-05T12:43:47Z
2026-09-09T16:15:00Z,ruspino,12.14,9.591,21,ok,2026-10-05T12:43:47Z
2026-09-09T16:10:00Z,ruspino,14.53,9.492,21,ok,2026-10-05T12:43:47Z
2026-09-09T16:05:00Z,ruspino,9.93,5.133,21,ok,2026-10-05T12:43:47Z
2026-09-09T16:00:00Z,ruspino,6.61,3.976,21,ok,2026-10-05T12:43:47Z
2026-09-09T15:55:00Z,ruspino,13.95,4.440,21,ok,2026-10-05T12:43:47Z
2026-09-09T15:50:00Z,ruspino,6.44,2.914,21,ok,2026-10-05T12:43:47Z
2026-09-09T15:45:00Z,ruspino,6.28,2.078,21,ok,2026-10-05T12:43:47Z
2026-09-09T15:40:00Z,ruspino,10.02,5.285,21,ok,2026-10-05T12:43:47Z
2026-09-09T15:35:00Z,ruspino,21.69,14.587,21,ok,2026-10-05T12:43:47Z
2026-09-09T15:30:00Z,ruspino,19.23,12.600,21,ok,2026-10-05T12:43:47Z
2026-09-09T15:25:00Z,ruspino,19.50,10.214,21,ok,2026-10-05T12:43:47Z
2026-09-09T15:20:00Z,ruspino,6.89,1.655,21,ok,2026-10-05T12:43:47Z
2026-09-09T15:15:00Z,ruspino,0.80,0.191,21,ok,2026-10-05T12:43:47Z
2026-09-09T15:10:00Z,ruspino,0.00,0.000,21,ok,2026-10-05T12:43:47Z
2026-09-09T15:05:00Z,ruspino,0.00,0.000,21,ok,2026-10-05T12:43:47Z
2026-09-09T15:00:00Z,ruspino,0.00,0.000,21,ok,2026-10-05T12:43:47Z
2026-09-09T14:55:00Z,ruspino,0.00,0.000,21,ok,2026-10-05T12:43:47Z
2026-09-09T14:50:00Z,ruspino,0.00,0.000,21,ok,2026-10-05T12:43:47Z
2026-09-09T14:45:00Z,ruspino,0.00,0.000,21,ok,2026-10-05T12:43:47Z
2026-09-09T14:40:00Z,ruspino,0.00,0.000,21,ok,2026-10-05T12:43:47Z
2026-09-09T14:35:00Z,ruspino,0.00,0.000,21,ok,2026-10-05T12:43:47Z
2026-09-09T14:30:00Z,ruspino,0.00,0.000,21,ok,2026-10-05T12:43:47Z
2026-09-09T14:25:00Z,ruspino,0.00,0.000,21,ok,2026-10-05T12:43:47Z
2026-09-09T14:20:00Z,ruspino,0.00,0.000,21,ok,2026-10-05T12:43:47Z
2026-09-09T14:15:00Z,ruspino,0.00,0.000,21,ok,2026-10-05T12:43:47Z
2026-09-09T14:10:00Z,ruspino,0.00,0.000,21,ok,2026-10-05T12:43:47Z
2026-09-09T14:05:00Z,ruspino,0.00,0.000,21,ok,2026-10-05T12:43:47Z
2026-09-09T14:00:00Z,ruspino,0.00,0.000,21,ok,2026-10-05T12:43:47Z
2026-09-09T13:55:00Z,ruspino,0.00,0.000,21,ok,2026-10-05T12:43:47Z
2026-09-09T13:50:00Z,ruspino,0.00,0.000,21,ok,2026-10-05T12:43:47Z
2026-09-09T13:45:00Z,ruspino,0.00,0.000,21,ok,2026-10-05T12:43:47Z
2026-09-09T13:40:00Z,ruspino,0.00,0.000,21,ok,2026-10-05T12:43:47Z
2026-09-09T13:35:00Z,ruspino,0.00,0.000,21,ok,2026-10-05T12:43:47Z
2026-09-09T13:30:00Z,ruspino,0.00,0.000,21,ok,2026-10-05T12:43:47Z
2026-09-09T13:25:00Z,ruspino,0.00,0.000,21,ok,2026-10-05T12:43:47Z
2026-09-09T13:20:00Z,ruspino,0.00,0.000,21,ok,2026-10-05T12:43:47Z
2026-09-09T13:15:00Z,ruspino,0.00,0.000,21,ok,2026-10-05T12:43:47Z
2026-09-09T13:10:00Z,ruspino,0.00,0.000,21,ok,2026-10-05T12:43:47Z
2026-09-09T13:05:00Z,ruspino,0.56,0.157,21,ok,2026-10-05T12:43:47Z
2026-09-09T13:00:00Z,ruspino,0.92,0.609,21,ok,2026-10-05T12:43:47Z
2026-09-09T12:55:00Z,ruspino,1.67,1.076,21,ok,2026-10-05T12:43:47Z
2026-09-09T12:50:00Z,ruspino,7.17,4.225,21,ok,2026-10-05T12:43:47Z
2026-09-09T12:45:00Z,ruspino,20.08,13.038,21,ok,2026-10-05T12:43:47Z
2026-09-09T12:40:00Z,ruspino,24.43,19.190,21,ok,2026-10-05T12:43:47Z
2026-09-09T12:35:00Z,ruspino,44.14,34.856,21,ok,2026-10-05T12:43:47Z
2026-09-09T12:30:00Z,ruspino,40.31,31.649,21,ok,2026-10-05T12:43:47Z
2026-09-09T12:25:00Z,ruspino,33.51,15.365,21,ok,2026-10-05T12:43:47Z
2026-09-09T12:20:00Z,ruspino,11.24,7.514,21,ok,2026-10-05T12:43:47Z
2026-09-09T12:15:00Z,ruspino,16.88,13.019,21,ok,2026-10-05T12:43:47Z
2026-09-09T12:10:00Z,ruspino,18.32,10.360,21,ok,2026-10-05T12:43:47Z
2026-09-09T12:05:00Z,ruspino,11.06,6.207,21,ok,2026-10-05T12:43:47Z
2026-09-09T12:00:00Z,ruspino,11.94,5.120,21,ok,2026-10-05T12:43:47Z
2026-09-09T11:55:00Z,ruspino,4.72,2.917,21,ok,2026-10-05T12:43:47Z
2026-09-09T11:50:00Z,ruspino,10.26,6.818,21,ok,2026-10-05T12:43:47Z
2026-09-09T11:45:00Z,ruspino,17.15,11.880,21,ok,2026-10-05T12:43:47Z
2026-09-09T11:40:00Z,ruspino,26.35,20.708,21,ok,2026-10-05T12:43:47Z
2026-09-09T11:35:00Z,ruspino,40.35,22.195,21,ok,2026-10-05T12:43:47Z
2026-09-09T11:30:00Z,ruspino,29.75,21.125,21,ok,2026-10-05T12:43:47Z
2026-09-09T11:25:00Z,ruspino,20.40,13.332,21,ok,2026-10-05T12:43:47Z
2026-09-09T11:20:00Z,ruspino,36.34,20.890,21,ok,2026-10-05T12:43:47Z
2026-09-09T11:15:00Z,ruspino,49.89,32.386,21,ok,2026-10-05T12:43:47Z
2026-09-09T11:10:00Z,ruspino,38.04,27.665,21,ok,2026-10-05T12:43:47Z
2026-09-09T11:05:00Z,ruspino,43.97,25.098,21,ok,2026-10-05T12:43:47Z
2026-09-09T11:00:00Z,ruspino,24.41,16.979,21,ok,2026-10-05T12:43:47Z
2026-09-09T10:55:00Z,ruspino,27.66,12.445,21,ok,2026-10-05T12:43:47Z
2026-09-09T10:50:00Z,ruspino,47.08,23.117,21,ok,2026-10-05T12:43:47Z
2026-09-09T10:45:00Z,ruspino,38.30,17.229,21,ok,2026-10-05T12:43:47Z
2026-09-09T10:40:00Z,ruspino,6.28,4.150,21,ok,2026-10-05T12:43:47Z
2026-09-09T10:35:00Z,ruspino,42.82,7.722,21,ok,2026-10-05T12:43:47Z
2026-09-09T10:30:00Z,ruspino,65.09,28.949,21,ok,2026-10-05T12:43:47Z
2026-09-09T10:25:00Z,ruspino,54.16,42.099,21,ok,2026-10-05T12:43:47Z
2026-09-09T10:20:00Z,ruspino,75.86,42.187,21,ok,2026-10-05T12:43:47Z
2026-09-09T10:15:00Z,ruspino,91.89,33.053,21,ok,2026-10-05T12:43:47Z
2026-09-09T10:10:00Z,ruspino,90.98,24.599,21,ok,2026-10-05T12:43:47Z
2026-09-09T10:05:00Z,ruspino,16.47,8.329,21,ok,2026-10-05T12:43:47Z
2026-09-09T10:00:00Z,ruspino,7.31,1.846,21,ok,2026-10-05T12:43:47Z
2026-09-09T09:55:00Z,ruspino,4.80,0.825,21,ok,2026-10-05T12:43:47Z
2026-09-09T09:50:00Z,ruspino,6.07,0.614,21,ok,2026-10-05T12:43:47Z
2026-09-09T09:45:00Z,ruspino,0.00,0.000,21,ok,2026-10-05T12:43:47Z
2026-09-09T09:40:00Z,ruspino,0.00,0.000,21,ok,2026-10-05T12:43:47Z
2026-09-09T09:35:00Z,ruspino,0.00,0.000,21,ok,2026-10-05T12:43:47Z
2026-09-09T09:30:00Z,ruspino,0.00,0.000,21,ok,2026-10-05T12:43:47Z
2026-09-09T09:25:00Z,ruspino,0.00,0.000,21,ok,2026-10-05T12:43:47Z
2026-09-09T09:20:00Z,ruspino,0.00,0.000,21,ok,2026-10-05T12:43:47Z
2026-09-09T09:15:00Z,ruspino,0.00,0.000,21,ok,2026-10-05T12:43:47Z
2026-09-09T09:10:00Z,ruspino,0.00,0.000,21,ok,2026-10-05T12:43:47Z
2026-09-09T09:05:00Z,ruspino,0.00,0.000,21,ok,2026-10-05T12:43:47Z
2026-09-09T09:00:00Z,ruspino,0.00,0.000,21,ok,2026-10-05T12:43:47Z
2026-09-09T08:55:00Z,ruspino,0.00,0.000,21,ok,2026-10-05T12:43:47Z
2026-09-09T08:25:00Z,ruspino,0.00,0.000,21,ok,2026-10-05T12:43:47Z
2026-09-09T08:20:00Z,ruspino,0.00,0.000,21,ok,2026-10-05T12:43:47Z
2026-09-09T08:15:00Z,ruspino,0.00,0.000,21,ok,2026-10-05T12:43:47Z
2026-09-09T08:10:00Z,ruspino,0.00,0.000,21,ok,2026-10-05T12:43:47Z
2026-09-09T08:05:00Z,ruspino,0.00,0.000,21,ok,2026-10-05T12:43:47Z
2026-09-09T08:00:00Z,ruspino,0.00,0.000,21,ok,2026-10-05T12:43:47Z
2026-09-09T07:55:00Z,ruspino,0.00,0.000,21,ok,2026-10-05T12:43:47Z
2026-09-09T07:50:00Z,ruspino,0.00,0.000,21,ok,2026-10-05T12:43:47Z
2026-09-09T07:45:00Z,ruspino,0.00,0.000,21,ok,2026-10-05T12:43:47Z
2026-09-09T07:40:00Z,ruspino,0.00,0.000,21,ok,2026-10-05T12:43:47Z
2026-09-09T07:35:00Z,ruspino,0.00,0.000,21,ok,2026-10-05T12:43:47Z
2026-09-09T07:30:00Z,ruspino,0.00,0.000,21,ok,2026-10-05T12:43:47Z
2026-09-09T07:25:00Z,ruspino,0.00,0.000,21,ok,2026-10-05T12:43:47Z
2026-09-09T07:20:00Z,ruspino,0.00,0.000,21,ok,2026-10-05T12:43:47Z
2026-09-09T07:15:00Z,ruspino,0.00,0.000,21,ok,2026-10-05T12:43:47Z
2026-09-09T07:10:00Z,ruspino,0.00,0.000,21,ok,2026-10-05T12:43:47Z
2026-09-09T07:05:00Z,ruspino,0.00,0.000,21,ok,2026-10-05T12:43:47Z
2026-09-09T07:00:00Z,ruspino,0.00,0.000,21,ok,2026-10-05T12:43:47Z
2026-09-09T06:55:00Z,ruspino,0.00,0.000,21,ok,2026-10-05T12:43:47Z
2026-09-09T06:50:00Z,ruspino,0.00,0.000,21,ok,2026-10-05T12:43:47Z
2026-09-09T06:45:00Z,ruspino,0.00,0.000,21,ok,2026-10-05T12:43:47Z
2026-09-09T06:40:00Z,ruspino,0.00,0.000,21,ok,2026-10-05T12:43:47Z
2026-09-09T06:35:00Z,ruspino,0.00,0.000,21,ok,2026-10-05T12:43:47Z
2026-09-09T06:30:00Z,ruspino,0.00,0.000,21,ok,2026-10-05T12:43:47Z
2026-09-09T06:25:00Z,ruspino,0.00,0.000,21,ok,2026-10-05T12:43:47Z
2026-09-09T06:20:00Z,ruspino,0.00,0.000,21,ok,2026-10-05T12:43:47Z
2026-09-09T06:15:00Z,ruspino,0.00,0.000,21,ok,2026-10-05T12:43:47Z
2026-09-09T06:10:00Z,ruspino,0.00,0.000,21,ok,2026-10-05T12:43:47Z
2026-09-09T06:05:00Z,ruspino,0.00,0.000,21,ok,2026-10-05T12:43:47Z
2026-09-09T06:00:00Z,ruspino,0.00,0.000,21,ok,2026-10-05T12:43:47Z
2026-09-09T05:55:00Z,ruspino,0.00,0.000,21,ok,2026-10-05T12:43:47Z
2026-09-09T05:50:00Z,ruspino,0.00,0.000,21,ok,2026-10-05T12:43:47Z
2026-09-09T05:45:00Z,ruspino,0.00,0.000,21,ok,2026-10-05T12:43:47Z
2026-09-09T05:40:00Z,ruspino,0.00,0.000,21,ok,2026-10-05T12:43:47Z
2026-09-09T05:35:00Z,ruspino,0.00,0.000,21,ok,2026-10-05T12:43:47Z
2026-09-09T05:30:00Z,ruspino,0.52,0.084,21,ok,2026-10-05T12:43:47Z
2026-09-09T05:25:00Z,ruspino,0.48,0.179,21,ok,2026-10-05T12:43:47Z
2026-09-09T05:20:00Z,ruspino,0.56,0.397,21,ok,2026-10-05T12:43:47Z
2026-09-09T05:15:00Z,ruspino,1.19,0.721,21,ok,2026-10-05T12:43:47Z
2026-09-09T05:10:00Z,ruspino,1.25,0.972,21,ok,2026-10-05T12:43:47Z
2026-09-09T05:05:00Z,ruspino,1.22,1.020,21,ok,2026-10-05T12:43:47Z
2026-09-09T05:00:00Z,ruspino,0.94,0.764,21,ok,2026-10-05T12:43:47Z
2026-09-09T04:55:00Z,ruspino,0.92,0.805,21,ok,2026-10-05T12:43:47Z
2026-09-09T04:50:00Z,ruspino,1.07,0.731,21,ok,2026-10-05T12:43:47Z
2026-09-09T04:45:00Z,ruspino,1.24,0.969,21,ok,2026-10-05T12:43:47Z
2026-09-09T04:40:00Z,ruspino,1.46,1.205,21,ok,2026-10-05T12:43:47Z
2026-09-09T04:35:00Z,ruspino,2.64,2.002,21,ok,2026-10-05T12:43:47Z
2026-09-09T04:30:00Z,ruspino,4.43,4.054,21,ok,2026-10-05T12:43:47Z
2026-09-09T04:25:00Z,ruspino,6.90,4.412,21,ok,2026-10-05T12:43:47Z
2026-09-09T04:20:00Z,ruspino,5.45,4.298,21,ok,2026-10-05T12:43:47Z
2026-09-09T04:15:00Z,ruspino,4.93,3.936,21,ok,2026-10-05T12:43:47Z
2026-09-09T04:10:00Z,ruspino,5.41,3.240,21,ok,2026-10-05T12:43:47Z
2026-09-09T04:05:00Z,ruspino,10.36,6.795,21,ok,2026-10-05T12:43:47Z
2026-09-09T04:00:00Z,ruspino,29.09,18.484,21,ok,2026-10-05T12:43:47Z
2026-09-09T03:55:00Z,ruspino,34.24,22.485,21,ok,2026-10-05T12:43:47Z
2026-09-09T03:50:00Z,ruspino,40.29,18.979,21,ok,2026-10-05T12:43:47Z
2026-09-09T03:45:00Z,ruspino,33.59,9.789,21,ok,2026-10-05T12:43:47Z
2026-09-09T03:40:00Z,ruspino,10.31,2.471,21,ok,2026-10-05T12:43:47Z
2026-09-09T03:35:00Z,ruspino,2.08,1.044,21,ok,2026-10-05T12:43:47Z
2026-09-09T03:30:00Z,ruspino,5.71,1.692,21,ok,2026-10-05T12:43:47Z
2026-09-09T03:25:00Z,ruspino,21.90,4.965,21,ok,2026-10-05T12:43:47Z
2026-09-09T03:20:00Z,ruspino,42.99,16.900,21,ok,2026-10-05T12:43:47Z
2026-09-09T03:15:00Z,ruspino,112.06,61.922,21,ok,2026-10-05T12:43:47Z
2026-09-09T03:10:00Z,ruspino,73.33,52.963,21,ok,2026-10-05T12:43:47Z
2026-09-09T03:05:00Z,ruspino,100.73,28.633,21,ok,2026-10-05T12:43:47Z
2026-09-09T03:00:00Z,ruspino,40.09,7.336,21,ok,2026-10-05T12:43:47Z
2026-09-09T02:55:00Z,ruspino,26.30,3.395,21,ok,2026-10-05T12:43:47Z
2026-09-09T02:50:00Z,ruspino,2.15,0.499,21,ok,2026-10-05T12:43:47Z
2026-09-09T02:45:00Z,ruspino,1.53,0.160,21,ok,2026-10-05T12:43:47Z
2026-09-09T02:40:00Z,ruspino,0.00,0.000,21,ok,2026-10-05T12:43:47Z
2026-09-09T02:35:00Z,ruspino,0.00,0.000,21,ok,2026-10-05T12:43:47Z
2026-09-09T02:30:00Z,ruspino,0.00,0.000,21,ok,2026-10-05T12:43:47Z
2026-09-09T02:25:00Z,ruspino,0.00,0.000,21,ok,2026-10-05T12:43:47Z
2026-09-09T02:20:00Z,ruspino,0.98,0.094,21,ok,2026-10-05T12:43:47Z
2026-09-09T02:15:00Z,ruspino,4.63,0.958,21,ok,2026-10-05T12:43:47Z
2026-09-09T02:10:00Z,ruspino,2.51,1.003,21,ok,2026-10-05T12:43:47Z
2026-09-09T02:05:00Z,ruspino,0.81,0.548,21,ok,2026-10-05T12:43:47Z
2026-09-09T02:00:00Z,ruspino,0.00,0.000,21,ok,2026-10-05T12:43:47Z
2026-09-09T01:55:00Z,ruspino,0.00,0.000,21,ok,2026-10-05T12:43:47Z
2026-09-09T01:50:00Z,ruspino,0.00,0.000,21,ok,2026-10-05T12:43:47Z
2026-09-09T01:45:00Z,ruspino,0.00,0.000,21,ok,2026-10-05T12:43:47Z
2026-09-09T01:40:00Z,ruspino,0.00,0.000,21,ok,2026-10-05T12:43:47Z
2026-09-09T01:35:00Z,ruspino,0.00,0.000,21,ok,2026-10-05T12:43:47Z
2026-09-09T01:30:00Z,ruspino,0.00,0.000,21,ok,2026-10-05T12:43:47Z
2026-09-09T01:25:00Z,ruspino,1.70,0.144,21,ok,2026-10-05T12:43:47Z
2026-09-09T01:20:00Z,ruspino,1.81,0.222,21,ok,2026-10-05T12:43:47Z
2026-09-09T01:15:00Z,ruspino,0.00,0.000,21,ok,2026-10-05T12:43:47Z
2026-09-09T01:10:00Z,ruspino,0.00,0.000,21,ok,2026-10-05T12:43:47Z
2026-09-09T01:05:00Z,ruspino,0.00,0.000,21,ok,2026-10-05T12:43:47Z
2026-09-09T01:00:00Z,ruspino,0.00,0.000,21,ok,2026-10-05T12:43:47Z
2026-09-09T00:55:00Z,ruspino,0.00,0.000,21,ok,2026-10-05T12:43:47Z
2026-09-09T00:50:00Z,ruspino,0.00,0.000,21,ok,2026-10-05T12:43:47Z
2026-09-09T00:45:00Z,ruspino,0.00,0.000,21,ok,2026-10-05T12:43:47Z
2026-09-09T00:40:00Z,ruspino,0.00,0.000,21,ok,2026-10-05T12:43:47Z
2026-09-09T00:35:00Z,ruspino,0.00,0.000,21,ok,2026-10-05T12:43:47Z
2026-09-09T00:30:00Z,ruspino,0.00,0.000,21,ok,2026-10-05T12:43:47Z
2026-09-09T00:25:00Z,ruspino,0.00,0.000,21,ok,2026-10-05T12:43:47Z
2026-09-09T00:20:00Z,ruspino,0.00,0.000,21,ok,2026-10-05T12:43:47Z
2026-09-08T23:00:00Z,ruspino,0.00,0.000,21,ok,2026-10-05T12:43:47Z
2026-09-08T22:55:00Z,ruspino,0.00,0.000,21,ok,2026-10-05T12:43:47Z
2026-09-08T22:50:00Z,ruspino,0.00,0.000,21,ok,2026-10-05T12:43:47Z
2026-09-08T22:45:00Z,ruspino,0.00,0.000,21,ok,2026-10-05T12:43:47Z
2026-09-08T22:40:00Z,ruspino,0.00,0.000,21,ok,2026-10-05T12:43:47Z
2026-09-08T22:35:00Z,ruspino,0.00,0.000,21,ok,2026-10-05T12:43:47Z
2026-09-08T22:30:00Z,ruspino,0.00,0.000,21,ok,2026-10-05T12:43:47Z
2026-09-08T22:25:00Z,ruspino,0.00,0.000,21,ok,2026-10-05T12:43:47Z
2026-09-08T22:20:00Z,ruspino,0.00,0.000,21,ok,2026-10-05T12:43:47Z
2026-09-08T22:15:00Z,ruspino,0.00,0.000,21,ok,2026-10-05T12:43:47Z
2026-09-08T22:10:00Z,ruspino,0.00,0.000,21,ok,2026-10-05T12:43:47Z
2026-09-08T22:05:00Z,ruspino,0.00,0.000,21,ok,2026-10-05T12:43:47Z
2026-09-08T22:00:00Z,ruspino,0.00,0.000,21,ok,2026-10-05T12:43:47Z
2026-09-08T21:55:00Z,ruspino,0.00,0.000,21,ok,2026-10-05T12:43:47Z
2026-09-08T21:50:00Z,ruspino,0.00,0.000,21,ok,2026-10-05T12:43:47Z
2026-09-08T21:45:00Z,ruspino,0.00,0.000,21,ok,2026-10-05T12:43:47Z
2026-09-08T21:40:00Z,ruspino,0.00,0.000,21,ok,2026-10-05T12:43:47Z
2026-09-08T21:35:00Z,ruspino,0.00,0.000,21,ok,2026-10-05T12:43:47Z
2026-09-08T21:30:00Z,ruspino,0.00,0.000,21,ok,2026-10-05T12:43:47Z
2026-09-08T21:25:00Z,ruspino,0.00,0.000,21,ok,2026-10-05T12:43:47Z
2026-09-08T21:20:00Z,ruspino,0.00,0.000,21,ok,2026-10-05T12:43:47Z
2026-09-08T21:15:00Z,ruspino,0.00,0.000,21,ok,2026-10-05T12:43:47Z
2026-09-08T21:10:00Z,ruspino,0.00,0.000,21,ok,2026-10-05T12:43:47Z
2026-09-08T21:05:00Z,ruspino,0.00,0.000,21,ok,2026-10-05T12:43:47Z
2026-09-08T21:00:00Z,ruspino,0.00,0.000,21,ok,2026-10-05T12:43:47Z
2026-09-08T20:55:00Z,ruspino,0.00,0.000,21,ok,2026-10-05T12:43:47Z
2026-09-02T19:00:00Z,ruspino,0.00,0.000,21,ok,2026-10-05T12:43:47Z
2026-09-02T18:55:00Z,ruspino,0.00,0.000,21,ok,2026-10-05T12:43:47Z
2026-09-02T18:50:00Z,ruspino,0.00,0.000,21,ok,2026-10-05T12:43:47Z
2026-09-02T18:45:00Z,ruspino,0.00,0.000,21,ok,2026-10-05T12:43:47Z
2026-09-02T18:40:00Z,ruspino,0.00,0.000,21,ok,2026-10-05T12:43:47Z
2026-09-02T18:35:00Z,ruspino,0.00,0.000,21,ok,2026-10-05T12:43:47Z
2026-09-02T18:30:00Z,ruspino,0.00,0.000,21,ok,2026-10-05T12:43:47Z
2026-09-02T18:25:00Z,ruspino,0.00,0.000,21,ok,2026-10-05T12:43:47Z
2026-09-02T18:20:00Z,ruspino,0.00,0.000,21,ok,2026-10-05T12:43:47Z
2026-09-02T18:15:00Z,ruspino,0.00,0.000,21,ok,2026-10-05T12:43:47Z
2026-09-02T18:10:00Z,ruspino,0.00,0.000,21,ok,2026-10-05T12:43:47Z
2026-09-02T18:05:00Z,ruspino,0.00,0.000,21,ok,2026-10-05T12:43:47Z
2026-09-02T18:00:00Z,ruspino,0.00,0.000,21,ok,2026-10-05T12:43:47Z
2026-09-02T17:55:00Z,ruspino,0.00,0.000,21,ok,2026-10-05T12:43:47Z
2026-09-02T17:50:00Z,ruspino,0.00,0.000,21,ok,2026-10-05T12:43:47Z
2026-09-02T17:45:00Z,ruspino,0.00,0.000,21,ok,2026-10-05T12:43:47Z
2026-09-02T17:40:00Z,ruspino,0.00,0.000,21,ok,2026-10-05T12:43:47Z
2026-09-02T17:35:00Z,ruspino,0.00,0.000,21,ok,2026-10-05T12:43:47Z
2026-09-02T17:30:00Z,ruspino,0.00,0.000,21,ok,2026-10-05T12:43:47Z
2026-09-02T17:25:00Z,ruspino,0.00,0.000,21,ok,2026-10-05T12:43:47Z
2026-09-02T17:20:00Z,ruspino,0.00,0.000,21,ok,2026-10-05T12:43:47Z
2026-09-02T17:15:00Z,ruspino,0.00,0.000,21,ok,2026-10-05T12:43:47Z
2026-09-02T17:10:00Z,ruspino,0.00,0.000,21,ok,2026-10-05T12:43:47Z
2026-09-02T17:05:00Z,ruspino,0.00,0.000,21,ok,2026-10-05T12:43:47Z
2026-09-02T17:00:00Z,ruspino,0.00,0.000,21,ok,2026-10-05T12:43:47Z
2026-09-02T16:55:00Z,ruspino,0.00,0.000,21,ok,2026-10-05T12:43:47Z
2026-09-02T16:50:00Z,ruspino,0.00,0.000,21,ok,2026-10-05T12:43:47Z
2026-09-02T16:45:00Z,ruspino,0.00,0.000,21,ok,2026-10-05T12:43:47Z
2026-09-02T16:40:00Z,ruspino,0.00,0.000,21,ok,2026-10-05T12:43:47Z
2026-09-02T16:35:00Z,ruspino,0.00,0.000,21,ok,2026-10-05T12:43:47Z
2026-09-02T16:30:00Z,ruspino,0.00,0.000,21,ok,2026-10-05T12:43:47Z
2026-09-02T16:25:00Z,ruspino,0.00,0.000,21,ok,2026-10-05T12:43:47Z
2026-09-02T16:20:00Z,ruspino,0.00,0.000,21,ok,2026-10-05T12:43:47Z
2026-09-02T16:15:00Z,ruspino,0.00,0.000,21,ok,2026-10-05T12:43:47Z
2026-09-02T16:10:00Z,ruspino,0.00,0.000,21,ok,2026-10-05T12:43:47Z
2026-09-02T16:05:00Z,ruspino,0.00,0.000,21,ok,2026-10-05T12:43:47Z
2026-09-02T16:00:00Z,ruspino,0.00,0.000,21,ok,2026-10-05T12:43:47Z
2026-09-02T15:55:00Z,ruspino,0.00,0.000,21,ok,2026-10-05T12:43:47Z
2026-09-02T15:50:00Z,ruspino,0.00,0.000,21,ok,2026-10-05T12:43:47Z
2026-09-02T15:45:00Z,ruspino,0.00,0.000,21,ok,2026-10-05T12:43:47Z
2026-09-02T15:40:00Z,ruspino,0.00,0.000,21,ok,2026-10-05T12:43:47Z
2026-09-02T15:35:00Z,ruspino,0.00,0.000,21,ok,2026-10-05T12:43:47Z
2026-09-02T15:30:00Z,ruspino,0.00,0.000,21,ok,2026-10-05T12:43:47Z
2026-09-02T15:25:00Z,ruspino,0.00,0.000,21,ok,2026-10-05T12:43:47Z
2026-09-02T15:20:00Z,ruspino,0.00,0.000,21,ok,2026-10-05T12:43:47Z
2026-09-02T15:15:00Z,ruspino,0.00,0.000,21,ok,2026-10-05T12:43:47Z
2026-09-02T15:10:00Z,ruspino,0.00,0.000,21,ok,2026-10-05T12:43:47Z
2026-09-02T15:05:00Z,ruspino,0.00,0.000,21,ok,2026-10-05T12:43:47Z
2026-09-02T15:00:00Z,ruspino,0.00,0.000,21,ok,2026-10-05T12:43:47Z
2026-09-02T14:55:00Z,ruspino,0.00,0.000,21,ok,2026-10-05T12:43:47Z
2026-09-02T14:50:00Z,ruspino,0.00,0.000,21,ok,2026-10-05T12:43:47Z
2026-09-02T14:45:00Z,ruspino,0.00,0.000,21,ok,2026-10-05T12:43:47Z
2026-09-02T14:40:00Z,ruspino,0.00,0.000,21,ok,2026-10-05T12:43:47Z
2026-09-02T14:35:00Z,ruspino,0.00,0.000,21,ok,2026-10-05T12:43:47Z
2026-09-02T14:30:00Z,ruspino,0.00,0.000,21,ok,2026-10-05T12:43:47Z
2026-09-02T14:25:00Z,ruspino,0.00,0.000,21,ok,2026-10-05T12:43:47Z
2026-09-02T14:20:00Z,ruspino,0.00,0.000,21,ok,2026-10-05T12:43:47Z
2026-09-02T14:15:00Z,ruspino,0.00,0.000,21,ok,2026-10-05T12:43:47Z
2026-09-02T14:10:00Z,ruspino,0.00,0.000,21,ok,2026-10-05T12:43:47Z
2026-09-02T14:05:00Z,ruspino,0.00,0.000,21,ok,2026-10-05T12:43:47Z
2026-09-02T14:00:00Z,ruspino,0.00,0.000,21,ok,2026-10-05T12:43:47Z
2026-09-02T13:55:00Z,ruspino,0.00,0.000,21,ok,2026-10-05T12:43:47Z
2026-09-02T13:50:00Z,ruspino,0.00,0.000,21,ok,2026-10-05T12:43:47Z
2026-09-02T13:45:00Z,ruspino,0.00,0.000,21,ok,2026-10-05T12:43:47Z
2026-09-02T13:40:00Z,ruspino,0.00,0.000,21,ok,2026-10-05T12:43:47Z
2026-09-02T13:35:00Z,ruspino,0.00,0.000,21,ok,2026-10-05T12:43:47Z
2026-09-02T13:30:00Z,ruspino,0.00,0.000,21,ok,2026-10-05T12:43:47Z
2026-09-02T13:25:00Z,ruspino,0.00,0.000,21,ok,2026-10-05T12:43:47Z
2026-09-02T13:20:00Z,ruspino,0.00,0.000,21,ok,2026-10-05T12:43:47Z
2026-09-02T13:15:00Z,ruspino,0.00,0.000,21,ok,2026-10-05T12:43:47Z
2026-09-02T13:10:00Z,ruspino,0.00,0.000,21,ok,2026-10-05T12:43:47Z
2026-09-02T13:05:00Z,ruspino,0.00,0.000,21,ok,2026-10-05T12:43:47Z
2026-09-02T13:00:00Z,ruspino,0.00,0.000,21,ok,2026-10-05T12:43:47Z
2026-09-02T12:55:00Z,ruspino,0.00,0.000,21,ok,2026-10-05T12:43:47Z
2026-09-02T12:50:00Z,ruspino,0.00,0.000,21,ok,2026-10-05T12:43:47Z
2026-09-02T12:45:00Z,ruspino,0.00,0.000,21,ok,2026-10-05T12:43:47Z
2026-09-02T12:40:00Z,ruspino,0.00,0.000,21,ok,2026-10-05T12:43:47Z
2026-09-02T12:35:00Z,ruspino,0.00,0.000,21,ok,2026-10-05T12:43:47Z
2026-09-02T12:30:00Z,ruspino,0.00,0.000,21,ok,2026-10-05T12:43:47Z
2026-09-02T12:25:00Z,ruspino,0.00,0.000,21,ok,2026-10-05T12:43:47Z
2026-09-02T12:20:00Z,ruspino,0.00,0.000,21,ok,2026-10-05T12:43:47Z
2026-09-02T12:15:00Z,ruspino,0.00,0.000,21,ok,2026-10-05T12:43:47Z
2026-09-02T12:10:00Z,ruspino,0.00,0.000,21,ok,2026-10-05T12:43:47Z
2026-09-02T12:05:00Z,ruspino,0.00,0.000,21,ok,2026-10-05T12:43:47Z
2026-09-02T12:00:00Z,ruspino,0.00,0.000,21,ok,2026-10-05T12:43:47Z
2026-09-02T11:55:00Z,ruspino,0.00,0.000,21,ok,2026-10-05T12:43:47Z
2026-09-02T11:50:00Z,ruspino,0.00,0.000,21,ok,2026-10-05T12:43:47Z
2026-09-02T11:45:00Z,ruspino,0.00,0.000,21,ok,2026-10-05T12:43:47Z
2026-09-02T11:40:00Z,ruspino,0.00,0.000,21,ok,2026-10-05T12:43:47Z
2026-09-02T11:35:00Z,ruspino,0.00,0.000,21,ok,2026-10-05T12:43:47Z
2026-09-02T11:30:00Z,ruspino,0.00,0.000,21,ok,2026-10-05T12:43:47Z
2026-09-02T11:25:00Z,ruspino,0.00,0.000,21,ok,2026-10-05T12:43:47Z
2026-09-02T11:20:00Z,ruspino,0.00,0.000,21,ok,2026-10-05T12:43:47Z
2026-09-02T11:15:00Z,ruspino,0.00,0.000,21,ok,2026-10-05T12:43:47Z
2026-09-02T11:10:00Z,ruspino,0.00,0.000,21,ok,2026-10-05T12:43:47Z
2026-09-02T11:05:00Z,ruspino,0.00,0.000,21,ok,2026-10-05T12:43:47Z
2026-09-02T11:00:00Z,ruspino,0.00,0.000,21,ok,2026-10-05T12:43:47Z
2026-08-28T23:05:00Z,ruspino,0.00,0.000,21,ok,2026-10-05T12:43:47Z
2026-08-28T23:00:00Z,ruspino,0.00,0.000,21,ok,2026-10-05T12:43:47Z
2026-08-28T22:55:00Z,ruspino,0.00,0.000,21,ok,2026-10-05T12:43:47Z
2026-08-28T22:50:00Z,ruspino,0.00,0.000,21,ok,2026-10-05T12:43:47Z
2026-08-28T22:45:00Z,ruspino,0.00,0.000,21,ok,2026-10-05T12:43:47Z
2026-08-28T22:40:00Z,ruspino,0.00,0.000,21,ok,2026-10-05T12:43:47Z
2026-08-28T22:35:00Z,ruspino,0.00,0.000,21,ok,2026-10-05T12:43:47Z
2026-08-28T22:30:00Z,ruspino,0.00,0.000,21,ok,2026-10-05T12:43:47Z
2026-08-28T22:25:00Z,ruspino,0.00,0.000,21,ok,2026-10-05T12:43:47Z
2026-08-28T22:20:00Z,ruspino,0.00,0.000,21,ok,2026-10-05T12:43:47Z
2026-08-28T22:15:00Z,ruspino,0.00,0.000,21,ok,2026-10-05T12:43:47Z
2026-08-28T22:10:00Z,ruspino,0.00,0.000,21,ok,2026-10-05T12:43:47Z
2026-08-28T22:05:00Z,ruspino,0.00,0.000,21,ok,2026-10-05T12:43:47Z
2026-08-28T22:00:00Z,ruspino,0.00,0.000,21,ok,2026-10-05T12:43:47Z
2026-08-28T21:55:00Z,ruspino,0.24,0.012,21,ok,2026-10-05T12:43:47Z
2026-08-28T21:50:00Z,ruspino,0.55,0.091,21,ok,2026-10-05T12:43:47Z
2026-08-28T21:45:00Z,ruspino,6.86,1.168,21,ok,2026-10-05T12:43:47Z
2026-08-28T21:40:00Z,ruspino,3.79,1.008,21,ok,2026-10-05T12:43:47Z
2026-08-28T21:35:00Z,ruspino,0.19,0.026,21,ok,2026-10-05T12:43:47Z
2026-08-28T21:30:00Z,ruspino,0.00,0.000,21,ok,2026-10-05T12:43:47Z
2026-08-28T21:25:00Z,ruspino,0.00,0.000,21,ok,2026-10-05T12:43:47Z
2026-08-28T21:20:00Z,ruspino,0.00,0.000,21,ok,2026-10-05T12:43:47Z
2026-08-28T21:15:00Z,ruspino,0.00,0.000,21,ok,2026-10-05T12:43:47Z
2026-08-28T21:10:00Z,ruspino,0.00,0.000,21,ok,2026-10-05T12:43:47Z
2026-08-28T21:05:00Z,ruspino,0.00,0.000,21,ok,2026-10-05T12:43:47Z
2026-08-28T21:00:00Z,ruspino,0.00,0.000,21,ok,2026-10-05T12:43:47Z
2026-08-28T20:55:00Z,ruspino,0.00,0.000,21,ok,2026-10-05T12:43:47Z
2026-08-28T20:50:00Z,ruspino,0.00,0.000,21,ok,2026-10-05T12:43:47Z
2026-08-28T20:45:00Z,ruspino,0.00,0.000,21,ok,2026-10-05T12:43:47Z
2026-08-28T20:40:00Z,ruspino,0.00,0.000,21,ok,2026-10-05T12:43:47Z
2026-08-28T20:35:00Z,ruspino,0.56,0.069,21,ok,2026-10-05T12:43:47Z
2026-08-28T18:35:00Z,ruspino,0.00,0.000,21,ok,2026-10-05T12:43:47Z
2026-08-28T18:30:00Z,ruspino,0.00,0.000,21,ok,2026-10-05T12:43:47Z
2026-08-28T18:25:00Z,ruspino,0.00,0.000,21,ok,2026-10-05T12:43:47Z
2026-08-28T18:20:00Z,ruspino,0.00,0.000,21,ok,2026-10-05T12:43:47Z
2026-08-28T18:15:00Z,ruspino,0.00,0.000,21,ok,2026-10-05T12:43:47Z
2026-08-28T18:10:00Z,ruspino,0.00,0.000,21,ok,2026-10-05T12:43:47Z
2026-08-28T18:05:00Z,ruspino,0.00,0.000,21,ok,2026-10-05T12:43:47Z
2026-08-28T18:00:00Z,ruspino,0.00,0.000,21,ok,2026-10-05T12:43:47Z
2026-08-28T17:55:00Z,ruspino,0.00,0.000,21,ok,2026-10-05T12:43:47Z
2026-08-28T17:50:00Z,ruspino,0.00,0.000,21,ok,2026-10-05T12:43:47Z
2026-08-28T17:45:00Z,ruspino,0.00,0.000,21,ok,2026-10-05T12:43:47Z
2026-08-28T17:40:00Z,ruspino,0.00,0.000,21,ok,2026-10-05T12:43:47Z
2026-08-28T17:35:00Z,ruspino,0.00,0.000,21,ok,2026-10-05T12:43:47Z
2026-08-28T17:30:00Z,ruspino,0.00,0.000,21,ok,2026-10-05T12:43:47Z
2026-08-28T17:25:00Z,ruspino,0.00,0.000,21,ok,2026-10-05T12:43:47Z
2026-08-28T17:20:00Z,ruspino,0.00,0.000,21,ok,2026-10-05T12:43:47Z
2026-08-28T17:15:00Z,ruspino,0.00,0.000,21,ok,2026-10-05T12:43:47Z
2026-08-28T17:10:00Z,ruspino,0.00,0.000,21,ok,2026-10-05T12:43:47Z
2026-08-28T17:05:00Z,ruspino,0.00,0.000,21,ok,2026-10-05T12:43:47Z
2026-08-28T17:00:00Z,ruspino,0.00,0.000,21,ok,2026-10-05T12:43:47Z
2026-08-28T16:55:00Z,ruspino,0.49,0.096,21,ok,2026-10-05T12:43:47Z
2026-08-28T16:50:00Z,ruspino,0.00,0.000,21,ok,2026-10-05T12:43:47Z
2026-08-28T16:45:00Z,ruspino,0.00,0.000,21,ok,2026-10-05T12:43:47Z
2026-08-28T16:40:00Z,ruspino,0.00,0.000,21,ok,2026-10-05T12:43:47Z
2026-08-28T16:35:00Z,ruspino,0.00,0.000,21,ok,2026-10-05T12:43:47Z
2026-08-28T16:30:00Z,ruspino,0.00,0.000,21,ok,2026-10-05T12:43:47Z
2026-08-28T16:25:00Z,ruspino,0.48,0.023,21,ok,2026-10-05T12:43:47Z
2026-08-28T16:20:00Z,ruspino,0.91,0.678,21,ok,2026-10-05T12:43:47Z
2026-08-28T16:15:00Z,ruspino,0.71,0.540,21,ok,2026-10-05T12:43:47Z
2026-08-28T16:10:00Z,ruspino,0.81,0.442,21,ok,2026-10-05T12:43:47Z
2026-08-28T16:05:00Z,ruspino,1.17,1.004,21,ok,2026-10-05T12:43:47Z
2026-08-28T16:00:00Z,ruspino,5.91,2.807,21,ok,2026-10-05T12:43:47Z
2026-08-28T15:55:00Z,ruspino,147.73,69.803,21,ok,2026-10-05T12:43:47Z
2026-08-28T15:50:00Z,ruspino,71.40,58.654,21,ok,2026-10-05T12:43:47Z
2026-08-28T15:45:00Z,ruspino,56.19,40.795,21,ok,2026-10-05T12:43:47Z
2026-08-28T15:40:00Z,ruspino,33.88,23.411,21,ok,2026-10-05T12:43:47Z
2026-08-28T15:35:00Z,ruspino,5.88,2.832,21,ok,2026-10-05T12:43:47Z
2026-08-28T15:30:00Z,ruspino,0.81,0.560,21,ok,2026-10-05T12:43:47Z
2026-08-28T15:25:00Z,ruspino,0.55,0.145,21,ok,2026-10-05T12:43:47Z
2026-08-28T15:20:00Z,ruspino,0.00,0.000,21,ok,2026-10-05T12:43:47Z
2026-08-28T15:15:00Z,ruspino,0.00,0.000,21,ok,2026-10-05T12:43:47Z
2026-08-28T15:10:00Z,ruspino,0.00,0.000,21,ok,2026-10-05T12:43:47Z
2026-08-28T15:05:00Z,ruspino,0.96,0.152,21,ok,2026-10-05T12:43:47Z
2026-08-28T15:00:00Z,ruspino,0.00,0.000,21,ok,2026-10-05T12:43:47Z
2026-08-28T14:55:00Z,ruspino,0.00,0.000,21,ok,2026-10-05T12:43:47Z
2026-08-28T14:50:00Z,ruspino,0.00,0.000,21,ok,2026-10-05T12:43:47Z
2026-08-28T14:45:00Z,ruspino,0.00,0.000,21,ok,2026-10-05T12:43:47Z
2026-08-28T14:40:00Z,ruspino,2.17,0.248,21,ok,2026-10-05T12:43:47Z
2026-08-28T14:35:00Z,ruspino,4.92,0.741,21,ok,2026-10-05T12:43:47Z
2026-08-28T14:30:00Z,ruspino,0.87,0.041,21,ok,2026-10-05T12:43:47Z
2026-08-28T14:25:00Z,ruspino,0.00,0.000,21,ok,2026-10-05T12:53:52Z
2026-08-28T14:20:00Z,ruspino,0.00,0.000,21,ok,2026-10-05T12:53:52Z
2026-08-28T08:10:00Z,ruspino,0.00,0.000,21,ok,2026-10-05T12:53:52Z
2026-08-28T08:05:00Z,ruspino,0.00,0.000,21,ok,2026-10-05T12:53:52Z
2026-08-28T08:00:00Z,ruspino,0.83,0.625,21,ok,2026-10-05T12:53:52Z
2026-08-28T07:55:00Z,ruspino,0.69,0.323,21,ok,2026-10-05T12:53:52Z
2026-08-28T07:50:00Z,ruspino,0.31,0.126,21,ok,2026-10-05T12:53:52Z
2026-08-28T07:45:00Z,ruspino,0.98,0.638,21,ok,2026-10-05T12:53:52Z
2026-08-28T07:40:00Z,ruspino,0.00,0.000,21,ok,2026-10-05T12:53:52Z
2026-08-28T07:35:00Z,ruspino,0.00,0.000,21,ok,2026-10-05T12:53:52Z
2026-08-28T07:30:00Z,ruspino,0.00,0.000,21,ok,2026-10-05T12:53:52Z
2026-08-28T07:25:00Z,ruspino,0.00,0.000,21,ok,2026-10-05T12:53:52Z
2026-08-28T07:20:00Z,ruspino,1.19,1.015,21,ok,2026-10-05T12:53:52Z
2026-08-28T07:15:00Z,ruspino,1.39,0.836,21,ok,2026-10-05T12:53:52Z
2026-08-28T07:10:00Z,ruspino,1.39,0.975,21,ok,2026-10-05T12:53:52Z
2026-08-28T07:05:00Z,ruspino,8.72,7.068,21,ok,2026-10-05T12:53:52Z
2026-08-28T07:00:00Z,ruspino,11.35,8.229,21,ok,2026-10-05T12:53:52Z
2026-08-28T06:55:00Z,ruspino,4.76,1.481,21,ok,2026-10-05T12:53:52Z
2026-08-28T06:50:00Z,ruspino,0.21,0.020,21,ok,2026-10-05T12:53:52Z
2026-08-28T06:45:00Z,ruspino,0.27,0.081,21,ok,2026-10-05T12:53:52Z
2026-08-28T06:40:00Z,ruspino,0.00,0.000,21,ok,2026-10-05T12:53:52Z
2026-08-28T06:35:00Z,ruspino,1.31,0.739,21,ok,2026-10-05T12:53:52Z
2026-08-28T06:30:00Z,ruspino,1.31,0.739,21,ok,2026-10-05T12:53:52Z
2026-08-28T06:25:00Z,ruspino,3.55,2.644,21,ok,2026-10-05T12:53:52Z
2026-08-28T06:20:00Z,ruspino,3.87,2.725,21,ok,2026-10-05T12:53:52Z
2026-08-28T06:15:00Z,ruspino,1.77,1.395,21,ok,2026-10-05T12:53:52Z
2026-08-28T06:10:00Z,ruspino,1.94,1.526,21,ok,2026-10-05T12:53:52Z
2026-08-28T06:05:00Z,ruspino,1.54,1.134,21,ok,2026-10-05T12:53:52Z
2026-08-28T06:00:00Z,ruspino,1.51,0.982,21,ok,2026-10-05T12:53:52Z
2026-08-28T05:55:00Z,ruspino,0.76,0.595,21,ok,2026-10-05T12:53:52Z
2026-08-28T05:50:00Z,ruspino,0.64,0.450,21,ok,2026-10-05T12:53:52Z
2026-08-28T05:45:00Z,ruspino,1.00,0.483,21,ok,2026-10-05T12:53:52Z
2026-08-28T05:40:00Z,ruspino,0.00,0.000,21,ok,2026-10-05T12:53:52Z
2026-08-28T05:35:00Z,ruspino,0.00,0.000,21,ok,2026-10-05T12:53:52Z
2026-08-28T05:30:00Z,ruspino,0.00,0.000,21,ok,2026-10-05T12:53:52Z
2026-08-28T05:25:00Z,ruspino,0.00,0.000,21,ok,2026-10-05T12:53:52Z
2026-08-28T05:20:00Z,ruspino,2.50,2.048,21,ok,2026-10-05T12:53:52Z
2026-08-28T05:15:00Z,ruspino,2.71,2.248,21,ok,2026-10-05T12:53:52Z
2026-08-28T05:10:00Z,ruspino,0.94,0.519,21,ok,2026-10-05T12:53:52Z
2026-08-28T05:05:00Z,ruspino,0.52,0.173,21,ok,2026-10-05T12:53:52Z
2026-08-28T05:00:00Z,ruspino,0.25,0.024,21,ok,2026-10-05T12:53:52Z
2026-08-28T04:55:00Z,ruspino,0.28,0.139,21,ok,2026-10-05T12:53:52Z
2026-08-28T04:50:00Z,ruspino,0.00,0.000,21,ok,2026-10-05T12:53:52Z
2026-08-28T04:45:00Z,ruspino,0.00,0.000,21,ok,2026-10-05T12:53:52Z
2026-08-28T04:40:00Z,ruspino,0.00,0.000,21,ok,2026-10-05T12:53:52Z
2026-08-28T04:35:00Z,ruspino,0.00,0.000,21,ok,2026-10-05T12:53:52Z
2026-08-28T04:30:00Z,ruspino,0.00,0.000,21,ok,2026-10-05T12:53:52Z
2026-08-28T04:25:00Z,ruspino,0.00,0.000,21,ok,2026-10-05T12:53:52Z
2026-08-28T04:20:00Z,ruspino,0.00,0.000,21,ok,2026-10-05T12:53:52Z
2026-08-28T04:15:00Z,ruspino,0.00,0.000,21,ok,2026-10-05T12:53:52Z
2026-08-28T04:10:00Z,ruspino,0.00,0.000,21,ok,2026-10-05T12:53:52Z
2026-08-28T04:05:00Z,ruspino,0.00,0.000,21,ok,2026-10-05T12:53:52Z
2026-08-28T04:00:00Z,ruspino,0.00,0.000,21,ok,2026-10-05T12:53:52Z
2026-08-28T03:55:00Z,ruspino,0.37,0.085,21,ok,2026-10-05T12:53:52Z
2026-08-28T03:50:00Z,ruspino,0.38,0.103,21,ok,2026-10-05T12:53:52Z
2026-08-28T03:45:00Z,ruspino,19.80,14.072,21,ok,2026-10-05T12:53:52Z
2026-08-28T03:40:00Z,ruspino,19.80,14.730,21,ok,2026-10-05T12:53:52Z
2026-08-28T03:35:00Z,ruspino,29.29,18.112,21,ok,2026-10-05T12:53:52Z
2026-08-28T03:30:00Z,ruspino,14.57,9.970,21,ok,2026-10-05T12:53:52Z
2026-08-28T03:25:00Z,ruspino,13.14,9.299,21,ok,2026-10-05T12:53:52Z
2026-08-28T03:20:00Z,ruspino,12.05,8.701,21,ok,2026-10-05T12:53:52Z
2026-08-28T03:15:00Z,ruspino,6.46,5.296,21,ok,2026-10-05T12:53:52Z
2026-08-28T03:10:00Z,ruspino,5.15,3.558,21,ok,2026-10-05T12:53:52Z
2026-08-28T03:05:00Z,ruspino,2.53,2.172,21,ok,2026-10-05T12:53:52Z
2026-08-28T03:00:00Z,ruspino,2.89,0.518,21,ok,2026-10-05T12:53:52Z
2026-08-28T02:55:00Z,ruspino,0.00,0.000,21,ok,2026-10-05T12:53:52Z
2026-08-28T02:50:00Z,ruspino,0.00,0.000,21,ok,2026-10-05T12:53:52Z
2026-08-28T02:45:00Z,ruspino,0.00,0.000,21,ok,2026-10-05T12:53:52Z
2026-08-28T02:40:00Z,ruspino,0.00,0.000,21,ok,2026-10-05T12:53:52Z
2026-08-28T02:35:00Z,ruspino,0.00,0.000,21,ok,2026-10-05T12:53:52Z
2026-08-28T02:30:00Z,ruspino,0.00,0.000,21,ok,2026-10-05T12:53:52Z
2026-08-28T02:25:00Z,ruspino,0.00,0.000,21,ok,2026-10-05T12:53:52Z
2026-08-28T02:20:00Z,ruspino,0.00,0.000,21,ok,2026-10-05T12:53:52Z
2026-08-28T02:15:00Z,ruspino,0.00,0.000,21,ok,2026-10-05T12:53:52Z
2026-08-28T02:10:00Z,ruspino,0.00,0.000,21,ok,2026-10-05T12:53:52Z
2026-08-28T02:05:00Z,ruspino,0.00,0.000,21,ok,2026-10-05T12:53:52Z
2026-08-28T02:00:00Z,ruspino,0.00,0.000,21,ok,2026-10-05T12:53:52Z
2026-08-28T01:55:00Z,ruspino,0.00,0.000,21,ok,2026-10-05T12:53:52Z
2026-08-28T01:50:00Z,ruspino,0.00,0.000,21,ok,2026-10-05T12:53:52Z
2026-08-28T01:45:00Z,ruspino,0.00,0.000,21,ok,2026-10-05T12:53:52Z
2026-08-25T10:40:00Z,ruspino,0.00,0.000,21,ok,2026-10-05T12:53:52Z
2026-08-25T10:35:00Z,ruspino,0.00,0.000,21,ok,2026-10-05T12:53:52Z
2026-08-25T10:30:00Z,ruspino,0.00,0.000,21,ok,2026-10-05T12:53:52Z
2026-08-25T10:25:00Z,ruspino,0.00,0.000,21,ok,2026-10-05T12:53:52Z
2026-08-25T10:20:00Z,ruspino,0.00,0.000,21,ok,2026-10-05T12:53:52Z
2026-08-25T10:15:00Z,ruspino,0.00,0.000,21,ok,2026-10-05T12:53:52Z
2026-08-25T10:10:00Z,ruspino,0.00,0.000,21,ok,2026-10-05T12:53:52Z
2026-08-25T10:05:00Z,ruspino,0.00,0.000,21,ok,2026-10-05T12:53:52Z
2026-08-25T10:00:00Z,ruspino,0.84,0.076,21,ok,2026-10-05T12:53:52Z
2026-08-25T09:55:00Z,ruspino,1.40,0.669,21,ok,2026-10-05T12:53:52Z
2026-08-25T09:50:00Z,ruspino,1.61,1.118,21,ok,2026-10-05T12:53:52Z
2026-08-25T09:45:00Z,ruspino,1.87,1.498,21,ok,2026-10-05T12:53:52Z
2026-08-25T09:40:00Z,ruspino,1.83,1.789,21,ok,2026-10-05T12:53:52Z
2026-08-25T09:35:00Z,ruspino,2.85,2.355,21,ok,2026-10-05T12:53:52Z
2026-08-25T09:30:00Z,ruspino,4.14,3.341,21,ok,2026-10-05T12:53:52Z
2026-08-25T09:25:00Z,ruspino,6.66,5.167,21,ok,2026-10-05T12:53:52Z
2026-08-25T09:20:00Z,ruspino,7.78,6.533,21,ok,2026-10-05T12:53:52Z
2026-08-25T09:15:00Z,ruspino,8.79,7.795,21,ok,2026-10-05T12:53:52Z
2026-08-25T09:10:00Z,ruspino,10.01,7.687,21,ok,2026-10-05T12:53:52Z
2026-08-25T09:05:00Z,ruspino,11.24,9.003,21,ok,2026-10-05T12:53:52Z
2026-08-25T09:00:00Z,ruspino,11.29,8.633,21,ok,2026-10-05T12:53:52Z
2026-08-25T08:55:00Z,ruspino,9.13,6.938,21,ok,2026-10-05T12:53:52Z
2026-08-25T08:50:00Z,ruspino,10.24,6.640,21,ok,2026-10-05T12:53:52Z
2026-08-25T08:45:00Z,ruspino,8.38,6.389,21,ok,2026-10-05T12:53:52Z
2026-08-25T08:40:00Z,ruspino,8.34,6.673,21,ok,2026-10-05T12:53:52Z
2026-08-25T08:35:00Z,ruspino,8.41,6.022,21,ok,2026-10-05T12:53:52Z
2026-08-25T08:30:00Z,ruspino,6.87,4.896,21,ok,2026-10-05T12:53:52Z
2026-08-25T08:25:00Z,ruspino,6.27,4.719,21,ok,2026-10-05T12:53:52Z
2026-08-25T08:20:00Z,ruspino,6.50,5.824,21,ok,2026-10-05T12:53:52Z
2026-08-25T08:15:00Z,ruspino,8.56,7.917,21,ok,2026-10-05T12:53:52Z
2026-08-25T08:10:00Z,ruspino,11.89,10.043,21,ok,2026-10-05T12:53:52Z
2026-08-25T08:05:00Z,ruspino,13.80,12.442,21,ok,2026-10-05T12:53:52Z
2026-08-25T08:00:00Z,ruspino,16.67,14.137,21,ok,2026-10-05T12:53:52Z
2026-08-25T07:55:00Z,ruspino,15.89,14.488,21,ok,2026-10-05T12:53:52Z
2026-08-25T07:50:00Z,ruspino,17.01,13.271,21,ok,2026-10-05T12:53:52Z
2026-08-25T07:45:00Z,ruspino,16.68,12.535,21,ok,2026-10-05T12:53:52Z
2026-08-25T07:40:00Z,ruspino,13.23,7.881,21,ok,2026-10-05T12:53:52Z
2026-08-25T07:35:00Z,ruspino,7.71,6.138,21,ok,2026-10-05T12:53:52Z
2026-08-25T07:30:00Z,ruspino,14.74,8.074,21,ok,2026-10-05T12:53:52Z
2026-08-25T07:25:00Z,ruspino,10.15,6.539,21,ok,2026-10-05T12:53:52Z
2026-08-25T07:20:00Z,ruspino,8.72,6.703,21,ok,2026-10-05T12:53:52Z
2026-08-25T07:15:00Z,ruspino,4.43,3.689,21,ok,2026-10-05T12:53:52Z
2026-08-25T07:10:00Z,ruspino,4.45,3.564,21,ok,2026-10-05T12:53:52Z
2026-08-25T07:05:00Z,ruspino,4.36,3.893,21,ok,2026-10-05T12:53:52Z
2026-08-25T07:00:00Z,ruspino,4.32,3.617,21,ok,2026-10-05T12:53:52Z
2026-08-25T06:55:00Z,ruspino,5.22,4.369,21,ok,2026-10-05T12:53:52Z
2026-08-25T06:50:00Z,ruspino,7.50,5.635,21,ok,2026-10-05T12:53:52Z
2026-08-25T06:45:00Z,ruspino,7.50,5.635,21,ok,2026-10-05T12:53:52Z
2026-08-25T06:40:00Z,ruspino,8.65,5.146,21,ok,2026-10-05T12:53:52Z
2026-08-25T06:35:00Z,ruspino,8.65,4.949,21,ok,2026-10-05T12:53:52Z
2026-08-25T06:30:00Z,ruspino,3.79,3.623,21,ok,2026-10-05T12:53:52Z
2026-08-25T06:25:00Z,ruspino,4.48,3.324,21,ok,2026-10-05T12:53:52Z
2026-08-25T06:20:00Z,ruspino,4.48,3.352,21,ok,2026-10-05T12:53:52Z
2026-08-25T06:15:00Z,ruspino,3.74,2.698,21,ok,2026-10-05T12:53:52Z
2026-08-25T06:10:00Z,ruspino,3.74,1.696,21,ok,2026-10-05T12:53:52Z
2026-08-25T06:05:00Z,ruspino,1.25,0.316,21,ok,2026-10-05T12:53:52Z
2026-08-25T06:00:00Z,ruspino,0.00,0.000,21,ok,2026-10-05T12:53:52Z
2026-08-25T05:55:00Z,ruspino,0.00,0.000,21,ok,2026-10-05T12:53:52Z
2026-08-25T05:50:00Z,ruspino,0.00,0.000,21,ok,2026-10-05T12:53:52Z
2026-08-25T05:45:00Z,ruspino,0.00,0.000,21,ok,2026-10-05T12:53:52Z
2026-08-25T05:40:00Z,ruspino,0.00,0.000,21,ok,2026-10-05T12:53:52Z
2026-08-25T05:35:00Z,ruspino,0.00,0.000,21,ok,2026-10-05T12:53:52Z
2026-08-25T05:30:00Z,ruspino,0.00,0.000,21,ok,2026-10-05T12:53:52Z
2026-08-25T05:25:00Z,ruspino,0.00,0.000,21,ok,2026-10-05T12:53:52Z
2026-08-25T05:20:00Z,ruspino,0.00,0.000,21,ok,2026-10-05T12:53:52Z
2026-08-25T05:15:00Z,ruspino,0.00,0.000,21,ok,2026-10-05T12:53:52Z
2026-08-25T05:10:00Z,ruspino,0.00,0.000,21,ok,2026-10-05T12:53:52Z
2026-08-25T05:05:00Z,ruspino,0.00,0.000,21,ok,2026-10-05T12:53:52Z
2026-08-25T05:00:00Z,ruspino,0.00,0.000,21,ok,2026-10-05T12:53:52Z
2026-08-25T04:55:00Z,ruspino,0.00,0.000,21,ok,2026-10-05T12:53:52Z
2026-08-25T04:50:00Z,ruspino,0.00,0.000,21,ok,2026-10-05T12:53:52Z
2026-08-25T04:45:00Z,ruspino,0.00,0.000,21,ok,2026-10-05T12:53:52Z
2026-08-25T04:40:00Z,ruspino,0.00,0.000,21,ok,2026-10-05T12:53:52Z
2026-08-25T04:35:00Z,ruspino,0.00,0.000,21,ok,2026-10-05T12:53:52Z
2026-08-25T04:30:00Z,ruspino,0.00,0.000,21,ok,2026-10-05T12:53:52Z
2026-08-25T04:25:00Z,ruspino,0.00,0.000,21,ok,2026-10-05T12:53:52Z
2026-08-25T04:20:00Z,ruspino,0.00,0.000,21,ok,2026-10-05T12:53:52Z
2026-08-25T04:15:00Z,ruspino,0.00,0.000,21,ok,2026-10-05T12:53:52Z
2026-08-25T04:10:00Z,ruspino,0.00,0.000,21,ok,2026-10-05T12:53:52Z
2026-08-25T04:05:00Z,ruspino,0.00,0.000,21,ok,2026-10-05T12:53:52Z
2026-08-25T04:00:00Z,ruspino,0.86,0.099,21,ok,2026-10-05T12:53:52Z
2026-08-25T03:55:00Z,ruspino,0.73,0.114,21,ok,2026-10-05T12:53:52Z
2026-08-25T03:50:00Z,ruspino,1.23,0.770,21,ok,2026-10-05T12:53:52Z
2026-08-25T03:45:00Z,ruspino,1.03,0.602,21,ok,2026-10-05T12:53:52Z
2026-08-25T03:40:00Z,ruspino,0.35,0.156,21,ok,2026-10-05T12:53:52Z
2026-08-25T03:35:00Z,ruspino,0.00,0.000,21,ok,2026-10-05T12:53:52Z
2026-08-25T03:30:00Z,ruspino,1.25,0.245,21,ok,2026-10-05T12:53:52Z
2026-08-25T03:25:00Z,ruspino,0.83,0.359,21,ok,2026-10-05T12:53:52Z
2026-08-25T03:20:00Z,ruspino,0.00,0.000,21,ok,2026-10-05T12:53:52Z
2026-08-25T03:15:00Z,ruspino,0.00,0.000,21,ok,2026-10-05T12:53:52Z
2026-08-25T03:10:00Z,ruspino,0.53,0.476,21,ok,2026-10-05T12:53:52Z
2026-08-25T03:05:00Z,ruspino,0.90,0.729,21,ok,2026-10-05T12:53:52Z
2026-08-25T03:00:00Z,ruspino,2.47,1.315,21,ok,2026-10-05T12:53:52Z
2026-08-25T02:55:00Z,ruspino,3.18,2.170,21,ok,2026-10-05T12:53:52Z
2026-08-25T02:50:00Z,ruspino,1.56,0.697,21,ok,2026-10-05T12:53:52Z
2026-08-25T02:45:00Z,ruspino,0.67,0.062,21,ok,2026-10-05T12:53:52Z
2026-08-25T02:40:00Z,ruspino,0.00,0.000,21,ok,2026-10-05T12:53:52Z
2026-08-25T02:35:00Z,ruspino,0.00,0.000,21,ok,2026-10-05T12:53:52Z
2026-08-25T02:30:00Z,ruspino,0.00,0.000,21,ok,2026-10-05T12:53:52Z
2026-08-25T02:25:00Z,ruspino,0.00,0.000,21,ok,2026-10-05T12:53:52Z
2026-08-25T02:20:00Z,ruspino,0.00,0.000,21,ok,2026-10-05T12:53:52Z
2026-08-25T02:15:00Z,ruspino,3.79,1.136,21,ok,2026-10-05T12:53:52Z
2026-08-25T02:10:00Z,ruspino,4.05,2.462,21,ok,2026-10-05T12:53:52Z
2026-08-25T02:05:00Z,ruspino,2.24,0.554,21,ok,2026-10-05T12:53:52Z
2026-08-25T02:00:00Z,ruspino,2.26,1.617,21,ok,2026-10-05T12:53:52Z
2026-08-25T01:55:00Z,ruspino,4.21,1.579,21,ok,2026-10-05T12:53:52Z
2026-08-25T01:50:00Z,ruspino,5.86,4.345,21,ok,2026-10-05T12:53:52Z
2026-08-25T01:45:00Z,ruspino,5.66,4.737,21,ok,2026-10-05T12:53:52Z
2026-08-25T01:40:00Z,ruspino,11.19,5.556,21,ok,2026-10-05T12:53:52Z
2026-08-25T01:35:00Z,ruspino,15.62,11.911,21,ok,2026-10-05T12:53:52Z
2026-08-25T01:30:00Z,ruspino,31.18,15.683,21,ok,2026-10-05T12:53:52Z
2026-08-25T01:25:00Z,ruspino,30.84,18.093,21,ok,2026-10-05T12:53:52Z
2026-08-25T01:20:00Z,ruspino,14.39,9.558,21,ok,2026-10-05T12:53:52Z
2026-08-25T01:15:00Z,ruspino,8.00,5.084,21,ok,2026-10-05T12:53:52Z
2026-08-25T01:10:00Z,ruspino,4.66,3.744,21,ok,2026-10-05T12:53:52Z
2026-08-25T01:05:00Z,ruspino,8.79,6.495,21,ok,2026-10-05T12:53:52Z
2026-08-25T01:00:00Z,ruspino,19.20,15.298,21,ok,2026-10-05T12:53:52Z
2026-08-25T00:55:00Z,ruspino,21.09,11.704,21,ok,2026-10-05T12:53:52Z
2026-08-25T00:50:00Z,ruspino,9.67,5.332,21,ok,2026-10-05T12:53:52Z
2026-08-25T00:45:00Z,ruspino,1.81,0.808,21,ok,2026-10-05T12:53:52Z
2026-08-25T00:40:00Z,ruspino,0.00,0.000,21,ok,2026-10-05T12:53:52Z
2026-08-25T00:35:00Z,ruspino,0.00,0.000,21,ok,2026-10-05T12:53:52Z
2026-08-25T00:30:00Z,ruspino,0.54,0.026,21,ok,2026-10-05T12:53:52Z
2026-08-25T00:25:00Z,ruspino,0.42,0.038,21,ok,2026-10-05T12:53:52Z
2026-08-25T00:20:00Z,ruspino,0.00,0.000,21,ok,2026-10-05T12:53:52Z
2026-08-25T00:15:00Z,ruspino,0.00,0.000,21,ok,2026-10-05T12:53:52Z
2026-08-25T00:10:00Z,ruspino,0.00,0.000,21,ok,2026-10-05T12:53:52Z
2026-08-25T00:05:00Z,ruspino,1.26,0.718,21,ok,2026-10-05T12:53:52Z
2026-08-25T00:00:00Z,ruspino,0.00,0.000,21,ok,2026-10-05T12:53:52Z
2026-08-24T23:55:00Z,ruspino,0.00,0.000,21,ok,2026-10-05T12:53:52Z
2026-08-24T23:50:00Z,ruspino,0.00,0.000,21,ok,2026-10-05T12:53:52Z
2026-08-24T23:45:00Z,ruspino,0.00,0.000,21,ok,2026-10-05T12:53:52Z
2026-08-24T23:40:00Z,ruspino,0.00,0.000,21,ok,2026-10-05T12:53:52Z
2026-08-24T23:35:00Z,ruspino,0.00,0.000,21,ok,2026-10-05T12:53:52Z
2026-08-24T23:30:00Z,ruspino,0.00,0.000,21,ok,2026-10-05T12:53:52Z
2026-08-24T23:25:00Z,ruspino,0.00,0.000,21,ok,2026-10-05T12:53:52Z
2026-08-24T23:20:00Z,ruspino,0.00,0.000,21,ok,2026-10-05T12:53:52Z
2026-08-24T23:15:00Z,ruspino,0.00,0.000,21,ok,2026-10-05T12:53:52Z
2026-08-24T23:10:00Z,ruspino,1.26,0.133,21,ok,2026-10-05T12:53:52Z
2026-08-24T23:05:00Z,ruspino,4.25,2.979,21,ok,2026-10-05T12:53:52Z
2026-08-24T23:00:00Z,ruspino,4.28,2.445,21,ok,2026-10-05T12:53:52Z
2026-08-24T22:55:00Z,ruspino,0.00,0.000,21,ok,2026-10-05T12:53:52Z
2026-08-24T22:50:00Z,ruspino,0.00,0.000,21,ok,2026-10-05T12:53:52Z
2026-08-24T22:45:00Z,ruspino,0.00,0.000,21,ok,2026-10-05T12:53:52Z
2026-08-24T22:40:00Z,ruspino,1.00,0.048,21,ok,2026-10-05T12:53:52Z
2026-08-24T22:35:00Z,ruspino,11.57,4.465,21,ok,2026-10-05T12:53:52Z
2026-08-24T22:30:00Z,ruspino,19.28,7.416,21,ok,2026-10-05T12:53:52Z
2026-08-24T22:25:00Z,ruspino,9.54,4.626,21,ok,2026-10-05T12:53:52Z
2026-08-24T22:20:00Z,ruspino,1.61,1.290,21,ok,2026-10-05T12:53:52Z
2026-08-24T22:15:00Z,ruspino,0.00,0.000,21,ok,2026-10-05T12:53:52Z
2026-08-24T22:10:00Z,ruspino,0.00,0.000,21,ok,2026-10-05T12:53:52Z
2026-08-24T22:05:00Z,ruspino,0.00,0.000,21,ok,2026-10-05T12:53:52Z
2026-08-24T22:00:00Z,ruspino,1.07,0.284,21,ok,2026-10-05T12:53:52Z
2026-08-24T21:55:00Z,ruspino,0.80,0.076,21,ok,2026-10-05T12:53:52Z
2026-08-24T21:50:00Z,ruspino,1.62,0.315,21,ok,2026-10-05T12:53:52Z
2026-08-24T21:45:00Z,ruspino,1.43,0.300,21,ok,2026-10-05T12:53:52Z
2026-08-24T21:40:00Z,ruspino,1.67,1.287,21,ok,2026-10-05T12:53:52Z
2026-08-24T21:35:00Z,ruspino,2.29,1.853,21,ok,2026-10-05T12:53:52Z
2026-08-24T21:30:00Z,ruspino,2.74,2.215,21,ok,2026-10-05T12:53:52Z
2026-08-24T21:25:00Z,ruspino,3.49,2.569,21,ok,2026-10-05T12:53:52Z
2026-08-24T21:20:00Z,ruspino,3.35,3.031,21,ok,2026-10-05T12:53:52Z
2026-08-24T21:15:00Z,ruspino,2.89,2.654,21,ok,2026-10-05T12:53:52Z
2026-08-24T21:10:00Z,ruspino,2.69,2.368,21,ok,2026-10-05T12:53:52Z
2026-08-24T21:05:00Z,ruspino,1.93,1.750,21,ok,2026-10-05T12:53:52Z
2026-08-24T21:00:00Z,ruspino,1.94,1.620,21,ok,2026-10-05T12:53:52Z
2026-08-24T20:55:00Z,ruspino,1.48,1.146,21,ok,2026-10-05T12:53:52Z
2026-08-24T20:50:00Z,ruspino,1.38,0.816,21,ok,2026-10-05T12:53:52Z
2026-08-24T20:45:00Z,ruspino,0.63,0.030,21,ok,2026-10-05T12:53:52Z
2026-08-24T20:40:00Z,ruspino,0.00,0.000,21,ok,2026-10-05T12:53:52Z
2026-08-24T20:35:00Z,ruspino,0.00,0.000,21,ok,2026-10-05T12:53:52Z
2026-08-24T20:30:00Z,ruspino,0.00,0.000,21,ok,2026-10-05T12:53:52Z
2026-08-24T20:25:00Z,ruspino,0.00,0.000,21,ok,2026-10-05T12:53:52Z
2026-08-24T20:20:00Z,ruspino,0.00,0.000,21,ok,2026-10-05T12:53:52Z
2026-08-24T20:15:00Z,ruspino,0.00,0.000,21,ok,2026-10-05T12:53:52Z
2026-08-24T20:10:00Z,ruspino,0.00,0.000,21,ok,2026-10-05T12:53:52Z
2026-08-24T20:05:00Z,ruspino,0.00,0.000,21,ok,2026-10-05T12:53:52Z
2026-08-24T20:00:00Z,ruspino,0.00,0.000,21,ok,2026-10-05T12:53:52Z
2026-08-24T19:55:00Z,ruspino,0.00,0.000,21,ok,2026-10-05T12:53:52Z
2026-08-24T19:50:00Z,ruspino,0.00,0.000,21,ok,2026-10-05T12:53:52Z
2026-08-24T19:45:00Z,ruspino,0.00,0.000,21,ok,2026-10-05T12:53:52Z
2026-08-24T19:40:00Z,ruspino,0.00,0.000,21,ok,2026-10-05T12:53:52Z
2026-08-24T19:35:00Z,ruspino,0.00,0.000,21,ok,2026-10-05T12:53:52Z
2026-08-23T09:20:00Z,ruspino,0.00,0.000,21,ok,2026-10-05T12:53:52Z
2026-08-23T09:15:00Z,ruspino,0.00,0.000,21,ok,2026-10-05T12:53:52Z
2026-08-23T09:10:00Z,ruspino,0.00,0.000,21,ok,2026-10-05T12:53:52Z
2026-08-23T09:05:00Z,ruspino,0.00,0.000,21,ok,2026-10-05T12:53:52Z
2026-08-23T09:00:00Z,ruspino,0.00,0.000,21,ok,2026-10-05T12:53:52Z
2026-08-23T08:55:00Z,ruspino,0.00,0.000,21,ok,2026-10-05T12:53:52Z
2026-08-23T08:50:00Z,ruspino,0.00,0.000,21,ok,2026-10-05T12:53:52Z
2026-08-23T08:45:00Z,ruspino,0.00,0.000,21,ok,2026-10-05T12:53:52Z
2026-08-23T08:40:00Z,ruspino,0.00,0.000,21,ok,2026-10-05T12:53:52Z
2026-08-23T08:35:00Z,ruspino,0.00,0.000,21,ok,2026-10-05T12:53:52Z
2026-08-23T08:30:00Z,ruspino,1.04,0.084,21,ok,2026-10-05T12:53:52Z
2026-08-23T08:25:00Z,ruspino,1.04,0.084,21,ok,2026-10-05T12:53:52Z
2026-08-23T08:20:00Z,ruspino,1.57,0.507,21,ok,2026-10-05T12:53:52Z
2026-08-23T08:15:00Z,ruspino,1.57,0.507,21,ok,2026-10-05T12:53:52Z
2026-08-23T08:10:00Z,ruspino,1.36,0.744,21,ok,2026-10-05T12:53:52Z
2026-08-23T08:05:00Z,ruspino,1.82,1.317,21,ok,2026-10-05T12:53:52Z
2026-08-23T08:00:00Z,ruspino,1.82,1.317,21,ok,2026-10-05T12:53:52Z
2026-08-23T07:55:00Z,ruspino,1.63,1.434,21,ok,2026-10-05T12:53:52Z
2026-08-23T07:50:00Z,ruspino,2.62,2.020,21,ok,2026-10-05T12:53:52Z
2026-08-23T07:45:00Z,ruspino,2.78,2.414,21,ok,2026-10-05T12:53:52Z
2026-08-23T07:40:00Z,ruspino,2.62,2.025,21,ok,2026-10-05T12:53:52Z
2026-08-23T07:35:00Z,ruspino,3.12,1.949,21,ok,2026-10-05T12:53:52Z
2026-08-23T07:30:00Z,ruspino,3.67,2.206,21,ok,2026-10-05T12:53:52Z
2026-08-23T07:25:00Z,ruspino,3.25,1.781,21,ok,2026-10-05T12:53:52Z
2026-08-23T07:20:00Z,ruspino,2.47,1.162,21,ok,2026-10-05T12:53:52Z
2026-08-23T07:15:00Z,ruspino,1.42,0.556,21,ok,2026-10-05T12:53:52Z
2026-08-23T07:10:00Z,ruspino,1.10,0.104,21,ok,2026-10-05T12:53:52Z
2026-08-23T07:05:00Z,ruspino,0.00,0.000,21,ok,2026-10-05T12:53:52Z
2026-08-23T07:00:00Z,ruspino,0.00,0.000,21,ok,2026-10-05T12:53:52Z
2026-08-23T06:55:00Z,ruspino,0.00,0.000,21,ok,2026-10-05T12:53:52Z
2026-08-23T06:50:00Z,ruspino,0.00,0.000,21,ok,2026-10-05T12:53:52Z
2026-08-23T06:45:00Z,ruspino,0.00,0.000,21,ok,2026-10-05T12:53:52Z
2026-08-23T06:40:00Z,ruspino,0.00,0.000,21,ok,2026-10-05T12:53:52Z
2026-08-23T06:35:00Z,ruspino,0.00,0.000,21,ok,2026-10-05T12:53:52Z
2026-08-23T06:30:00Z,ruspino,0.00,0.000,21,ok,2026-10-05T12:53:52Z
2026-08-23T06:25:00Z,ruspino,1.08,0.100,21,ok,2026-10-05T12:53:52Z
2026-08-23T06:20:00Z,ruspino,0.96,0.143,21,ok,2026-10-05T12:53:52Z
2026-08-23T06:15:00Z,ruspino,0.89,0.127,21,ok,2026-10-05T12:53:52Z
2026-08-21T19:00:00Z,ruspino,0.00,0.000,21,ok,2026-10-05T12:53:52Z
2026-08-21T18:55:00Z,ruspino,0.00,0.000,21,ok,2026-10-05T12:53:52Z
2026-08-21T18:50:00Z,ruspino,0.00,0.000,21,ok,2026-10-05T12:53:52Z
2026-08-21T18:45:00Z,ruspino,0.00,0.000,21,ok,2026-10-05T12:53:52Z
2026-08-21T18:40:00Z,ruspino,0.00,0.000,21,ok,2026-10-05T12:53:52Z
2026-08-21T18:35:00Z,ruspino,0.00,0.000,21,ok,2026-10-05T12:53:52Z
2026-08-21T18:30:00Z,ruspino,0.00,0.000,21,ok,2026-10-05T12:53:52Z
2026-08-21T18:25:00Z,ruspino,0.00,0.000,21,ok,2026-10-05T12:53:52Z
2026-08-21T18:20:00Z,ruspino,0.00,0.000,21,ok,2026-10-05T12:53:52Z
2026-08-21T18:15:00Z,ruspino,0.00,0.000,21,ok,2026-10-05T12:53:52Z
2026-08-21T18:10:00Z,ruspino,0.00,0.000,21,ok,2026-10-05T12:53:52Z
2026-08-21T18:05:00Z,ruspino,0.00,0.000,21,ok,2026-10-05T12:53:52Z
2026-08-21T18:00:00Z,ruspino,0.00,0.000,21,ok,2026-10-05T12:53:52Z
2026-08-21T17:55:00Z,ruspino,0.00,0.000,21,ok,2026-10-05T12:53:52Z
2026-08-21T17:50:00Z,ruspino,0.00,0.000,21,ok,2026-10-05T12:53:52Z
2026-08-21T17:45:00Z,ruspino,0.00,0.000,21,ok,2026-10-05T12:53:52Z
2026-08-21T17:40:00Z,ruspino,0.00,0.000,21,ok,2026-10-05T12:53:52Z
2026-08-21T17:35:00Z,ruspino,0.00,0.000,21,ok,2026-10-05T12:53:52Z
2026-08-21T17:30:00Z,ruspino,0.00,0.000,21,ok,2026-10-05T12:53:52Z
2026-08-21T17:25:00Z,ruspino,0.00,0.000,21,ok,2026-10-05T12:53:52Z
2026-08-21T17:20:00Z,ruspino,0.00,0.000,21,ok,2026-10-05T12:53:52Z
2026-08-21T17:15:00Z,ruspino,0.00,0.000,21,ok,2026-10-05T12:53:52Z
2026-08-21T17:10:00Z,ruspino,0.00,0.000,21,ok,2026-10-05T12:53:52Z
2026-08-21T17:05:00Z,ruspino,0.00,0.000,21,ok,2026-10-05T12:53:52Z
2026-08-21T17:00:00Z,ruspino,0.00,0.000,21,ok,2026-10-05T12:53:52Z
2026-08-21T16:55:00Z,ruspino,0.00,0.000,21,ok,2026-10-05T12:53:52Z
2026-08-21T16:50:00Z,ruspino,0.00,0.000,21,ok,2026-10-05T12:53:52Z
2026-08-21T16:45:00Z,ruspino,0.00,0.000,21,ok,2026-10-05T12:53:52Z
2026-08-21T16:40:00Z,ruspino,0.00,0.000,21,ok,2026-10-05T12:53:52Z
2026-08-21T16:35:00Z,ruspino,0.00,0.000,21,ok,2026-10-05T12:53:52Z
2026-08-21T16:30:00Z,ruspino,0.00,0.000,21,ok,2026-10-05T12:53:52Z
2026-08-21T16:25:00Z,ruspino,0.00,0.000,21,ok,2026-10-05T12:53:52Z
2026-08-21T16:20:00Z,ruspino,0.00,0.000,21,ok,2026-10-05T12:53:52Z
2026-08-21T16:15:00Z,ruspino,0.00,0.000,21,ok,2026-10-05T12:53:52Z
2026-08-21T16:10:00Z,ruspino,0.00,0.000,21,ok,2026-10-05T12:53:52Z
2026-08-21T16:05:00Z,ruspino,0.00,0.000,21,ok,2026-10-05T12:53:52Z
2026-08-21T16:00:00Z,ruspino,0.00,0.000,21,ok,2026-10-05T12:53:52Z
2026-08-21T15:55:00Z,ruspino,0.00,0.000,21,ok,2026-10-05T12:53:52Z
2026-08-21T15:50:00Z,ruspino,0.00,0.000,21,ok,2026-10-05T12:53:52Z
2026-08-21T15:45:00Z,ruspino,0.00,0.000,21,ok,2026-10-05T12:53:52Z
2026-08-21T15:40:00Z,ruspino,0.00,0.000,21,ok,2026-10-05T12:53:52Z
2026-08-21T15:35:00Z,ruspino,0.00,0.000,21,ok,2026-10-05T12:53:52Z
2026-08-21T15:30:00Z,ruspino,0.00,0.000,21,ok,2026-10-05T12:53:52Z
2026-08-21T15:25:00Z,ruspino,0.00,0.000,21,ok,2026-10-05T12:53:52Z
2026-08-21T15:20:00Z,ruspino,0.00,0.000,21,ok,2026-10-05T12:53:52Z
2026-08-21T15:15:00Z,ruspino,0.00,0.000,21,ok,2026-10-05T12:53:52Z
2026-08-21T15:10:00Z,ruspino,0.00,0.000,21,ok,2026-10-05T12:53:52Z
2026-08-21T15:05:00Z,ruspino,0.00,0.000,21,ok,2026-10-05T12:53:52Z
2026-08-21T15:00:00Z,ruspino,0.00,0.000,21,ok,2026-10-05T12:53:52Z
2026-08-21T14:55:00Z,ruspino,0.00,0.000,21,ok,2026-10-05T12:53:52Z
2026-08-21T14:50:00Z,ruspino,0.00,0.000,21,ok,2026-10-05T12:53:52Z
2026-08-21T14:45:00Z,ruspino,0.00,0.000,21,ok,2026-10-05T12:53:52Z
2026-08-21T14:40:00Z,ruspino,0.00,0.000,21,ok,2026-10-05T12:53:52Z
2026-08-21T14:35:00Z,ruspino,0.00,0.000,21,ok,2026-10-05T12:53:52Z
2026-08-21T14:30:00Z,ruspino,1.07,0.764,21,ok,2026-10-05T12:53:52Z
2026-08-21T14:25:00Z,ruspino,2.40,1.880,21,ok,2026-10-05T12:53:52Z
2026-08-21T14:20:00Z,ruspino,4.85,3.551,21,ok,2026-10-05T12:53:52Z
2026-08-21T14:15:00Z,ruspino,8.27,6.301,21,ok,2026-10-05T12:53:52Z
2026-08-21T14:10:00Z,ruspino,8.99,6.236,21,ok,2026-10-05T12:53:52Z
2026-08-21T14:05:00Z,ruspino,9.19,7.463,21,ok,2026-10-05T12:53:52Z
2026-08-21T14:00:00Z,ruspino,14.05,11.423,21,ok,2026-10-05T12:53:52Z
2026-08-21T13:55:00Z,ruspino,14.44,10.818,21,ok,2026-10-05T12:53:52Z
2026-08-21T13:50:00Z,ruspino,14.05,10.763,21,ok,2026-10-05T12:53:52Z
2026-08-21T13:45:00Z,ruspino,12.34,10.413,21,ok,2026-10-05T12:53:52Z
2026-08-21T13:40:00Z,ruspino,12.07,10.125,21,ok,2026-10-05T12:53:52Z
2026-08-21T13:35:00Z,ruspino,8.80,7.178,21,ok,2026-10-05T12:53:52Z
2026-08-21T13:30:00Z,ruspino,10.83,6.979,21,ok,2026-10-05T12:53:52Z
2026-08-21T13:25:00Z,ruspino,10.95,4.632,21,ok,2026-10-05T12:53:52Z
2026-08-21T13:20:00Z,ruspino,5.34,2.372,21,ok,2026-10-05T12:53:52Z
2026-08-21T13:15:00Z,ruspino,3.56,2.870,21,ok,2026-10-05T12:53:52Z
2026-08-21T13:10:00Z,ruspino,4.60,3.740,21,ok,2026-10-05T12:53:52Z
2026-08-21T13:05:00Z,ruspino,9.51,2.865,21,ok,2026-10-05T12:53:52Z
2026-08-21T13:00:00Z,ruspino,2.46,1.788,21,ok,2026-10-05T12:53:52Z
2026-08-21T12:55:00Z,ruspino,3.92,2.288,21,ok,2026-10-05T12:53:52Z
2026-08-21T12:50:00Z,ruspino,3.71,2.545,21,ok,2026-10-05T12:53:52Z
2026-08-21T12:45:00Z,ruspino,2.82,2.133,21,ok,2026-10-05T12:53:52Z
2026-08-21T12:40:00Z,ruspino,3.27,1.815,21,ok,2026-10-05T12:53:52Z
2026-08-21T12:35:00Z,ruspino,1.27,1.002,21,ok,2026-10-05T12:53:52Z
2026-08-21T12:30:00Z,ruspino,1.80,1.347,21,ok,2026-10-05T12:53:52Z
2026-08-21T12:25:00Z,ruspino,2.94,1.825,21,ok,2026-10-05T12:53:52Z
2026-08-21T12:20:00Z,ruspino,1.21,0.777,21,ok,2026-10-05T12:53:52Z
2026-08-21T12:15:00Z,ruspino,1.43,0.924,21,ok,2026-10-05T12:53:52Z
2026-08-21T12:10:00Z,ruspino,1.59,1.239,21,ok,2026-10-05T12:53:52Z
2026-08-21T12:05:00Z,ruspino,1.31,0.908,21,ok,2026-10-05T12:53:52Z
2026-08-21T12:00:00Z,ruspino,1.17,0.973,21,ok,2026-10-05T12:53:52Z
2026-08-21T11:55:00Z,ruspino,1.15,0.867,21,ok,2026-10-05T12:53:52Z
2026-08-21T11:50:00Z,ruspino,2.22,1.489,21,ok,2026-10-05T12:53:52Z
2026-08-21T11:45:00Z,ruspino,2.88,1.638,21,ok,2026-10-05T12:53:52Z
2026-08-21T11:40:00Z,ruspino,2.21,1.734,21,ok,2026-10-05T12:53:52Z
2026-08-21T11:35:00Z,ruspino,1.53,0.901,21,ok,2026-10-05T12:53:52Z
2026-08-21T11:30:00Z,ruspino,0.95,0.892,21,ok,2026-10-05T12:53:52Z
2026-08-21T11:25:00Z,ruspino,0.88,0.633,21,ok,2026-10-05T12:53:52Z
2026-08-21T11:20:00Z,ruspino,0.83,0.439,21,ok,2026-10-05T12:53:52Z
2026-08-21T11:15:00Z,ruspino,0.77,0.442,21,ok,2026-10-05T12:53:52Z
2026-08-21T11:10:00Z,ruspino,0.84,0.575,21,ok,2026-10-05T12:53:52Z
2026-08-21T11:05:00Z,ruspino,0.73,0.679,21,ok,2026-10-05T12:53:52Z
2026-08-21T11:00:00Z,ruspino,2.52,1.588,21,ok,2026-10-05T12:53:52Z
2026-08-21T10:55:00Z,ruspino,7.02,5.793,21,ok,2026-10-05T12:53:52Z
2026-08-21T10:50:00Z,ruspino,7.18,5.264,21,ok,2026-10-05T12:53:52Z
2026-08-21T10:45:00Z,ruspino,6.30,4.785,21,ok,2026-10-05T12:53:52Z
2026-08-21T10:40:00Z,ruspino,6.40,5.004,21,ok,2026-10-05T12:53:52Z
2026-08-21T10:35:00Z,ruspino,3.76,3.034,21,ok,2026-10-05T12:53:52Z
2026-08-21T10:30:00Z,ruspino,4.91,3.920,21,ok,2026-10-05T12:53:52Z
2026-08-21T10:25:00Z,ruspino,4.03,3.724,21,ok,2026-10-05T12:53:52Z
2026-08-21T10:20:00Z,ruspino,3.81,3.441,21,ok,2026-10-05T12:53:52Z
2026-08-21T10:15:00Z,ruspino,5.55,4.954,21,ok,2026-10-05T12:53:52Z
2026-08-21T10:10:00Z,ruspino,6.15,5.641,21,ok,2026-10-05T12:53:52Z
2026-08-21T10:05:00Z,ruspino,6.53,5.068,21,ok,2026-10-05T12:53:52Z
2026-08-21T10:00:00Z,ruspino,8.52,7.165,21,ok,2026-10-05T12:53:52Z
2026-08-21T09:55:00Z,ruspino,9.05,6.610,21,ok,2026-10-05T12:53:52Z
2026-08-21T09:50:00Z,ruspino,6.07,5.117,21,ok,2026-10-05T12:53:52Z
2026-08-21T09:45:00Z,ruspino,5.28,4.362,21,ok,2026-10-05T12:53:52Z
2026-08-21T09:40:00Z,ruspino,7.90,6.586,21,ok,2026-10-05T12:53:52Z
2026-08-21T09:35:00Z,ruspino,11.30,10.169,21,ok,2026-10-05T12:53:52Z
2026-08-21T09:30:00Z,ruspino,12.55,11.575,21,ok,2026-10-05T12:53:52Z
2026-08-21T09:25:00Z,ruspino,8.85,7.306,21,ok,2026-10-05T12:53:52Z
2026-08-21T09:20:00Z,ruspino,10.89,8.260,21,ok,2026-10-05T12:53:52Z
2026-08-21T09:15:00Z,ruspino,8.68,7.912,21,ok,2026-10-05T12:53:52Z
2026-08-21T09:10:00Z,ruspino,8.66,7.587,21,ok,2026-10-05T12:53:52Z
2026-08-21T09:05:00Z,ruspino,6.78,4.982,21,ok,2026-10-05T12:53:52Z
2026-08-21T09:00:00Z,ruspino,7.68,5.884,21,ok,2026-10-05T12:53:52Z
2026-08-21T08:55:00Z,ruspino,14.90,10.015,21,ok,2026-10-05T12:53:52Z
2026-08-21T08:50:00Z,ruspino,14.90,10.320,21,ok,2026-10-05T12:53:52Z
2026-08-21T08:45:00Z,ruspino,13.54,11.850,21,ok,2026-10-05T12:53:52Z
2026-08-21T08:40:00Z,ruspino,10.38,9.028,21,ok,2026-10-05T12:53:52Z
2026-08-21T08:35:00Z,ruspino,9.72,6.959,21,ok,2026-10-05T12:53:52Z
2026-08-21T08:30:00Z,ruspino,13.68,11.510,21,ok,2026-10-05T12:53:52Z
2026-08-21T08:25:00Z,ruspino,10.45,8.908,21,ok,2026-10-05T12:53:52Z
2026-08-21T08:20:00Z,ruspino,19.70,14.135,21,ok,2026-10-05T12:53:52Z
2026-08-21T08:15:00Z,ruspino,22.35,16.215,21,ok,2026-10-05T12:53:52Z
2026-08-21T08:10:00Z,ruspino,27.67,17.770,21,ok,2026-10-05T12:53:52Z
2026-08-21T08:05:00Z,ruspino,24.27,18.037,21,ok,2026-10-05T12:53:52Z
2026-08-21T08:00:00Z,ruspino,24.89,20.123,21,ok,2026-10-05T12:53:52Z
2026-08-21T07:55:00Z,ruspino,21.19,17.310,21,ok,2026-10-05T12:53:52Z
2026-08-21T07:50:00Z,ruspino,17.23,13.458,21,ok,2026-10-05T12:53:52Z
2026-08-21T07:45:00Z,ruspino,9.40,8.478,21,ok,2026-10-05T12:53:52Z
2026-08-21T07:40:00Z,ruspino,13.78,8.340,21,ok,2026-10-05T12:53:52Z
2026-08-21T07:35:00Z,ruspino,20.93,14.245,21,ok,2026-10-05T12:53:52Z
2026-08-21T07:30:00Z,ruspino,22.32,16.300,21,ok,2026-10-05T12:53:52Z
2026-08-21T07:25:00Z,ruspino,22.20,16.582,21,ok,2026-10-05T12:53:52Z
2026-08-21T07:20:00Z,ruspino,22.92,16.378,21,ok,2026-10-05T12:53:52Z
2026-08-21T07:15:00Z,ruspino,16.31,13.035,21,ok,2026-10-05T12:53:52Z
2026-08-21T07:10:00Z,ruspino,20.91,17.289,21,ok,2026-10-05T12:53:52Z
2026-08-21T07:05:00Z,ruspino,22.91,19.267,21,ok,2026-10-05T12:53:52Z
2026-08-21T07:00:00Z,ruspino,30.80,20.643,21,ok,2026-10-05T12:53:52Z
2026-08-21T06:55:00Z,ruspino,20.93,15.107,21,ok,2026-10-05T12:53:52Z
2026-08-21T06:50:00Z,ruspino,20.93,15.226,21,ok,2026-10-05T12:53:52Z
2026-08-21T06:45:00Z,ruspino,10.54,8.647,21,ok,2026-10-05T12:53:52Z
2026-08-21T06:40:00Z,ruspino,11.60,8.276,21,ok,2026-10-05T12:53:52Z
2026-08-21T06:35:00Z,ruspino,9.10,7.438,21,ok,2026-10-05T12:53:52Z
2026-08-21T06:30:00Z,ruspino,8.36,6.405,21,ok,2026-10-05T12:53:52Z
2026-08-21T06:25:00Z,ruspino,8.43,6.316,21,ok,2026-10-05T12:53:52Z
2026-08-21T06:20:00Z,ruspino,8.01,5.798,21,ok,2026-10-05T12:53:52Z
2026-08-21T06:15:00Z,ruspino,3.48,3.205,21,ok,2026-10-05T12:53:52Z
2026-08-21T06:10:00Z,ruspino,2.14,1.956,21,ok,2026-10-05T12:53:52Z
2026-08-21T06:05:00Z,ruspino,1.56,1.345,21,ok,2026-10-05T12:53:52Z
2026-08-21T06:00:00Z,ruspino,1.32,1.135,21,ok,2026-10-05T12:53:52Z
2026-08-21T05:55:00Z,ruspino,1.05,0.936,21,ok,2026-10-05T12:53:52Z
2026-08-21T05:50:00Z,ruspino,0.00,0.000,21,ok,2026-10-05T12:53:52Z
2026-08-21T05:45:00Z,ruspino,0.00,0.000,21,ok,2026-10-05T12:53:52Z
2026-08-21T05:40:00Z,ruspino,0.00,0.000,21,ok,2026-10-05T12:53:52Z
2026-08-21T05:35:00Z,ruspino,0.00,0.000,21,ok,2026-10-05T12:53:52Z
2026-08-21T05:30:00Z,ruspino,0.00,0.000,21,ok,2026-10-05T12:53:52Z
2026-08-21T05:25:00Z,ruspino,0.00,0.000,21,ok,2026-10-05T12:53:52Z
2026-08-21T05:20:00Z,ruspino,0.00,0.000,21,ok,2026-10-05T12:53:52Z
2026-08-21T05:15:00Z,ruspino,0.00,0.000,21,ok,2026-10-05T12:53:52Z
2026-08-21T05:10:00Z,ruspino,0.00,0.000,21,ok,2026-10-05T12:53:52Z
2026-08-21T05:05:00Z,ruspino,0.00,0.000,21,ok,2026-10-05T12:53:52Z
2026-08-21T05:00:00Z,ruspino,0.00,0.000,21,ok,2026-10-05T12:53:52Z
2026-08-21T04:55:00Z,ruspino,0.00,0.000,21,ok,2026-10-05T12:53:52Z
2026-08-21T04:50:00Z,ruspino,0.00,0.000,21,ok,2026-10-05T12:53:52Z
2026-08-21T04:45:00Z,ruspino,0.00,0.000,21,ok,2026-10-05T12:53:52Z
2026-08-21T04:40:00Z,ruspino,0.00,0.000,21,ok,2026-10-05T12:53:52Z
2026-08-20T22:30:00Z,ruspino,0.00,0.000,21,ok,2026-10-05T12:53:52Z
2026-08-20T22:25:00Z,ruspino,0.00,0.000,21,ok,2026-10-05T12:53:52Z
2026-08-20T22:20:00Z,ruspino,0.00,0.000,21,ok,2026-10-05T12:53:52Z
2026-08-20T22:15:00Z,ruspino,0.00,0.000,21,ok,2026-10-05T12:53:52Z
2026-08-20T22:10:00Z,ruspino,0.00,0.000,21,ok,2026-10-05T12:53:52Z
2026-08-20T22:05:00Z,ruspino,0.00,0.000,21,ok,2026-10-05T12:53:52Z
2026-08-20T22:00:00Z,ruspino,0.00,0.000,21,ok,2026-10-05T12:53:52Z
2026-08-20T21:55:00Z,ruspino,0.00,0.000,21,ok,2026-10-05T12:53:52Z
2026-08-20T21:50:00Z,ruspino,0.00,0.000,21,ok,2026-10-05T12:53:52Z
2026-08-20T21:45:00Z,ruspino,0.00,0.000,21,ok,2026-10-05T12:53:52Z
2026-08-20T21:40:00Z,ruspino,0.00,0.000,21,ok,2026-10-05T12:53:52Z
2026-08-20T21:35:00Z,ruspino,0.00,0.000,21,ok,2026-10-05T12:53:52Z
2026-08-20T21:30:00Z,ruspino,1.11,0.705,21,ok,2026-10-05T12:53:52Z
2026-08-20T21:25:00Z,ruspino,2.74,2.198,21,ok,2026-10-05T12:53:52Z
2026-08-20T21:20:00Z,ruspino,2.51,1.855,21,ok,2026-10-05T12:53:52Z
2026-08-20T21:15:00Z,ruspino,1.84,0.770,21,ok,2026-10-05T12:53:52Z
2026-08-20T21:10:00Z,ruspino,0.50,0.200,21,ok,2026-10-05T12:53:52Z
2026-08-20T21:05:00Z,ruspino,0.00,0.000,21,ok,2026-10-05T12:53:52Z
2026-08-20T21:00:00Z,ruspino,0.00,0.000,21,ok,2026-10-05T12:53:52Z
2026-08-20T20:55:00Z,ruspino,0.17,0.008,21,ok,2026-10-05T12:53:52Z
2026-08-20T20:50:00Z,ruspino,0.19,0.018,21,ok,2026-10-05T12:53:52Z
2026-08-20T20:45:00Z,ruspino,0.18,0.017,21,ok,2026-10-05T12:53:52Z
2026-08-20T20:40:00Z,ruspino,0.17,0.008,21,ok,2026-10-05T12:53:52Z
2026-08-20T20:35:00Z,ruspino,0.00,0.000,21,ok,2026-10-05T12:53:52Z
2026-08-20T20:30:00Z,ruspino,0.00,0.000,21,ok,2026-10-05T12:53:52Z
2026-08-20T20:25:00Z,ruspino,0.00,0.000,21,ok,2026-10-05T12:53:52Z
2026-08-20T20:20:00Z,ruspino,0.00,0.000,21,ok,2026-10-05T12:53:52Z
2026-08-20T20:15:00Z,ruspino,0.00,0.000,21,ok,2026-10-05T12:53:52Z
2026-08-20T20:10:00Z,ruspino,0.00,0.000,21,ok,2026-10-05T12:53:52Z
2026-08-20T20:05:00Z,ruspino,0.00,0.000,21,ok,2026-10-05T12:53:52Z
2026-08-20T20:00:00Z,ruspino,0.00,0.000,21,ok,2026-10-05T12:53:52Z
2026-08-20T19:55:00Z,ruspino,0.00,0.000,21,ok,2026-10-05T12:53:52Z
2026-08-20T19:50:00Z,ruspino,0.00,0.000,21,ok,2026-10-05T12:53:52Z
2026-08-20T19:45:00Z,ruspino,0.00,0.000,21,ok,2026-10-05T12:53:52Z
2026-08-20T19:40:00Z,ruspino,0.00,0.000,21,ok,2026-10-05T12:53:52Z
2026-08-20T19:35:00Z,ruspino,0.72,0.100,21,ok,2026-10-05T12:53:52Z
2026-08-20T19:30:00Z,ruspino,1.25,0.192,21,ok,2026-10-05T12:53:52Z
2026-08-20T19:25:00Z,ruspino,1.69,0.530,21,ok,2026-10-05T12:53:52Z
2026-08-20T19:20:00Z,ruspino,1.47,0.959,21,ok,2026-10-05T12:53:52Z
2026-08-20T19:15:00Z,ruspino,1.49,1.050,21,ok,2026-10-05T12:53:52Z
2026-08-20T19:10:00Z,ruspino,2.27,1.145,21,ok,2026-10-05T12:53:52Z
2026-08-20T19:05:00Z,ruspino,3.45,2.280,21,ok,2026-10-05T12:53:52Z
2026-08-20T19:00:00Z,ruspino,4.14,2.893,21,ok,2026-10-05T12:53:52Z
2026-08-20T18:55:00Z,ruspino,3.28,2.334,21,ok,2026-10-05T12:53:52Z
2026-08-20T18:50:00Z,ruspino,5.61,3.420,21,ok,2026-10-05T12:53:52Z
2026-08-20T18:45:00Z,ruspino,7.15,4.879,21,ok,2026-10-05T12:53:52Z
2026-08-20T18:40:00Z,ruspino,4.97,3.859,21,ok,2026-10-05T12:53:52Z
2026-08-20T18:35:00Z,ruspino,4.83,2.900,21,ok,2026-10-05T12:53:52Z
2026-08-20T18:30:00Z,ruspino,3.45,2.406,21,ok,2026-10-05T12:53:52Z
2026-08-20T18:25:00Z,ruspino,3.26,2.372,21,ok,2026-10-05T12:53:52Z
2026-08-20T18:20:00Z,ruspino,3.77,3.016,21,ok,2026-10-05T12:53:52Z
2026-08-20T18:15:00Z,ruspino,7.60,3.884,21,ok,2026-10-05T12:53:52Z
2026-08-20T18:10:00Z,ruspino,8.79,5.463,21,ok,2026-10-05T12:53:52Z
2026-08-20T18:05:00Z,ruspino,6.38,3.698,21,ok,2026-10-05T12:53:52Z
2026-08-20T18:00:00Z,ruspino,8.19,4.343,21,ok,2026-10-05T12:53:52Z
2026-08-20T17:55:00Z,ruspino,34.52,14.324,21,ok,2026-10-05T12:53:52Z
2026-08-20T17:50:00Z,ruspino,63.91,43.646,21,ok,2026-10-05T12:53:52Z
2026-08-20T17:45:00Z,ruspino,84.51,71.947,21,ok,2026-10-05T12:53:52Z
2026-08-20T17:40:00Z,ruspino,81.44,54.929,21,ok,2026-10-05T12:53:52Z
2026-08-20T17:35:00Z,ruspino,72.15,42.483,21,ok,2026-10-05T12:53:52Z
2026-08-20T17:30:00Z,ruspino,75.08,32.462,21,ok,2026-10-05T12:53:52Z
2026-08-20T17:25:00Z,ruspino,40.18,17.281,21,ok,2026-10-05T12:53:52Z
2026-08-20T17:20:00Z,ruspino,5.71,3.394,21,ok,2026-10-05T12:53:52Z
2026-08-20T17:15:00Z,ruspino,3.34,2.334,21,ok,2026-10-05T12:53:52Z
2026-08-20T17:10:00Z,ruspino,7.86,2.984,21,ok,2026-10-05T12:53:52Z
2026-08-20T17:05:00Z,ruspino,6.31,2.959,21,ok,2026-10-05T12:53:52Z
2026-08-20T17:00:00Z,ruspino,6.24,2.113,21,ok,2026-10-05T12:53:52Z
2026-08-20T16:55:00Z,ruspino,3.34,1.771,21,ok,2026-10-05T12:53:52Z
2026-08-20T16:50:00Z,ruspino,36.49,3.027,21,ok,2026-10-05T12:53:52Z
2026-08-20T16:45:00Z,ruspino,11.14,3.986,21,ok,2026-10-05T12:53:52Z
2026-08-20T16:40:00Z,ruspino,1.36,0.753,21,ok,2026-10-05T12:53:52Z
2026-08-20T16:35:00Z,ruspino,0.44,0.310,21,ok,2026-10-05T12:53:52Z
2026-08-20T16:30:00Z,ruspino,0.70,0.099,21,ok,2026-10-05T12:53:52Z
2026-08-20T16:25:00Z,ruspino,8.55,2.570,21,ok,2026-10-05T12:53:52Z
2026-08-20T16:20:00Z,ruspino,13.31,5.094,21,ok,2026-10-05T12:53:52Z
2026-08-20T16:15:00Z,ruspino,8.30,3.292,21,ok,2026-10-05T12:53:52Z
2026-08-20T16:10:00Z,ruspino,2.32,1.224,21,ok,2026-10-05T12:53:52Z
2026-08-20T16:05:00Z,ruspino,0.41,0.105,21,ok,2026-10-05T12:53:52Z
2026-08-20T16:00:00Z,ruspino,0.00,0.000,21,ok,2026-10-05T12:53:52Z
2026-08-20T15:55:00Z,ruspino,0.00,0.000,21,ok,2026-10-05T12:53:52Z
2026-08-20T15:50:00Z,ruspino,0.00,0.000,21,ok,2026-10-05T12:53:52Z
2026-08-20T15:45:00Z,ruspino,0.00,0.000,21,ok,2026-10-05T12:53:52Z
2026-08-20T15:40:00Z,ruspino,1.04,0.050,21,ok,2026-10-05T12:53:52Z
2026-08-20T15:35:00Z,ruspino,2.54,1.240,21,ok,2026-10-05T12:53:52Z
2026-08-20T15:30:00Z,ruspino,1.70,1.232,21,ok,2026-10-05T12:53:52Z
2026-08-20T15:25:00Z,ruspino,0.86,0.804,21,ok,2026-10-05T12:53:52Z
2026-08-20T15:20:00Z,ruspino,0.57,0.339,21,ok,2026-10-05T12:53:52Z
2026-08-20T15:15:00Z,ruspino,0.52,0.375,21,ok,2026-10-05T12:53:52Z
2026-08-20T15:10:00Z,ruspino,0.77,0.535,21,ok,2026-10-05T12:53:52Z
2026-08-20T15:05:00Z,ruspino,1.00,0.343,21,ok,2026-10-05T12:53:52Z
2026-08-20T15:00:00Z,ruspino,0.28,0.055,21,ok,2026-10-05T12:53:52Z
2026-08-20T14:55:00Z,ruspino,0.00,0.000,21,ok,2026-10-05T12:53:52Z
2026-08-20T14:50:00Z,ruspino,2.34,0.560,21,ok,2026-10-05T12:53:52Z
2026-08-20T14:45:00Z,ruspino,3.04,1.574,21,ok,2026-10-05T12:53:52Z
2026-08-20T14:40:00Z,ruspino,12.87,3.335,21,ok,2026-10-05T12:53:52Z
2026-08-20T14:35:00Z,ruspino,34.83,11.142,21,ok,2026-10-05T12:53:52Z
2026-08-20T14:30:00Z,ruspino,40.45,13.570,21,ok,2026-10-05T12:53:52Z
2026-08-20T14:25:00Z,ruspino,20.51,7.436,21,ok,2026-10-05T12:53:52Z
2026-08-20T14:20:00Z,ruspino,15.38,4.973,21,ok,2026-10-05T12:53:52Z
2026-08-20T14:15:00Z,ruspino,8.81,3.774,21,ok,2026-10-05T12:53:52Z
2026-08-20T14:10:00Z,ruspino,7.42,4.133,21,ok,2026-10-05T12:53:52Z
2026-08-20T14:05:00Z,ruspino,26.52,6.575,21,ok,2026-10-05T12:53:52Z
2026-08-20T14:00:00Z,ruspino,15.40,7.926,21,ok,2026-10-05T12:53:52Z
2026-08-20T13:55:00Z,ruspino,4.80,2.218,21,ok,2026-10-05T12:53:52Z
2026-08-20T13:50:00Z,ruspino,2.31,0.774,21,ok,2026-10-05T12:53:52Z
2026-08-20T13:45:00Z,ruspino,0.70,0.114,21,ok,2026-10-05T12:53:52Z
2026-08-20T13:40:00Z,ruspino,26.30,6.087,21,ok,2026-10-05T12:53:52Z
2026-08-20T13:35:00Z,ruspino,15.02,2.781,21,ok,2026-10-05T12:53:52Z
2026-08-20T13:30:00Z,ruspino,5.17,3.241,21,ok,2026-10-05T12:53:52Z
2026-08-20T13:25:00Z,ruspino,0.67,0.180,21,ok,2026-10-05T12:53:52Z
2026-08-20T13:20:00Z,ruspino,0.79,0.050,21,ok,2026-10-05T12:53:52Z
2026-08-20T13:15:00Z,ruspino,0.00,0.000,21,ok,2026-10-05T12:53:52Z
2026-08-20T13:10:00Z,ruspino,0.00,0.000,21,ok,2026-10-05T12:53:52Z
2026-08-20T13:05:00Z,ruspino,0.00,0.000,21,ok,2026-10-05T12:53:52Z
2026-08-20T13:00:00Z,ruspino,0.00,0.000,21,ok,2026-10-05T12:53:52Z
2026-08-20T12:55:00Z,ruspino,0.00,0.000,21,ok,2026-10-05T12:53:52Z
2026-08-20T12:50:00Z,ruspino,0.00,0.000,21,ok,2026-10-05T12:53:52Z
2026-08-20T12:45:00Z,ruspino,0.00,0.000,21,ok,2026-10-05T12:53:52Z
2026-08-20T12:40:00Z,ruspino,0.00,0.000,21,ok,2026-10-05T12:53:52Z
2026-08-20T12:35:00Z,ruspino,0.00,0.000,21,ok,2026-10-05T12:53:52Z
2026-08-20T12:30:00Z,ruspino,0.00,0.000,21,ok,2026-10-05T12:53:52Z
2026-08-20T12:25:00Z,ruspino,0.00,0.000,21,ok,2026-10-05T12:53:52Z
2026-08-20T12:20:00Z,ruspino,0.00,0.000,21,ok,2026-10-05T12:53:52Z
2026-08-20T12:15:00Z,ruspino,0.00,0.000,21,ok,2026-10-05T12:53:52Z
2026-08-20T12:10:00Z,ruspino,0.00,0.000,21,ok,2026-10-05T12:53:52Z
2026-08-20T12:05:00Z,ruspino,0.00,0.000,21,ok,2026-10-05T12:53:52Z
2026-08-20T12:00:00Z,ruspino,0.00,0.000,21,ok,2026-10-05T12:53:52Z
2026-08-20T11:55:00Z,ruspino,0.00,0.000,21,ok,2026-10-05T12:53:52Z
2026-08-20T11:50:00Z,ruspino,0.00,0.000,21,ok,2026-10-05T12:53:52Z
2026-08-20T11:45:00Z,ruspino,0.00,0.000,21,ok,2026-10-05T12:53:52Z
2026-08-20T11:40:00Z,ruspino,0.00,0.000,21,ok,2026-10-05T12:53:52Z
2026-08-20T11:35:00Z,ruspino,0.00,0.000,21,ok,2026-10-05T12:53:52Z
2026-08-20T11:30:00Z,ruspino,7.58,1.244,21,ok,2026-10-05T12:53:52Z
2026-08-20T11:25:00Z,ruspino,7.32,1.465,21,ok,2026-10-05T12:53:52Z
2026-08-20T11:20:00Z,ruspino,13.70,2.368,21,ok,2026-10-05T12:53:52Z
2026-08-20T11:15:00Z,ruspino,9.27,2.532,21,ok,2026-10-05T12:53:52Z
2026-08-20T11:10:00Z,ruspino,2.39,0.788,21,ok,2026-10-05T12:53:52Z
2026-08-20T11:05:00Z,ruspino,0.73,0.268,21,ok,2026-10-05T12:53:52Z
2026-08-20T11:00:00Z,ruspino,4.44,1.214,21,ok,2026-10-05T12:53:52Z
2026-08-20T10:55:00Z,ruspino,8.97,2.275,21,ok,2026-10-05T12:53:52Z
2026-08-20T10:50:00Z,ruspino,2.29,0.740,21,ok,2026-10-05T12:53:52Z
2026-08-20T10:45:00Z,ruspino,0.91,0.384,21,ok,2026-10-05T12:53:52Z
2026-08-20T10:40:00Z,ruspino,0.00,0.000,21,ok,2026-10-05T12:53:52Z
2026-08-20T10:35:00Z,ruspino,0.00,0.000,21,ok,2026-10-05T12:53:52Z
2026-08-20T10:30:00Z,ruspino,0.00,0.000,21,ok,2026-10-05T12:53:52Z
2026-08-20T10:25:00Z,ruspino,0.00,0.000,21,ok,2026-10-05T12:53:52Z
2026-08-20T10:20:00Z,ruspino,0.00,0.000,21,ok,2026-10-05T12:53:52Z
2026-08-20T10:15:00Z,ruspino,0.72,0.370,21,ok,2026-10-05T12:53:52Z
2026-08-20T10:10:00Z,ruspino,0.00,0.000,21,ok,2026-10-05T12:53:52Z
2026-08-20T10:05:00Z,ruspino,0.00,0.000,21,ok,2026-10-05T12:53:52Z
2026-08-20T10:00:00Z,ruspino,0.00,0.000,21,ok,2026-10-05T12:53:52Z
2026-08-20T09:55:00Z,ruspino,0.00,0.000,21,ok,2026-10-05T12:53:52Z
2026-08-20T09:50:00Z,ruspino,0.48,0.126,21,ok,2026-10-05T12:53:52Z
2026-08-20T09:45:00Z,ruspino,0.42,0.262,21,ok,2026-10-05T12:53:52Z
2026-08-20T09:40:00Z,ruspino,0.00,0.000,21,ok,2026-10-05T12:53:52Z
2026-08-20T09:35:00Z,ruspino,0.00,0.000,21,ok,2026-10-05T12:53:52Z
2026-08-20T09:30:00Z,ruspino,0.00,0.000,21,ok,2026-10-05T12:53:52Z
2026-08-20T09:25:00Z,ruspino,0.00,0.000,21,ok,2026-10-05T12:53:52Z
2026-08-20T09:20:00Z,ruspino,1.13,0.648,21,ok,2026-10-05T12:53:52Z
2026-08-20T09:15:00Z,ruspino,0.75,0.273,21,ok,2026-10-05T12:53:52Z
2026-08-20T09:10:00Z,ruspino,0.59,0.129,21,ok,2026-10-05T12:53:52Z
2026-08-20T09:05:00Z,ruspino,0.00,0.000,21,ok,2026-10-05T12:53:52Z
2026-08-20T09:00:00Z,ruspino,0.00,0.000,21,ok,2026-10-05T12:53:52Z
2026-08-20T08:55:00Z,ruspino,0.00,0.000,21,ok,2026-10-05T12:53:52Z
2026-08-20T08:50:00Z,ruspino,0.00,0.000,21,ok,2026-10-05T12:53:52Z
2026-08-20T08:45:00Z,ruspino,0.00,0.000,21,ok,2026-10-05T12:53:52Z
2026-08-20T08:40:00Z,ruspino,0.00,0.000,21,ok,2026-10-05T12:53:52Z
2026-08-20T08:35:00Z,ruspino,0.00,0.000,21,ok,2026-10-05T12:53:52Z
2026-08-20T08:30:00Z,ruspino,0.00,0.000,21,ok,2026-10-05T12:53:52Z
2026-08-20T08:25:00Z,ruspino,0.00,0.000,21,ok,2026-10-05T12:53:52Z
2026-08-20T08:20:00Z,ruspino,0.00,0.000,21,ok,2026-10-05T12:53:52Z
2026-08-20T08:15:00Z,ruspino,0.00,0.000,21,ok,2026-10-05T12:53:52Z
2026-08-20T08:10:00Z,ruspino,0.00,0.000,21,ok,2026-10-05T12:53:52Z
2026-08-20T08:05:00Z,ruspino,0.00,0.000,21,ok,2026-10-05T12:53:52Z
2026-08-20T08:00:00Z,ruspino,0.00,0.000,21,ok,2026-10-05T12:53:52Z
2026-08-20T07:55:00Z,ruspino,0.00,0.000,21,ok,2026-10-05T12:53:52Z
2026-08-20T07:50:00Z,ruspino,0.00,0.000,21,ok,2026-10-05T12:53:52Z
2026-08-20T07:45:00Z,ruspino,0.00,0.000,21,ok,2026-10-05T12:53:52Z
2026-08-20T07:40:00Z,ruspino,0.00,0.000,21,ok,2026-10-05T12:53:52Z
2026-08-20T07:35:00Z,ruspino,0.00,0.000,21,ok,2026-10-05T12:53:52Z
2026-08-20T07:30:00Z,ruspino,0.00,0.000,21,ok,2026-10-05T12:53:52Z
2026-08-20T07:25:00Z,ruspino,3.71,1.309,21,ok,2026-10-05T12:53:52Z
2026-08-20T07:20:00Z,ruspino,4.39,1.484,21,ok,2026-10-05T12:53:52Z
2026-08-20T07:15:00Z,ruspino,0.41,0.061,21,ok,2026-10-05T12:53:52Z
2026-08-20T07:10:00Z,ruspino,0.00,0.000,21,ok,2026-10-05T12:53:52Z
2026-08-20T07:05:00Z,ruspino,0.00,0.000,21,ok,2026-10-05T12:53:52Z
2026-08-20T07:00:00Z,ruspino,0.00,0.000,21,ok,2026-10-05T12:53:52Z
2026-08-20T06:55:00Z,ruspino,0.00,0.000,21,ok,2026-10-05T12:53:52Z
2026-08-20T06:50:00Z,ruspino,0.00,0.000,21,ok,2026-10-05T12:53:52Z
2026-08-20T06:45:00Z,ruspino,0.00,0.000,21,ok,2026-10-05T12:53:52Z
2026-08-20T06:40:00Z,ruspino,0.00,0.000,21,ok,2026-10-05T12:53:52Z
2026-08-20T06:35:00Z,ruspino,0.00,0.000,21,ok,2026-10-05T12:53:52Z
2026-08-20T06:30:00Z,ruspino,0.00,0.000,21,ok,2026-10-05T12:53:52Z
2026-08-20T06:25:00Z,ruspino,0.19,0.018,21,ok,2026-10-05T12:53:52Z
2026-08-20T06:20:00Z,ruspino,0.23,0.022,21,ok,2026-10-05T12:53:52Z
2026-08-20T06:15:00Z,ruspino,0.00,0.000,21,ok,2026-10-05T12:53:52Z
2026-08-20T06:10:00Z,ruspino,0.00,0.000,21,ok,2026-10-05T12:53:52Z
2026-08-20T06:05:00Z,ruspino,0.00,0.000,21,ok,2026-10-05T12:53:52Z
2026-08-20T06:00:00Z,ruspino,0.00,0.000,21,ok,2026-10-05T12:53:52Z
2026-08-20T05:55:00Z,ruspino,0.00,0.000,21,ok,2026-10-05T12:53:52Z
2026-08-20T05:50:00Z,ruspino,0.00,0.000,21,ok,2026-10-05T12:53:52Z
2026-08-20T05:45:00Z,ruspino,0.00,0.000,21,ok,2026-10-05T12:53:52Z
2026-08-20T05:40:00Z,ruspino,2.12,1.249,21,ok,2026-10-05T12:53:52Z
2026-08-20T05:35:00Z,ruspino,2.12,1.249,21,ok,2026-10-05T12:53:52Z
2026-08-20T05:30:00Z,ruspino,3.09,2.513,21,ok,2026-10-05T12:53:52Z
2026-08-20T05:25:00Z,ruspino,0.57,0.218,21,ok,2026-10-05T12:53:52Z
2026-08-20T05:20:00Z,ruspino,0.00,0.000,21,ok,2026-10-05T12:53:52Z
2026-08-20T05:15:00Z,ruspino,0.00,0.000,21,ok,2026-10-05T12:53:52Z
2026-08-20T05:10:00Z,ruspino,0.00,0.000,21,ok,2026-10-05T12:53:52Z
2026-08-20T05:05:00Z,ruspino,0.00,0.000,21,ok,2026-10-05T12:53:52Z
2026-08-20T05:00:00Z,ruspino,0.00,0.000,21,ok,2026-10-05T12:53:52Z
2026-08-20T04:55:00Z,ruspino,0.00,0.000,21,ok,2026-10-05T12:53:52Z
2026-08-20T04:50:00Z,ruspino,0.00,0.000,21,ok,2026-10-05T12:53:52Z
2026-08-20T04:45:00Z,ruspino,0.00,0.000,21,ok,2026-10-05T12:53:52Z
2026-08-20T04:40:00Z,ruspino,0.00,0.000,21,ok,2026-10-05T12:53:52Z
2026-08-20T04:35:00Z,ruspino,0.00,0.000,21,ok,2026-10-05T12:53:52Z
2026-08-20T04:30:00Z,ruspino,0.00,0.000,21,ok,2026-10-05T12:53:52Z
2026-08-20T04:25:00Z,ruspino,0.00,0.000,21,ok,2026-10-05T12:53:52Z
2026-08-20T04:20:00Z,ruspino,0.00,0.000,21,ok,2026-10-05T12:53:52Z
2026-08-20T04:15:00Z,ruspino,0.00,0.000,21,ok,2026-10-05T12:53:52Z
2026-08-20T04:10:00Z,ruspino,0.00,0.000,21,ok,2026-10-05T12:53:52Z
2026-08-20T04:05:00Z,ruspino,0.07,0.003,21,ok,2026-10-05T12:53:52Z
2026-08-20T04:00:00Z,ruspino,0.12,0.023,21,ok,2026-10-05T12:53:52Z
2026-08-20T03:55:00Z,ruspino,0.00,0.000,21,ok,2026-10-05T12:53:52Z
2026-08-20T03:50:00Z,ruspino,0.00,0.000,21,ok,2026-10-05T12:53:52Z
2026-08-20T03:45:00Z,ruspino,0.00,0.000,21,ok,2026-10-05T12:53:52Z
2026-08-20T03:40:00Z,ruspino,0.00,0.000,21,ok,2026-10-05T12:53:52Z
2026-08-20T03:35:00Z,ruspino,0.00,0.000,21,ok,2026-10-05T12:53:52Z
2026-08-20T03:30:00Z,ruspino,0.49,0.076,21,ok,2026-10-05T12:53:52Z
2026-08-20T03:25:00Z,ruspino,1.80,0.407,21,ok,2026-10-05T12:53:52Z
2026-08-20T03:20:00Z,ruspino,1.16,0.280,21,ok,2026-10-05T12:53:52Z
2026-08-20T03:15:00Z,ruspino,0.99,0.270,21,ok,2026-10-05T12:53:52Z
2026-08-20T03:10:00Z,ruspino,0.27,0.048,21,ok,2026-10-05T12:53:52Z
2026-08-20T03:05:00Z,ruspino,0.26,0.136,21,ok,2026-10-05T12:53:52Z
2026-08-20T03:00:00Z,ruspino,1.11,0.420,21,ok,2026-10-05T12:53:52Z
2026-08-20T02:55:00Z,ruspino,0.82,0.220,21,ok,2026-10-05T12:53:52Z
2026-08-20T02:50:00Z,ruspino,0.31,0.032,21,ok,2026-10-05T12:53:52Z
2026-08-20T02:45:00Z,ruspino,0.25,0.012,21,ok,2026-10-05T12:53:52Z
2026-08-20T02:40:00Z,ruspino,2.18,0.396,21,ok,2026-10-05T12:53:52Z
2026-08-20T02:35:00Z,ruspino,6.88,1.445,21,ok,2026-10-05T12:53:52Z
2026-08-20T02:30:00Z,ruspino,11.74,4.616,21,ok,2026-10-05T12:53:52Z
2026-08-20T02:25:00Z,ruspino,13.31,5.222,21,ok,2026-10-05T12:53:52Z
2026-08-20T02:20:00Z,ruspino,6.40,3.795,21,ok,2026-10-05T12:53:52Z
2026-08-20T02:15:00Z,ruspino,7.78,4.632,21,ok,2026-10-05T12:53:52Z
2026-08-20T02:10:00Z,ruspino,9.17,3.774,21,ok,2026-10-05T12:53:52Z
2026-08-20T02:05:00Z,ruspino,16.53,2.877,21,ok,2026-10-05T12:53:52Z
2026-08-20T02:00:00Z,ruspino,12.10,3.718,21,ok,2026-10-05T12:53:52Z
2026-08-20T01:55:00Z,ruspino,1.83,0.925,21,ok,2026-10-05T12:53:52Z
2026-08-20T01:50:00Z,ruspino,1.65,0.905,21,ok,2026-10-05T12:53:52Z
2026-08-20T01:45:00Z,ruspino,0.23,0.040,21,ok,2026-10-05T12:53:52Z
2026-08-20T01:40:00Z,ruspino,0.00,0.000,21,ok,2026-10-05T12:53:52Z
2026-08-20T01:35:00Z,ruspino,0.32,0.015,21,ok,2026-10-05T12:53:52Z
2026-08-20T01:30:00Z,ruspino,1.50,0.433,21,ok,2026-10-05T12:53:52Z
2026-08-20T01:25:00Z,ruspino,0.69,0.242,21,ok,2026-10-05T12:53:52Z
2026-08-20T01:20:00Z,ruspino,0.69,0.177,21,ok,2026-10-05T12:53:52Z
2026-08-20T01:15:00Z,ruspino,2.40,0.725,21,ok,2026-10-05T12:53:52Z
2026-08-20T01:10:00Z,ruspino,14.43,11.634,21,ok,2026-10-05T12:53:52Z
2026-08-20T01:05:00Z,ruspino,14.43,11.634,21,ok,2026-10-05T12:53:52Z
2026-08-20T01:00:00Z,ruspino,19.14,13.385,21,ok,2026-10-05T12:53:52Z
2026-08-20T00:55:00Z,ruspino,10.13,5.072,21,ok,2026-10-05T12:53:52Z
2026-08-20T00:50:00Z,ruspino,0.35,0.171,21,ok,2026-10-05T12:53:52Z
2026-08-20T00:45:00Z,ruspino,0.05,0.002,21,ok,2026-10-05T12:53:52Z
2026-08-20T00:40:00Z,ruspino,0.00,0.000,21,ok,2026-10-05T12:53:52Z
2026-08-20T00:35:00Z,ruspino,0.00,0.000,21,ok,2026-10-05T12:53:52Z
2026-08-20T00:30:00Z,ruspino,0.00,0.000,21,ok,2026-10-05T12:53:52Z
2026-08-20T00:25:00Z,ruspino,0.00,0.000,21,ok,2026-10-05T12:53:52Z
2026-08-20T00:20:00Z,ruspino,0.25,0.031,21,ok,2026-10-05T12:53:52Z
2026-08-20T00:15:00Z,ruspino,0.25,0.031,21,ok,2026-10-05T12:53:52Z
2026-08-20T00:10:00Z,ruspino,0.10,0.005,21,ok,2026-10-05T12:53:52Z
2026-08-20T00:05:00Z,ruspino,0.10,0.005,21,ok,2026-10-05T12:53:52Z
2026-08-20T00:00:00Z,ruspino,0.00,0.000,21,ok,2026-10-05T12:53:52Z
2026-08-19T23:55:00Z,ruspino,0.00,0.000,21,ok,2026-10-05T12:53:52Z
2026-08-19T23:50:00Z,ruspino,0.00,0.000,21,ok,2026-10-05T12:53:52Z
2026-08-19T23:45:00Z,ruspino,0.00,0.000,21,ok,2026-10-05T12:53:52Z
2026-08-19T23:40:00Z,ruspino,0.00,0.000,21,ok,2026-10-05T12:53:52Z
2026-08-19T23:35:00Z,ruspino,0.00,0.000,21,ok,2026-10-05T12:53:52Z
2026-08-19T23:30:00Z,ruspino,0.00,0.000,21,ok,2026-10-05T12:53:52Z
2026-08-19T23:25:00Z,ruspino,0.00,0.000,21,ok,2026-10-05T12:53:52Z
2026-08-19T23:20:00Z,ruspino,0.00,0.000,21,ok,2026-10-05T12:53:52Z
2026-08-19T23:15:00Z,ruspino,0.00,0.000,21,ok,2026-10-05T12:53:52Z
2026-08-19T23:10:00Z,ruspino,0.00,0.000,21,ok,2026-10-05T12:53:52Z
2026-08-17T13:00:00Z,ruspino,0.00,0.000,21,ok,2026-10-05T12:53:52Z
2026-08-17T12:55:00Z,ruspino,0.00,0.000,21,ok,2026-10-05T12:53:52Z
2026-08-17T12:50:00Z,ruspino,0.00,0.000,21,ok,2026-10-05T12:53:52Z
2026-08-17T12:45:00Z,ruspino,0.00,0.000,21,ok,2026-10-05T12:53:52Z
2026-08-17T12:40:00Z,ruspino,0.00,0.000,21,ok,2026-10-05T12:53:52Z
2026-08-17T12:35:00Z,ruspino,0.00,0.000,21,ok,2026-10-05T12:53:52Z
2026-08-17T12:30:00Z,ruspino,0.00,0.000,21,ok,2026-10-05T12:53:52Z
2026-08-17T12:25:00Z,ruspino,0.00,0.000,21,ok,2026-10-05T12:53:52Z
2026-08-17T12:20:00Z,ruspino,0.00,0.000,21,ok,2026-10-05T12:53:52Z
2026-08-17T12:15:00Z,ruspino,0.07,0.018,21,ok,2026-10-05T12:53:52Z
2026-08-17T12:10:00Z,ruspino,0.00,0.000,21,ok,2026-10-05T12:53:52Z
2026-08-17T12:05:00Z,ruspino,0.00,0.000,21,ok,2026-10-05T12:53:52Z
2026-08-17T12:00:00Z,ruspino,0.00,0.000,21,ok,2026-10-05T12:53:52Z
2026-08-17T11:55:00Z,ruspino,0.00,0.000,21,ok,2026-10-05T12:53:52Z
2026-08-17T11:50:00Z,ruspino,0.00,0.000,21,ok,2026-10-05T12:53:52Z
2026-08-17T11:45:00Z,ruspino,0.00,0.000,21,ok,2026-10-05T12:53:52Z
2026-08-17T11:40:00Z,ruspino,0.00,0.000,21,ok,2026-10-05T12:53:52Z
2026-08-17T11:35:00Z,ruspino,0.00,0.000,21,ok,2026-10-05T12:53:52Z
2026-08-17T11:30:00Z,ruspino,0.00,0.000,21,ok,2026-10-05T12:53:52Z
2026-08-17T11:25:00Z,ruspino,0.00,0.000,21,ok,2026-10-05T12:53:52Z
2026-08-17T11:20:00Z,ruspino,0.00,0.000,21,ok,2026-10-05T12:53:52Z
2026-08-17T11:15:00Z,ruspino,0.00,0.000,21,ok,2026-10-05T12:53:52Z
2026-08-17T11:10:00Z,ruspino,0.00,0.000,21,ok,2026-10-05T12:53:52Z
2026-08-17T11:05:00Z,ruspino,0.00,0.000,21,ok,2026-10-05T12:53:52Z
2026-08-17T11:00:00Z,ruspino,0.00,0.000,21,ok,2026-10-05T12:53:52Z
2026-08-17T10:55:00Z,ruspino,0.00,0.000,21,ok,2026-10-05T12:53:52Z
2026-08-17T10:50:00Z,ruspino,0.00,0.000,21,ok,2026-10-05T12:53:52Z
2026-08-17T10:45:00Z,ruspino,0.00,0.000,21,ok,2026-10-05T12:53:52Z
2026-08-17T10:40:00Z,ruspino,0.00,0.000,21,ok,2026-10-05T12:53:52Z
2026-08-17T10:35:00Z,ruspino,0.00,0.000,21,ok,2026-10-05T12:53:52Z
2026-08-17T10:30:00Z,ruspino,0.00,0.000,21,ok,2026-10-05T12:53:52Z
2026-08-17T10:25:00Z,ruspino,0.00,0.000,21,ok,2026-10-05T12:53:52Z
2026-08-17T10:20:00Z,ruspino,0.00,0.000,21,ok,2026-10-05T12:53:52Z
2026-08-17T10:15:00Z,ruspino,0.00,0.000,21,ok,2026-10-05T12:53:52Z
2026-08-17T10:10:00Z,ruspino,0.00,0.000,21,ok,2026-10-05T12:53:52Z
2026-08-17T10:05:00Z,ruspino,0.00,0.000,21,ok,2026-10-05T12:53:52Z
2026-08-17T10:00:00Z,ruspino,0.00,0.000,21,ok,2026-10-05T12:53:52Z
2026-08-17T09:55:00Z,ruspino,0.00,0.000,21,ok,2026-10-05T12:53:52Z
2026-08-17T09:50:00Z,ruspino,0.00,0.000,21,ok,2026-10-05T12:53:52Z
2026-08-17T09:45:00Z,ruspino,0.00,0.000,21,ok,2026-10-05T12:53:52Z
2026-08-17T09:40:00Z,ruspino,0.00,0.000,21,ok,2026-10-05T12:53:52Z
2026-08-17T09:35:00Z,ruspino,0.00,0.000,21,ok,2026-10-05T12:53:52Z
2026-08-17T09:30:00Z,ruspino,0.00,0.000,21,ok,2026-10-05T12:53:52Z
2026-08-17T09:25:00Z,ruspino,0.00,0.000,21,ok,2026-10-05T12:53:52Z
2026-08-17T09:20:00Z,ruspino,0.00,0.000,21,ok,2026-10-05T12:53:52Z
2026-08-17T09:15:00Z,ruspino,0.00,0.000,21,ok,2026-10-05T12:53:52Z
