timestamp_utc,area_name,ring_km,max_mmh,mean_mmh,wet5_pct,max_dist_km,max_bearing_deg,pixel_count,status,fetched_at_utc
2026-10-05T15:20:00Z,scarperia,10,0.49,0.009,0.0,10.6,121,508,ok,2026-10-05T15:36:09Z
2026-10-05T15:25:00Z,scarperia,10,0.48,0.007,0.0,10.5,198,508,ok,2026-10-05T15:36:09Z
2026-10-05T15:30:00Z,scarperia,10,0.51,0.019,0.0,8.7,179,508,ok,2026-10-05T15:46:11Z
2026-10-05T15:35:00Z,scarperia,10,0.38,0.014,0.0,8.8,152,508,ok,2026-10-05T15:46:11Z
2026-10-05T15:40:00Z,scarperia,10,0.54,0.005,0.0,10.6,121,508,ok,2026-10-05T15:56:10Z
2026-10-05T15:45:00Z,scarperia,10,0.00,0.000,0.0,,,508,ok,2026-10-05T15:56:10Z
2026-10-05T15:50:00Z,scarperia,10,0.00,0.000,0.0,,,508,ok,2026-10-05T16:06:09Z
2026-10-05T15:55:00Z,scarperia,10,0.00,0.000,0.0,,,508,ok,2026-10-05T16:06:09Z
2026-10-05T16:00:00Z,scarperia,10,0.00,0.000,0.0,,,508,ok,2026-10-05T16:16:04Z
2026-10-05T16:05:00Z,scarperia,10,0.00,0.000,0.0,,,508,ok,2026-10-05T16:16:04Z
2026-10-05T16:10:00Z,scarperia,10,0.00,0.000,0.0,,,508,ok,2026-10-05T16:26:03Z
2026-10-05T16:15:00Z,scarperia,10,0.00,0.000,0.0,,,508,ok,2026-10-05T16:26:03Z
2026-10-05T16:20:00Z,scarperia,10,0.00,0.000,0.0,,,508,ok,2026-10-05T16:36:12Z
2026-10-05T16:25:00Z,scarperia,10,0.00,0.000,0.0,,,508,ok,2026-10-05T16:36:12Z
2026-10-05T16:30:00Z,scarperia,10,0.00,0.000,0.0,,,508,ok,2026-10-05T16:46:12Z
2026-10-05T16:35:00Z,scarperia,10,0.00,0.000,0.0,,,508,ok,2026-10-05T16:46:12Z
2026-10-05T16:40:00Z,scarperia,10,0.00,0.000,0.0,,,508,ok,2026-10-05T16:56:02Z
2026-10-05T16:45:00Z,scarperia,10,0.00,0.000,0.0,,,508,ok,2026-10-05T16:56:02Z
2026-10-05T16:50:00Z,scarperia,10,0.00,0.000,0.0,,,508,ok,2026-10-05T17:06:01Z
2026-10-05T16:55:00Z,scarperia,10,0.00,0.000,0.0,,,508,ok,2026-10-05T17:06:01Z
2026-10-05T17:00:00Z,scarperia,10,0.00,0.000,0.0,,,508,ok,2026-10-05T17:16:01Z
2026-10-05T17:05:00Z,scarperia,10,0.00,0.000,0.0,,,508,ok,2026-10-05T17:16:01Z
2026-10-05T17:10:00Z,scarperia,10,0.00,0.000,0.0,,,508,ok,2026-10-05T17:26:12Z
2026-10-05T17:15:00Z,scarperia,10,0.00,0.000,0.0,,,508,ok,2026-10-05T17:26:12Z
2026-10-05T17:20:00Z,scarperia,10,0.00,0.000,0.0,,,508,ok,2026-10-05T17:36:14Z
2026-10-05T17:25:00Z,scarperia,10,0.00,0.000,0.0,,,508,ok,2026-10-05T17:36:14Z
2026-10-05T17:30:00Z,scarperia,10,0.00,0.000,0.0,,,508,ok,2026-10-05T17:46:13Z
2026-10-05T17:35:00Z,scarperia,10,0.00,0.000,0.0,,,508,ok,2026-10-05T17:46:13Z
2026-10-05T17:40:00Z,scarperia,10,0.00,0.000,0.0,,,508,ok,2026-10-05T17:56:08Z
2026-10-05T17:45:00Z,scarperia,10,0.00,0.000,0.0,,,508,ok,2026-10-05T17:56:08Z
2026-10-05T17:50:00Z,scarperia,10,0.00,0.000,0.0,,,508,ok,2026-10-05T18:06:10Z
2026-10-05T17:55:00Z,scarperia,10,0.00,0.000,0.0,,,508,ok,2026-10-05T18:06:10Z
2026-10-05T18:00:00Z,scarperia,10,0.00,0.000,0.0,,,508,ok,2026-10-05T18:16:07Z
2026-10-05T18:05:00Z,scarperia,10,0.00,0.000,0.0,,,508,ok,2026-10-05T18:16:07Z
2026-10-05T18:10:00Z,scarperia,10,0.00,0.000,0.0,,,508,ok,2026-10-05T18:25:57Z
2026-10-05T18:15:00Z,scarperia,10,0.00,0.000,0.0,,,508,ok,2026-10-05T18:25:57Z
2026-10-05T18:20:00Z,scarperia,10,0.00,0.000,0.0,,,508,ok,2026-10-05T18:36:04Z
2026-10-05T18:25:00Z,scarperia,10,0.00,0.000,0.0,,,508,ok,2026-10-05T18:36:04Z
2026-10-05T18:30:00Z,scarperia,10,0.00,0.000,0.0,,,508,ok,2026-10-05T18:46:06Z
2026-10-05T18:35:00Z,scarperia,10,0.00,0.000,0.0,,,508,ok,2026-10-05T18:46:06Z
2026-10-05T18:40:00Z,scarperia,10,0.00,0.000,0.0,,,508,ok,2026-10-05T18:50:46Z
2026-10-05T18:45:00Z,scarperia,10,0.00,0.000,0.0,,,508,ok,2026-10-05T19:04:56Z
2026-10-05T18:50:00Z,scarperia,10,0.00,0.000,0.0,,,508,ok,2026-10-05T19:04:56Z
2026-10-05T18:55:00Z,scarperia,10,0.00,0.000,0.0,,,508,ok,2026-10-05T19:04:56Z
2026-10-05T19:00:00Z,scarperia,10,0.00,0.000,0.0,,,508,ok,2026-10-05T19:11:24Z
2026-10-05T19:05:00Z,scarperia,10,0.00,0.000,0.0,,,508,ok,2026-10-05T19:21:06Z
2026-10-05T19:10:00Z,scarperia,10,0.00,0.000,0.0,,,508,ok,2026-10-05T19:21:06Z
2026-10-05T19:15:00Z,scarperia,10,0.00,0.000,0.0,,,508,ok,2026-10-05T19:31:37Z
2026-10-05T19:20:00Z,scarperia,10,0.00,0.000,0.0,,,508,ok,2026-10-05T19:31:37Z
2026-10-05T19:25:00Z,scarperia,10,0.00,0.000,0.0,,,508,ok,2026-10-05T20:21:43Z
2026-10-05T19:30:00Z,scarperia,10,0.00,0.000,0.0,,,508,ok,2026-10-05T20:21:43Z
2026-10-05T19:35:00Z,scarperia,10,0.00,0.000,0.0,,,508,ok,2026-10-05T20:21:43Z
2026-10-05T19:40:00Z,scarperia,10,0.00,0.000,0.0,,,508,ok,2026-10-05T20:21:43Z
2026-10-05T19:45:00Z,scarperia,10,0.00,0.000,0.0,,,508,ok,2026-10-05T20:21:43Z
2026-10-05T19:50:00Z,scarperia,10,0.00,0.000,0.0,,,508,ok,2026-10-05T20:21:43Z
2026-10-05T19:55:00Z,scarperia,10,0.00,0.000,0.0,,,508,ok,2026-10-05T20:21:43Z
2026-10-05T20:00:00Z,scarperia,10,0.00,0.000,0.0,,,508,ok,2026-10-05T20:21:43Z
2026-10-05T20:05:00Z,scarperia,10,0.00,0.000,0.0,,,508,ok,2026-10-05T20:21:43Z
2026-10-05T20:10:00Z,scarperia,10,0.00,0.000,0.0,,,508,ok,2026-10-05T20:21:43Z
2026-10-05T20:15:00Z,scarperia,10,0.00,0.000,0.0,,,508,ok,2026-10-05T20:56:22Z
2026-10-05T20:20:00Z,scarperia,10,0.00,0.000,0.0,,,508,ok,2026-10-05T20:56:22Z
2026-10-05T20:25:00Z,scarperia,10,0.00,0.000,0.0,,,508,ok,2026-10-05T20:56:22Z
2026-10-05T20:30:00Z,scarperia,10,0.00,0.000,0.0,,,508,ok,2026-10-05T20:56:22Z
2026-10-05T20:35:00Z,scarperia,10,0.00,0.000,0.0,,,508,ok,2026-10-05T20:56:22Z
2026-10-05T20:40:00Z,scarperia,10,0.00,0.000,0.0,,,508,ok,2026-10-05T20:56:22Z
2026-10-05T20:45:00Z,scarperia,10,0.00,0.000,0.0,,,508,ok,2026-10-05T20:56:22Z
2026-10-05T20:50:00Z,scarperia,10,0.00,0.000,0.0,,,508,ok,2026-10-05T21:13:44Z
2026-10-05T20:55:00Z,scarperia,10,0.00,0.000,0.0,,,508,ok,2026-10-05T21:13:44Z
2026-10-05T21:00:00Z,scarperia,10,0.00,0.000,0.0,,,508,ok,2026-10-05T21:13:44Z
2026-10-05T21:05:00Z,scarperia,10,0.00,0.000,0.0,,,508,ok,2026-10-05T21:13:44Z
2026-10-05T21:10:00Z,scarperia,10,0.00,0.000,0.0,,,508,ok,2026-10-05T21:21:31Z
2026-10-05T21:15:00Z,scarperia,10,0.00,0.000,0.0,,,508,ok,2026-10-05T21:31:12Z
2026-10-05T21:20:00Z,scarperia,10,0.00,0.000,0.0,,,508,ok,2026-10-05T21:31:12Z
2026-10-05T21:25:00Z,scarperia,10,0.00,0.000,0.0,,,508,ok,2026-10-05T21:41:15Z
2026-10-05T21:30:00Z,scarperia,10,0.00,0.000,0.0,,,508,ok,2026-10-05T21:41:15Z
2026-10-05T21:35:00Z,scarperia,10,0.00,0.000,0.0,,,508,ok,2026-10-05T21:51:03Z
2026-10-05T21:40:00Z,scarperia,10,0.00,0.000,0.0,,,508,ok,2026-10-05T21:51:03Z
2026-10-05T21:45:00Z,scarperia,10,0.00,0.000,0.0,,,508,ok,2026-10-05T22:00:55Z
2026-10-05T21:50:00Z,scarperia,10,0.00,0.000,0.0,,,508,ok,2026-10-05T22:00:55Z
2026-10-05T21:55:00Z,scarperia,10,0.00,0.000,0.0,,,508,ok,2026-10-05T22:11:03Z
2026-10-05T22:00:00Z,scarperia,10,0.00,0.000,0.0,,,508,ok,2026-10-05T22:11:03Z
2026-10-05T22:05:00Z,scarperia,10,0.00,0.000,0.0,,,508,ok,2026-10-05T22:21:02Z
2026-10-05T22:10:00Z,scarperia,10,0.00,0.000,0.0,,,508,ok,2026-10-05T22:21:02Z
2026-10-05T22:15:00Z,scarperia,10,0.00,0.000,0.0,,,508,ok,2026-10-05T22:30:56Z
2026-10-05T22:20:00Z,scarperia,10,0.00,0.000,0.0,,,508,ok,2026-10-05T22:30:56Z
2026-10-05T22:25:00Z,scarperia,10,0.00,0.000,0.0,,,508,ok,2026-10-05T22:41:05Z
2026-10-05T22:30:00Z,scarperia,10,0.00,0.000,0.0,,,508,ok,2026-10-05T22:41:05Z
2026-10-05T22:35:00Z,scarperia,10,0.00,0.000,0.0,,,508,ok,2026-10-05T22:51:06Z
2026-10-05T22:40:00Z,scarperia,10,0.00,0.000,0.0,,,508,ok,2026-10-05T22:51:06Z
2026-10-05T22:45:00Z,scarperia,10,0.00,0.000,0.0,,,508,ok,2026-10-05T23:01:08Z
2026-10-05T22:50:00Z,scarperia,10,0.00,0.000,0.0,,,508,ok,2026-10-05T23:01:08Z
2026-10-05T22:55:00Z,scarperia,10,0.00,0.000,0.0,,,508,ok,2026-10-05T23:11:07Z
2026-10-05T23:00:00Z,scarperia,10,0.00,0.000,0.0,,,508,ok,2026-10-05T23:11:07Z
2026-10-05T23:05:00Z,scarperia,10,0.00,0.000,0.0,,,508,ok,2026-10-05T23:21:13Z
2026-10-05T23:10:00Z,scarperia,10,0.00,0.000,0.0,,,508,ok,2026-10-05T23:21:13Z
2026-10-05T23:15:00Z,scarperia,10,0.00,0.000,0.0,,,508,ok,2026-10-05T23:30:55Z
2026-10-05T23:20:00Z,scarperia,10,0.00,0.000,0.0,,,508,ok,2026-10-05T23:30:55Z
2026-10-05T23:25:00Z,scarperia,10,0.00,0.000,0.0,,,508,ok,2026-10-05T23:40:58Z
2026-10-05T23:30:00Z,scarperia,10,0.00,0.000,0.0,,,508,ok,2026-10-05T23:40:58Z
2026-10-05T23:35:00Z,scarperia,10,0.00,0.000,0.0,,,508,ok,2026-10-05T23:50:59Z
2026-10-05T23:40:00Z,scarperia,10,0.00,0.000,0.0,,,508,ok,2026-10-05T23:50:59Z
2026-10-05T23:45:00Z,scarperia,10,0.00,0.000,0.0,,,508,ok,2026-10-06T00:01:05Z
2026-10-05T23:50:00Z,scarperia,10,0.00,0.000,0.0,,,508,ok,2026-10-06T00:01:05Z
2026-10-05T23:55:00Z,scarperia,10,0.00,0.000,0.0,,,508,ok,2026-10-06T00:11:00Z
2026-10-06T00:00:00Z,scarperia,10,0.00,0.000,0.0,,,508,ok,2026-10-06T00:11:00Z
2026-10-06T00:05:00Z,scarperia,10,0.00,0.000,0.0,,,508,ok,2026-10-06T00:21:08Z
2026-10-06T00:10:00Z,scarperia,10,0.00,0.000,0.0,,,508,ok,2026-10-06T00:21:08Z
2026-10-06T00:15:00Z,scarperia,10,0.00,0.000,0.0,,,508,ok,2026-10-06T00:29:29Z
2026-10-06T00:20:00Z,scarperia,10,0.00,0.000,0.0,,,508,ok,2026-10-06T00:29:29Z
2026-10-06T00:25:00Z,scarperia,10,0.00,0.000,0.0,,,508,ok,2026-10-06T00:41:08Z
2026-10-06T00:30:00Z,scarperia,10,0.00,0.000,0.0,,,508,ok,2026-10-06T00:41:08Z
2026-10-06T00:35:00Z,scarperia,10,0.00,0.000,0.0,,,508,ok,2026-10-06T00:51:01Z
2026-10-06T00:40:00Z,scarperia,10,0.00,0.000,0.0,,,508,ok,2026-10-06T00:51:01Z
2026-10-06T00:45:00Z,scarperia,10,0.00,0.000,0.0,,,508,ok,2026-10-06T01:01:02Z
2026-10-06T00:50:00Z,scarperia,10,0.00,0.000,0.0,,,508,ok,2026-10-06T01:01:02Z
2026-10-06T00:55:00Z,scarperia,10,0.00,0.000,0.0,,,508,ok,2026-10-06T01:11:03Z
2026-10-06T01:00:00Z,scarperia,10,0.00,0.000,0.0,,,508,ok,2026-10-06T01:11:03Z
2026-10-06T01:05:00Z,scarperia,10,0.00,0.000,0.0,,,508,ok,2026-10-06T01:20:59Z
2026-10-06T01:10:00Z,scarperia,10,0.00,0.000,0.0,,,508,ok,2026-10-06T01:20:59Z
2026-10-06T01:15:00Z,scarperia,10,0.00,0.000,0.0,,,508,ok,2026-10-06T01:31:09Z
2026-10-06T01:20:00Z,scarperia,10,0.00,0.000,0.0,,,508,ok,2026-10-06T01:31:09Z
2026-10-06T01:25:00Z,scarperia,10,0.00,0.000,0.0,,,508,ok,2026-10-06T01:40:58Z
2026-10-06T01:30:00Z,scarperia,10,0.00,0.000,0.0,,,508,ok,2026-10-06T01:40:58Z
2026-10-06T01:35:00Z,scarperia,10,0.00,0.000,0.0,,,508,ok,2026-10-06T01:51:00Z
2026-10-06T01:40:00Z,scarperia,10,0.00,0.000,0.0,,,508,ok,2026-10-06T01:51:00Z
2026-10-06T01:45:00Z,scarperia,10,0.00,0.000,0.0,,,508,ok,2026-10-06T02:00:58Z
2026-10-06T01:50:00Z,scarperia,10,0.00,0.000,0.0,,,508,ok,2026-10-06T02:00:58Z
2026-10-06T01:55:00Z,scarperia,10,0.00,0.000,0.0,,,508,ok,2026-10-06T02:10:56Z
2026-10-06T02:00:00Z,scarperia,10,0.00,0.000,0.0,,,508,ok,2026-10-06T02:10:56Z
2026-10-06T02:05:00Z,scarperia,10,0.00,0.000,0.0,,,508,ok,2026-10-06T02:21:07Z
2026-10-06T02:10:00Z,scarperia,10,0.00,0.000,0.0,,,508,ok,2026-10-06T02:21:07Z
2026-10-06T02:15:00Z,scarperia,10,0.00,0.000,0.0,,,508,ok,2026-10-06T02:31:04Z
2026-10-06T02:20:00Z,scarperia,10,0.00,0.000,0.0,,,508,ok,2026-10-06T02:31:04Z
2026-10-06T02:25:00Z,scarperia,10,0.00,0.000,0.0,,,508,ok,2026-10-06T02:41:01Z
2026-10-06T02:30:00Z,scarperia,10,0.00,0.000,0.0,,,508,ok,2026-10-06T02:41:01Z
2026-10-06T02:35:00Z,scarperia,10,0.00,0.000,0.0,,,508,ok,2026-10-06T02:50:56Z
2026-10-06T02:40:00Z,scarperia,10,0.00,0.000,0.0,,,508,ok,2026-10-06T02:50:56Z
2026-10-06T02:45:00Z,scarperia,10,0.00,0.000,0.0,,,508,ok,2026-10-06T03:01:22Z
2026-10-06T02:50:00Z,scarperia,10,0.00,0.000,0.0,,,508,ok,2026-10-06T03:01:22Z
2026-10-06T02:55:00Z,scarperia,10,0.00,0.000,0.0,,,508,ok,2026-10-06T03:10:57Z
2026-10-06T03:00:00Z,scarperia,10,0.00,0.000,0.0,,,508,ok,2026-10-06T03:10:57Z
2026-10-06T03:05:00Z,scarperia,10,0.00,0.000,0.0,,,508,ok,2026-10-06T03:21:07Z
2026-10-06T03:10:00Z,scarperia,10,0.00,0.000,0.0,,,508,ok,2026-10-06T03:21:07Z
2026-10-06T03:15:00Z,scarperia,10,0.00,0.000,0.0,,,508,ok,2026-10-06T03:31:01Z
2026-10-06T03:20:00Z,scarperia,10,0.00,0.000,0.0,,,508,ok,2026-10-06T03:31:01Z
2026-10-06T03:25:00Z,scarperia,10,0.00,0.000,0.0,,,508,ok,2026-10-06T03:41:08Z
2026-10-06T03:30:00Z,scarperia,10,0.00,0.000,0.0,,,508,ok,2026-10-06T03:41:08Z
2026-10-06T03:35:00Z,scarperia,10,0.00,0.000,0.0,,,508,ok,2026-10-06T03:51:06Z
2026-10-06T03:40:00Z,scarperia,10,0.00,0.000,0.0,,,508,ok,2026-10-06T03:51:06Z
2026-10-06T03:45:00Z,scarperia,10,0.00,0.000,0.0,,,508,ok,2026-10-06T04:00:58Z
2026-10-06T03:50:00Z,scarperia,10,0.00,0.000,0.0,,,508,ok,2026-10-06T04:00:58Z
2026-10-06T03:55:00Z,scarperia,10,0.00,0.000,0.0,,,508,ok,2026-10-06T04:11:16Z
2026-10-06T04:00:00Z,scarperia,10,0.00,0.000,0.0,,,508,ok,2026-10-06T04:11:16Z
2026-10-06T04:05:00Z,scarperia,10,0.00,0.000,0.0,,,508,ok,2026-10-06T04:20:59Z
2026-10-06T04:10:00Z,scarperia,10,0.00,0.000,0.0,,,508,ok,2026-10-06T04:20:59Z
2026-10-06T04:15:00Z,scarperia,10,0.00,0.000,0.0,,,508,ok,2026-10-06T04:31:02Z
2026-10-06T04:20:00Z,scarperia,10,0.00,0.000,0.0,,,508,ok,2026-10-06T04:31:02Z
2026-10-06T04:25:00Z,scarperia,10,0.00,0.000,0.0,,,508,ok,2026-10-06T04:41:07Z
2026-10-06T04:30:00Z,scarperia,10,0.00,0.000,0.0,,,508,ok,2026-10-06T04:41:07Z
2026-10-06T04:35:00Z,scarperia,10,0.00,0.000,0.0,,,508,ok,2026-10-06T04:51:10Z
2026-10-06T04:40:00Z,scarperia,10,0.00,0.000,0.0,,,508,ok,2026-10-06T04:51:10Z
2026-10-06T04:45:00Z,scarperia,10,0.00,0.000,0.0,,,508,ok,2026-10-06T05:01:08Z
2026-10-06T04:50:00Z,scarperia,10,0.00,0.000,0.0,,,508,ok,2026-10-06T05:01:08Z
2026-10-06T04:55:00Z,scarperia,10,0.00,0.000,0.0,,,508,ok,2026-10-06T05:11:05Z
2026-10-06T05:00:00Z,scarperia,10,0.00,0.000,0.0,,,508,ok,2026-10-06T05:11:05Z
2026-10-06T05:05:00Z,scarperia,10,0.00,0.000,0.0,,,508,ok,2026-10-06T05:21:01Z
2026-10-06T05:10:00Z,scarperia,10,0.00,0.000,0.0,,,508,ok,2026-10-06T05:21:01Z
2026-10-06T05:15:00Z,scarperia,10,0.00,0.000,0.0,,,508,ok,2026-10-06T05:31:05Z
2026-10-06T05:20:00Z,scarperia,10,0.00,0.000,0.0,,,508,ok,2026-10-06T05:31:05Z
2026-10-06T05:25:00Z,scarperia,10,0.00,0.000,0.0,,,508,ok,2026-10-06T05:41:01Z
2026-10-06T05:30:00Z,scarperia,10,0.00,0.000,0.0,,,508,ok,2026-10-06T05:41:01Z
2026-10-06T05:35:00Z,scarperia,10,0.00,0.000,0.0,,,508,ok,2026-10-06T05:51:02Z
2026-10-06T05:40:00Z,scarperia,10,0.00,0.000,0.0,,,508,ok,2026-10-06T05:51:02Z
2026-10-06T05:45:00Z,scarperia,10,0.00,0.000,0.0,,,508,ok,2026-10-06T06:01:06Z
2026-10-06T05:50:00Z,scarperia,10,0.00,0.000,0.0,,,508,ok,2026-10-06T06:01:06Z
2026-10-06T05:55:00Z,scarperia,10,0.00,0.000,0.0,,,508,ok,2026-10-06T06:10:54Z
2026-10-06T06:00:00Z,scarperia,10,0.00,0.000,0.0,,,508,ok,2026-10-06T06:10:54Z
2026-10-06T06:05:00Z,scarperia,10,0.00,0.000,0.0,,,508,ok,2026-10-06T06:21:02Z
2026-10-06T06:10:00Z,scarperia,10,0.00,0.000,0.0,,,508,ok,2026-10-06T06:21:02Z
2026-10-06T06:15:00Z,scarperia,10,0.00,0.000,0.0,,,508,ok,2026-10-06T06:31:12Z
2026-10-06T06:20:00Z,scarperia,10,0.00,0.000,0.0,,,508,ok,2026-10-06T06:31:12Z
2026-10-06T06:25:00Z,scarperia,10,0.00,0.000,0.0,,,508,ok,2026-10-06T06:40:58Z
2026-10-06T06:30:00Z,scarperia,10,0.00,0.000,0.0,,,508,ok,2026-10-06T06:40:58Z
2026-10-06T06:35:00Z,scarperia,10,0.00,0.000,0.0,,,508,ok,2026-10-06T06:48:10Z
2026-10-06T06:40:00Z,scarperia,10,0.00,0.000,0.0,,,508,ok,2026-10-06T06:48:10Z
2026-10-06T06:45:00Z,scarperia,10,0.00,0.000,0.0,,,508,ok,2026-10-06T07:01:31Z
2026-10-06T06:50:00Z,scarperia,10,0.00,0.000,0.0,,,508,ok,2026-10-06T07:01:31Z
2026-10-06T06:55:00Z,scarperia,10,0.00,0.000,0.0,,,508,ok,2026-10-06T07:11:09Z
2026-10-06T07:00:00Z,scarperia,10,0.00,0.000,0.0,,,508,ok,2026-10-06T07:11:09Z
2026-10-06T07:05:00Z,scarperia,10,0.00,0.000,0.0,,,508,ok,2026-10-06T07:21:00Z
2026-10-06T07:10:00Z,scarperia,10,0.00,0.000,0.0,,,508,ok,2026-10-06T07:21:00Z
2026-10-06T07:15:00Z,scarperia,10,0.00,0.000,0.0,,,508,ok,2026-10-06T07:31:05Z
2026-10-06T07:20:00Z,scarperia,10,0.00,0.000,0.0,,,508,ok,2026-10-06T07:31:05Z
2026-10-06T07:25:00Z,scarperia,10,0.00,0.000,0.0,,,508,ok,2026-10-06T07:41:06Z
2026-10-06T07:30:00Z,scarperia,10,0.00,0.000,0.0,,,508,ok,2026-10-06T07:41:06Z
2026-10-06T07:35:00Z,scarperia,10,0.00,0.000,0.0,,,508,ok,2026-10-06T07:51:04Z
2026-10-06T07:40:00Z,scarperia,10,0.00,0.000,0.0,,,508,ok,2026-10-06T07:51:04Z
2026-10-06T07:45:00Z,scarperia,10,0.00,0.000,0.0,,,508,ok,2026-10-06T08:00:59Z
2026-10-06T07:50:00Z,scarperia,10,0.00,0.000,0.0,,,508,ok,2026-10-06T08:00:59Z
2026-10-06T07:55:00Z,scarperia,10,0.00,0.000,0.0,,,508,ok,2026-10-06T08:11:04Z
2026-10-06T08:00:00Z,scarperia,10,0.00,0.000,0.0,,,508,ok,2026-10-06T08:11:04Z
2026-10-06T08:05:00Z,scarperia,10,0.00,0.000,0.0,,,508,ok,2026-10-06T08:21:02Z
2026-10-06T08:10:00Z,scarperia,10,0.00,0.000,0.0,,,508,ok,2026-10-06T08:21:02Z
2026-10-06T08:15:00Z,scarperia,10,0.00,0.000,0.0,,,508,ok,2026-10-06T08:31:01Z
2026-10-06T08:20:00Z,scarperia,10,0.00,0.000,0.0,,,508,ok,2026-10-06T08:31:01Z
2026-10-06T08:25:00Z,scarperia,10,0.00,0.000,0.0,,,508,ok,2026-10-06T08:41:05Z
2026-10-06T08:30:00Z,scarperia,10,0.00,0.000,0.0,,,508,ok,2026-10-06T08:41:05Z
2026-10-06T08:35:00Z,scarperia,10,0.00,0.000,0.0,,,508,ok,2026-10-06T08:51:01Z
2026-10-06T08:40:00Z,scarperia,10,0.00,0.000,0.0,,,508,ok,2026-10-06T08:51:01Z
2026-10-06T08:45:00Z,scarperia,10,0.00,0.000,0.0,,,508,ok,2026-10-06T09:01:09Z
2026-10-06T08:50:00Z,scarperia,10,0.00,0.000,0.0,,,508,ok,2026-10-06T09:01:09Z
2026-10-06T08:55:00Z,scarperia,10,0.00,0.000,0.0,,,508,ok,2026-10-06T09:11:09Z
2026-10-06T09:00:00Z,scarperia,10,0.00,0.000,0.0,,,508,ok,2026-10-06T09:11:09Z
2026-10-06T09:05:00Z,scarperia,10,0.00,0.000,0.0,,,508,ok,2026-10-06T09:21:13Z
2026-10-06T09:10:00Z,scarperia,10,0.00,0.000,0.0,,,508,ok,2026-10-06T09:21:13Z
2026-10-06T09:15:00Z,scarperia,10,0.00,0.000,0.0,,,508,ok,2026-10-06T09:31:44Z
2026-10-06T09:20:00Z,scarperia,10,0.00,0.000,0.0,,,508,ok,2026-10-06T09:31:44Z
2026-10-06T09:25:00Z,scarperia,10,0.00,0.000,0.0,,,508,ok,2026-10-06T09:41:08Z
2026-10-06T09:30:00Z,scarperia,10,0.00,0.000,0.0,,,508,ok,2026-10-06T09:41:08Z
2026-10-06T09:35:00Z,scarperia,10,0.00,0.000,0.0,,,508,ok,2026-10-06T09:51:13Z
2026-10-06T09:40:00Z,scarperia,10,0.00,0.000,0.0,,,508,ok,2026-10-06T09:51:13Z
2026-10-06T09:45:00Z,scarperia,10,0.00,0.000,0.0,,,508,ok,2026-10-06T10:01:04Z
2026-10-06T09:50:00Z,scarperia,10,0.00,0.000,0.0,,,508,ok,2026-10-06T10:01:04Z
2026-10-06T09:55:00Z,scarperia,10,0.00,0.000,0.0,,,508,ok,2026-10-06T10:11:04Z
2026-10-06T10:00:00Z,scarperia,10,0.00,0.000,0.0,,,508,ok,2026-10-06T10:11:04Z
2026-10-06T10:05:00Z,scarperia,10,0.00,0.000,0.0,,,508,ok,2026-10-06T10:21:07Z
2026-10-06T10:10:00Z,scarperia,10,0.00,0.000,0.0,,,508,ok,2026-10-06T10:21:07Z
2026-10-06T10:15:00Z,scarperia,10,0.00,0.000,0.0,,,508,ok,2026-10-06T10:31:09Z
2026-10-06T10:20:00Z,scarperia,10,0.00,0.000,0.0,,,508,ok,2026-10-06T10:31:09Z
2026-10-06T10:25:00Z,scarperia,10,0.00,0.000,0.0,,,508,ok,2026-10-06T10:41:12Z
2026-10-06T10:30:00Z,scarperia,10,0.00,0.000,0.0,,,508,ok,2026-10-06T10:41:12Z
2026-10-06T10:35:00Z,scarperia,10,0.00,0.000,0.0,,,508,ok,2026-10-06T10:51:03Z
2026-10-06T10:40:00Z,scarperia,10,0.00,0.000,0.0,,,508,ok,2026-10-06T10:51:03Z
2026-10-06T10:45:00Z,scarperia,10,0.00,0.000,0.0,,,508,ok,2026-10-06T11:01:01Z
2026-10-06T10:50:00Z,scarperia,10,0.00,0.000,0.0,,,508,ok,2026-10-06T11:01:01Z
2026-10-06T10:55:00Z,scarperia,10,0.00,0.000,0.0,,,508,ok,2026-10-06T11:11:06Z
2026-10-06T11:00:00Z,scarperia,10,0.00,0.000,0.0,,,508,ok,2026-10-06T11:11:06Z
2026-10-06T11:05:00Z,scarperia,10,0.00,0.000,0.0,,,508,ok,2026-10-06T11:21:08Z
2026-10-06T11:10:00Z,scarperia,10,0.00,0.000,0.0,,,508,ok,2026-10-06T11:21:08Z
2026-10-06T11:15:00Z,scarperia,10,0.00,0.000,0.0,,,508,ok,2026-10-06T11:31:04Z
2026-10-06T11:20:00Z,scarperia,10,0.00,0.000,0.0,,,508,ok,2026-10-06T11:31:04Z
2026-10-06T11:25:00Z,scarperia,10,0.16,0.003,0.0,9.8,266,508,ok,2026-10-06T11:40:58Z
2026-10-06T11:30:00Z,scarperia,10,0.64,0.035,0.0,7.0,107,508,ok,2026-10-06T11:40:58Z
2026-10-06T11:35:00Z,scarperia,10,1.03,0.070,0.0,9.8,271,508,ok,2026-10-06T11:51:01Z
2026-10-06T11:40:00Z,scarperia,10,2.03,0.131,0.0,10.1,285,508,ok,2026-10-06T11:51:01Z
2026-10-06T11:45:00Z,scarperia,10,2.25,0.134,0.0,9.9,276,508,ok,2026-10-06T12:01:18Z
2026-10-06T11:50:00Z,scarperia,10,3.15,0.156,0.0,9.9,276,508,ok,2026-10-06T12:01:18Z
2026-10-06T11:55:00Z,scarperia,10,3.38,0.199,0.0,9.8,271,508,ok,2026-10-06T12:11:09Z
2026-10-06T12:00:00Z,scarperia,10,3.24,0.315,0.0,9.8,266,508,ok,2026-10-06T12:11:09Z
2026-10-06T12:05:00Z,scarperia,10,4.61,0.494,0.0,9.0,302,508,ok,2026-10-06T12:21:11Z
2026-10-06T12:10:00Z,scarperia,10,3.15,0.508,0.0,0.8,176,508,ok,2026-10-06T12:21:11Z
2026-10-06T12:15:00Z,scarperia,10,6.88,0.575,0.6,0.8,176,508,ok,2026-10-06T12:31:13Z
2026-10-06T12:20:00Z,scarperia,10,5.14,0.591,0.4,0.8,176,508,ok,2026-10-06T12:31:13Z
2026-10-06T12:25:00Z,scarperia,10,5.41,0.710,1.8,1.5,237,508,ok,2026-10-06T12:41:06Z
2026-10-06T12:30:00Z,scarperia,10,3.95,0.642,0.0,8.5,12,508,ok,2026-10-06T12:41:06Z
2026-10-06T12:35:00Z,scarperia,10,8.74,0.757,1.6,8.3,7,508,ok,2026-10-06T12:51:10Z
2026-10-06T12:40:00Z,scarperia,10,11.28,0.928,3.7,8.5,12,508,ok,2026-10-06T12:51:10Z
2026-10-06T12:45:00Z,scarperia,10,11.45,1.007,3.9,8.5,12,508,ok,2026-10-06T13:01:10Z
2026-10-06T12:50:00Z,scarperia,10,6.62,0.846,1.8,9.7,16,508,ok,2026-10-06T13:01:10Z
2026-10-06T12:55:00Z,scarperia,10,7.59,0.858,2.0,3.4,118,508,ok,2026-10-06T13:11:04Z
2026-10-06T13:00:00Z,scarperia,10,14.30,0.788,2.4,2.7,99,508,ok,2026-10-06T13:11:04Z
2026-10-06T13:05:00Z,scarperia,10,2.96,0.400,0.0,0.8,157,508,ok,2026-10-06T13:21:13Z
2026-10-06T13:10:00Z,scarperia,10,2.97,0.302,0.0,1.7,162,508,ok,2026-10-06T13:21:13Z
2026-10-06T13:15:00Z,scarperia,10,2.25,0.195,0.0,1.3,142,508,ok,2026-10-06T13:31:10Z
2026-10-06T13:20:00Z,scarperia,10,1.71,0.162,0.0,2.1,150,508,ok,2026-10-06T13:31:10Z
2026-10-06T13:25:00Z,scarperia,10,1.37,0.105,0.0,2.1,150,508,ok,2026-10-06T13:41:06Z
2026-10-06T13:30:00Z,scarperia,10,1.14,0.071,0.0,10.5,111,508,ok,2026-10-06T13:41:06Z
2026-10-06T13:35:00Z,scarperia,10,0.75,0.033,0.0,10.5,111,508,ok,2026-10-06T13:51:39Z
2026-10-06T13:40:00Z,scarperia,10,0.24,0.011,0.0,10.2,107,508,ok,2026-10-06T13:51:39Z
2026-10-06T13:45:00Z,scarperia,10,0.30,0.006,0.0,9.2,68,508,ok,2026-10-06T14:01:16Z
2026-10-06T13:50:00Z,scarperia,10,0.14,0.002,0.0,10.3,59,508,ok,2026-10-06T14:01:16Z
2026-10-06T13:55:00Z,scarperia,10,0.00,0.000,0.0,,,508,ok,2026-10-06T14:11:09Z
2026-10-06T14:00:00Z,scarperia,10,0.28,0.001,0.0,10.5,339,508,ok,2026-10-06T14:11:09Z
2026-10-06T14:05:00Z,scarperia,10,1.04,0.015,0.0,10.5,294,508,ok,2026-10-06T14:21:01Z
2026-10-06T14:10:00Z,scarperia,10,2.25,0.045,0.0,10.5,294,508,ok,2026-10-06T14:21:01Z
2026-10-06T14:15:00Z,scarperia,10,1.61,0.067,0.0,10.5,294,508,ok,2026-10-06T14:31:06Z
2026-10-06T14:20:00Z,scarperia,10,31.64,0.419,1.2,10.0,281,508,ok,2026-10-06T14:31:06Z
2026-10-06T14:25:00Z,scarperia,10,1.26,0.116,0.0,10.5,294,508,ok,2026-10-06T14:41:14Z
2026-10-06T14:30:00Z,scarperia,10,1.36,0.163,0.0,10.5,294,508,ok,2026-10-06T14:41:14Z
2026-10-06T14:35:00Z,scarperia,10,1.38,0.195,0.0,10.5,294,508,ok,2026-10-06T14:51:04Z
2026-10-06T14:40:00Z,scarperia,10,1.54,0.247,0.0,4.2,336,508,ok,2026-10-06T14:51:04Z
2026-10-06T14:45:00Z,scarperia,10,2.06,0.345,0.0,10.5,294,508,ok,2026-10-06T15:01:17Z
2026-10-06T14:50:00Z,scarperia,10,2.09,0.374,0.0,7.3,308,508,ok,2026-10-06T15:01:17Z
2026-10-06T14:55:00Z,scarperia,10,1.88,0.373,0.0,5.7,317,508,ok,2026-10-06T15:11:15Z
2026-10-06T15:00:00Z,scarperia,10,1.87,0.362,0.0,5.9,326,508,ok,2026-10-06T15:11:15Z
2026-10-06T15:05:00Z,scarperia,10,2.27,0.396,0.0,5.9,326,508,ok,2026-10-06T15:21:41Z
2026-10-06T15:10:00Z,scarperia,10,3.66,0.446,0.0,10.5,10,508,ok,2026-10-06T15:21:41Z
2026-10-06T15:15:00Z,scarperia,10,2.58,0.406,0.0,10.1,347,508,ok,2026-10-06T15:31:03Z
2026-10-06T15:20:00Z,scarperia,10,2.45,0.308,0.0,10.1,323,508,ok,2026-10-06T15:31:03Z
2026-10-06T15:25:00Z,scarperia,10,2.27,0.268,0.0,10.1,323,508,ok,2026-10-06T15:41:08Z
2026-10-06T15:30:00Z,scarperia,10,1.80,0.209,0.0,10.4,329,508,ok,2026-10-06T15:41:08Z
2026-10-06T15:35:00Z,scarperia,10,1.58,0.155,0.0,10.1,1,508,ok,2026-10-06T15:51:21Z
2026-10-06T15:40:00Z,scarperia,10,1.46,0.108,0.0,10.4,329,508,ok,2026-10-06T15:51:21Z
2026-10-06T15:45:00Z,scarperia,10,1.50,0.066,0.0,10.5,339,508,ok,2026-10-06T16:01:24Z
2026-10-06T15:50:00Z,scarperia,10,1.80,0.057,0.0,10.3,343,508,ok,2026-10-06T16:01:24Z
2026-10-06T15:55:00Z,scarperia,10,1.44,0.044,0.0,10.3,343,508,ok,2026-10-06T16:11:01Z
2026-10-06T16:00:00Z,scarperia,10,1.18,0.031,0.0,10.1,1,508,ok,2026-10-06T16:11:01Z
2026-10-06T16:05:00Z,scarperia,10,0.67,0.012,0.0,10.1,1,508,ok,2026-10-06T16:29:13Z
2026-10-06T16:10:00Z,scarperia,10,0.49,0.003,0.0,10.2,6,508,ok,2026-10-06T16:29:13Z
2026-10-06T16:15:00Z,scarperia,10,0.35,0.001,0.0,10.5,10,508,ok,2026-10-06T16:29:13Z
2026-10-06T16:20:00Z,scarperia,10,0.00,0.000,0.0,,,508,ok,2026-10-06T16:29:13Z
2026-10-06T16:25:00Z,scarperia,10,0.00,0.000,0.0,,,508,ok,2026-10-06T16:41:05Z
2026-10-06T16:30:00Z,scarperia,10,0.00,0.000,0.0,,,508,ok,2026-10-06T16:41:05Z
2026-10-06T16:35:00Z,scarperia,10,0.00,0.000,0.0,,,508,ok,2026-10-06T16:51:17Z
2026-10-06T16:40:00Z,scarperia,10,0.00,0.000,0.0,,,508,ok,2026-10-06T16:51:17Z
2026-10-06T16:45:00Z,scarperia,10,0.00,0.000,0.0,,,508,ok,2026-10-06T17:01:41Z
2026-10-06T16:50:00Z,scarperia,10,0.00,0.000,0.0,,,508,ok,2026-10-06T17:01:41Z
2026-10-06T16:55:00Z,scarperia,10,0.00,0.000,0.0,,,508,ok,2026-10-06T17:11:09Z
2026-10-06T17:00:00Z,scarperia,10,0.00,0.000,0.0,,,508,ok,2026-10-06T17:11:09Z
2026-10-06T17:05:00Z,scarperia,10,0.00,0.000,0.0,,,508,ok,2026-10-06T17:21:06Z
2026-10-06T17:10:00Z,scarperia,10,0.00,0.000,0.0,,,508,ok,2026-10-06T17:21:06Z
2026-10-06T17:15:00Z,scarperia,10,0.00,0.000,0.0,,,508,ok,2026-10-06T17:30:59Z
2026-10-06T17:20:00Z,scarperia,10,0.00,0.000,0.0,,,508,ok,2026-10-06T17:30:59Z
2026-10-06T17:25:00Z,scarperia,10,0.00,0.000,0.0,,,508,ok,2026-10-06T17:41:15Z
2026-10-06T17:30:00Z,scarperia,10,0.00,0.000,0.0,,,508,ok,2026-10-06T17:41:15Z
2026-10-06T17:35:00Z,scarperia,10,0.00,0.000,0.0,,,508,ok,2026-10-06T17:50:58Z
2026-10-06T17:40:00Z,scarperia,10,0.00,0.000,0.0,,,508,ok,2026-10-06T17:50:58Z
2026-10-06T17:45:00Z,scarperia,10,0.00,0.000,0.0,,,508,ok,2026-10-06T18:01:11Z
2026-10-06T17:50:00Z,scarperia,10,0.00,0.000,0.0,,,508,ok,2026-10-06T18:01:11Z
2026-10-06T17:55:00Z,scarperia,10,0.00,0.000,0.0,,,508,ok,2026-10-06T18:11:22Z
2026-10-06T18:00:00Z,scarperia,10,0.00,0.000,0.0,,,508,ok,2026-10-06T18:11:22Z
2026-10-06T18:05:00Z,scarperia,10,0.00,0.000,0.0,,,508,ok,2026-10-06T18:21:09Z
2026-10-06T18:10:00Z,scarperia,10,0.00,0.000,0.0,,,508,ok,2026-10-06T18:21:09Z
2026-10-06T18:15:00Z,scarperia,10,0.00,0.000,0.0,,,508,ok,2026-10-06T18:31:09Z
2026-10-06T18:20:00Z,scarperia,10,0.00,0.000,0.0,,,508,ok,2026-10-06T18:31:09Z
2026-10-06T18:25:00Z,scarperia,10,0.00,0.000,0.0,,,508,ok,2026-10-06T18:41:04Z
2026-10-06T18:30:00Z,scarperia,10,0.00,0.000,0.0,,,508,ok,2026-10-06T18:41:04Z
2026-10-06T18:35:00Z,scarperia,10,0.00,0.000,0.0,,,508,ok,2026-10-06T18:51:17Z
2026-10-06T18:40:00Z,scarperia,10,0.00,0.000,0.0,,,508,ok,2026-10-06T18:51:17Z
2026-10-06T18:45:00Z,scarperia,10,0.00,0.000,0.0,,,508,ok,2026-10-06T19:01:13Z
2026-10-06T18:50:00Z,scarperia,10,0.00,0.000,0.0,,,508,ok,2026-10-06T19:01:13Z
2026-10-06T18:55:00Z,scarperia,10,0.00,0.000,0.0,,,508,ok,2026-10-06T19:06:55Z
2026-10-06T19:00:00Z,scarperia,10,0.00,0.000,0.0,,,508,ok,2026-10-06T19:16:02Z
2026-10-06T19:05:00Z,scarperia,10,0.00,0.000,0.0,,,508,ok,2026-10-06T19:16:02Z
2026-10-06T19:10:00Z,scarperia,10,0.00,0.000,0.0,,,508,ok,2026-10-06T19:26:16Z
2026-10-06T19:15:00Z,scarperia,10,0.00,0.000,0.0,,,508,ok,2026-10-06T19:26:16Z
2026-10-06T19:20:00Z,scarperia,10,0.00,0.000,0.0,,,508,ok,2026-10-06T19:36:07Z
2026-10-06T19:25:00Z,scarperia,10,0.00,0.000,0.0,,,508,ok,2026-10-06T19:36:07Z
2026-10-06T19:30:00Z,scarperia,10,0.00,0.000,0.0,,,508,ok,2026-10-06T19:51:04Z
2026-10-06T19:35:00Z,scarperia,10,0.00,0.000,0.0,,,508,ok,2026-10-06T19:51:04Z
2026-10-06T19:40:00Z,scarperia,10,0.00,0.000,0.0,,,508,ok,2026-10-06T19:51:04Z
2026-10-06T19:45:00Z,scarperia,10,0.00,0.000,0.0,,,508,ok,2026-10-06T20:01:08Z
2026-10-06T19:50:00Z,scarperia,10,0.00,0.000,0.0,,,508,ok,2026-10-06T20:01:08Z
2026-10-06T19:55:00Z,scarperia,10,0.00,0.000,0.0,,,508,ok,2026-10-06T20:10:57Z
2026-10-06T20:00:00Z,scarperia,10,0.00,0.000,0.0,,,508,ok,2026-10-06T20:10:57Z
2026-10-06T20:05:00Z,scarperia,10,0.00,0.000,0.0,,,508,ok,2026-10-06T20:21:12Z
2026-10-06T20:10:00Z,scarperia,10,0.00,0.000,0.0,,,508,ok,2026-10-06T20:21:12Z
2026-10-06T20:15:00Z,scarperia,10,0.00,0.000,0.0,,,508,ok,2026-10-06T20:31:01Z
2026-10-06T20:20:00Z,scarperia,10,0.00,0.000,0.0,,,508,ok,2026-10-06T20:31:01Z
2026-10-06T20:25:00Z,scarperia,10,0.00,0.000,0.0,,,508,ok,2026-10-06T20:41:14Z
2026-10-06T20:30:00Z,scarperia,10,0.00,0.000,0.0,,,508,ok,2026-10-06T20:41:14Z
2026-10-06T20:35:00Z,scarperia,10,0.00,0.000,0.0,,,508,ok,2026-10-06T20:51:05Z
2026-10-06T20:40:00Z,scarperia,10,0.00,0.000,0.0,,,508,ok,2026-10-06T20:51:05Z
2026-10-06T20:45:00Z,scarperia,10,0.00,0.000,0.0,,,508,ok,2026-10-06T21:00:58Z
2026-10-06T20:50:00Z,scarperia,10,0.00,0.000,0.0,,,508,ok,2026-10-06T21:00:58Z
2026-10-06T20:55:00Z,scarperia,10,0.00,0.000,0.0,,,508,ok,2026-10-06T21:11:03Z
2026-10-06T21:00:00Z,scarperia,10,0.00,0.000,0.0,,,508,ok,2026-10-06T21:11:03Z
2026-10-06T21:05:00Z,scarperia,10,0.00,0.000,0.0,,,508,ok,2026-10-06T21:21:08Z
2026-10-06T21:10:00Z,scarperia,10,0.00,0.000,0.0,,,508,ok,2026-10-06T21:21:08Z
2026-10-06T21:15:00Z,scarperia,10,0.00,0.000,0.0,,,508,ok,2026-10-06T21:31:08Z
2026-10-06T21:20:00Z,scarperia,10,0.00,0.000,0.0,,,508,ok,2026-10-06T21:31:08Z
2026-10-06T21:25:00Z,scarperia,10,0.00,0.000,0.0,,,508,ok,2026-10-06T21:40:58Z
2026-10-06T21:30:00Z,scarperia,10,0.00,0.000,0.0,,,508,ok,2026-10-06T21:40:58Z
2026-10-06T21:35:00Z,scarperia,10,0.00,0.000,0.0,,,508,ok,2026-10-06T21:51:02Z
2026-10-06T21:40:00Z,scarperia,10,0.00,0.000,0.0,,,508,ok,2026-10-06T21:51:02Z
2026-10-06T21:45:00Z,scarperia,10,0.00,0.000,0.0,,,508,ok,2026-10-06T22:01:03Z
2026-10-06T21:50:00Z,scarperia,10,0.00,0.000,0.0,,,508,ok,2026-10-06T22:01:03Z
2026-10-06T21:55:00Z,scarperia,10,0.00,0.000,0.0,,,508,ok,2026-10-06T22:11:10Z
2026-10-06T22:00:00Z,scarperia,10,0.00,0.000,0.0,,,508,ok,2026-10-06T22:11:10Z
2026-10-06T22:05:00Z,scarperia,10,0.00,0.000,0.0,,,508,ok,2026-10-06T22:21:09Z
2026-10-06T22:10:00Z,scarperia,10,0.00,0.000,0.0,,,508,ok,2026-10-06T22:21:09Z
2026-10-06T22:15:00Z,scarperia,10,0.00,0.000,0.0,,,508,ok,2026-10-06T22:30:57Z
2026-10-06T22:20:00Z,scarperia,10,0.00,0.000,0.0,,,508,ok,2026-10-06T22:30:57Z
2026-10-06T22:25:00Z,scarperia,10,0.00,0.000,0.0,,,508,ok,2026-10-06T22:41:00Z
2026-10-06T22:30:00Z,scarperia,10,0.00,0.000,0.0,,,508,ok,2026-10-06T22:41:00Z
2026-10-06T22:35:00Z,scarperia,10,0.00,0.000,0.0,,,508,ok,2026-10-06T22:50:58Z
2026-10-06T22:40:00Z,scarperia,10,0.00,0.000,0.0,,,508,ok,2026-10-06T22:50:58Z
2026-10-06T22:45:00Z,scarperia,10,0.00,0.000,0.0,,,508,ok,2026-10-06T23:01:02Z
2026-10-06T22:50:00Z,scarperia,10,0.00,0.000,0.0,,,508,ok,2026-10-06T23:01:02Z
2026-10-06T22:55:00Z,scarperia,10,0.00,0.000,0.0,,,508,ok,2026-10-06T23:03:24Z
2026-10-06T23:00:00Z,scarperia,10,0.00,0.000,0.0,,,508,ok,2026-10-06T23:16:01Z
2026-10-06T23:05:00Z,scarperia,10,0.00,0.000,0.0,,,508,ok,2026-10-06T23:16:01Z
2026-10-06T23:10:00Z,scarperia,10,0.00,0.000,0.0,,,508,ok,2026-10-06T23:26:04Z
2026-10-06T23:15:00Z,scarperia,10,0.00,0.000,0.0,,,508,ok,2026-10-06T23:26:04Z
2026-10-06T23:20:00Z,scarperia,10,0.00,0.000,0.0,,,508,ok,2026-10-06T23:36:07Z
2026-10-06T23:25:00Z,scarperia,10,0.00,0.000,0.0,,,508,ok,2026-10-06T23:36:07Z
2026-10-06T23:30:00Z,scarperia,10,0.00,0.000,0.0,,,508,ok,2026-10-06T23:45:58Z
2026-10-06T23:35:00Z,scarperia,10,0.00,0.000,0.0,,,508,ok,2026-10-06T23:45:58Z
2026-10-06T23:40:00Z,scarperia,10,0.00,0.000,0.0,,,508,ok,2026-10-06T23:56:07Z
2026-10-06T23:45:00Z,scarperia,10,0.00,0.000,0.0,,,508,ok,2026-10-06T23:56:07Z
2026-10-06T23:50:00Z,scarperia,10,0.00,0.000,0.0,,,508,ok,2026-10-07T00:06:00Z
2026-10-06T23:55:00Z,scarperia,10,0.00,0.000,0.0,,,508,ok,2026-10-07T00:06:00Z
2026-10-07T00:00:00Z,scarperia,10,0.00,0.000,0.0,,,508,ok,2026-10-07T00:15:57Z
2026-10-07T00:05:00Z,scarperia,10,0.00,0.000,0.0,,,508,ok,2026-10-07T00:15:57Z
2026-10-07T00:10:00Z,scarperia,10,0.00,0.000,0.0,,,508,ok,2026-10-07T00:26:36Z
2026-10-07T00:15:00Z,scarperia,10,0.00,0.000,0.0,,,508,ok,2026-10-07T00:26:36Z
2026-10-07T00:20:00Z,scarperia,10,0.00,0.000,0.0,,,508,ok,2026-10-07T00:43:41Z
2026-10-07T00:25:00Z,scarperia,10,0.00,0.000,0.0,,,508,ok,2026-10-07T00:43:41Z
2026-10-07T00:30:00Z,scarperia,10,0.00,0.000,0.0,,,508,ok,2026-10-07T00:43:41Z
2026-10-07T00:35:00Z,scarperia,10,0.00,0.000,0.0,,,508,ok,2026-10-07T00:43:41Z
2026-10-07T00:40:00Z,scarperia,10,0.00,0.000,0.0,,,508,ok,2026-10-07T00:56:12Z
2026-10-07T00:45:00Z,scarperia,10,0.00,0.000,0.0,,,508,ok,2026-10-07T00:56:12Z
2026-10-07T00:50:00Z,scarperia,10,0.00,0.000,0.0,,,508,ok,2026-10-07T01:06:11Z
2026-10-07T00:55:00Z,scarperia,10,0.00,0.000,0.0,,,508,ok,2026-10-07T01:06:11Z
2026-10-07T01:00:00Z,scarperia,10,0.00,0.000,0.0,,,508,ok,2026-10-07T01:15:59Z
2026-10-07T01:05:00Z,scarperia,10,0.00,0.000,0.0,,,508,ok,2026-10-07T01:15:59Z
2026-10-07T01:10:00Z,scarperia,10,0.00,0.000,0.0,,,508,ok,2026-10-07T01:26:03Z
2026-10-07T01:15:00Z,scarperia,10,0.00,0.000,0.0,,,508,ok,2026-10-07T01:26:03Z
2026-10-07T01:20:00Z,scarperia,10,0.00,0.000,0.0,,,508,ok,2026-10-07T01:36:04Z
2026-10-07T01:25:00Z,scarperia,10,0.00,0.000,0.0,,,508,ok,2026-10-07T01:36:04Z
2026-10-07T01:30:00Z,scarperia,10,0.00,0.000,0.0,,,508,ok,2026-10-07T01:46:08Z
2026-10-07T01:35:00Z,scarperia,10,0.00,0.000,0.0,,,508,ok,2026-10-07T01:46:08Z
2026-10-07T01:40:00Z,scarperia,10,0.00,0.000,0.0,,,508,ok,2026-10-07T01:56:01Z
2026-10-07T01:45:00Z,scarperia,10,0.00,0.000,0.0,,,508,ok,2026-10-07T01:56:01Z
2026-10-07T01:50:00Z,scarperia,10,0.00,0.000,0.0,,,508,ok,2026-10-07T02:05:57Z
2026-10-07T01:55:00Z,scarperia,10,0.00,0.000,0.0,,,508,ok,2026-10-07T02:05:57Z
2026-10-07T02:00:00Z,scarperia,10,0.00,0.000,0.0,,,508,ok,2026-10-07T02:16:05Z
2026-10-07T02:05:00Z,scarperia,10,0.00,0.000,0.0,,,508,ok,2026-10-07T02:16:05Z
2026-10-07T02:10:00Z,scarperia,10,0.00,0.000,0.0,,,508,ok,2026-10-07T02:18:56Z
2026-10-07T02:15:00Z,scarperia,10,0.00,0.000,0.0,,,508,ok,2026-10-07T02:31:03Z
2026-10-07T02:20:00Z,scarperia,10,0.00,0.000,0.0,,,508,ok,2026-10-07T02:31:03Z
2026-10-07T02:25:00Z,scarperia,10,0.00,0.000,0.0,,,508,ok,2026-10-07T02:41:02Z
2026-10-07T02:30:00Z,scarperia,10,0.00,0.000,0.0,,,508,ok,2026-10-07T02:41:02Z
2026-10-07T02:35:00Z,scarperia,10,0.00,0.000,0.0,,,508,ok,2026-10-07T02:51:04Z
2026-10-07T02:40:00Z,scarperia,10,0.00,0.000,0.0,,,508,ok,2026-10-07T02:51:04Z
2026-10-07T02:45:00Z,scarperia,10,0.00,0.000,0.0,,,508,ok,2026-10-07T03:01:02Z
2026-10-07T02:50:00Z,scarperia,10,0.00,0.000,0.0,,,508,ok,2026-10-07T03:01:02Z
2026-10-07T02:55:00Z,scarperia,10,0.00,0.000,0.0,,,508,ok,2026-10-07T03:11:05Z
2026-10-07T03:00:00Z,scarperia,10,0.00,0.000,0.0,,,508,ok,2026-10-07T03:11:05Z
2026-10-07T03:05:00Z,scarperia,10,0.00,0.000,0.0,,,508,ok,2026-10-07T03:21:03Z
2026-10-07T03:10:00Z,scarperia,10,0.00,0.000,0.0,,,508,ok,2026-10-07T03:21:03Z
2026-10-07T03:15:00Z,scarperia,10,0.00,0.000,0.0,,,508,ok,2026-10-07T03:31:11Z
2026-10-07T03:20:00Z,scarperia,10,0.00,0.000,0.0,,,508,ok,2026-10-07T03:31:11Z
2026-10-07T03:25:00Z,scarperia,10,0.00,0.000,0.0,,,508,ok,2026-10-07T03:40:54Z
2026-10-07T03:30:00Z,scarperia,10,0.00,0.000,0.0,,,508,ok,2026-10-07T03:40:54Z
2026-10-07T03:35:00Z,scarperia,10,0.00,0.000,0.0,,,508,ok,2026-10-07T03:50:57Z
2026-10-07T03:40:00Z,scarperia,10,0.00,0.000,0.0,,,508,ok,2026-10-07T03:50:57Z
2026-10-07T03:45:00Z,scarperia,10,0.00,0.000,0.0,,,508,ok,2026-10-07T04:01:02Z
2026-10-07T03:50:00Z,scarperia,10,0.00,0.000,0.0,,,508,ok,2026-10-07T04:01:02Z
2026-10-07T03:55:00Z,scarperia,10,0.00,0.000,0.0,,,508,ok,2026-10-07T04:11:01Z
2026-10-07T04:00:00Z,scarperia,10,0.00,0.000,0.0,,,508,ok,2026-10-07T04:11:01Z
2026-10-07T04:05:00Z,scarperia,10,0.00,0.000,0.0,,,508,ok,2026-10-07T04:21:07Z
2026-10-07T04:10:00Z,scarperia,10,0.00,0.000,0.0,,,508,ok,2026-10-07T04:21:07Z
2026-10-07T04:15:00Z,scarperia,10,0.00,0.000,0.0,,,508,ok,2026-10-07T04:31:03Z
2026-10-07T04:20:00Z,scarperia,10,0.00,0.000,0.0,,,508,ok,2026-10-07T04:31:03Z
2026-10-07T04:25:00Z,scarperia,10,0.00,0.000,0.0,,,508,ok,2026-10-07T04:40:57Z
2026-10-07T04:30:00Z,scarperia,10,0.00,0.000,0.0,,,508,ok,2026-10-07T04:40:57Z
2026-10-07T04:35:00Z,scarperia,10,0.00,0.000,0.0,,,508,ok,2026-10-07T04:51:02Z
2026-10-07T04:40:00Z,scarperia,10,0.00,0.000,0.0,,,508,ok,2026-10-07T04:51:02Z
2026-10-07T04:45:00Z,scarperia,10,0.00,0.000,0.0,,,508,ok,2026-10-07T05:01:19Z
2026-10-07T04:50:00Z,scarperia,10,0.00,0.000,0.0,,,508,ok,2026-10-07T05:01:19Z
2026-10-07T04:55:00Z,scarperia,10,0.00,0.000,0.0,,,508,ok,2026-10-07T05:11:01Z
2026-10-07T05:00:00Z,scarperia,10,0.00,0.000,0.0,,,508,ok,2026-10-07T05:11:01Z
2026-10-07T05:05:00Z,scarperia,10,0.00,0.000,0.0,,,508,ok,2026-10-07T05:21:14Z
2026-10-07T05:10:00Z,scarperia,10,0.00,0.000,0.0,,,508,ok,2026-10-07T05:21:14Z
2026-10-07T05:15:00Z,scarperia,10,0.00,0.000,0.0,,,508,ok,2026-10-07T05:31:16Z
2026-10-07T05:20:00Z,scarperia,10,0.00,0.000,0.0,,,508,ok,2026-10-07T05:31:16Z
2026-10-07T05:25:00Z,scarperia,10,0.00,0.000,0.0,,,508,ok,2026-10-07T05:41:16Z
2026-10-07T05:30:00Z,scarperia,10,0.00,0.000,0.0,,,508,ok,2026-10-07T05:41:16Z
2026-10-07T05:35:00Z,scarperia,10,0.00,0.000,0.0,,,508,ok,2026-10-07T05:51:03Z
2026-10-07T05:40:00Z,scarperia,10,0.00,0.000,0.0,,,508,ok,2026-10-07T05:51:03Z
2026-10-07T05:45:00Z,scarperia,10,0.00,0.000,0.0,,,508,ok,2026-10-07T06:01:35Z
2026-10-07T05:50:00Z,scarperia,10,0.00,0.000,0.0,,,508,ok,2026-10-07T06:01:35Z
2026-10-07T05:55:00Z,scarperia,10,0.00,0.000,0.0,,,508,ok,2026-10-07T06:11:07Z
2026-10-07T06:00:00Z,scarperia,10,0.00,0.000,0.0,,,508,ok,2026-10-07T06:11:07Z
2026-10-07T06:05:00Z,scarperia,10,0.00,0.000,0.0,,,508,ok,2026-10-07T06:21:05Z
2026-10-07T06:10:00Z,scarperia,10,0.00,0.000,0.0,,,508,ok,2026-10-07T06:21:05Z
2026-10-07T06:15:00Z,scarperia,10,0.00,0.000,0.0,,,508,ok,2026-10-07T06:31:08Z
2026-10-07T06:20:00Z,scarperia,10,0.00,0.000,0.0,,,508,ok,2026-10-07T06:31:08Z
2026-10-07T06:25:00Z,scarperia,10,0.00,0.000,0.0,,,508,ok,2026-10-07T06:41:07Z
2026-10-07T06:30:00Z,scarperia,10,0.00,0.000,0.0,,,508,ok,2026-10-07T06:41:07Z
2026-10-07T06:35:00Z,scarperia,10,0.00,0.000,0.0,,,508,ok,2026-10-07T06:51:14Z
2026-10-07T06:40:00Z,scarperia,10,0.00,0.000,0.0,,,508,ok,2026-10-07T06:51:14Z
2026-10-07T06:45:00Z,scarperia,10,0.00,0.000,0.0,,,508,ok,2026-10-07T07:01:27Z
2026-10-07T06:50:00Z,scarperia,10,0.00,0.000,0.0,,,508,ok,2026-10-07T07:01:27Z
2026-10-07T06:55:00Z,scarperia,10,0.00,0.000,0.0,,,508,ok,2026-10-07T07:11:08Z
2026-10-07T07:00:00Z,scarperia,10,0.00,0.000,0.0,,,508,ok,2026-10-07T07:11:08Z
2026-10-07T07:05:00Z,scarperia,10,0.00,0.000,0.0,,,508,ok,2026-10-07T07:21:06Z
2026-10-07T07:10:00Z,scarperia,10,0.00,0.000,0.0,,,508,ok,2026-10-07T07:21:06Z
2026-10-07T07:15:00Z,scarperia,10,0.00,0.000,0.0,,,508,ok,2026-10-07T07:31:02Z
2026-10-07T07:20:00Z,scarperia,10,0.00,0.000,0.0,,,508,ok,2026-10-07T07:31:02Z
2026-10-07T07:25:00Z,scarperia,10,0.00,0.000,0.0,,,508,ok,2026-10-07T07:41:09Z
2026-10-07T07:30:00Z,scarperia,10,0.00,0.000,0.0,,,508,ok,2026-10-07T07:41:09Z
2026-10-07T07:35:00Z,scarperia,10,0.00,0.000,0.0,,,508,ok,2026-10-07T07:51:10Z
2026-10-07T07:40:00Z,scarperia,10,0.00,0.000,0.0,,,508,ok,2026-10-07T07:51:10Z
2026-10-07T07:45:00Z,scarperia,10,0.00,0.000,0.0,,,508,ok,2026-10-07T08:01:02Z
2026-10-07T07:50:00Z,scarperia,10,0.00,0.000,0.0,,,508,ok,2026-10-07T08:01:02Z
2026-10-07T07:55:00Z,scarperia,10,0.00,0.000,0.0,,,508,ok,2026-10-07T08:11:17Z
2026-10-07T08:00:00Z,scarperia,10,0.00,0.000,0.0,,,508,ok,2026-10-07T08:11:17Z
2026-10-07T08:05:00Z,scarperia,10,0.00,0.000,0.0,,,508,ok,2026-10-07T08:21:07Z
2026-10-07T08:10:00Z,scarperia,10,0.00,0.000,0.0,,,508,ok,2026-10-07T08:21:07Z
2026-10-07T08:15:00Z,scarperia,10,0.00,0.000,0.0,,,508,ok,2026-10-07T08:31:33Z
2026-10-07T08:20:00Z,scarperia,10,0.00,0.000,0.0,,,508,ok,2026-10-07T08:31:33Z
2026-10-07T08:25:00Z,scarperia,10,0.00,0.000,0.0,,,508,ok,2026-10-07T08:41:15Z
2026-10-07T08:30:00Z,scarperia,10,0.00,0.000,0.0,,,508,ok,2026-10-07T08:41:15Z
2026-10-07T08:35:00Z,scarperia,10,0.00,0.000,0.0,,,508,ok,2026-10-07T08:51:14Z
2026-10-07T08:40:00Z,scarperia,10,0.00,0.000,0.0,,,508,ok,2026-10-07T08:51:14Z
2026-10-07T08:45:00Z,scarperia,10,0.00,0.000,0.0,,,508,ok,2026-10-07T08:56:12Z
2026-10-07T08:50:00Z,scarperia,10,0.00,0.000,0.0,,,508,ok,2026-10-07T09:06:03Z
2026-10-07T08:55:00Z,scarperia,10,0.00,0.000,0.0,,,508,ok,2026-10-07T09:06:03Z
2026-10-07T09:00:00Z,scarperia,10,0.00,0.000,0.0,,,508,ok,2026-10-07T09:16:14Z
2026-10-07T09:05:00Z,scarperia,10,0.00,0.000,0.0,,,508,ok,2026-10-07T09:16:14Z
2026-10-07T09:10:00Z,scarperia,10,0.00,0.000,0.0,,,508,ok,2026-10-07T09:26:09Z
2026-10-07T09:15:00Z,scarperia,10,0.00,0.000,0.0,,,508,ok,2026-10-07T09:26:09Z
2026-10-07T09:20:00Z,scarperia,10,0.00,0.000,0.0,,,508,ok,2026-10-07T09:36:22Z
2026-10-07T09:25:00Z,scarperia,10,0.00,0.000,0.0,,,508,ok,2026-10-07T09:36:22Z
2026-10-07T09:30:00Z,scarperia,10,0.00,0.000,0.0,,,508,ok,2026-10-07T09:46:14Z
2026-10-07T09:35:00Z,scarperia,10,0.00,0.000,0.0,,,508,ok,2026-10-07T09:46:14Z
2026-10-07T09:40:00Z,scarperia,10,0.00,0.000,0.0,,,508,ok,2026-10-07T09:56:09Z
2026-10-07T09:45:00Z,scarperia,10,0.00,0.000,0.0,,,508,ok,2026-10-07T09:56:09Z
2026-10-07T09:50:00Z,scarperia,10,0.00,0.000,0.0,,,508,ok,2026-10-07T10:06:16Z
2026-10-07T09:55:00Z,scarperia,10,0.00,0.000,0.0,,,508,ok,2026-10-07T10:06:16Z
2026-10-07T10:00:00Z,scarperia,10,0.00,0.000,0.0,,,508,ok,2026-10-07T10:16:11Z
2026-10-07T10:05:00Z,scarperia,10,0.00,0.000,0.0,,,508,ok,2026-10-07T10:16:11Z
2026-10-07T10:10:00Z,scarperia,10,0.00,0.000,0.0,,,508,ok,2026-10-07T10:26:12Z
2026-10-07T10:15:00Z,scarperia,10,0.00,0.000,0.0,,,508,ok,2026-10-07T10:26:12Z
2026-10-07T10:20:00Z,scarperia,10,0.00,0.000,0.0,,,508,ok,2026-10-07T10:36:11Z
2026-10-07T10:25:00Z,scarperia,10,0.00,0.000,0.0,,,508,ok,2026-10-07T10:36:11Z
2026-10-07T10:30:00Z,scarperia,10,0.00,0.000,0.0,,,508,ok,2026-10-07T10:46:06Z
2026-10-07T10:35:00Z,scarperia,10,0.00,0.000,0.0,,,508,ok,2026-10-07T10:46:06Z
2026-10-07T10:40:00Z,scarperia,10,0.00,0.000,0.0,,,508,ok,2026-10-07T10:56:19Z
2026-10-07T10:45:00Z,scarperia,10,0.00,0.000,0.0,,,508,ok,2026-10-07T10:56:19Z
2026-10-07T10:50:00Z,scarperia,10,1.06,0.004,0.0,10.6,225,508,ok,2026-10-07T11:06:10Z
2026-10-07T10:55:00Z,scarperia,10,0.68,0.029,0.0,9.9,222,508,ok,2026-10-07T11:06:10Z
2026-10-07T11:00:00Z,scarperia,10,0.94,0.069,0.0,5.1,213,508,ok,2026-10-07T11:16:11Z
2026-10-07T11:05:00Z,scarperia,10,0.95,0.041,0.0,3.3,200,508,ok,2026-10-07T11:16:11Z
2026-10-07T11:10:00Z,scarperia,10,1.09,0.056,0.0,0.8,176,508,ok,2026-10-07T11:26:15Z
2026-10-07T11:15:00Z,scarperia,10,0.53,0.025,0.0,0.7,104,508,ok,2026-10-07T11:26:15Z
2026-10-07T11:20:00Z,scarperia,10,0.44,0.029,0.0,7.3,27,508,ok,2026-10-07T11:36:06Z
2026-10-07T11:25:00Z,scarperia,10,0.33,0.028,0.0,6.6,15,508,ok,2026-10-07T11:36:06Z
2026-10-07T11:30:00Z,scarperia,10,1.07,0.026,0.0,10.2,193,508,ok,2026-10-07T11:46:05Z
2026-10-07T11:35:00Z,scarperia,10,1.62,0.036,0.0,9.6,199,508,ok,2026-10-07T11:46:05Z
2026-10-07T11:40:00Z,scarperia,10,0.56,0.015,0.0,9.7,179,508,ok,2026-10-07T11:56:13Z
2026-10-07T11:45:00Z,scarperia,10,0.22,0.001,0.0,7.5,154,508,ok,2026-10-07T11:56:13Z
2026-10-07T11:50:00Z,scarperia,10,0.00,0.000,0.0,,,508,ok,2026-10-07T12:06:40Z
2026-10-07T11:55:00Z,scarperia,10,0.00,0.000,0.0,,,508,ok,2026-10-07T12:06:40Z
2026-10-07T12:00:00Z,scarperia,10,0.00,0.000,0.0,,,508,ok,2026-10-07T12:16:21Z
2026-10-07T12:05:00Z,scarperia,10,0.00,0.000,0.0,,,508,ok,2026-10-07T12:16:21Z
2026-10-07T12:10:00Z,scarperia,10,0.00,0.000,0.0,,,508,ok,2026-10-07T12:26:04Z
2026-10-07T12:15:00Z,scarperia,10,0.00,0.000,0.0,,,508,ok,2026-10-07T12:26:04Z
2026-10-07T12:20:00Z,scarperia,10,0.39,0.029,0.0,8.1,350,508,ok,2026-10-07T12:36:10Z
2026-10-07T12:25:00Z,scarperia,10,1.06,0.056,0.0,10.5,10,508,ok,2026-10-07T12:36:10Z
2026-10-07T12:30:00Z,scarperia,10,1.13,0.053,0.0,10.5,10,508,ok,2026-10-07T12:46:21Z
2026-10-07T12:35:00Z,scarperia,10,28.77,0.247,0.8,10.1,356,508,ok,2026-10-07T12:46:21Z
2026-10-07T12:40:00Z,scarperia,10,0.66,0.008,0.0,10.5,10,508,ok,2026-10-07T12:56:12Z
2026-10-07T12:45:00Z,scarperia,10,0.31,0.001,0.0,10.5,10,508,ok,2026-10-07T12:56:12Z
2026-10-07T12:50:00Z,scarperia,10,0.00,0.000,0.0,,,508,ok,2026-10-07T13:06:12Z
2026-10-07T12:55:00Z,scarperia,10,0.00,0.000,0.0,,,508,ok,2026-10-07T13:06:12Z
2026-10-07T13:00:00Z,scarperia,10,0.00,0.000,0.0,,,508,ok,2026-10-07T13:16:15Z
2026-10-07T13:05:00Z,scarperia,10,0.00,0.000,0.0,,,508,ok,2026-10-07T13:16:15Z
2026-10-07T13:10:00Z,scarperia,10,0.00,0.000,0.0,,,508,ok,2026-10-07T13:26:07Z
2026-10-07T13:15:00Z,scarperia,10,0.00,0.000,0.0,,,508,ok,2026-10-07T13:26:07Z
2026-10-07T13:20:00Z,scarperia,10,0.00,0.000,0.0,,,508,ok,2026-10-07T13:36:09Z
2026-10-07T13:25:00Z,scarperia,10,0.00,0.000,0.0,,,508,ok,2026-10-07T13:36:09Z
2026-10-07T13:30:00Z,scarperia,10,0.00,0.000,0.0,,,508,ok,2026-10-07T13:46:20Z
2026-10-07T13:35:00Z,scarperia,10,0.00,0.000,0.0,,,508,ok,2026-10-07T13:46:20Z
2026-10-07T13:40:00Z,scarperia,10,0.00,0.000,0.0,,,508,ok,2026-10-07T13:56:10Z
2026-10-07T13:45:00Z,scarperia,10,0.00,0.000,0.0,,,508,ok,2026-10-07T13:56:10Z
2026-10-07T13:50:00Z,scarperia,10,0.00,0.000,0.0,,,508,ok,2026-10-07T14:06:09Z
2026-10-07T13:55:00Z,scarperia,10,0.00,0.000,0.0,,,508,ok,2026-10-07T14:06:09Z
2026-10-07T14:00:00Z,scarperia,10,0.00,0.000,0.0,,,508,ok,2026-10-07T14:16:13Z
2026-10-07T14:05:00Z,scarperia,10,0.00,0.000,0.0,,,508,ok,2026-10-07T14:16:13Z
2026-10-07T14:10:00Z,scarperia,10,0.00,0.000,0.0,,,508,ok,2026-10-07T14:26:05Z
2026-10-07T14:15:00Z,scarperia,10,0.00,0.000,0.0,,,508,ok,2026-10-07T14:26:05Z
2026-10-07T14:20:00Z,scarperia,10,0.00,0.000,0.0,,,508,ok,2026-10-07T14:36:09Z
2026-10-07T14:25:00Z,scarperia,10,0.00,0.000,0.0,,,508,ok,2026-10-07T14:36:09Z
2026-10-07T14:30:00Z,scarperia,10,0.00,0.000,0.0,,,508,ok,2026-10-07T14:46:15Z
2026-10-07T14:35:00Z,scarperia,10,0.00,0.000,0.0,,,508,ok,2026-10-07T14:46:15Z
2026-10-07T14:40:00Z,scarperia,10,0.00,0.000,0.0,,,508,ok,2026-10-07T14:56:06Z
2026-10-07T14:45:00Z,scarperia,10,0.00,0.000,0.0,,,508,ok,2026-10-07T14:56:06Z
2026-10-07T14:50:00Z,scarperia,10,0.00,0.000,0.0,,,508,ok,2026-10-07T15:06:06Z
2026-10-07T14:55:00Z,scarperia,10,0.00,0.000,0.0,,,508,ok,2026-10-07T15:06:06Z
2026-10-07T15:00:00Z,scarperia,10,0.00,0.000,0.0,,,508,ok,2026-10-07T15:21:09Z
2026-10-07T15:05:00Z,scarperia,10,0.00,0.000,0.0,,,508,ok,2026-10-07T15:21:09Z
2026-10-07T15:10:00Z,scarperia,10,0.00,0.000,0.0,,,508,ok,2026-10-07T15:21:09Z
2026-10-07T15:15:00Z,scarperia,10,0.00,0.000,0.0,,,508,ok,2026-10-07T15:31:11Z
2026-10-07T15:20:00Z,scarperia,10,0.00,0.000,0.0,,,508,ok,2026-10-07T15:31:11Z
2026-10-07T15:25:00Z,scarperia,10,0.00,0.000,0.0,,,508,ok,2026-10-07T15:41:11Z
2026-10-07T15:30:00Z,scarperia,10,0.00,0.000,0.0,,,508,ok,2026-10-07T15:41:11Z
2026-10-07T15:35:00Z,scarperia,10,2.08,0.057,0.0,8.2,209,508,ok,2026-10-07T15:51:04Z
2026-10-07T15:40:00Z,scarperia,10,1.21,0.042,0.0,6.1,193,508,ok,2026-10-07T15:51:04Z
2026-10-07T15:45:00Z,scarperia,10,0.65,0.019,0.0,3.0,189,508,ok,2026-10-07T16:01:23Z
2026-10-07T15:50:00Z,scarperia,10,0.79,0.022,0.0,0.8,157,508,ok,2026-10-07T16:01:23Z
2026-10-07T15:55:00Z,scarperia,10,0.83,0.017,0.0,0.8,62,508,ok,2026-10-07T16:11:19Z
2026-10-07T16:00:00Z,scarperia,10,0.35,0.003,0.0,4.2,45,508,ok,2026-10-07T16:11:19Z
2026-10-07T16:05:00Z,scarperia,10,0.29,0.001,0.0,9.9,261,508,ok,2026-10-07T16:20:22Z
2026-10-07T16:10:00Z,scarperia,10,0.56,0.013,0.0,9.9,276,508,ok,2026-10-07T16:20:22Z
2026-10-07T16:15:00Z,scarperia,10,1.18,0.044,0.0,10.1,285,508,ok,2026-10-07T16:31:08Z
2026-10-07T16:20:00Z,scarperia,10,1.10,0.058,0.0,10.4,304,508,ok,2026-10-07T16:31:08Z
2026-10-07T16:25:00Z,scarperia,10,0.85,0.044,0.0,10.1,310,508,ok,2026-10-07T16:41:11Z
2026-10-07T16:30:00Z,scarperia,10,0.63,0.011,0.0,10.1,323,508,ok,2026-10-07T16:41:11Z
2026-10-07T16:35:00Z,scarperia,10,0.00,0.000,0.0,,,508,ok,2026-10-07T16:51:09Z
2026-10-07T16:40:00Z,scarperia,10,0.00,0.000,0.0,,,508,ok,2026-10-07T16:51:09Z
2026-10-07T16:45:00Z,scarperia,10,0.00,0.000,0.0,,,508,ok,2026-10-07T17:06:10Z
2026-10-07T16:50:00Z,scarperia,10,0.94,0.015,0.0,9.8,271,508,ok,2026-10-07T17:06:10Z
2026-10-07T16:55:00Z,scarperia,10,1.52,0.028,0.0,9.9,276,508,ok,2026-10-07T17:06:10Z
2026-10-07T17:00:00Z,scarperia,10,1.27,0.031,0.0,10.3,290,508,ok,2026-10-07T17:16:07Z
2026-10-07T17:05:00Z,scarperia,10,0.95,0.021,0.0,10.5,294,508,ok,2026-10-07T17:16:07Z
2026-10-07T17:10:00Z,scarperia,10,0.84,0.012,0.0,10.1,310,508,ok,2026-10-07T17:26:15Z
2026-10-07T17:15:00Z,scarperia,10,0.39,0.003,0.0,10.4,329,508,ok,2026-10-07T17:26:15Z
2026-10-07T17:20:00Z,scarperia,10,0.23,0.002,0.0,10.4,252,508,ok,2026-10-07T17:36:07Z
2026-10-07T17:25:00Z,scarperia,10,0.44,0.008,0.0,10.1,257,508,ok,2026-10-07T17:36:07Z
2026-10-07T17:30:00Z,scarperia,10,0.87,0.035,0.0,9.8,271,508,ok,2026-10-07T17:46:12Z
2026-10-07T17:35:00Z,scarperia,10,0.81,0.053,0.0,7.8,271,508,ok,2026-10-07T17:46:12Z
2026-10-07T17:40:00Z,scarperia,10,1.14,0.092,0.0,8.0,283,508,ok,2026-10-07T17:56:03Z
2026-10-07T17:45:00Z,scarperia,10,1.10,0.096,0.0,10.3,242,508,ok,2026-10-07T17:56:03Z
2026-10-07T17:50:00Z,scarperia,10,1.21,0.059,0.0,9.8,266,508,ok,2026-10-07T18:06:06Z
2026-10-07T17:55:00Z,scarperia,10,1.52,0.087,0.0,9.8,266,508,ok,2026-10-07T18:06:06Z
2026-10-07T18:00:00Z,scarperia,10,1.16,0.079,0.0,8.0,283,508,ok,2026-10-07T18:16:09Z
2026-10-07T18:05:00Z,scarperia,10,0.73,0.050,0.0,7.7,301,508,ok,2026-10-07T18:16:09Z
2026-10-07T18:10:00Z,scarperia,10,0.36,0.007,0.0,7.1,317,508,ok,2026-10-07T18:26:12Z
2026-10-07T18:15:00Z,scarperia,10,0.35,0.005,0.0,10.5,294,508,ok,2026-10-07T18:26:12Z
2026-10-07T18:20:00Z,scarperia,10,0.00,0.000,0.0,,,508,ok,2026-10-07T18:36:01Z
2026-10-07T18:25:00Z,scarperia,10,0.00,0.000,0.0,,,508,ok,2026-10-07T18:36:01Z
2026-10-07T18:30:00Z,scarperia,10,0.00,0.000,0.0,,,508,ok,2026-10-07T18:46:24Z
2026-10-07T18:35:00Z,scarperia,10,0.00,0.000,0.0,,,508,ok,2026-10-07T18:46:24Z
2026-10-07T18:40:00Z,scarperia,10,0.00,0.000,0.0,,,508,ok,2026-10-07T18:56:07Z
2026-10-07T18:45:00Z,scarperia,10,0.65,0.003,0.0,9.7,174,508,ok,2026-10-07T18:56:07Z
2026-10-07T18:50:00Z,scarperia,10,2.07,0.045,0.0,7.7,173,508,ok,2026-10-07T19:06:14Z
2026-10-07T18:55:00Z,scarperia,10,6.13,0.201,0.6,3.7,168,508,ok,2026-10-07T19:06:14Z
2026-10-07T19:00:00Z,scarperia,10,7.14,0.384,3.5,2.1,150,508,ok,2026-10-07T19:16:15Z
2026-10-07T19:05:00Z,scarperia,10,4.65,0.411,0.0,2.0,113,508,ok,2026-10-07T19:16:15Z
2026-10-07T19:10:00Z,scarperia,10,5.45,0.505,0.2,9.8,266,508,ok,2026-10-07T19:26:17Z
2026-10-07T19:15:00Z,scarperia,10,16.61,0.857,0.2,10.1,257,508,ok,2026-10-07T19:26:17Z
2026-10-07T19:20:00Z,scarperia,10,13.14,1.353,3.0,7.3,325,508,ok,2026-10-07T19:36:14Z
2026-10-07T19:25:00Z,scarperia,10,37.94,3.263,14.4,8.1,345,508,ok,2026-10-07T19:36:14Z
2026-10-07T19:30:00Z,scarperia,10,21.36,3.544,20.7,9.5,11,508,ok,2026-10-07T19:46:11Z
2026-10-07T19:35:00Z,scarperia,10,47.41,9.479,62.8,2.6,74,508,ok,2026-10-07T19:46:11Z
2026-10-07T19:40:00Z,scarperia,10,15.56,6.169,59.3,4.9,187,508,ok,2026-10-07T19:56:03Z
2026-10-07T19:45:00Z,scarperia,10,18.46,7.031,61.0,0.7,224,508,ok,2026-10-07T19:56:03Z
2026-10-07T19:50:00Z,scarperia,10,17.71,6.560,63.4,10.1,215,508,ok,2026-10-07T20:06:06Z
2026-10-07T19:55:00Z,scarperia,10,25.95,8.068,70.7,10.1,215,508,ok,2026-10-07T20:06:06Z
2026-10-07T20:00:00Z,scarperia,10,35.99,9.531,78.0,10.1,215,508,ok,2026-10-07T20:16:05Z
2026-10-07T20:05:00Z,scarperia,10,40.45,11.030,86.4,10.4,208,508,ok,2026-10-07T20:16:05Z
2026-10-07T20:10:00Z,scarperia,10,41.56,12.340,89.8,9.3,218,508,ok,2026-10-07T20:26:18Z
2026-10-07T20:15:00Z,scarperia,10,40.69,13.755,90.7,9.3,218,508,ok,2026-10-07T20:26:18Z
2026-10-07T20:20:00Z,scarperia,10,40.18,14.015,94.5,2.9,216,508,ok,2026-10-07T20:36:04Z
2026-10-07T20:25:00Z,scarperia,10,40.42,14.545,97.2,1.5,213,508,ok,2026-10-07T20:36:04Z
2026-10-07T20:30:00Z,scarperia,10,35.88,12.741,94.1,5.7,178,508,ok,2026-10-07T20:46:09Z
2026-10-07T20:35:00Z,scarperia,10,35.53,13.608,95.9,6.8,206,508,ok,2026-10-07T20:46:09Z
2026-10-07T20:40:00Z,scarperia,10,21.02,9.341,88.8,6.7,179,508,ok,2026-10-07T20:56:07Z
2026-10-07T20:45:00Z,scarperia,10,19.06,7.841,85.4,10.6,121,508,ok,2026-10-07T20:56:07Z
2026-10-07T20:50:00Z,scarperia,10,15.23,6.226,67.1,10.6,121,508,ok,2026-10-07T21:06:14Z
2026-10-07T20:55:00Z,scarperia,10,12.48,5.187,50.4,9.5,11,508,ok,2026-10-07T21:06:14Z
2026-10-07T21:00:00Z,scarperia,10,12.15,3.311,25.2,9.5,11,508,ok,2026-10-07T21:16:21Z
2026-10-07T21:05:00Z,scarperia,10,10.73,1.885,8.3,10.5,10,508,ok,2026-10-07T21:16:21Z
2026-10-07T21:10:00Z,scarperia,10,7.62,0.830,2.4,10.5,10,508,ok,2026-10-07T21:25:09Z
2026-10-07T21:15:00Z,scarperia,10,4.12,0.251,0.0,10.5,10,508,ok,2026-10-07T21:25:09Z
2026-10-07T21:20:00Z,scarperia,10,1.39,0.056,0.0,10.4,25,508,ok,2026-10-07T21:36:18Z
2026-10-07T21:25:00Z,scarperia,10,0.69,0.023,0.0,10.4,25,508,ok,2026-10-07T21:36:18Z
2026-10-07T21:30:00Z,scarperia,10,0.00,0.000,0.0,,,508,ok,2026-10-07T21:46:09Z
2026-10-07T21:35:00Z,scarperia,10,0.00,0.000,0.0,,,508,ok,2026-10-07T21:46:09Z
2026-10-07T21:40:00Z,scarperia,10,0.00,0.000,0.0,,,508,ok,2026-10-07T21:56:04Z
2026-10-07T21:45:00Z,scarperia,10,0.00,0.000,0.0,,,508,ok,2026-10-07T21:56:04Z
2026-10-07T21:50:00Z,scarperia,10,0.00,0.000,0.0,,,508,ok,2026-10-07T22:06:03Z
2026-10-07T21:55:00Z,scarperia,10,0.00,0.000,0.0,,,508,ok,2026-10-07T22:06:03Z
2026-10-07T22:00:00Z,scarperia,10,0.00,0.000,0.0,,,508,ok,2026-10-07T22:16:06Z
2026-10-07T22:05:00Z,scarperia,10,0.00,0.000,0.0,,,508,ok,2026-10-07T22:16:06Z
2026-10-07T22:10:00Z,scarperia,10,0.00,0.000,0.0,,,508,ok,2026-10-07T22:26:15Z
2026-10-07T22:15:00Z,scarperia,10,0.00,0.000,0.0,,,508,ok,2026-10-07T22:26:15Z
2026-10-07T22:20:00Z,scarperia,10,0.00,0.000,0.0,,,508,ok,2026-10-07T22:36:06Z
2026-10-07T22:25:00Z,scarperia,10,0.00,0.000,0.0,,,508,ok,2026-10-07T22:36:06Z
2026-10-07T22:30:00Z,scarperia,10,0.00,0.000,0.0,,,508,ok,2026-10-07T22:46:06Z
2026-10-07T22:35:00Z,scarperia,10,0.00,0.000,0.0,,,508,ok,2026-10-07T22:46:06Z
2026-10-07T22:40:00Z,scarperia,10,0.00,0.000,0.0,,,508,ok,2026-10-07T22:56:04Z
2026-10-07T22:45:00Z,scarperia,10,0.32,0.004,0.0,3.2,2,508,ok,2026-10-07T22:56:04Z
2026-10-07T22:50:00Z,scarperia,10,0.71,0.013,0.0,4.8,88,508,ok,2026-10-07T23:06:16Z
2026-10-07T22:55:00Z,scarperia,10,0.58,0.006,0.0,9.6,74,508,ok,2026-10-07T23:06:16Z
2026-10-07T23:00:00Z,scarperia,10,0.33,0.002,0.0,7.0,69,508,ok,2026-10-07T23:16:05Z
2026-10-07T23:05:00Z,scarperia,10,0.38,0.007,0.0,5.0,288,508,ok,2026-10-07T23:16:05Z
2026-10-07T23:10:00Z,scarperia,10,0.50,0.026,0.0,5.1,312,508,ok,2026-10-07T23:26:08Z
2026-10-07T23:15:00Z,scarperia,10,0.44,0.002,0.0,5.1,354,508,ok,2026-10-07T23:26:08Z
2026-10-07T23:20:00Z,scarperia,10,0.00,0.000,0.0,,,508,ok,2026-10-07T23:36:00Z
2026-10-07T23:25:00Z,scarperia,10,0.00,0.000,0.0,,,508,ok,2026-10-07T23:36:00Z
2026-10-07T23:30:00Z,scarperia,10,0.56,0.015,0.0,6.0,286,508,ok,2026-10-07T23:46:06Z
2026-10-07T23:35:00Z,scarperia,10,0.48,0.020,0.0,4.5,306,508,ok,2026-10-07T23:46:06Z
2026-10-07T23:40:00Z,scarperia,10,0.52,0.019,0.0,4.8,104,508,ok,2026-10-07T23:56:08Z
2026-10-07T23:45:00Z,scarperia,10,0.39,0.005,0.0,4.5,306,508,ok,2026-10-07T23:56:08Z
2026-10-07T23:50:00Z,scarperia,10,0.62,0.024,0.0,4.7,170,508,ok,2026-10-08T00:06:02Z
2026-10-07T23:55:00Z,scarperia,10,1.03,0.117,0.0,3.0,155,508,ok,2026-10-08T00:06:02Z
2026-10-08T00:00:00Z,scarperia,10,1.42,0.143,0.0,2.9,109,508,ok,2026-10-08T00:16:00Z
2026-10-08T00:05:00Z,scarperia,10,1.65,0.122,0.0,4.8,104,508,ok,2026-10-08T00:16:00Z
2026-10-08T00:10:00Z,scarperia,10,0.76,0.193,0.0,6.9,258,508,ok,2026-10-08T00:26:03Z
2026-10-08T00:15:00Z,scarperia,10,1.34,0.374,0.0,1.3,142,508,ok,2026-10-08T00:26:03Z
2026-10-08T00:20:00Z,scarperia,10,1.96,0.397,0.0,0.0,45,508,ok,2026-10-08T00:36:01Z
2026-10-08T00:25:00Z,scarperia,10,2.95,0.461,0.0,10.0,281,508,ok,2026-10-08T00:36:01Z
2026-10-08T00:30:00Z,scarperia,10,3.55,0.443,0.0,8.6,298,508,ok,2026-10-08T00:46:11Z
2026-10-08T00:35:00Z,scarperia,10,2.80,0.428,0.0,7.9,320,508,ok,2026-10-08T00:46:11Z
2026-10-08T00:40:00Z,scarperia,10,2.62,0.460,0.0,9.1,1,508,ok,2026-10-08T00:56:03Z
2026-10-08T00:45:00Z,scarperia,10,4.01,0.363,0.0,10.5,339,508,ok,2026-10-08T00:56:03Z
2026-10-08T00:50:00Z,scarperia,10,3.19,0.268,0.0,10.1,356,508,ok,2026-10-08T01:06:02Z
2026-10-08T00:55:00Z,scarperia,10,2.80,0.180,0.0,10.5,10,508,ok,2026-10-08T01:06:02Z
2026-10-08T01:00:00Z,scarperia,10,1.38,0.176,0.0,10.5,339,508,ok,2026-10-08T01:14:22Z
2026-10-08T01:05:00Z,scarperia,10,1.59,0.254,0.0,10.4,329,508,ok,2026-10-08T01:14:22Z
2026-10-08T01:10:00Z,scarperia,10,1.55,0.117,0.0,10.1,347,508,ok,2026-10-08T01:26:05Z
2026-10-08T01:15:00Z,scarperia,10,1.16,0.091,0.0,0.1,276,508,ok,2026-10-08T01:26:05Z
2026-10-08T01:20:00Z,scarperia,10,0.97,0.086,0.0,1.5,21,508,ok,2026-10-08T01:36:04Z
2026-10-08T01:25:00Z,scarperia,10,0.69,0.044,0.0,9.8,266,508,ok,2026-10-08T01:36:04Z
2026-10-08T01:30:00Z,scarperia,10,1.32,0.046,0.0,10.0,281,508,ok,2026-10-08T01:46:07Z
2026-10-08T01:35:00Z,scarperia,10,1.53,0.058,0.0,10.3,290,508,ok,2026-10-08T01:46:07Z
2026-10-08T01:40:00Z,scarperia,10,1.00,0.025,0.0,10.3,290,508,ok,2026-10-08T01:56:07Z
2026-10-08T01:45:00Z,scarperia,10,0.00,0.000,0.0,,,508,ok,2026-10-08T01:56:07Z
2026-10-08T01:50:00Z,scarperia,10,0.00,0.000,0.0,,,508,ok,2026-10-08T02:06:11Z
2026-10-08T01:55:00Z,scarperia,10,0.00,0.000,0.0,,,508,ok,2026-10-08T02:06:11Z
2026-10-08T02:00:00Z,scarperia,10,0.00,0.000,0.0,,,508,ok,2026-10-08T02:16:15Z
2026-10-08T02:05:00Z,scarperia,10,0.00,0.000,0.0,,,508,ok,2026-10-08T02:16:15Z
2026-10-08T02:10:00Z,scarperia,10,0.00,0.000,0.0,,,508,ok,2026-10-08T02:26:14Z
2026-10-08T02:15:00Z,scarperia,10,0.00,0.000,0.0,,,508,ok,2026-10-08T02:26:14Z
2026-10-08T02:20:00Z,scarperia,10,0.00,0.000,0.0,,,508,ok,2026-10-08T02:36:12Z
2026-10-08T02:25:00Z,scarperia,10,0.00,0.000,0.0,,,508,ok,2026-10-08T02:36:12Z
2026-10-08T02:30:00Z,scarperia,10,0.00,0.000,0.0,,,508,ok,2026-10-08T02:46:13Z
2026-10-08T02:35:00Z,scarperia,10,0.00,0.000,0.0,,,508,ok,2026-10-08T02:46:13Z
2026-10-08T02:40:00Z,scarperia,10,0.00,0.000,0.0,,,508,ok,2026-10-08T02:56:09Z
2026-10-08T02:45:00Z,scarperia,10,0.00,0.000,0.0,,,508,ok,2026-10-08T02:56:09Z
2026-10-08T02:50:00Z,scarperia,10,0.00,0.000,0.0,,,508,ok,2026-10-08T03:06:08Z
2026-10-08T02:55:00Z,scarperia,10,0.00,0.000,0.0,,,508,ok,2026-10-08T03:06:08Z
2026-10-08T03:00:00Z,scarperia,10,0.00,0.000,0.0,,,508,ok,2026-10-08T03:15:59Z
2026-10-08T03:05:00Z,scarperia,10,0.00,0.000,0.0,,,508,ok,2026-10-08T03:15:59Z
2026-10-08T03:10:00Z,scarperia,10,0.00,0.000,0.0,,,508,ok,2026-10-08T03:26:11Z
2026-10-08T03:15:00Z,scarperia,10,0.00,0.000,0.0,,,508,ok,2026-10-08T03:26:11Z
2026-10-08T03:20:00Z,scarperia,10,0.00,0.000,0.0,,,508,ok,2026-10-08T03:36:09Z
2026-10-08T03:25:00Z,scarperia,10,2.10,0.054,0.0,10.1,257,508,ok,2026-10-08T03:36:09Z
2026-10-08T03:30:00Z,scarperia,10,6.21,0.352,0.4,10.1,257,508,ok,2026-10-08T03:46:24Z
2026-10-08T03:35:00Z,scarperia,10,9.16,0.506,3.0,9.8,271,508,ok,2026-10-08T03:46:24Z
2026-10-08T03:40:00Z,scarperia,10,5.74,0.613,4.7,9.9,276,508,ok,2026-10-08T03:56:16Z
2026-10-08T03:45:00Z,scarperia,10,20.87,1.070,3.5,10.3,290,508,ok,2026-10-08T03:56:16Z
2026-10-08T03:50:00Z,scarperia,10,2.05,0.282,0.0,9.8,266,508,ok,2026-10-08T04:06:03Z
2026-10-08T03:55:00Z,scarperia,10,1.16,0.065,0.0,9.9,276,508,ok,2026-10-08T04:06:03Z
2026-10-08T04:00:00Z,scarperia,10,0.70,0.025,0.0,8.1,288,508,ok,2026-10-08T04:16:07Z
2026-10-08T04:05:00Z,scarperia,10,1.69,0.106,0.0,9.7,137,508,ok,2026-10-08T04:16:07Z
2026-10-08T04:10:00Z,scarperia,10,2.75,0.186,0.0,10.1,257,508,ok,2026-10-08T04:26:05Z
2026-10-08T04:15:00Z,scarperia,10,6.61,0.437,0.8,10.4,252,508,ok,2026-10-08T04:26:05Z
2026-10-08T04:20:00Z,scarperia,10,10.52,0.903,5.7,10.4,252,508,ok,2026-10-08T04:36:07Z
2026-10-08T04:25:00Z,scarperia,10,10.80,1.153,6.1,9.8,266,508,ok,2026-10-08T04:36:07Z
2026-10-08T04:30:00Z,scarperia,10,10.73,1.357,7.9,9.8,266,508,ok,2026-10-08T04:46:13Z
2026-10-08T04:35:00Z,scarperia,10,19.10,1.771,6.5,0.3,5,508,ok,2026-10-08T04:46:13Z
2026-10-08T04:40:00Z,scarperia,10,18.01,2.027,8.3,10.5,294,508,ok,2026-10-08T04:56:03Z
2026-10-08T04:45:00Z,scarperia,10,49.47,3.217,17.1,10.5,198,508,ok,2026-10-08T04:56:03Z
2026-10-08T04:50:00Z,scarperia,10,9.80,2.235,14.8,9.8,271,508,ok,2026-10-08T05:06:08Z
2026-10-08T04:55:00Z,scarperia,10,9.98,2.378,7.9,9.8,266,508,ok,2026-10-08T05:06:08Z
2026-10-08T05:00:00Z,scarperia,10,9.67,2.344,8.7,9.8,271,508,ok,2026-10-08T05:16:02Z
2026-10-08T05:05:00Z,scarperia,10,4.82,1.982,0.0,0.0,304,508,ok,2026-10-08T05:16:02Z
2026-10-08T05:10:00Z,scarperia,10,3.40,1.355,0.0,0.7,10,508,ok,2026-10-08T05:26:12Z
2026-10-08T05:15:00Z,scarperia,10,2.46,0.677,0.0,10.5,339,508,ok,2026-10-08T05:26:12Z
2026-10-08T05:20:00Z,scarperia,10,0.97,0.202,0.0,10.1,356,508,ok,2026-10-08T05:36:14Z
2026-10-08T05:25:00Z,scarperia,10,0.47,0.009,0.0,10.6,65,508,ok,2026-10-08T05:36:14Z
2026-10-08T05:30:00Z,scarperia,10,0.00,0.000,0.0,,,508,ok,2026-10-08T05:46:07Z
2026-10-08T05:35:00Z,scarperia,10,0.00,0.000,0.0,,,508,ok,2026-10-08T05:46:07Z
2026-10-08T05:40:00Z,scarperia,10,0.00,0.000,0.0,,,508,ok,2026-10-08T05:56:05Z
2026-10-08T05:45:00Z,scarperia,10,0.00,0.000,0.0,,,508,ok,2026-10-08T05:56:05Z
2026-10-08T05:50:00Z,scarperia,10,0.00,0.000,0.0,,,508,ok,2026-10-08T06:06:22Z
2026-10-08T05:55:00Z,scarperia,10,0.00,0.000,0.0,,,508,ok,2026-10-08T06:06:22Z
2026-10-08T06:00:00Z,scarperia,10,0.00,0.000,0.0,,,508,ok,2026-10-08T06:16:03Z
2026-10-08T06:05:00Z,scarperia,10,0.00,0.000,0.0,,,508,ok,2026-10-08T06:16:03Z
2026-10-08T06:10:00Z,scarperia,10,0.00,0.000,0.0,,,508,ok,2026-10-08T06:26:18Z
2026-10-08T06:15:00Z,scarperia,10,0.00,0.000,0.0,,,508,ok,2026-10-08T06:26:18Z
2026-10-08T06:20:00Z,scarperia,10,0.00,0.000,0.0,,,508,ok,2026-10-08T06:36:10Z
2026-10-08T06:25:00Z,scarperia,10,0.00,0.000,0.0,,,508,ok,2026-10-08T06:36:10Z
2026-10-08T06:30:00Z,scarperia,10,0.00,0.000,0.0,,,508,ok,2026-10-08T06:44:37Z
2026-10-08T06:35:00Z,scarperia,10,0.00,0.000,0.0,,,508,ok,2026-10-08T06:44:37Z
2026-10-08T06:40:00Z,scarperia,10,0.00,0.000,0.0,,,508,ok,2026-10-08T06:56:10Z
2026-10-08T06:45:00Z,scarperia,10,0.00,0.000,0.0,,,508,ok,2026-10-08T06:56:10Z
2026-10-08T06:50:00Z,scarperia,10,0.00,0.000,0.0,,,508,ok,2026-10-08T07:06:18Z
2026-10-08T06:55:00Z,scarperia,10,0.00,0.000,0.0,,,508,ok,2026-10-08T07:06:18Z
2026-10-08T07:00:00Z,scarperia,10,0.00,0.000,0.0,,,508,ok,2026-10-08T07:16:08Z
2026-10-08T07:05:00Z,scarperia,10,0.00,0.000,0.0,,,508,ok,2026-10-08T07:16:08Z
2026-10-08T07:10:00Z,scarperia,10,0.00,0.000,0.0,,,508,ok,2026-10-08T07:26:15Z
2026-10-08T07:15:00Z,scarperia,10,0.00,0.000,0.0,,,508,ok,2026-10-08T07:26:15Z
2026-10-08T07:20:00Z,scarperia,10,0.00,0.000,0.0,,,508,ok,2026-10-08T07:33:44Z
2026-10-08T07:25:00Z,scarperia,10,0.73,0.021,0.0,2.1,150,508,ok,2026-10-08T07:33:44Z
2026-10-08T07:30:00Z,scarperia,10,1.10,0.038,0.0,8.7,237,508,ok,2026-10-08T07:46:19Z
2026-10-08T07:35:00Z,scarperia,10,1.26,0.085,0.0,2.1,225,508,ok,2026-10-08T07:46:19Z
2026-10-08T07:40:00Z,scarperia,10,1.37,0.062,0.0,0.7,224,508,ok,2026-10-08T07:56:32Z
2026-10-08T07:45:00Z,scarperia,10,0.88,0.033,0.0,0.7,10,508,ok,2026-10-08T07:56:32Z
2026-10-08T07:50:00Z,scarperia,10,4.63,0.257,0.0,7.0,284,508,ok,2026-10-08T08:06:32Z
2026-10-08T07:55:00Z,scarperia,10,8.07,0.612,5.3,8.9,276,508,ok,2026-10-08T08:06:32Z
2026-10-08T08:00:00Z,scarperia,10,8.64,0.801,6.5,7.9,277,508,ok,2026-10-08T08:16:41Z
2026-10-08T08:05:00Z,scarperia,10,10.09,0.782,4.7,10.0,281,508,ok,2026-10-08T08:16:41Z
2026-10-08T08:10:00Z,scarperia,10,7.43,0.671,4.1,7.3,308,508,ok,2026-10-08T08:26:32Z
2026-10-08T08:15:00Z,scarperia,10,4.39,0.346,0.0,7.9,313,508,ok,2026-10-08T08:26:32Z
2026-10-08T08:20:00Z,scarperia,10,1.61,0.110,0.0,7.4,338,508,ok,2026-10-08T08:36:42Z
2026-10-08T08:25:00Z,scarperia,10,0.90,0.015,0.0,10.2,6,508,ok,2026-10-08T08:36:42Z
2026-10-08T08:30:00Z,scarperia,10,0.00,0.000,0.0,,,508,ok,2026-10-08T08:46:42Z
2026-10-08T08:35:00Z,scarperia,10,0.00,0.000,0.0,,,508,ok,2026-10-08T08:46:42Z
2026-10-08T08:40:00Z,scarperia,10,0.00,0.000,0.0,,,508,ok,2026-10-08T08:56:35Z
2026-10-08T08:45:00Z,scarperia,10,0.00,0.000,0.0,,,508,ok,2026-10-08T08:56:35Z
2026-10-08T08:50:00Z,scarperia,10,0.00,0.000,0.0,,,508,ok,2026-10-08T09:06:36Z
2026-10-08T08:55:00Z,scarperia,10,0.00,0.000,0.0,,,508,ok,2026-10-08T09:06:36Z
2026-10-08T09:00:00Z,scarperia,10,0.00,0.000,0.0,,,508,ok,2026-10-08T09:16:32Z
2026-10-08T09:05:00Z,scarperia,10,0.00,0.000,0.0,,,508,ok,2026-10-08T09:16:32Z
2026-10-08T09:10:00Z,scarperia,10,0.00,0.000,0.0,,,508,ok,2026-10-08T09:26:43Z
2026-10-08T09:15:00Z,scarperia,10,0.00,0.000,0.0,,,508,ok,2026-10-08T09:26:43Z
2026-10-08T09:20:00Z,scarperia,10,0.00,0.000,0.0,,,508,ok,2026-10-08T09:36:30Z
2026-10-08T09:25:00Z,scarperia,10,0.92,0.012,0.0,10.5,294,508,ok,2026-10-08T09:36:30Z
2026-10-08T09:30:00Z,scarperia,10,1.24,0.073,0.0,10.5,294,508,ok,2026-10-08T09:46:32Z
2026-10-08T09:35:00Z,scarperia,10,2.48,0.229,0.0,10.5,294,508,ok,2026-10-08T09:46:32Z
2026-10-08T09:40:00Z,scarperia,10,2.84,0.644,0.0,10.5,294,508,ok,2026-10-08T09:56:41Z
2026-10-08T09:45:00Z,scarperia,10,10.49,0.987,0.6,10.1,323,508,ok,2026-10-08T09:56:41Z
2026-10-08T09:50:00Z,scarperia,10,45.44,1.591,3.7,10.5,339,508,ok,2026-10-08T10:06:37Z
2026-10-08T09:55:00Z,scarperia,10,4.47,1.046,0.0,4.8,88,508,ok,2026-10-08T10:06:37Z
2026-10-08T10:00:00Z,scarperia,10,3.28,1.254,0.0,10.5,294,508,ok,2026-10-08T10:16:29Z
2026-10-08T10:05:00Z,scarperia,10,10.97,1.898,5.1,9.3,34,508,ok,2026-10-08T10:16:29Z
2026-10-08T10:10:00Z,scarperia,10,6.05,1.778,1.8,10.5,294,508,ok,2026-10-08T10:26:38Z
2026-10-08T10:15:00Z,scarperia,10,6.51,2.036,2.8,10.5,294,508,ok,2026-10-08T10:26:38Z
2026-10-08T10:20:00Z,scarperia,10,3.55,1.767,0.0,10.2,6,508,ok,2026-10-08T10:36:28Z
2026-10-08T10:25:00Z,scarperia,10,43.59,2.364,2.4,8.7,30,508,ok,2026-10-08T10:36:28Z
2026-10-08T10:30:00Z,scarperia,10,2.99,1.286,0.0,9.9,261,508,ok,2026-10-08T10:46:29Z
2026-10-08T10:35:00Z,scarperia,10,3.76,1.218,0.0,10.4,252,508,ok,2026-10-08T10:46:29Z
2026-10-08T10:40:00Z,scarperia,10,5.75,1.333,1.0,10.5,198,508,ok,2026-10-08T10:56:27Z
2026-10-08T10:45:00Z,scarperia,10,7.92,1.755,6.9,9.3,194,508,ok,2026-10-08T10:56:27Z
2026-10-08T10:50:00Z,scarperia,10,11.95,1.963,6.9,10.2,193,508,ok,2026-10-08T11:06:31Z
2026-10-08T10:55:00Z,scarperia,10,14.56,2.177,12.4,10.0,189,508,ok,2026-10-08T11:06:31Z
2026-10-08T11:00:00Z,scarperia,10,38.42,2.556,13.0,9.7,174,508,ok,2026-10-08T11:16:34Z
2026-10-08T11:05:00Z,scarperia,10,38.42,2.134,12.4,9.7,174,508,ok,2026-10-08T11:16:34Z
2026-10-08T11:10:00Z,scarperia,10,15.32,1.392,10.2,10.2,150,508,ok,2026-10-08T11:26:30Z
2026-10-08T11:15:00Z,scarperia,10,14.63,0.802,6.5,10.5,140,508,ok,2026-10-08T11:26:30Z
2026-10-08T11:20:00Z,scarperia,10,15.24,0.407,3.3,10.6,121,508,ok,2026-10-08T11:36:26Z
2026-10-08T11:25:00Z,scarperia,10,1.92,0.010,0.0,10.5,111,508,ok,2026-10-08T11:36:26Z
2026-10-08T11:30:00Z,scarperia,10,0.68,0.005,0.0,9.8,169,508,ok,2026-10-08T11:46:40Z
2026-10-08T11:35:00Z,scarperia,10,1.21,0.012,0.0,10.6,156,508,ok,2026-10-08T11:46:40Z
2026-10-08T11:40:00Z,scarperia,10,0.59,0.006,0.0,10.5,140,508,ok,2026-10-08T11:56:41Z
2026-10-08T11:45:00Z,scarperia,10,0.00,0.000,0.0,,,508,ok,2026-10-08T11:56:41Z
2026-10-08T11:50:00Z,scarperia,10,0.55,0.013,0.0,10.1,215,508,ok,2026-10-08T12:06:31Z
2026-10-08T11:55:00Z,scarperia,10,0.57,0.038,0.0,10.6,225,508,ok,2026-10-08T12:06:31Z
2026-10-08T12:00:00Z,scarperia,10,0.46,0.034,0.0,5.5,202,508,ok,2026-10-08T12:16:39Z
2026-10-08T12:05:00Z,scarperia,10,0.88,0.031,0.0,10.0,189,508,ok,2026-10-08T12:16:39Z
2026-10-08T12:10:00Z,scarperia,10,1.46,0.037,0.0,10.2,160,508,ok,2026-10-08T12:26:36Z
2026-10-08T12:15:00Z,scarperia,10,1.17,0.026,0.0,10.4,134,508,ok,2026-10-08T12:26:36Z
2026-10-08T12:20:00Z,scarperia,10,1.30,0.014,0.0,9.8,169,508,ok,2026-10-08T12:36:31Z
2026-10-08T12:25:00Z,scarperia,10,1.62,0.072,0.0,9.9,165,508,ok,2026-10-08T12:36:31Z
2026-10-08T12:30:00Z,scarperia,10,1.41,0.077,0.0,10.2,150,508,ok,2026-10-08T12:46:40Z
2026-10-08T12:35:00Z,scarperia,10,0.81,0.019,0.0,10.4,134,508,ok,2026-10-08T12:46:40Z
2026-10-08T12:40:00Z,scarperia,10,0.00,0.000,0.0,,,508,ok,2026-10-08T12:56:34Z
2026-10-08T12:45:00Z,scarperia,10,0.00,0.000,0.0,,,508,ok,2026-10-08T12:56:34Z
2026-10-08T12:50:00Z,scarperia,10,0.00,0.000,0.0,,,508,ok,2026-10-08T13:07:04Z
2026-10-08T12:55:00Z,scarperia,10,1.02,0.013,0.0,9.8,271,508,ok,2026-10-08T13:07:04Z
2026-10-08T13:00:00Z,scarperia,10,0.68,0.005,0.0,10.0,281,508,ok,2026-10-08T13:16:25Z
2026-10-08T13:05:00Z,scarperia,10,0.00,0.000,0.0,,,508,ok,2026-10-08T13:16:25Z
2026-10-08T13:10:00Z,scarperia,10,0.00,0.000,0.0,,,508,ok,2026-10-08T13:26:33Z
2026-10-08T13:15:00Z,scarperia,10,0.98,0.036,0.0,10.1,235,508,ok,2026-10-08T13:26:33Z
2026-10-08T13:20:00Z,scarperia,10,2.15,0.114,0.0,9.9,228,508,ok,2026-10-08T13:36:36Z
2026-10-08T13:25:00Z,scarperia,10,8.90,0.310,1.6,7.1,229,508,ok,2026-10-08T13:36:36Z
2026-10-08T13:30:00Z,scarperia,10,6.11,0.392,0.8,5.1,237,508,ok,2026-10-08T13:46:47Z
2026-10-08T13:35:00Z,scarperia,10,4.11,0.310,0.0,0.2,173,508,ok,2026-10-08T13:46:47Z
2026-10-08T13:40:00Z,scarperia,10,3.28,0.194,0.0,0.5,81,508,ok,2026-10-08T13:56:29Z
2026-10-08T13:45:00Z,scarperia,10,5.42,0.545,1.2,8.8,213,508,ok,2026-10-08T13:56:29Z
2026-10-08T13:50:00Z,scarperia,10,7.32,0.980,6.3,7.3,238,508,ok,2026-10-08T14:06:26Z
2026-10-08T13:55:00Z,scarperia,10,6.62,0.917,0.8,6.4,225,508,ok,2026-10-08T14:06:26Z
2026-10-08T14:00:00Z,scarperia,10,5.61,0.884,1.8,9.8,184,508,ok,2026-10-08T14:16:44Z
2026-10-08T14:05:00Z,scarperia,10,5.43,0.997,2.8,1.0,196,508,ok,2026-10-08T14:16:44Z
2026-10-08T14:10:00Z,scarperia,10,6.17,0.838,1.0,0.2,110,508,ok,2026-10-08T14:26:29Z
2026-10-08T14:15:00Z,scarperia,10,5.88,0.584,2.4,9.8,184,508,ok,2026-10-08T14:26:29Z
2026-10-08T14:20:00Z,scarperia,10,7.16,0.490,4.1,10.6,156,508,ok,2026-10-08T14:36:32Z
2026-10-08T14:25:00Z,scarperia,10,8.19,0.537,4.3,10.5,140,508,ok,2026-10-08T14:36:32Z
2026-10-08T14:30:00Z,scarperia,10,5.53,0.317,0.6,10.6,121,508,ok,2026-10-08T14:46:35Z
2026-10-08T14:35:00Z,scarperia,10,3.20,0.174,0.0,10.6,121,508,ok,2026-10-08T14:46:35Z
2026-10-08T14:40:00Z,scarperia,10,2.87,0.052,0.0,10.5,111,508,ok,2026-10-08T14:56:38Z
2026-10-08T14:45:00Z,scarperia,10,2.87,0.050,0.0,10.5,111,508,ok,2026-10-08T14:56:38Z
2026-10-08T14:50:00Z,scarperia,10,0.00,0.000,0.0,,,508,ok,2026-10-08T15:06:40Z
2026-10-08T14:55:00Z,scarperia,10,0.00,0.000,0.0,,,508,ok,2026-10-08T15:06:40Z
2026-10-08T15:00:00Z,scarperia,10,0.00,0.000,0.0,,,508,ok,2026-10-08T15:16:50Z
2026-10-08T15:05:00Z,scarperia,10,0.00,0.000,0.0,,,508,ok,2026-10-08T15:16:50Z
2026-10-08T15:10:00Z,scarperia,10,0.00,0.000,0.0,,,508,ok,2026-10-08T15:26:33Z
2026-10-08T15:15:00Z,scarperia,10,0.00,0.000,0.0,,,508,ok,2026-10-08T15:26:33Z
2026-10-08T15:20:00Z,scarperia,10,0.00,0.000,0.0,,,508,ok,2026-10-08T15:36:29Z
2026-10-08T15:25:00Z,scarperia,10,0.00,0.000,0.0,,,508,ok,2026-10-08T15:36:29Z
2026-10-08T15:30:00Z,scarperia,10,0.00,0.000,0.0,,,508,ok,2026-10-08T15:46:42Z
2026-10-08T15:35:00Z,scarperia,10,0.43,0.002,0.0,10.0,281,508,ok,2026-10-08T15:46:42Z
2026-10-08T15:40:00Z,scarperia,10,0.00,0.000,0.0,,,508,ok,2026-10-08T15:56:27Z
2026-10-08T15:45:00Z,scarperia,10,0.00,0.000,0.0,,,508,ok,2026-10-08T15:56:27Z
2026-10-08T15:50:00Z,scarperia,10,0.00,0.000,0.0,,,508,ok,2026-10-08T16:06:36Z
2026-10-08T15:55:00Z,scarperia,10,0.00,0.000,0.0,,,508,ok,2026-10-08T16:06:36Z
2026-10-08T16:00:00Z,scarperia,10,0.00,0.000,0.0,,,508,ok,2026-10-08T16:16:41Z
2026-10-08T16:05:00Z,scarperia,10,0.00,0.000,0.0,,,508,ok,2026-10-08T16:16:41Z
2026-10-08T16:10:00Z,scarperia,10,0.00,0.000,0.0,,,508,ok,2026-10-08T16:26:36Z
2026-10-08T16:15:00Z,scarperia,10,0.00,0.000,0.0,,,508,ok,2026-10-08T16:26:36Z
2026-10-08T16:20:00Z,scarperia,10,0.00,0.000,0.0,,,508,ok,2026-10-08T16:36:27Z
2026-10-08T16:25:00Z,scarperia,10,0.00,0.000,0.0,,,508,ok,2026-10-08T16:36:27Z
2026-10-08T16:30:00Z,scarperia,10,0.00,0.000,0.0,,,508,ok,2026-10-08T16:46:39Z
2026-10-08T16:35:00Z,scarperia,10,0.00,0.000,0.0,,,508,ok,2026-10-08T16:46:39Z
2026-10-08T16:40:00Z,scarperia,10,0.00,0.000,0.0,,,508,ok,2026-10-08T16:56:36Z
2026-10-08T16:45:00Z,scarperia,10,0.00,0.000,0.0,,,508,ok,2026-10-08T16:56:36Z
2026-10-08T16:50:00Z,scarperia,10,0.00,0.000,0.0,,,508,ok,2026-10-08T17:06:33Z
2026-10-08T16:55:00Z,scarperia,10,0.00,0.000,0.0,,,508,ok,2026-10-08T17:06:33Z
2026-10-08T17:00:00Z,scarperia,10,0.00,0.000,0.0,,,508,ok,2026-10-08T17:16:37Z
2026-10-08T17:05:00Z,scarperia,10,0.00,0.000,0.0,,,508,ok,2026-10-08T17:16:37Z
2026-10-08T17:10:00Z,scarperia,10,0.44,0.002,0.0,10.3,290,508,ok,2026-10-08T17:26:28Z
2026-10-08T17:15:00Z,scarperia,10,1.29,0.028,0.0,10.3,290,508,ok,2026-10-08T17:26:28Z
2026-10-08T17:20:00Z,scarperia,10,2.63,0.228,0.0,10.0,189,508,ok,2026-10-08T17:36:29Z
2026-10-08T17:25:00Z,scarperia,10,3.64,0.635,0.0,9.9,228,508,ok,2026-10-08T17:36:29Z
2026-10-08T17:30:00Z,scarperia,10,6.47,0.978,4.9,8.5,221,508,ok,2026-10-08T17:46:38Z
2026-10-08T17:35:00Z,scarperia,10,7.02,1.283,5.1,6.8,206,508,ok,2026-10-08T17:46:38Z
2026-10-08T17:40:00Z,scarperia,10,9.77,1.537,9.3,10.6,225,508,ok,2026-10-08T17:56:40Z
2026-10-08T17:45:00Z,scarperia,10,6.92,1.284,9.3,4.2,197,508,ok,2026-10-08T17:56:40Z
2026-10-08T17:50:00Z,scarperia,10,8.09,1.144,3.9,10.4,208,508,ok,2026-10-08T18:06:31Z
2026-10-08T17:55:00Z,scarperia,10,9.86,1.235,7.3,9.9,222,508,ok,2026-10-08T18:06:31Z
2026-10-08T18:00:00Z,scarperia,10,8.99,1.152,8.7,6.8,206,508,ok,2026-10-08T18:16:45Z
2026-10-08T18:05:00Z,scarperia,10,6.88,1.036,3.5,2.7,178,508,ok,2026-10-08T18:16:45Z
2026-10-08T18:10:00Z,scarperia,10,5.48,1.007,1.8,1.7,162,508,ok,2026-10-08T18:26:31Z
2026-10-08T18:15:00Z,scarperia,10,3.72,0.793,0.0,2.1,150,508,ok,2026-10-08T18:26:31Z
2026-10-08T18:20:00Z,scarperia,10,2.88,0.628,0.0,2.7,178,508,ok,2026-10-08T18:36:39Z
2026-10-08T18:25:00Z,scarperia,10,4.24,0.624,0.0,9.7,174,508,ok,2026-10-08T18:36:39Z
2026-10-08T18:30:00Z,scarperia,10,6.03,0.360,0.2,9.8,184,508,ok,2026-10-08T18:46:34Z
2026-10-08T18:35:00Z,scarperia,10,6.07,0.282,2.2,9.0,163,508,ok,2026-10-08T18:46:34Z
2026-10-08T18:40:00Z,scarperia,10,5.49,0.403,2.4,8.0,149,508,ok,2026-10-08T18:56:36Z
2026-10-08T18:45:00Z,scarperia,10,4.80,0.301,0.0,9.3,148,508,ok,2026-10-08T18:56:36Z
2026-10-08T18:50:00Z,scarperia,10,3.70,0.146,0.0,10.4,134,508,ok,2026-10-08T19:07:14Z
2026-10-08T18:55:00Z,scarperia,10,1.79,0.023,0.0,10.6,121,508,ok,2026-10-08T19:07:14Z
2026-10-08T19:00:00Z,scarperia,10,0.00,0.000,0.0,,,508,ok,2026-10-08T19:16:34Z
2026-10-08T19:05:00Z,scarperia,10,0.00,0.000,0.0,,,508,ok,2026-10-08T19:16:34Z
2026-10-08T19:10:00Z,scarperia,10,0.00,0.000,0.0,,,508,ok,2026-10-08T19:26:29Z
2026-10-08T19:15:00Z,scarperia,10,0.00,0.000,0.0,,,508,ok,2026-10-08T19:26:29Z
2026-10-08T19:20:00Z,scarperia,10,0.00,0.000,0.0,,,508,ok,2026-10-08T19:36:26Z
2026-10-08T19:25:00Z,scarperia,10,0.00,0.000,0.0,,,508,ok,2026-10-08T19:36:26Z
2026-10-08T19:30:00Z,scarperia,10,0.00,0.000,0.0,,,508,ok,2026-10-08T19:46:41Z
2026-10-08T19:35:00Z,scarperia,10,0.00,0.000,0.0,,,508,ok,2026-10-08T19:46:41Z
2026-10-08T19:40:00Z,scarperia,10,0.00,0.000,0.0,,,508,ok,2026-10-08T19:56:28Z
2026-10-08T19:45:00Z,scarperia,10,0.00,0.000,0.0,,,508,ok,2026-10-08T19:56:28Z
2026-10-08T19:50:00Z,scarperia,10,0.00,0.000,0.0,,,508,ok,2026-10-08T20:06:25Z
2026-10-08T19:55:00Z,scarperia,10,1.65,0.066,0.0,10.0,204,508,ok,2026-10-08T20:06:25Z
2026-10-08T20:00:00Z,scarperia,10,2.18,0.236,0.0,8.3,196,508,ok,2026-10-08T20:16:30Z
2026-10-08T20:05:00Z,scarperia,10,2.34,0.243,0.0,4.7,170,508,ok,2026-10-08T20:16:30Z
2026-10-08T20:10:00Z,scarperia,10,5.10,0.386,1.2,10.2,150,508,ok,2026-10-08T20:26:23Z
2026-10-08T20:15:00Z,scarperia,10,10.16,0.459,3.5,9.8,184,508,ok,2026-10-08T20:26:23Z
2026-10-08T20:20:00Z,scarperia,10,9.69,0.495,5.5,7.1,160,508,ok,2026-10-08T20:36:30Z
2026-10-08T20:25:00Z,scarperia,10,7.07,0.363,3.7,9.9,144,508,ok,2026-10-08T20:36:30Z
2026-10-08T20:30:00Z,scarperia,10,3.84,0.146,0.0,8.5,145,508,ok,2026-10-08T20:39:07Z
2026-10-08T20:35:00Z,scarperia,10,3.55,0.122,0.0,8.3,130,508,ok,2026-10-08T20:51:22Z
2026-10-08T20:40:00Z,scarperia,10,2.01,0.050,0.0,9.0,126,508,ok,2026-10-08T20:51:22Z
2026-10-08T20:45:00Z,scarperia,10,0.62,0.002,0.0,10.5,111,508,ok,2026-10-08T21:01:51Z
2026-10-08T20:50:00Z,scarperia,10,0.45,0.002,0.0,10.2,107,508,ok,2026-10-08T21:01:51Z
2026-10-08T20:55:00Z,scarperia,10,0.00,0.000,0.0,,,508,ok,2026-10-08T21:11:32Z
2026-10-08T21:00:00Z,scarperia,10,0.68,0.006,0.0,10.3,242,508,ok,2026-10-08T21:11:32Z
2026-10-08T21:05:00Z,scarperia,10,1.00,0.042,0.0,8.1,254,508,ok,2026-10-08T21:21:25Z
2026-10-08T21:10:00Z,scarperia,10,0.81,0.027,0.0,5.8,264,508,ok,2026-10-08T21:21:25Z
2026-10-08T21:15:00Z,scarperia,10,0.34,0.007,0.0,3.7,311,508,ok,2026-10-08T21:31:36Z
2026-10-08T21:20:00Z,scarperia,10,0.00,0.000,0.0,,,508,ok,2026-10-08T21:31:36Z
2026-10-08T21:25:00Z,scarperia,10,0.00,0.000,0.0,,,508,ok,2026-10-08T21:41:23Z
2026-10-08T21:30:00Z,scarperia,10,0.00,0.000,0.0,,,508,ok,2026-10-08T21:41:23Z
2026-10-08T21:35:00Z,scarperia,10,0.77,0.024,0.0,9.7,137,508,ok,2026-10-08T21:51:35Z
2026-10-08T21:40:00Z,scarperia,10,2.72,0.036,0.0,10.6,225,508,ok,2026-10-08T21:51:35Z
2026-10-08T21:45:00Z,scarperia,10,2.39,0.063,0.0,9.5,239,508,ok,2026-10-08T22:01:48Z
2026-10-08T21:50:00Z,scarperia,10,5.30,0.269,0.8,10.5,294,508,ok,2026-10-08T22:01:48Z
2026-10-08T21:55:00Z,scarperia,10,12.44,0.589,0.8,10.5,294,508,ok,2026-10-08T22:11:35Z
2026-10-08T22:00:00Z,scarperia,10,10.56,1.123,6.1,10.5,294,508,ok,2026-10-08T22:11:35Z
2026-10-08T22:05:00Z,scarperia,10,10.39,1.652,9.3,9.8,266,508,ok,2026-10-08T22:21:31Z
2026-10-08T22:10:00Z,scarperia,10,11.30,2.400,16.9,9.8,271,508,ok,2026-10-08T22:21:31Z
2026-10-08T22:15:00Z,scarperia,10,18.13,3.972,27.6,8.5,229,508,ok,2026-10-08T22:31:36Z
2026-10-08T22:20:00Z,scarperia,10,21.68,4.725,30.5,4.3,232,508,ok,2026-10-08T22:31:36Z
2026-10-08T22:25:00Z,scarperia,10,24.71,5.017,37.2,2.3,245,508,ok,2026-10-08T22:41:25Z
2026-10-08T22:30:00Z,scarperia,10,21.53,5.283,44.7,0.9,254,508,ok,2026-10-08T22:41:25Z
2026-10-08T22:35:00Z,scarperia,10,13.35,5.436,47.2,0.7,10,508,ok,2026-10-08T22:51:35Z
2026-10-08T22:40:00Z,scarperia,10,13.32,4.946,41.7,2.2,56,508,ok,2026-10-08T22:51:35Z
2026-10-08T22:45:00Z,scarperia,10,11.47,4.555,39.4,3.6,53,508,ok,2026-10-08T23:01:47Z
2026-10-08T22:50:00Z,scarperia,10,10.80,4.667,40.4,0.4,85,508,ok,2026-10-08T23:01:47Z
2026-10-08T22:55:00Z,scarperia,10,9.99,2.493,14.2,9.9,222,508,ok,2026-10-08T23:11:25Z
2026-10-08T23:00:00Z,scarperia,10,12.03,2.839,19.1,10.6,225,508,ok,2026-10-08T23:11:25Z
2026-10-08T23:05:00Z,scarperia,10,36.34,4.759,26.4,7.3,238,508,ok,2026-10-08T23:21:34Z
2026-10-08T23:10:00Z,scarperia,10,24.33,3.822,29.7,2.0,300,508,ok,2026-10-08T23:21:34Z
2026-10-08T23:15:00Z,scarperia,10,26.79,4.295,35.0,2.0,287,508,ok,2026-10-08T23:31:49Z
2026-10-08T23:20:00Z,scarperia,10,9.46,2.416,22.4,10.0,316,508,ok,2026-10-08T23:31:49Z
2026-10-08T23:25:00Z,scarperia,10,6.84,1.723,6.9,9.8,271,508,ok,2026-10-08T23:41:26Z
2026-10-08T23:30:00Z,scarperia,10,5.18,1.113,1.6,8.9,276,508,ok,2026-10-08T23:41:26Z
2026-10-08T23:35:00Z,scarperia,10,4.34,0.996,0.0,9.3,313,508,ok,2026-10-08T23:51:30Z
2026-10-08T23:40:00Z,scarperia,10,4.70,0.788,0.0,10.1,310,508,ok,2026-10-08T23:51:30Z
2026-10-08T23:45:00Z,scarperia,10,4.82,0.567,0.0,10.5,294,508,ok,2026-10-09T00:02:08Z
2026-10-08T23:50:00Z,scarperia,10,4.06,0.438,0.0,10.5,294,508,ok,2026-10-09T00:02:08Z
2026-10-08T23:55:00Z,scarperia,10,5.68,0.261,0.6,10.1,310,508,ok,2026-10-09T00:11:44Z
2026-10-09T00:00:00Z,scarperia,10,4.67,0.217,0.0,10.4,304,508,ok,2026-10-09T00:11:44Z
2026-10-09T00:05:00Z,scarperia,10,1.19,0.013,0.0,10.1,323,508,ok,2026-10-09T00:21:38Z
2026-10-09T00:10:00Z,scarperia,10,0.00,0.000,0.0,,,508,ok,2026-10-09T00:21:38Z
2026-10-09T00:15:00Z,scarperia,10,0.00,0.000,0.0,,,508,ok,2026-10-09T00:31:49Z
2026-10-09T00:20:00Z,scarperia,10,0.00,0.000,0.0,,,508,ok,2026-10-09T00:31:49Z
2026-10-09T00:25:00Z,scarperia,10,0.00,0.000,0.0,,,508,ok,2026-10-09T00:40:32Z
2026-10-09T00:30:00Z,scarperia,10,0.00,0.000,0.0,,,508,ok,2026-10-09T00:40:32Z
2026-10-09T00:35:00Z,scarperia,10,0.00,0.000,0.0,,,508,ok,2026-10-09T00:51:31Z
2026-10-09T00:40:00Z,scarperia,10,0.00,0.000,0.0,,,508,ok,2026-10-09T00:51:31Z
2026-10-09T00:45:00Z,scarperia,10,0.00,0.000,0.0,,,508,ok,2026-10-09T01:01:53Z
2026-10-09T00:50:00Z,scarperia,10,1.34,0.012,0.0,10.5,198,508,ok,2026-10-09T01:01:53Z
2026-10-09T00:55:00Z,scarperia,10,1.70,0.061,0.0,10.5,198,508,ok,2026-10-09T01:11:50Z
2026-10-09T01:00:00Z,scarperia,10,1.66,0.111,0.0,4.7,178,508,ok,2026-10-09T01:11:50Z
2026-10-09T01:05:00Z,scarperia,10,1.63,0.137,0.0,6.9,185,508,ok,2026-10-09T01:21:42Z
2026-10-09T01:10:00Z,scarperia,10,2.14,0.251,0.0,5.7,178,508,ok,2026-10-09T01:21:42Z
2026-10-09T01:15:00Z,scarperia,10,2.43,0.242,0.0,4.4,151,508,ok,2026-10-09T01:31:45Z
2026-10-09T01:20:00Z,scarperia,10,2.57,0.313,0.0,9.8,184,508,ok,2026-10-09T01:31:45Z
2026-10-09T01:25:00Z,scarperia,10,4.97,0.632,0.0,10.6,156,508,ok,2026-10-09T01:41:46Z
2026-10-09T01:30:00Z,scarperia,10,5.94,1.086,3.0,10.5,140,508,ok,2026-10-09T01:41:46Z
2026-10-09T01:35:00Z,scarperia,10,7.95,1.542,4.3,9.9,144,508,ok,2026-10-09T01:51:39Z
2026-10-09T01:40:00Z,scarperia,10,7.45,1.703,6.3,10.4,134,508,ok,2026-10-09T01:51:39Z
2026-10-09T01:45:00Z,scarperia,10,6.30,1.787,6.9,10.4,252,508,ok,2026-10-09T02:02:32Z
2026-10-09T01:50:00Z,scarperia,10,8.15,1.890,6.5,10.4,252,508,ok,2026-10-09T02:02:32Z
2026-10-09T01:55:00Z,scarperia,10,7.43,1.815,5.1,9.8,266,508,ok,2026-10-09T02:12:01Z
2026-10-09T02:00:00Z,scarperia,10,7.91,1.492,4.7,9.8,271,508,ok,2026-10-09T02:12:01Z
2026-10-09T02:05:00Z,scarperia,10,6.38,1.120,4.9,10.3,290,508,ok,2026-10-09T02:22:10Z
2026-10-09T02:10:00Z,scarperia,10,6.89,0.896,5.9,9.5,296,508,ok,2026-10-09T02:22:10Z
2026-10-09T02:15:00Z,scarperia,10,8.53,0.823,5.9,10.1,310,508,ok,2026-10-09T02:32:02Z
2026-10-09T02:20:00Z,scarperia,10,9.05,0.699,5.1,10.1,310,508,ok,2026-10-09T02:32:02Z
2026-10-09T02:25:00Z,scarperia,10,5.88,0.394,1.2,10.0,316,508,ok,2026-10-09T02:41:57Z
2026-10-09T02:30:00Z,scarperia,10,3.79,0.189,0.0,10.4,329,508,ok,2026-10-09T02:41:57Z
2026-10-09T02:35:00Z,scarperia,10,2.73,0.073,0.0,10.4,329,508,ok,2026-10-09T02:51:38Z
2026-10-09T02:40:00Z,scarperia,10,0.74,0.016,0.0,10.5,339,508,ok,2026-10-09T02:51:38Z
2026-10-09T02:45:00Z,scarperia,10,0.18,0.000,0.0,10.5,339,508,ok,2026-10-09T03:02:01Z
2026-10-09T02:50:00Z,scarperia,10,0.00,0.000,0.0,,,508,ok,2026-10-09T03:02:01Z
2026-10-09T02:55:00Z,scarperia,10,0.00,0.000,0.0,,,508,ok,2026-10-09T03:11:45Z
2026-10-09T03:00:00Z,scarperia,10,0.00,0.000,0.0,,,508,ok,2026-10-09T03:11:45Z
2026-10-09T03:05:00Z,scarperia,10,0.00,0.000,0.0,,,508,ok,2026-10-09T03:21:54Z
2026-10-09T03:10:00Z,scarperia,10,0.00,0.000,0.0,,,508,ok,2026-10-09T03:21:54Z
2026-10-09T03:15:00Z,scarperia,10,0.00,0.000,0.0,,,508,ok,2026-10-09T03:31:59Z
2026-10-09T03:20:00Z,scarperia,10,0.00,0.000,0.0,,,508,ok,2026-10-09T03:31:59Z
2026-10-09T03:25:00Z,scarperia,10,0.00,0.000,0.0,,,508,ok,2026-10-09T03:41:57Z
2026-10-09T03:30:00Z,scarperia,10,0.00,0.000,0.0,,,508,ok,2026-10-09T03:41:57Z
2026-10-09T03:35:00Z,scarperia,10,0.00,0.000,0.0,,,508,ok,2026-10-09T03:51:42Z
2026-10-09T03:40:00Z,scarperia,10,0.00,0.000,0.0,,,508,ok,2026-10-09T03:51:42Z
2026-10-09T03:45:00Z,scarperia,10,0.00,0.000,0.0,,,508,ok,2026-10-09T04:01:55Z
2026-10-09T03:50:00Z,scarperia,10,0.00,0.000,0.0,,,508,ok,2026-10-09T04:01:55Z
2026-10-09T03:55:00Z,scarperia,10,0.00,0.000,0.0,,,508,ok,2026-10-09T04:11:57Z
2026-10-09T04:00:00Z,scarperia,10,0.00,0.000,0.0,,,508,ok,2026-10-09T04:11:57Z
2026-10-09T04:05:00Z,scarperia,10,0.00,0.000,0.0,,,508,ok,2026-10-09T04:21:41Z
2026-10-09T04:10:00Z,scarperia,10,0.00,0.000,0.0,,,508,ok,2026-10-09T04:21:41Z
2026-10-09T04:15:00Z,scarperia,10,0.00,0.000,0.0,,,508,ok,2026-10-09T04:31:50Z
2026-10-09T04:20:00Z,scarperia,10,0.00,0.000,0.0,,,508,ok,2026-10-09T04:31:50Z
2026-10-09T04:25:00Z,scarperia,10,0.00,0.000,0.0,,,508,ok,2026-10-09T04:41:54Z
2026-10-09T04:30:00Z,scarperia,10,0.00,0.000,0.0,,,508,ok,2026-10-09T04:41:54Z
2026-10-09T04:35:00Z,scarperia,10,0.00,0.000,0.0,,,508,ok,2026-10-09T04:51:42Z
2026-10-09T04:40:00Z,scarperia,10,0.00,0.000,0.0,,,508,ok,2026-10-09T04:51:42Z
2026-10-09T04:45:00Z,scarperia,10,0.00,0.000,0.0,,,508,ok,2026-10-09T05:02:25Z
2026-10-09T04:50:00Z,scarperia,10,0.00,0.000,0.0,,,508,ok,2026-10-09T05:02:25Z
2026-10-09T04:55:00Z,scarperia,10,0.00,0.000,0.0,,,508,ok,2026-10-09T05:11:49Z
2026-10-09T05:00:00Z,scarperia,10,0.00,0.000,0.0,,,508,ok,2026-10-09T05:11:49Z
2026-10-09T05:05:00Z,scarperia,10,0.00,0.000,0.0,,,508,ok,2026-10-09T05:22:00Z
2026-10-09T05:10:00Z,scarperia,10,0.00,0.000,0.0,,,508,ok,2026-10-09T05:22:00Z
2026-10-09T05:15:00Z,scarperia,10,0.00,0.000,0.0,,,508,ok,2026-10-09T05:31:58Z
2026-10-09T05:20:00Z,scarperia,10,0.00,0.000,0.0,,,508,ok,2026-10-09T05:31:58Z
2026-10-09T05:25:00Z,scarperia,10,0.00,0.000,0.0,,,508,ok,2026-10-09T05:41:44Z
2026-10-09T05:30:00Z,scarperia,10,0.00,0.000,0.0,,,508,ok,2026-10-09T05:41:44Z
2026-10-09T05:35:00Z,scarperia,10,0.00,0.000,0.0,,,508,ok,2026-10-09T05:51:54Z
2026-10-09T05:40:00Z,scarperia,10,0.00,0.000,0.0,,,508,ok,2026-10-09T05:51:54Z
2026-10-09T05:45:00Z,scarperia,10,0.00,0.000,0.0,,,508,ok,2026-10-09T06:01:48Z
2026-10-09T05:50:00Z,scarperia,10,0.00,0.000,0.0,,,508,ok,2026-10-09T06:01:48Z
2026-10-09T05:55:00Z,scarperia,10,0.00,0.000,0.0,,,508,ok,2026-10-09T06:11:25Z
2026-10-09T06:00:00Z,scarperia,10,0.00,0.000,0.0,,,508,ok,2026-10-09T06:11:25Z
2026-10-09T06:05:00Z,scarperia,10,0.00,0.000,0.0,,,508,ok,2026-10-09T06:21:38Z
2026-10-09T06:10:00Z,scarperia,10,0.00,0.000,0.0,,,508,ok,2026-10-09T06:21:38Z
2026-10-09T06:15:00Z,scarperia,10,0.00,0.000,0.0,,,508,ok,2026-10-09T06:32:01Z
2026-10-09T06:20:00Z,scarperia,10,0.00,0.000,0.0,,,508,ok,2026-10-09T06:32:01Z
2026-10-09T06:25:00Z,scarperia,10,0.00,0.000,0.0,,,508,ok,2026-10-09T06:42:03Z
2026-10-09T06:30:00Z,scarperia,10,0.00,0.000,0.0,,,508,ok,2026-10-09T06:42:03Z
2026-10-09T06:35:00Z,scarperia,10,0.00,0.000,0.0,,,508,ok,2026-10-09T06:47:07Z
2026-10-09T06:40:00Z,scarperia,10,0.00,0.000,0.0,,,508,ok,2026-10-09T06:56:42Z
2026-10-09T06:45:00Z,scarperia,10,0.00,0.000,0.0,,,508,ok,2026-10-09T06:56:42Z
2026-10-09T06:50:00Z,scarperia,10,0.00,0.000,0.0,,,508,ok,2026-10-09T07:06:38Z
2026-10-09T06:55:00Z,scarperia,10,0.00,0.000,0.0,,,508,ok,2026-10-09T07:06:38Z
2026-10-09T07:00:00Z,scarperia,10,0.00,0.000,0.0,,,508,ok,2026-10-09T07:16:53Z
2026-10-09T07:05:00Z,scarperia,10,0.00,0.000,0.0,,,508,ok,2026-10-09T07:16:53Z
2026-10-09T07:10:00Z,scarperia,10,0.00,0.000,0.0,,,508,ok,2026-10-09T07:26:57Z
2026-10-09T07:15:00Z,scarperia,10,0.00,0.000,0.0,,,508,ok,2026-10-09T07:26:57Z
2026-10-09T07:20:00Z,scarperia,10,0.00,0.000,0.0,,,508,ok,2026-10-09T07:36:33Z
2026-10-09T07:25:00Z,scarperia,10,0.00,0.000,0.0,,,508,ok,2026-10-09T07:36:33Z
2026-10-09T07:30:00Z,scarperia,10,0.00,0.000,0.0,,,508,ok,2026-10-09T07:47:04Z
2026-10-09T07:35:00Z,scarperia,10,0.00,0.000,0.0,,,508,ok,2026-10-09T07:47:04Z
2026-10-09T07:40:00Z,scarperia,10,0.00,0.000,0.0,,,508,ok,2026-10-09T07:56:50Z
2026-10-09T07:45:00Z,scarperia,10,0.00,0.000,0.0,,,508,ok,2026-10-09T07:56:50Z
2026-10-09T07:50:00Z,scarperia,10,0.00,0.000,0.0,,,508,ok,2026-10-09T08:06:34Z
2026-10-09T07:55:00Z,scarperia,10,0.00,0.000,0.0,,,508,ok,2026-10-09T08:06:34Z
2026-10-09T08:00:00Z,scarperia,10,0.00,0.000,0.0,,,508,ok,2026-10-09T08:16:52Z
2026-10-09T08:05:00Z,scarperia,10,0.00,0.000,0.0,,,508,ok,2026-10-09T08:16:52Z
2026-10-09T08:10:00Z,scarperia,10,0.00,0.000,0.0,,,508,ok,2026-10-09T08:26:49Z
2026-10-09T08:15:00Z,scarperia,10,0.00,0.000,0.0,,,508,ok,2026-10-09T08:26:49Z
2026-10-09T08:20:00Z,scarperia,10,0.00,0.000,0.0,,,508,ok,2026-10-09T08:36:46Z
2026-10-09T08:25:00Z,scarperia,10,0.00,0.000,0.0,,,508,ok,2026-10-09T08:36:46Z
2026-10-09T08:30:00Z,scarperia,10,0.00,0.000,0.0,,,508,ok,2026-10-09T08:46:44Z
2026-10-09T08:35:00Z,scarperia,10,0.00,0.000,0.0,,,508,ok,2026-10-09T08:46:44Z
2026-10-09T08:40:00Z,scarperia,10,0.00,0.000,0.0,,,508,ok,2026-10-09T08:56:33Z
2026-10-09T08:45:00Z,scarperia,10,0.00,0.000,0.0,,,508,ok,2026-10-09T08:56:33Z
2026-10-09T08:50:00Z,scarperia,10,0.00,0.000,0.0,,,508,ok,2026-10-09T09:06:35Z
2026-10-09T08:55:00Z,scarperia,10,0.00,0.000,0.0,,,508,ok,2026-10-09T09:06:35Z
2026-10-09T09:00:00Z,scarperia,10,0.00,0.000,0.0,,,508,ok,2026-10-09T09:16:44Z
2026-10-09T09:05:00Z,scarperia,10,0.00,0.000,0.0,,,508,ok,2026-10-09T09:16:44Z
2026-10-09T09:10:00Z,scarperia,10,0.00,0.000,0.0,,,508,ok,2026-10-09T09:26:48Z
2026-10-09T09:15:00Z,scarperia,10,0.00,0.000,0.0,,,508,ok,2026-10-09T09:26:48Z
2026-10-09T09:20:00Z,scarperia,10,0.00,0.000,0.0,,,508,ok,2026-10-09T09:36:41Z
2026-10-09T09:25:00Z,scarperia,10,0.00,0.000,0.0,,,508,ok,2026-10-09T09:36:41Z
2026-10-09T09:30:00Z,scarperia,10,0.00,0.000,0.0,,,508,ok,2026-10-09T09:46:47Z
2026-10-09T09:35:00Z,scarperia,10,0.00,0.000,0.0,,,508,ok,2026-10-09T09:46:47Z
2026-10-09T09:40:00Z,scarperia,10,0.00,0.000,0.0,,,508,ok,2026-10-09T09:56:34Z
2026-10-09T09:45:00Z,scarperia,10,0.00,0.000,0.0,,,508,ok,2026-10-09T09:56:34Z
2026-10-09T09:50:00Z,scarperia,10,0.00,0.000,0.0,,,508,ok,2026-10-09T10:06:33Z
2026-10-09T09:55:00Z,scarperia,10,0.00,0.000,0.0,,,508,ok,2026-10-09T10:06:33Z
2026-10-09T10:00:00Z,scarperia,10,0.00,0.000,0.0,,,508,ok,2026-10-09T10:16:56Z
2026-10-09T10:05:00Z,scarperia,10,0.00,0.000,0.0,,,508,ok,2026-10-09T10:16:56Z
2026-10-09T10:10:00Z,scarperia,10,0.00,0.000,0.0,,,508,ok,2026-10-09T10:26:30Z
2026-10-09T10:15:00Z,scarperia,10,0.00,0.000,0.0,,,508,ok,2026-10-09T10:26:30Z
2026-10-09T10:20:00Z,scarperia,10,0.00,0.000,0.0,,,508,ok,2026-10-09T10:36:28Z
2026-10-09T10:25:00Z,scarperia,10,0.00,0.000,0.0,,,508,ok,2026-10-09T10:36:28Z
2026-10-09T10:30:00Z,scarperia,10,0.00,0.000,0.0,,,508,ok,2026-10-09T10:46:39Z
2026-10-09T10:35:00Z,scarperia,10,0.00,0.000,0.0,,,508,ok,2026-10-09T10:46:39Z
2026-10-09T10:40:00Z,scarperia,10,0.00,0.000,0.0,,,508,ok,2026-10-09T10:56:31Z
2026-10-09T10:45:00Z,scarperia,10,0.00,0.000,0.0,,,508,ok,2026-10-09T10:56:31Z
2026-10-09T10:50:00Z,scarperia,10,0.00,0.000,0.0,,,508,ok,2026-10-09T11:06:45Z
2026-10-09T10:55:00Z,scarperia,10,0.21,0.002,0.0,8.0,83,508,ok,2026-10-09T11:06:45Z
2026-10-09T11:00:00Z,scarperia,10,1.16,0.024,0.0,8.3,78,508,ok,2026-10-09T11:16:50Z
2026-10-09T11:05:00Z,scarperia,10,1.61,0.057,0.0,6.5,75,508,ok,2026-10-09T11:16:50Z
2026-10-09T11:10:00Z,scarperia,10,1.89,0.133,0.0,7.8,49,508,ok,2026-10-09T11:26:33Z
2026-10-09T11:15:00Z,scarperia,10,1.87,0.155,0.0,8.6,53,508,ok,2026-10-09T11:26:33Z
2026-10-09T11:20:00Z,scarperia,10,2.63,0.210,0.0,7.1,45,508,ok,2026-10-09T11:36:43Z
2026-10-09T11:25:00Z,scarperia,10,3.53,0.256,0.0,8.0,58,508,ok,2026-10-09T11:36:43Z
2026-10-09T11:30:00Z,scarperia,10,3.42,0.209,0.0,9.2,49,508,ok,2026-10-09T11:46:40Z
2026-10-09T11:35:00Z,scarperia,10,2.89,0.170,0.0,10.6,42,508,ok,2026-10-09T11:46:40Z
2026-10-09T11:40:00Z,scarperia,10,2.99,0.111,0.0,9.6,337,508,ok,2026-10-09T11:56:33Z
2026-10-09T11:45:00Z,scarperia,10,4.39,0.065,0.0,9.9,333,508,ok,2026-10-09T11:56:33Z
2026-10-09T11:50:00Z,scarperia,10,4.36,0.015,0.0,10.4,329,508,ok,2026-10-09T12:06:36Z
2026-10-09T11:55:00Z,scarperia,10,0.17,0.001,0.0,10.4,329,508,ok,2026-10-09T12:06:36Z
2026-10-09T12:00:00Z,scarperia,10,0.00,0.000,0.0,,,508,ok,2026-10-09T12:16:45Z
2026-10-09T12:05:00Z,scarperia,10,0.00,0.000,0.0,,,508,ok,2026-10-09T12:16:45Z
2026-10-09T12:10:00Z,scarperia,10,0.16,0.000,0.0,10.5,339,508,ok,2026-10-09T12:26:36Z
2026-10-09T12:15:00Z,scarperia,10,0.00,0.000,0.0,,,508,ok,2026-10-09T12:26:36Z
2026-10-09T12:20:00Z,scarperia,10,0.00,0.000,0.0,,,508,ok,2026-10-09T12:37:02Z
2026-10-09T12:25:00Z,scarperia,10,0.00,0.000,0.0,,,508,ok,2026-10-09T12:37:02Z
2026-10-09T12:30:00Z,scarperia,10,0.00,0.000,0.0,,,508,ok,2026-10-09T12:46:56Z
2026-10-09T12:35:00Z,scarperia,10,0.00,0.000,0.0,,,508,ok,2026-10-09T12:46:56Z
2026-10-09T12:40:00Z,scarperia,10,0.00,0.000,0.0,,,508,ok,2026-10-09T12:56:41Z
2026-10-09T12:45:00Z,scarperia,10,0.00,0.000,0.0,,,508,ok,2026-10-09T12:56:41Z
2026-10-09T12:50:00Z,scarperia,10,0.00,0.000,0.0,,,508,ok,2026-10-09T13:06:40Z
2026-10-09T12:55:00Z,scarperia,10,0.55,0.008,0.0,10.2,150,508,ok,2026-10-09T13:06:40Z
2026-10-09T13:00:00Z,scarperia,10,0.95,0.021,0.0,10.5,140,508,ok,2026-10-09T13:16:50Z
2026-10-09T13:05:00Z,scarperia,10,1.53,0.069,0.0,10.5,140,508,ok,2026-10-09T13:16:50Z
2026-10-09T13:10:00Z,scarperia,10,1.49,0.108,0.0,10.5,140,508,ok,2026-10-09T13:26:50Z
2026-10-09T13:15:00Z,scarperia,10,2.09,0.181,0.0,10.5,140,508,ok,2026-10-09T13:26:50Z
2026-10-09T13:20:00Z,scarperia,10,2.96,0.355,0.0,10.5,140,508,ok,2026-10-09T13:36:48Z
2026-10-09T13:25:00Z,scarperia,10,3.22,0.560,0.0,8.0,149,508,ok,2026-10-09T13:36:48Z
2026-10-09T13:30:00Z,scarperia,10,3.85,0.735,0.0,7.7,95,508,ok,2026-10-09T13:47:09Z
2026-10-09T13:35:00Z,scarperia,10,3.07,0.637,0.0,5.2,155,508,ok,2026-10-09T13:47:09Z
2026-10-09T13:40:00Z,scarperia,10,4.22,0.630,0.0,3.9,159,508,ok,2026-10-09T13:52:46Z
2026-10-09T13:45:00Z,scarperia,10,2.78,0.507,0.0,2.1,150,508,ok,2026-10-09T13:52:46Z
2026-10-09T13:50:00Z,scarperia,10,2.93,0.417,0.0,0.2,204,508,ok,2026-10-09T14:03:26Z
2026-10-09T13:55:00Z,scarperia,10,2.22,0.306,0.0,0.7,10,508,ok,2026-10-09T14:03:26Z
2026-10-09T14:00:00Z,scarperia,10,2.08,0.295,0.0,2.1,349,508,ok,2026-10-09T14:12:28Z
2026-10-09T14:05:00Z,scarperia,10,6.64,0.282,0.4,10.1,235,508,ok,2026-10-09T14:22:16Z
2026-10-09T14:10:00Z,scarperia,10,18.28,0.431,2.4,10.1,356,508,ok,2026-10-09T14:22:16Z
2026-10-09T14:15:00Z,scarperia,10,12.82,0.338,1.6,10.4,252,508,ok,2026-10-09T14:32:20Z
2026-10-09T14:20:00Z,scarperia,10,8.12,0.221,2.0,10.4,252,508,ok,2026-10-09T14:32:20Z
2026-10-09T14:25:00Z,scarperia,10,3.38,0.050,0.0,10.3,290,508,ok,2026-10-09T14:41:38Z
2026-10-09T14:30:00Z,scarperia,10,2.60,0.082,0.0,10.0,281,508,ok,2026-10-09T14:41:38Z
2026-10-09T14:35:00Z,scarperia,10,1.91,0.043,0.0,10.4,252,508,ok,2026-10-09T14:51:43Z
2026-10-09T14:40:00Z,scarperia,10,16.86,0.265,1.4,9.5,239,508,ok,2026-10-09T14:51:43Z
2026-10-09T14:45:00Z,scarperia,10,3.84,0.062,0.0,10.3,242,508,ok,2026-10-09T15:02:06Z
2026-10-09T14:50:00Z,scarperia,10,3.08,0.082,0.0,10.3,242,508,ok,2026-10-09T15:02:06Z
2026-10-09T14:55:00Z,scarperia,10,3.63,0.179,0.0,10.1,257,508,ok,2026-10-09T15:11:39Z
2026-10-09T15:00:00Z,scarperia,10,5.26,0.147,0.4,9.9,300,508,ok,2026-10-09T15:11:39Z
2026-10-09T15:05:00Z,scarperia,10,4.42,0.089,0.0,10.5,294,508,ok,2026-10-09T15:21:49Z
2026-10-09T15:10:00Z,scarperia,10,1.57,0.044,0.0,10.5,294,508,ok,2026-10-09T15:21:49Z
2026-10-09T15:15:00Z,scarperia,10,1.13,0.047,0.0,10.5,294,508,ok,2026-10-09T15:31:43Z
2026-10-09T15:20:00Z,scarperia,10,0.81,0.029,0.0,3.7,311,508,ok,2026-10-09T15:31:43Z
2026-10-09T15:25:00Z,scarperia,10,0.94,0.027,0.0,10.3,242,508,ok,2026-10-09T15:41:55Z
2026-10-09T15:30:00Z,scarperia,10,1.67,0.027,0.0,9.8,246,508,ok,2026-10-09T15:41:55Z
2026-10-09T15:35:00Z,scarperia,10,1.30,0.034,0.0,10.1,257,508,ok,2026-10-09T15:51:46Z
2026-10-09T15:40:00Z,scarperia,10,0.95,0.012,0.0,9.8,271,508,ok,2026-10-09T15:51:46Z
2026-10-09T15:45:00Z,scarperia,10,0.41,0.001,0.0,9.9,276,508,ok,2026-10-09T16:02:13Z
2026-10-09T15:50:00Z,scarperia,10,0.00,0.000,0.0,,,508,ok,2026-10-09T16:02:13Z
2026-10-09T15:55:00Z,scarperia,10,0.00,0.000,0.0,,,508,ok,2026-10-09T16:11:57Z
2026-10-09T16:00:00Z,scarperia,10,0.00,0.000,0.0,,,508,ok,2026-10-09T16:11:57Z
2026-10-09T16:05:00Z,scarperia,10,0.00,0.000,0.0,,,508,ok,2026-10-09T16:22:00Z
2026-10-09T16:10:00Z,scarperia,10,0.00,0.000,0.0,,,508,ok,2026-10-09T16:22:00Z
2026-10-09T16:15:00Z,scarperia,10,0.00,0.000,0.0,,,508,ok,2026-10-09T16:31:53Z
2026-10-09T16:20:00Z,scarperia,10,0.00,0.000,0.0,,,508,ok,2026-10-09T16:31:53Z
2026-10-09T16:25:00Z,scarperia,10,0.00,0.000,0.0,,,508,ok,2026-10-09T16:41:46Z
2026-10-09T16:30:00Z,scarperia,10,0.00,0.000,0.0,,,508,ok,2026-10-09T16:41:46Z
2026-10-09T16:35:00Z,scarperia,10,0.00,0.000,0.0,,,508,ok,2026-10-09T16:51:33Z
2026-10-09T16:40:00Z,scarperia,10,0.00,0.000,0.0,,,508,ok,2026-10-09T16:51:33Z
2026-10-09T16:45:00Z,scarperia,10,0.00,0.000,0.0,,,508,ok,2026-10-09T17:01:45Z
2026-10-09T16:50:00Z,scarperia,10,0.00,0.000,0.0,,,508,ok,2026-10-09T17:01:45Z
2026-10-09T16:55:00Z,scarperia,10,0.00,0.000,0.0,,,508,ok,2026-10-09T17:11:30Z
2026-10-09T17:00:00Z,scarperia,10,0.00,0.000,0.0,,,508,ok,2026-10-09T17:11:30Z
2026-10-09T17:05:00Z,scarperia,10,0.00,0.000,0.0,,,508,ok,2026-10-09T17:21:33Z
2026-10-09T17:10:00Z,scarperia,10,0.00,0.000,0.0,,,508,ok,2026-10-09T17:21:33Z
2026-10-09T17:15:00Z,scarperia,10,0.00,0.000,0.0,,,508,ok,2026-10-09T17:31:43Z
2026-10-09T17:20:00Z,scarperia,10,0.00,0.000,0.0,,,508,ok,2026-10-09T17:31:43Z
2026-10-09T17:25:00Z,scarperia,10,0.00,0.000,0.0,,,508,ok,2026-10-09T17:41:36Z
2026-10-09T17:30:00Z,scarperia,10,0.00,0.000,0.0,,,508,ok,2026-10-09T17:41:36Z
2026-10-09T17:35:00Z,scarperia,10,0.00,0.000,0.0,,,508,ok,2026-10-09T17:51:32Z
2026-10-09T17:40:00Z,scarperia,10,0.00,0.000,0.0,,,508,ok,2026-10-09T17:51:32Z
2026-10-09T17:45:00Z,scarperia,10,0.00,0.000,0.0,,,508,ok,2026-10-09T18:01:49Z
2026-10-09T17:50:00Z,scarperia,10,0.00,0.000,0.0,,,508,ok,2026-10-09T18:01:49Z
2026-10-09T17:55:00Z,scarperia,10,0.00,0.000,0.0,,,508,ok,2026-10-09T18:11:35Z
2026-10-09T18:00:00Z,scarperia,10,0.00,0.000,0.0,,,508,ok,2026-10-09T18:11:35Z
2026-10-09T18:05:00Z,scarperia,10,0.00,0.000,0.0,,,508,ok,2026-10-09T18:21:29Z
2026-10-09T18:10:00Z,scarperia,10,0.00,0.000,0.0,,,508,ok,2026-10-09T18:21:29Z
2026-10-09T18:15:00Z,scarperia,10,0.00,0.000,0.0,,,508,ok,2026-10-09T18:31:31Z
2026-10-09T18:20:00Z,scarperia,10,0.00,0.000,0.0,,,508,ok,2026-10-09T18:31:31Z
2026-10-09T18:25:00Z,scarperia,10,0.00,0.000,0.0,,,508,ok,2026-10-09T18:41:33Z
2026-10-09T18:30:00Z,scarperia,10,0.00,0.000,0.0,,,508,ok,2026-10-09T18:41:33Z
2026-10-09T18:35:00Z,scarperia,10,0.00,0.000,0.0,,,508,ok,2026-10-09T18:51:28Z
2026-10-09T18:40:00Z,scarperia,10,0.00,0.000,0.0,,,508,ok,2026-10-09T18:51:28Z
2026-10-09T18:45:00Z,scarperia,10,0.00,0.000,0.0,,,508,ok,2026-10-09T19:01:43Z
2026-10-09T18:50:00Z,scarperia,10,0.00,0.000,0.0,,,508,ok,2026-10-09T19:01:43Z
2026-10-09T18:55:00Z,scarperia,10,0.00,0.000,0.0,,,508,ok,2026-10-09T19:11:27Z
2026-10-09T19:00:00Z,scarperia,10,0.00,0.000,0.0,,,508,ok,2026-10-09T19:11:27Z
2026-10-09T19:05:00Z,scarperia,10,0.00,0.000,0.0,,,508,ok,2026-10-09T19:14:21Z
2026-10-09T19:10:00Z,scarperia,10,0.00,0.000,0.0,,,508,ok,2026-10-09T19:26:23Z
2026-10-09T19:15:00Z,scarperia,10,0.00,0.000,0.0,,,508,ok,2026-10-09T19:26:23Z
2026-10-09T19:20:00Z,scarperia,10,0.00,0.000,0.0,,,508,ok,2026-10-09T19:36:28Z
2026-10-09T19:25:00Z,scarperia,10,0.00,0.000,0.0,,,508,ok,2026-10-09T19:36:28Z
2026-10-09T19:30:00Z,scarperia,10,0.00,0.000,0.0,,,508,ok,2026-10-09T19:46:29Z
2026-10-09T19:35:00Z,scarperia,10,0.00,0.000,0.0,,,508,ok,2026-10-09T19:46:29Z
2026-10-09T19:40:00Z,scarperia,10,0.00,0.000,0.0,,,508,ok,2026-10-09T19:56:21Z
2026-10-09T19:45:00Z,scarperia,10,0.00,0.000,0.0,,,508,ok,2026-10-09T19:56:21Z
2026-10-09T19:50:00Z,scarperia,10,0.00,0.000,0.0,,,508,ok,2026-10-09T20:06:21Z
2026-10-09T19:55:00Z,scarperia,10,0.00,0.000,0.0,,,508,ok,2026-10-09T20:06:21Z
2026-10-09T20:00:00Z,scarperia,10,0.00,0.000,0.0,,,508,ok,2026-10-09T20:16:37Z
2026-10-09T20:05:00Z,scarperia,10,0.00,0.000,0.0,,,508,ok,2026-10-09T20:16:37Z
2026-10-09T20:10:00Z,scarperia,10,0.00,0.000,0.0,,,508,ok,2026-10-09T20:26:27Z
2026-10-09T20:15:00Z,scarperia,10,0.00,0.000,0.0,,,508,ok,2026-10-09T20:26:27Z
2026-10-09T20:20:00Z,scarperia,10,0.00,0.000,0.0,,,508,ok,2026-10-09T20:36:29Z
2026-10-09T20:25:00Z,scarperia,10,0.00,0.000,0.0,,,508,ok,2026-10-09T20:36:29Z
2026-10-09T20:30:00Z,scarperia,10,0.00,0.000,0.0,,,508,ok,2026-10-09T20:46:21Z
2026-10-09T20:35:00Z,scarperia,10,0.00,0.000,0.0,,,508,ok,2026-10-09T20:46:21Z
2026-10-09T20:40:00Z,scarperia,10,0.00,0.000,0.0,,,508,ok,2026-10-09T20:56:19Z
2026-10-09T20:45:00Z,scarperia,10,0.00,0.000,0.0,,,508,ok,2026-10-09T20:56:19Z
2026-10-09T20:50:00Z,scarperia,10,0.00,0.000,0.0,,,508,ok,2026-10-09T21:06:25Z
2026-10-09T20:55:00Z,scarperia,10,0.00,0.000,0.0,,,508,ok,2026-10-09T21:06:25Z
2026-10-09T21:00:00Z,scarperia,10,0.00,0.000,0.0,,,508,ok,2026-10-09T21:16:26Z
2026-10-09T21:05:00Z,scarperia,10,0.00,0.000,0.0,,,508,ok,2026-10-09T21:16:26Z
2026-10-09T21:10:00Z,scarperia,10,0.00,0.000,0.0,,,508,ok,2026-10-09T21:26:23Z
2026-10-09T21:15:00Z,scarperia,10,0.00,0.000,0.0,,,508,ok,2026-10-09T21:26:23Z
2026-10-09T21:20:00Z,scarperia,10,0.00,0.000,0.0,,,508,ok,2026-10-09T21:36:22Z
2026-10-09T21:25:00Z,scarperia,10,0.00,0.000,0.0,,,508,ok,2026-10-09T21:36:22Z
2026-10-09T21:30:00Z,scarperia,10,0.00,0.000,0.0,,,508,ok,2026-10-09T21:46:22Z
2026-10-09T21:35:00Z,scarperia,10,0.00,0.000,0.0,,,508,ok,2026-10-09T21:46:22Z
2026-10-09T21:40:00Z,scarperia,10,0.00,0.000,0.0,,,508,ok,2026-10-09T21:56:22Z
2026-10-09T21:45:00Z,scarperia,10,0.00,0.000,0.0,,,508,ok,2026-10-09T21:56:22Z
2026-10-09T21:50:00Z,scarperia,10,0.00,0.000,0.0,,,508,ok,2026-10-09T22:06:27Z
2026-10-09T21:55:00Z,scarperia,10,0.00,0.000,0.0,,,508,ok,2026-10-09T22:06:27Z
2026-10-09T22:00:00Z,scarperia,10,0.00,0.000,0.0,,,508,ok,2026-10-09T22:16:26Z
2026-10-09T22:05:00Z,scarperia,10,0.00,0.000,0.0,,,508,ok,2026-10-09T22:16:26Z
2026-10-09T22:10:00Z,scarperia,10,0.00,0.000,0.0,,,508,ok,2026-10-09T22:26:16Z
2026-10-09T22:15:00Z,scarperia,10,0.00,0.000,0.0,,,508,ok,2026-10-09T22:26:16Z
2026-10-09T22:20:00Z,scarperia,10,0.00,0.000,0.0,,,508,ok,2026-10-09T22:36:22Z
2026-10-09T22:25:00Z,scarperia,10,0.00,0.000,0.0,,,508,ok,2026-10-09T22:36:22Z
2026-10-09T22:30:00Z,scarperia,10,0.00,0.000,0.0,,,508,ok,2026-10-09T22:46:25Z
2026-10-09T22:35:00Z,scarperia,10,0.00,0.000,0.0,,,508,ok,2026-10-09T22:46:25Z
2026-10-09T22:40:00Z,scarperia,10,0.00,0.000,0.0,,,508,ok,2026-10-09T22:56:24Z
2026-10-09T22:45:00Z,scarperia,10,0.00,0.000,0.0,,,508,ok,2026-10-09T22:56:24Z
2026-10-09T22:50:00Z,scarperia,10,0.00,0.000,0.0,,,508,ok,2026-10-09T23:06:25Z
2026-10-09T22:55:00Z,scarperia,10,0.00,0.000,0.0,,,508,ok,2026-10-09T23:06:25Z
2026-10-09T23:00:00Z,scarperia,10,0.00,0.000,0.0,,,508,ok,2026-10-09T23:16:27Z
2026-10-09T23:05:00Z,scarperia,10,0.00,0.000,0.0,,,508,ok,2026-10-09T23:16:27Z
2026-10-09T23:10:00Z,scarperia,10,0.00,0.000,0.0,,,508,ok,2026-10-09T23:20:29Z
2026-10-09T23:15:00Z,scarperia,10,0.00,0.000,0.0,,,508,ok,2026-10-09T23:31:38Z
2026-10-09T23:20:00Z,scarperia,10,0.00,0.000,0.0,,,508,ok,2026-10-09T23:31:38Z
2026-10-09T23:25:00Z,scarperia,10,0.00,0.000,0.0,,,508,ok,2026-10-09T23:41:30Z
2026-10-09T23:30:00Z,scarperia,10,0.00,0.000,0.0,,,508,ok,2026-10-09T23:41:30Z
2026-10-09T23:35:00Z,scarperia,10,0.00,0.000,0.0,,,508,ok,2026-10-09T23:51:27Z
2026-10-09T23:40:00Z,scarperia,10,0.00,0.000,0.0,,,508,ok,2026-10-09T23:51:27Z
2026-10-09T23:45:00Z,scarperia,10,0.00,0.000,0.0,,,508,ok,2026-10-10T00:01:52Z
2026-10-09T23:50:00Z,scarperia,10,0.00,0.000,0.0,,,508,ok,2026-10-10T00:01:52Z
2026-10-09T23:55:00Z,scarperia,10,0.00,0.000,0.0,,,508,ok,2026-10-10T00:11:31Z
2026-10-10T00:00:00Z,scarperia,10,0.00,0.000,0.0,,,508,ok,2026-10-10T00:11:31Z
2026-10-10T00:05:00Z,scarperia,10,0.00,0.000,0.0,,,508,ok,2026-10-10T00:21:28Z
2026-10-10T00:10:00Z,scarperia,10,0.00,0.000,0.0,,,508,ok,2026-10-10T00:21:28Z
2026-10-10T00:15:00Z,scarperia,10,0.00,0.000,0.0,,,508,ok,2026-10-10T00:31:32Z
2026-10-10T00:20:00Z,scarperia,10,0.00,0.000,0.0,,,508,ok,2026-10-10T00:31:32Z
2026-10-10T00:25:00Z,scarperia,10,0.00,0.000,0.0,,,508,ok,2026-10-10T00:41:24Z
2026-10-10T00:30:00Z,scarperia,10,0.00,0.000,0.0,,,508,ok,2026-10-10T00:41:24Z
2026-10-10T00:35:00Z,scarperia,10,0.00,0.000,0.0,,,508,ok,2026-10-10T00:51:27Z
2026-10-10T00:40:00Z,scarperia,10,0.00,0.000,0.0,,,508,ok,2026-10-10T00:51:27Z
2026-10-10T00:45:00Z,scarperia,10,0.00,0.000,0.0,,,508,ok,2026-10-10T01:01:42Z
2026-10-10T00:50:00Z,scarperia,10,0.00,0.000,0.0,,,508,ok,2026-10-10T01:01:42Z
2026-10-10T00:55:00Z,scarperia,10,0.00,0.000,0.0,,,508,ok,2026-10-10T01:11:28Z
2026-10-10T01:00:00Z,scarperia,10,0.00,0.000,0.0,,,508,ok,2026-10-10T01:11:28Z
2026-10-10T01:05:00Z,scarperia,10,0.00,0.000,0.0,,,508,ok,2026-10-10T01:21:31Z
2026-10-10T01:10:00Z,scarperia,10,0.00,0.000,0.0,,,508,ok,2026-10-10T01:21:31Z
2026-10-10T01:15:00Z,scarperia,10,0.00,0.000,0.0,,,508,ok,2026-10-10T01:31:49Z
2026-10-10T01:20:00Z,scarperia,10,0.00,0.000,0.0,,,508,ok,2026-10-10T01:31:49Z
2026-10-10T01:25:00Z,scarperia,10,0.00,0.000,0.0,,,508,ok,2026-10-10T01:41:28Z
2026-10-10T01:30:00Z,scarperia,10,0.00,0.000,0.0,,,508,ok,2026-10-10T01:41:28Z
2026-10-10T01:35:00Z,scarperia,10,0.00,0.000,0.0,,,508,ok,2026-10-10T01:51:33Z
2026-10-10T01:40:00Z,scarperia,10,0.00,0.000,0.0,,,508,ok,2026-10-10T01:51:33Z
2026-10-10T01:45:00Z,scarperia,10,0.00,0.000,0.0,,,508,ok,2026-10-10T02:01:38Z
2026-10-10T01:50:00Z,scarperia,10,0.00,0.000,0.0,,,508,ok,2026-10-10T02:01:38Z
2026-10-10T01:55:00Z,scarperia,10,0.00,0.000,0.0,,,508,ok,2026-10-10T02:11:34Z
2026-10-10T02:00:00Z,scarperia,10,0.00,0.000,0.0,,,508,ok,2026-10-10T02:11:34Z
2026-10-10T02:05:00Z,scarperia,10,0.00,0.000,0.0,,,508,ok,2026-10-10T02:21:35Z
2026-10-10T02:10:00Z,scarperia,10,0.00,0.000,0.0,,,508,ok,2026-10-10T02:21:35Z
2026-10-10T02:15:00Z,scarperia,10,0.00,0.000,0.0,,,508,ok,2026-10-10T02:29:48Z
2026-10-10T02:20:00Z,scarperia,10,0.00,0.000,0.0,,,508,ok,2026-10-10T02:29:48Z
2026-10-10T02:25:00Z,scarperia,10,0.00,0.000,0.0,,,508,ok,2026-10-10T02:41:40Z
2026-10-10T02:30:00Z,scarperia,10,0.00,0.000,0.0,,,508,ok,2026-10-10T02:41:40Z
2026-10-10T02:35:00Z,scarperia,10,0.00,0.000,0.0,,,508,ok,2026-10-10T02:51:42Z
2026-10-10T02:40:00Z,scarperia,10,0.00,0.000,0.0,,,508,ok,2026-10-10T02:51:42Z
2026-10-10T02:45:00Z,scarperia,10,0.00,0.000,0.0,,,508,ok,2026-10-10T03:02:25Z
2026-10-10T02:50:00Z,scarperia,10,0.00,0.000,0.0,,,508,ok,2026-10-10T03:02:25Z
2026-10-10T02:55:00Z,scarperia,10,0.00,0.000,0.0,,,508,ok,2026-10-10T03:11:46Z
2026-10-10T03:00:00Z,scarperia,10,0.00,0.000,0.0,,,508,ok,2026-10-10T03:11:46Z
2026-10-10T03:05:00Z,scarperia,10,0.00,0.000,0.0,,,508,ok,2026-10-10T03:21:43Z
2026-10-10T03:10:00Z,scarperia,10,0.00,0.000,0.0,,,508,ok,2026-10-10T03:21:43Z
2026-10-10T03:15:00Z,scarperia,10,0.00,0.000,0.0,,,508,ok,2026-10-10T03:31:54Z
2026-10-10T03:20:00Z,scarperia,10,0.00,0.000,0.0,,,508,ok,2026-10-10T03:31:54Z
2026-10-10T03:25:00Z,scarperia,10,0.00,0.000,0.0,,,508,ok,2026-10-10T03:41:42Z
2026-10-10T03:30:00Z,scarperia,10,0.00,0.000,0.0,,,508,ok,2026-10-10T03:41:42Z
2026-10-10T03:35:00Z,scarperia,10,0.00,0.000,0.0,,,508,ok,2026-10-10T03:51:37Z
2026-10-10T03:40:00Z,scarperia,10,0.00,0.000,0.0,,,508,ok,2026-10-10T03:51:37Z
2026-10-10T03:45:00Z,scarperia,10,0.00,0.000,0.0,,,508,ok,2026-10-10T04:02:21Z
2026-10-10T03:50:00Z,scarperia,10,0.00,0.000,0.0,,,508,ok,2026-10-10T04:02:21Z
2026-10-10T03:55:00Z,scarperia,10,0.00,0.000,0.0,,,508,ok,2026-10-10T04:11:32Z
2026-10-10T04:00:00Z,scarperia,10,0.00,0.000,0.0,,,508,ok,2026-10-10T04:11:32Z
2026-10-10T04:05:00Z,scarperia,10,0.00,0.000,0.0,,,508,ok,2026-10-10T04:21:45Z
2026-10-10T04:10:00Z,scarperia,10,0.00,0.000,0.0,,,508,ok,2026-10-10T04:21:45Z
2026-10-10T04:15:00Z,scarperia,10,0.00,0.000,0.0,,,508,ok,2026-10-10T04:31:47Z
2026-10-10T04:20:00Z,scarperia,10,0.00,0.000,0.0,,,508,ok,2026-10-10T04:31:47Z
2026-10-10T04:25:00Z,scarperia,10,0.00,0.000,0.0,,,508,ok,2026-10-10T04:41:33Z
2026-10-10T04:30:00Z,scarperia,10,0.00,0.000,0.0,,,508,ok,2026-10-10T04:41:33Z
2026-10-10T04:35:00Z,scarperia,10,0.00,0.000,0.0,,,508,ok,2026-10-10T04:51:28Z
2026-10-10T04:40:00Z,scarperia,10,0.00,0.000,0.0,,,508,ok,2026-10-10T04:51:28Z
2026-10-10T04:45:00Z,scarperia,10,0.00,0.000,0.0,,,508,ok,2026-10-10T05:01:48Z
2026-10-10T04:50:00Z,scarperia,10,0.00,0.000,0.0,,,508,ok,2026-10-10T05:01:48Z
2026-10-10T04:55:00Z,scarperia,10,0.00,0.000,0.0,,,508,ok,2026-10-10T05:11:30Z
2026-10-10T05:00:00Z,scarperia,10,0.00,0.000,0.0,,,508,ok,2026-10-10T05:11:30Z
2026-10-10T05:05:00Z,scarperia,10,0.00,0.000,0.0,,,508,ok,2026-10-10T05:21:48Z
2026-10-10T05:10:00Z,scarperia,10,0.00,0.000,0.0,,,508,ok,2026-10-10T05:21:48Z
2026-10-10T05:15:00Z,scarperia,10,0.00,0.000,0.0,,,508,ok,2026-10-10T05:31:44Z
2026-10-10T05:20:00Z,scarperia,10,0.00,0.000,0.0,,,508,ok,2026-10-10T05:31:44Z
2026-10-10T05:25:00Z,scarperia,10,0.00,0.000,0.0,,,508,ok,2026-10-10T05:42:09Z
2026-10-10T05:30:00Z,scarperia,10,0.00,0.000,0.0,,,508,ok,2026-10-10T05:42:09Z
2026-10-10T05:35:00Z,scarperia,10,0.00,0.000,0.0,,,508,ok,2026-10-10T05:51:48Z
2026-10-10T05:40:00Z,scarperia,10,0.00,0.000,0.0,,,508,ok,2026-10-10T05:51:48Z
2026-10-10T05:45:00Z,scarperia,10,0.00,0.000,0.0,,,508,ok,2026-10-10T06:02:03Z
2026-10-10T05:50:00Z,scarperia,10,0.00,0.000,0.0,,,508,ok,2026-10-10T06:02:03Z
2026-10-10T05:55:00Z,scarperia,10,0.00,0.000,0.0,,,508,ok,2026-10-10T06:11:39Z
2026-10-10T06:00:00Z,scarperia,10,0.00,0.000,0.0,,,508,ok,2026-10-10T06:11:39Z
2026-10-10T06:05:00Z,scarperia,10,0.00,0.000,0.0,,,508,ok,2026-10-10T06:21:40Z
2026-10-10T06:10:00Z,scarperia,10,0.00,0.000,0.0,,,508,ok,2026-10-10T06:21:40Z
2026-10-10T06:15:00Z,scarperia,10,0.00,0.000,0.0,,,508,ok,2026-10-10T06:32:09Z
2026-10-10T06:20:00Z,scarperia,10,0.00,0.000,0.0,,,508,ok,2026-10-10T06:32:09Z
2026-10-10T06:25:00Z,scarperia,10,0.00,0.000,0.0,,,508,ok,2026-10-10T06:41:44Z
2026-10-10T06:30:00Z,scarperia,10,0.00,0.000,0.0,,,508,ok,2026-10-10T06:41:44Z
2026-10-10T06:35:00Z,scarperia,10,0.00,0.000,0.0,,,508,ok,2026-10-10T06:51:47Z
2026-10-10T06:40:00Z,scarperia,10,0.00,0.000,0.0,,,508,ok,2026-10-10T06:51:47Z
2026-10-10T06:45:00Z,scarperia,10,0.00,0.000,0.0,,,508,ok,2026-10-10T07:02:17Z
2026-10-10T06:50:00Z,scarperia,10,0.00,0.000,0.0,,,508,ok,2026-10-10T07:02:17Z
2026-10-10T06:55:00Z,scarperia,10,0.00,0.000,0.0,,,508,ok,2026-10-10T07:11:44Z
2026-10-10T07:00:00Z,scarperia,10,0.00,0.000,0.0,,,508,ok,2026-10-10T07:11:44Z
2026-10-10T07:05:00Z,scarperia,10,0.00,0.000,0.0,,,508,ok,2026-10-10T07:21:44Z
2026-10-10T07:10:00Z,scarperia,10,0.00,0.000,0.0,,,508,ok,2026-10-10T07:21:44Z
2026-10-10T07:15:00Z,scarperia,10,0.00,0.000,0.0,,,508,ok,2026-10-10T07:31:59Z
2026-10-10T07:20:00Z,scarperia,10,0.00,0.000,0.0,,,508,ok,2026-10-10T07:31:59Z
2026-10-10T07:25:00Z,scarperia,10,0.00,0.000,0.0,,,508,ok,2026-10-10T07:41:42Z
2026-10-10T07:30:00Z,scarperia,10,0.00,0.000,0.0,,,508,ok,2026-10-10T07:41:42Z
2026-10-10T07:35:00Z,scarperia,10,0.00,0.000,0.0,,,508,ok,2026-10-10T07:51:29Z
2026-10-10T07:40:00Z,scarperia,10,0.00,0.000,0.0,,,508,ok,2026-10-10T07:51:29Z
2026-10-10T07:45:00Z,scarperia,10,0.00,0.000,0.0,,,508,ok,2026-10-10T08:02:05Z
2026-10-10T07:50:00Z,scarperia,10,0.00,0.000,0.0,,,508,ok,2026-10-10T08:02:05Z
2026-10-10T07:55:00Z,scarperia,10,0.00,0.000,0.0,,,508,ok,2026-10-10T08:11:48Z
2026-10-10T08:00:00Z,scarperia,10,0.00,0.000,0.0,,,508,ok,2026-10-10T08:11:48Z
2026-10-10T08:05:00Z,scarperia,10,0.00,0.000,0.0,,,508,ok,2026-10-10T08:21:46Z
2026-10-10T08:10:00Z,scarperia,10,0.00,0.000,0.0,,,508,ok,2026-10-10T08:21:46Z
2026-10-10T08:15:00Z,scarperia,10,0.00,0.000,0.0,,,508,ok,2026-10-10T08:31:57Z
2026-10-10T08:20:00Z,scarperia,10,0.00,0.000,0.0,,,508,ok,2026-10-10T08:31:57Z
2026-10-10T08:25:00Z,scarperia,10,0.00,0.000,0.0,,,508,ok,2026-10-10T08:42:01Z
2026-10-10T08:30:00Z,scarperia,10,0.00,0.000,0.0,,,508,ok,2026-10-10T08:42:01Z
2026-10-10T08:35:00Z,scarperia,10,0.00,0.000,0.0,,,508,ok,2026-10-10T08:52:13Z
2026-10-10T08:40:00Z,scarperia,10,0.00,0.000,0.0,,,508,ok,2026-10-10T08:52:13Z
2026-10-10T08:45:00Z,scarperia,10,0.00,0.000,0.0,,,508,ok,2026-10-10T08:54:50Z
2026-10-10T08:50:00Z,scarperia,10,0.00,0.000,0.0,,,508,ok,2026-10-10T09:06:38Z
2026-10-10T08:55:00Z,scarperia,10,0.00,0.000,0.0,,,508,ok,2026-10-10T09:06:38Z
2026-10-10T09:00:00Z,scarperia,10,0.00,0.000,0.0,,,508,ok,2026-10-10T09:17:05Z
2026-10-10T09:05:00Z,scarperia,10,0.00,0.000,0.0,,,508,ok,2026-10-10T09:17:05Z
2026-10-10T09:10:00Z,scarperia,10,0.00,0.000,0.0,,,508,ok,2026-10-10T09:35:42Z
2026-10-10T09:15:00Z,scarperia,10,0.00,0.000,0.0,,,508,ok,2026-10-10T09:35:42Z
2026-10-10T09:20:00Z,scarperia,10,0.00,0.000,0.0,,,508,ok,2026-10-10T09:35:42Z
2026-10-10T09:25:00Z,scarperia,10,0.00,0.000,0.0,,,508,ok,2026-10-10T09:35:42Z
2026-10-10T09:30:00Z,scarperia,10,0.00,0.000,0.0,,,508,ok,2026-10-10T09:47:04Z
2026-10-10T09:35:00Z,scarperia,10,0.00,0.000,0.0,,,508,ok,2026-10-10T09:47:04Z
2026-10-10T09:40:00Z,scarperia,10,0.00,0.000,0.0,,,508,ok,2026-10-10T09:56:40Z
2026-10-10T09:45:00Z,scarperia,10,0.00,0.000,0.0,,,508,ok,2026-10-10T09:56:40Z
2026-10-10T09:50:00Z,scarperia,10,0.00,0.000,0.0,,,508,ok,2026-10-10T10:06:43Z
2026-10-10T09:55:00Z,scarperia,10,0.00,0.000,0.0,,,508,ok,2026-10-10T10:06:43Z
2026-10-10T10:00:00Z,scarperia,10,0.00,0.000,0.0,,,508,ok,2026-10-10T10:17:01Z
2026-10-10T10:05:00Z,scarperia,10,0.00,0.000,0.0,,,508,ok,2026-10-10T10:17:01Z
2026-10-10T10:10:00Z,scarperia,10,0.00,0.000,0.0,,,508,ok,2026-10-10T10:26:34Z
2026-10-10T10:15:00Z,scarperia,10,0.00,0.000,0.0,,,508,ok,2026-10-10T10:26:34Z
2026-10-10T10:20:00Z,scarperia,10,0.00,0.000,0.0,,,508,ok,2026-10-10T10:36:29Z
2026-10-10T10:25:00Z,scarperia,10,0.00,0.000,0.0,,,508,ok,2026-10-10T10:36:29Z
2026-10-10T10:30:00Z,scarperia,10,0.00,0.000,0.0,,,508,ok,2026-10-10T10:47:00Z
2026-10-10T10:35:00Z,scarperia,10,0.00,0.000,0.0,,,508,ok,2026-10-10T10:47:00Z
2026-10-10T10:40:00Z,scarperia,10,0.00,0.000,0.0,,,508,ok,2026-10-10T10:56:32Z
2026-10-10T10:45:00Z,scarperia,10,0.00,0.000,0.0,,,508,ok,2026-10-10T10:56:32Z
2026-10-10T10:50:00Z,scarperia,10,0.00,0.000,0.0,,,508,ok,2026-10-10T11:06:37Z
2026-10-10T10:55:00Z,scarperia,10,0.00,0.000,0.0,,,508,ok,2026-10-10T11:06:37Z
2026-10-10T11:00:00Z,scarperia,10,0.00,0.000,0.0,,,508,ok,2026-10-10T11:16:56Z
2026-10-10T11:05:00Z,scarperia,10,0.00,0.000,0.0,,,508,ok,2026-10-10T11:16:56Z
2026-10-10T11:10:00Z,scarperia,10,0.00,0.000,0.0,,,508,ok,2026-10-10T11:26:38Z
2026-10-10T11:15:00Z,scarperia,10,0.00,0.000,0.0,,,508,ok,2026-10-10T11:26:38Z
2026-10-10T11:20:00Z,scarperia,10,0.00,0.000,0.0,,,508,ok,2026-10-10T11:36:38Z
2026-10-10T11:25:00Z,scarperia,10,0.00,0.000,0.0,,,508,ok,2026-10-10T11:36:38Z
2026-10-10T11:30:00Z,scarperia,10,0.00,0.000,0.0,,,508,ok,2026-10-10T11:46:55Z
2026-10-10T11:35:00Z,scarperia,10,0.00,0.000,0.0,,,508,ok,2026-10-10T11:46:55Z
2026-10-10T11:40:00Z,scarperia,10,0.00,0.000,0.0,,,508,ok,2026-10-10T11:56:40Z
2026-10-10T11:45:00Z,scarperia,10,0.00,0.000,0.0,,,508,ok,2026-10-10T11:56:40Z
2026-10-10T11:50:00Z,scarperia,10,0.00,0.000,0.0,,,508,ok,2026-10-10T12:06:39Z
2026-10-10T11:55:00Z,scarperia,10,0.00,0.000,0.0,,,508,ok,2026-10-10T12:06:39Z
2026-10-10T12:00:00Z,scarperia,10,0.00,0.000,0.0,,,508,ok,2026-10-10T12:16:42Z
2026-10-10T12:05:00Z,scarperia,10,0.00,0.000,0.0,,,508,ok,2026-10-10T12:16:42Z
2026-10-10T12:10:00Z,scarperia,10,0.00,0.000,0.0,,,508,ok,2026-10-10T12:26:37Z
2026-10-10T12:15:00Z,scarperia,10,0.00,0.000,0.0,,,508,ok,2026-10-10T12:26:37Z
2026-10-10T12:20:00Z,scarperia,10,0.00,0.000,0.0,,,508,ok,2026-10-10T12:36:35Z
2026-10-10T12:25:00Z,scarperia,10,0.00,0.000,0.0,,,508,ok,2026-10-10T12:36:35Z
2026-10-10T12:30:00Z,scarperia,10,0.00,0.000,0.0,,,508,ok,2026-10-10T12:46:35Z
2026-10-10T12:35:00Z,scarperia,10,0.00,0.000,0.0,,,508,ok,2026-10-10T12:46:35Z
2026-10-10T12:40:00Z,scarperia,10,0.00,0.000,0.0,,,508,ok,2026-10-10T12:56:44Z
2026-10-10T12:45:00Z,scarperia,10,0.00,0.000,0.0,,,508,ok,2026-10-10T12:56:44Z
