timestamp_utc,area_name,max_mmh,mean_mmh,pixel_count,nodata_pct,ring_max_mmh,ring_wet5_pct,ring_nodata_pct,status,file,fetched_at_utc
2026-10-06T04:25:00Z,scarperia,,,23,100,,,100,nodata,rzc262790425vl.001.h5,2026-10-06T07:21:06Z
2026-10-06T04:30:00Z,scarperia,,,23,100,,,100,nodata,rzc262790430vl.001.h5,2026-10-06T07:21:06Z
2026-10-06T04:35:00Z,scarperia,,,23,100,,,100,nodata,rzc262790435vl.001.h5,2026-10-06T07:21:06Z
2026-10-06T04:40:00Z,scarperia,,,23,100,,,100,nodata,rzc262790440vl.001.h5,2026-10-06T07:21:06Z
2026-10-06T04:45:00Z,scarperia,,,23,100,,,100,nodata,rzc262790445vl.001.h5,2026-10-06T07:21:06Z
2026-10-06T04:50:00Z,scarperia,,,23,100,,,100,nodata,rzc262790450vl.001.h5,2026-10-06T07:21:06Z
2026-10-06T04:55:00Z,scarperia,,,23,100,,,100,nodata,rzc262790455vl.001.h5,2026-10-06T07:21:06Z
2026-10-06T05:00:00Z,scarperia,,,23,100,,,100,nodata,rzc262790500vl.001.h5,2026-10-06T07:21:06Z
2026-10-06T05:05:00Z,scarperia,,,23,100,,,100,nodata,rzc262790505vl.001.h5,2026-10-06T07:21:06Z
2026-10-06T05:10:00Z,scarperia,,,23,100,,,100,nodata,rzc262790510vl.001.h5,2026-10-06T07:21:06Z
2026-10-06T05:15:00Z,scarperia,,,23,100,,,100,nodata,rzc262790515vl.001.h5,2026-10-06T07:21:06Z
2026-10-06T05:20:00Z,scarperia,,,23,100,,,100,nodata,rzc262790520vl.001.h5,2026-10-06T07:21:06Z
2026-10-06T05:25:00Z,scarperia,,,23,100,,,100,nodata,rzc262790525vl.001.h5,2026-10-06T07:21:06Z
2026-10-06T05:30:00Z,scarperia,,,23,100,,,100,nodata,rzc262790530vl.001.h5,2026-10-06T07:21:06Z
2026-10-06T05:35:00Z,scarperia,,,23,100,,,100,nodata,rzc262790535vl.001.h5,2026-10-06T07:21:06Z
2026-10-06T05:40:00Z,scarperia,,,23,100,,,100,nodata,rzc262790540vl.001.h5,2026-10-06T07:21:06Z
2026-10-06T05:45:00Z,scarperia,,,23,100,,,100,nodata,rzc262790545vl.001.h5,2026-10-06T07:21:06Z
2026-10-06T05:50:00Z,scarperia,,,23,100,,,100,nodata,rzc262790550vl.001.h5,2026-10-06T07:21:06Z
2026-10-06T05:55:00Z,scarperia,,,23,100,,,100,nodata,rzc262790555vl.001.h5,2026-10-06T07:21:06Z
2026-10-06T06:00:00Z,scarperia,,,23,100,,,100,nodata,rzc262790600vl.001.h5,2026-10-06T07:21:06Z
2026-10-06T06:05:00Z,scarperia,,,23,100,,,100,nodata,rzc262790605vl.001.h5,2026-10-06T07:21:06Z
2026-10-06T06:10:00Z,scarperia,,,23,100,,,100,nodata,rzc262790610vl.001.h5,2026-10-06T07:21:06Z
2026-10-06T06:15:00Z,scarperia,,,23,100,,,100,nodata,rzc262790615vl.001.h5,2026-10-06T07:21:06Z
2026-10-06T06:20:00Z,scarperia,,,23,100,,,100,nodata,rzc262790620vl.001.h5,2026-10-06T07:21:06Z
2026-10-06T06:25:00Z,scarperia,,,23,100,,,100,nodata,rzc262790625vl.001.h5,2026-10-06T07:21:06Z
2026-10-06T06:30:00Z,scarperia,,,23,100,,,100,nodata,rzc262790630vl.001.h5,2026-10-06T07:21:06Z
2026-10-06T06:35:00Z,scarperia,,,23,100,,,100,nodata,rzc262790635vl.001.h5,2026-10-06T07:21:06Z
2026-10-06T06:40:00Z,scarperia,,,23,100,,,100,nodata,rzc262790640vl.001.h5,2026-10-06T07:21:06Z
2026-10-06T06:45:00Z,scarperia,,,23,100,,,100,nodata,rzc262790645vl.001.h5,2026-10-06T07:21:06Z
2026-10-06T06:50:00Z,scarperia,,,23,100,,,100,nodata,rzc262790650vl.001.h5,2026-10-06T07:21:06Z
2026-10-06T06:55:00Z,scarperia,,,23,100,,,100,nodata,rzc262790655vl.001.h5,2026-10-06T07:31:11Z
2026-10-06T07:00:00Z,scarperia,,,23,100,,,100,nodata,rzc262790700vl.001.h5,2026-10-06T07:31:11Z
2026-10-06T07:05:00Z,scarperia,,,23,100,,,100,nodata,rzc262790705vl.001.h5,2026-10-06T07:31:11Z
2026-10-06T07:10:00Z,scarperia,,,23,100,,,100,nodata,rzc262790710vl.001.h5,2026-10-06T07:31:11Z
2026-10-06T07:15:00Z,scarperia,,,23,100,,,100,nodata,rzc262790715vl.001.h5,2026-10-06T07:31:11Z
2026-10-06T07:20:00Z,scarperia,,,23,100,,,100,nodata,rzc262790720vl.001.h5,2026-10-06T07:31:11Z
2026-10-06T07:25:00Z,scarperia,,,23,100,,,100,nodata,rzc262790725vl.001.h5,2026-10-06T07:31:11Z
2026-10-06T07:30:00Z,scarperia,,,23,100,,,100,nodata,rzc262790730vl.001.h5,2026-10-06T07:31:11Z
2026-10-06T07:35:00Z,scarperia,,,23,100,,,100,nodata,rzc262790735vl.001.h5,2026-10-06T07:41:11Z
2026-10-06T07:40:00Z,scarperia,,,23,100,,,100,nodata,rzc262790740vl.001.h5,2026-10-06T07:41:11Z
2026-10-06T07:45:00Z,scarperia,,,23,100,,,100,nodata,rzc262790745vl.001.h5,2026-10-06T07:51:10Z
2026-10-06T07:50:00Z,scarperia,,,23,100,,,100,nodata,rzc262790750vl.001.h5,2026-10-06T08:01:05Z
2026-10-06T07:55:00Z,scarperia,,,23,100,,,100,nodata,rzc262790755vl.001.h5,2026-10-06T08:01:05Z
2026-10-06T08:00:00Z,scarperia,,,23,100,,,100,nodata,rzc262790800vl.001.h5,2026-10-06T08:01:05Z
2026-10-06T08:05:00Z,scarperia,,,23,100,,,100,nodata,rzc262790805vl.001.h5,2026-10-06T08:11:12Z
2026-10-06T08:10:00Z,scarperia,,,23,100,,,100,nodata,rzc262790810vl.001.h5,2026-10-06T08:11:12Z
2026-10-06T08:15:00Z,scarperia,,,23,100,,,100,nodata,rzc262790815vl.001.h5,2026-10-06T08:21:10Z
2026-10-06T08:20:00Z,scarperia,,,23,100,,,100,nodata,rzc262790820vl.001.h5,2026-10-06T08:21:10Z
2026-10-06T08:25:00Z,scarperia,,,23,100,,,100,nodata,rzc262790825vl.001.h5,2026-10-06T08:31:08Z
2026-10-06T08:30:00Z,scarperia,,,23,100,,,100,nodata,rzc262790830vl.001.h5,2026-10-06T08:31:08Z
2026-10-06T08:35:00Z,scarperia,,,23,100,,,100,nodata,rzc262790835vl.001.h5,2026-10-06T08:41:11Z
2026-10-06T08:40:00Z,scarperia,,,23,100,,,100,nodata,rzc262790840vl.001.h5,2026-10-06T08:41:11Z
2026-10-06T08:45:00Z,scarperia,,,23,100,,,100,nodata,rzc262790845vl.001.h5,2026-10-06T08:51:08Z
2026-10-06T08:50:00Z,scarperia,,,23,100,,,100,nodata,rzc262790850vl.001.h5,2026-10-06T08:51:08Z
2026-10-06T08:55:00Z,scarperia,,,23,100,,,100,nodata,rzc262790855vl.001.h5,2026-10-06T09:01:15Z
2026-10-06T09:00:00Z,scarperia,,,23,100,,,100,nodata,rzc262790900vl.001.h5,2026-10-06T09:01:15Z
2026-10-06T09:05:00Z,scarperia,,,23,100,,,100,nodata,rzc262790905vl.001.h5,2026-10-06T09:11:15Z
2026-10-06T09:10:00Z,scarperia,,,23,100,,,100,nodata,rzc262790910vl.001.h5,2026-10-06T09:11:15Z
2026-10-06T09:15:00Z,scarperia,,,23,100,,,100,nodata,rzc262790915vl.001.h5,2026-10-06T09:21:20Z
2026-10-06T09:20:00Z,scarperia,,,23,100,,,100,nodata,rzc262790920vl.001.h5,2026-10-06T09:21:20Z
2026-10-06T09:25:00Z,scarperia,,,23,100,,,100,nodata,rzc262790925vl.001.h5,2026-10-06T09:31:51Z
2026-10-06T09:30:00Z,scarperia,,,23,100,,,100,nodata,rzc262790930vl.001.h5,2026-10-06T09:31:51Z
2026-10-06T09:35:00Z,scarperia,,,23,100,,,100,nodata,rzc262790935vl.001.h5,2026-10-06T09:41:15Z
2026-10-06T09:40:00Z,scarperia,,,23,100,,,100,nodata,rzc262790940vl.001.h5,2026-10-06T09:41:15Z
2026-10-06T09:45:00Z,scarperia,,,23,100,,,100,nodata,rzc262790945vl.001.h5,2026-10-06T09:51:20Z
2026-10-06T09:50:00Z,scarperia,,,23,100,,,100,nodata,rzc262790950vl.001.h5,2026-10-06T10:01:11Z
2026-10-06T09:55:00Z,scarperia,,,23,100,,,100,nodata,rzc262790955vl.001.h5,2026-10-06T10:01:11Z
2026-10-06T10:00:00Z,scarperia,,,23,100,,,100,nodata,rzc262791000vl.001.h5,2026-10-06T10:01:11Z
2026-10-06T10:05:00Z,scarperia,,,23,100,,,100,nodata,rzc262791005rl.001.h5,2026-10-06T10:11:10Z
2026-10-06T10:10:00Z,scarperia,,,23,100,,,100,nodata,rzc262791010rl.001.h5,2026-10-06T10:21:13Z
2026-10-06T10:15:00Z,scarperia,,,23,100,,,100,nodata,rzc262791015rl.001.h5,2026-10-06T10:21:13Z
2026-10-06T10:20:00Z,scarperia,,,23,100,,,100,nodata,rzc262791020rl.001.h5,2026-10-06T10:31:17Z
2026-10-06T10:25:00Z,scarperia,,,23,100,,,100,nodata,rzc262791025rl.001.h5,2026-10-06T10:31:17Z
2026-10-06T10:30:00Z,scarperia,,,23,100,,,100,nodata,rzc262791030rl.001.h5,2026-10-06T10:41:19Z
2026-10-06T10:35:00Z,scarperia,,,23,100,,,100,nodata,rzc262791035rl.001.h5,2026-10-06T10:41:19Z
2026-10-06T10:40:00Z,scarperia,,,23,100,,,100,nodata,rzc262791040rl.001.h5,2026-10-06T10:51:11Z
2026-10-06T10:45:00Z,scarperia,,,23,100,,,100,nodata,rzc262791045rl.001.h5,2026-10-06T10:51:11Z
2026-10-06T10:50:00Z,scarperia,,,23,100,,,100,nodata,rzc262791050rl.001.h5,2026-10-06T11:01:07Z
2026-10-06T10:55:00Z,scarperia,,,23,100,,,100,nodata,rzc262791055rl.001.h5,2026-10-06T11:01:07Z
2026-10-06T11:00:00Z,scarperia,,,23,100,,,100,nodata,rzc262791100rl.001.h5,2026-10-06T11:11:11Z
2026-10-06T11:05:00Z,scarperia,,,23,100,,,100,nodata,rzc262791105rl.001.h5,2026-10-06T11:11:11Z
2026-10-06T11:10:00Z,scarperia,,,23,100,,,100,nodata,rzc262791110rl.001.h5,2026-10-06T11:21:15Z
2026-10-06T11:15:00Z,scarperia,,,23,100,,,100,nodata,rzc262791115rl.001.h5,2026-10-06T11:21:15Z
2026-10-06T11:20:00Z,scarperia,,,23,100,,,100,nodata,rzc262791120rl.001.h5,2026-10-06T11:31:11Z
2026-10-06T11:25:00Z,scarperia,,,23,100,,,100,nodata,rzc262791125rl.001.h5,2026-10-06T11:31:11Z
2026-10-06T11:30:00Z,scarperia,,,23,100,,,100,nodata,rzc262791130rl.001.h5,2026-10-06T11:41:04Z
2026-10-06T11:35:00Z,scarperia,,,23,100,,,100,nodata,rzc262791135rl.001.h5,2026-10-06T11:41:04Z
2026-10-06T11:40:00Z,scarperia,,,23,100,,,100,nodata,rzc262791140rl.001.h5,2026-10-06T11:51:09Z
2026-10-06T11:45:00Z,scarperia,,,23,100,,,100,nodata,rzc262791145rl.001.h5,2026-10-06T11:51:09Z
2026-10-06T11:50:00Z,scarperia,,,23,100,,,100,nodata,rzc262791150rl.001.h5,2026-10-06T12:01:25Z
2026-10-06T11:55:00Z,scarperia,,,23,100,,,100,nodata,rzc262791155rl.001.h5,2026-10-06T12:01:25Z
2026-10-06T12:00:00Z,scarperia,,,23,100,,,100,nodata,rzc262791200rl.001.h5,2026-10-06T12:11:15Z
2026-10-06T12:05:00Z,scarperia,,,23,100,,,100,nodata,rzc262791205rl.001.h5,2026-10-06T12:11:15Z
2026-10-06T12:10:00Z,scarperia,,,23,100,,,100,nodata,rzc262791210rl.001.h5,2026-10-06T12:21:18Z
2026-10-06T12:15:00Z,scarperia,,,23,100,,,100,nodata,rzc262791215rl.001.h5,2026-10-06T12:21:18Z
2026-10-06T12:20:00Z,scarperia,,,23,100,,,100,nodata,rzc262791220rl.001.h5,2026-10-06T12:31:22Z
2026-10-06T12:25:00Z,scarperia,,,23,100,,,100,nodata,rzc262791225rl.001.h5,2026-10-06T12:31:22Z
2026-10-06T12:30:00Z,scarperia,,,23,100,,,100,nodata,rzc262791230rl.001.h5,2026-10-06T12:41:13Z
2026-10-06T12:35:00Z,scarperia,,,23,100,,,100,nodata,rzc262791235rl.001.h5,2026-10-06T12:41:13Z
2026-10-06T12:40:00Z,scarperia,,,23,100,,,100,nodata,rzc262791240rl.001.h5,2026-10-06T12:51:16Z
2026-10-06T12:45:00Z,scarperia,,,23,100,,,100,nodata,rzc262791245rl.001.h5,2026-10-06T12:51:16Z
2026-10-06T12:50:00Z,scarperia,,,23,100,,,100,nodata,rzc262791250rl.001.h5,2026-10-06T13:01:15Z
2026-10-06T12:55:00Z,scarperia,,,23,100,,,100,nodata,rzc262791255rl.001.h5,2026-10-06T13:01:15Z
2026-10-06T13:00:00Z,scarperia,,,23,100,,,100,nodata,rzc262791300rl.001.h5,2026-10-06T13:11:10Z
2026-10-06T13:05:00Z,scarperia,,,23,100,,,100,nodata,rzc262791305rl.001.h5,2026-10-06T13:11:10Z
2026-10-06T13:10:00Z,scarperia,,,23,100,,,100,nodata,rzc262791310rl.001.h5,2026-10-06T13:21:19Z
2026-10-06T13:15:00Z,scarperia,,,23,100,,,100,nodata,rzc262791315rl.001.h5,2026-10-06T13:21:19Z
2026-10-06T13:20:00Z,scarperia,,,23,100,,,100,nodata,rzc262791320rl.001.h5,2026-10-06T13:31:16Z
2026-10-06T13:25:00Z,scarperia,,,23,100,,,100,nodata,rzc262791325rl.001.h5,2026-10-06T13:31:16Z
2026-10-06T13:30:00Z,scarperia,,,23,100,,,100,nodata,rzc262791330rl.001.h5,2026-10-06T13:41:11Z
2026-10-06T13:35:00Z,scarperia,,,23,100,,,100,nodata,rzc262791335rl.001.h5,2026-10-06T13:41:11Z
2026-10-06T13:40:00Z,scarperia,,,23,100,,,100,nodata,rzc262791340rl.001.h5,2026-10-06T13:51:45Z
2026-10-06T13:45:00Z,scarperia,,,23,100,,,100,nodata,rzc262791345rl.001.h5,2026-10-06T13:51:45Z
2026-10-06T13:50:00Z,scarperia,,,23,100,,,100,nodata,rzc262791350rl.001.h5,2026-10-06T14:01:22Z
2026-10-06T13:55:00Z,scarperia,,,23,100,,,100,nodata,rzc262791355rl.001.h5,2026-10-06T14:01:22Z
2026-10-06T14:00:00Z,scarperia,,,23,100,,,100,nodata,rzc262791400rl.001.h5,2026-10-06T14:11:16Z
2026-10-06T14:05:00Z,scarperia,,,23,100,,,100,nodata,rzc262791405rl.001.h5,2026-10-06T14:11:16Z
2026-10-06T14:10:00Z,scarperia,,,23,100,,,100,nodata,rzc262791410rl.001.h5,2026-10-06T14:21:07Z
2026-10-06T14:15:00Z,scarperia,,,23,100,,,100,nodata,rzc262791415rl.001.h5,2026-10-06T14:21:07Z
2026-10-06T14:20:00Z,scarperia,,,23,100,,,100,nodata,rzc262791420rl.001.h5,2026-10-06T14:31:12Z
2026-10-06T14:25:00Z,scarperia,,,23,100,,,100,nodata,rzc262791425rl.001.h5,2026-10-06T14:31:12Z
2026-10-06T14:30:00Z,scarperia,,,23,100,,,100,nodata,rzc262791430rl.001.h5,2026-10-06T14:41:22Z
2026-10-06T14:35:00Z,scarperia,,,23,100,,,100,nodata,rzc262791435rl.001.h5,2026-10-06T14:41:22Z
2026-10-06T14:40:00Z,scarperia,,,23,100,,,100,nodata,rzc262791440rl.001.h5,2026-10-06T14:51:10Z
2026-10-06T14:45:00Z,scarperia,,,23,100,,,100,nodata,rzc262791445rl.001.h5,2026-10-06T14:51:10Z
2026-10-06T14:50:00Z,scarperia,,,23,100,,,100,nodata,rzc262791450rl.001.h5,2026-10-06T15:01:23Z
2026-10-06T14:55:00Z,scarperia,,,23,100,,,100,nodata,rzc262791455rl.001.h5,2026-10-06T15:01:23Z
2026-10-06T15:00:00Z,scarperia,,,23,100,,,100,nodata,rzc262791500rl.001.h5,2026-10-06T15:11:21Z
2026-10-06T15:05:00Z,scarperia,,,23,100,,,100,nodata,rzc262791505rl.001.h5,2026-10-06T15:11:21Z
2026-10-06T15:10:00Z,scarperia,,,23,100,,,100,nodata,rzc262791510rl.001.h5,2026-10-06T15:21:46Z
2026-10-06T15:15:00Z,scarperia,,,23,100,,,100,nodata,rzc262791515rl.001.h5,2026-10-06T15:21:46Z
2026-10-06T15:20:00Z,scarperia,,,23,100,,,100,nodata,rzc262791520rl.001.h5,2026-10-06T15:31:09Z
2026-10-06T15:25:00Z,scarperia,,,23,100,,,100,nodata,rzc262791525rl.001.h5,2026-10-06T15:31:09Z
2026-10-06T15:30:00Z,scarperia,,,23,100,,,100,nodata,rzc262791530rl.001.h5,2026-10-06T15:41:14Z
2026-10-06T15:35:00Z,scarperia,,,23,100,,,100,nodata,rzc262791535rl.001.h5,2026-10-06T15:41:14Z
2026-10-06T15:40:00Z,scarperia,,,23,100,,,100,nodata,rzc262791540rl.001.h5,2026-10-06T15:51:28Z
2026-10-06T15:45:00Z,scarperia,,,23,100,,,100,nodata,rzc262791545rl.001.h5,2026-10-06T15:51:28Z
2026-10-06T15:50:00Z,scarperia,,,23,100,,,100,nodata,rzc262791550rl.001.h5,2026-10-06T16:01:29Z
2026-10-06T15:55:00Z,scarperia,,,23,100,,,100,nodata,rzc262791555rl.001.h5,2026-10-06T16:01:29Z
2026-10-06T16:00:00Z,scarperia,,,23,100,,,100,nodata,rzc262791600rl.001.h5,2026-10-06T16:11:07Z
2026-10-06T16:05:00Z,scarperia,,,23,100,,,100,nodata,rzc262791605rl.001.h5,2026-10-06T16:11:07Z
2026-10-06T16:10:00Z,scarperia,,,23,100,,,100,nodata,rzc262791610rl.001.h5,2026-10-06T16:29:21Z
2026-10-06T16:15:00Z,scarperia,,,23,100,,,100,nodata,rzc262791615rl.001.h5,2026-10-06T16:29:21Z
2026-10-06T16:20:00Z,scarperia,,,23,100,,,100,nodata,rzc262791620rl.001.h5,2026-10-06T16:29:21Z
2026-10-06T16:25:00Z,scarperia,,,23,100,,,100,nodata,rzc262791625rl.001.h5,2026-10-06T16:29:21Z
2026-10-06T16:30:00Z,scarperia,,,23,100,,,100,nodata,rzc262791630rl.001.h5,2026-10-06T16:41:11Z
2026-10-06T16:35:00Z,scarperia,,,23,100,,,100,nodata,rzc262791635rl.001.h5,2026-10-06T16:41:11Z
2026-10-06T16:40:00Z,scarperia,,,23,100,,,100,nodata,rzc262791640rl.001.h5,2026-10-06T16:51:26Z
2026-10-06T16:45:00Z,scarperia,,,23,100,,,100,nodata,rzc262791645rl.001.h5,2026-10-06T16:51:26Z
2026-10-06T16:50:00Z,scarperia,,,23,100,,,100,nodata,rzc262791650rl.001.h5,2026-10-06T17:01:47Z
2026-10-06T16:55:00Z,scarperia,,,23,100,,,100,nodata,rzc262791655rl.001.h5,2026-10-06T17:01:47Z
2026-10-06T17:00:00Z,scarperia,,,23,100,,,100,nodata,rzc262791700rl.001.h5,2026-10-06T17:11:16Z
2026-10-06T17:05:00Z,scarperia,,,23,100,,,100,nodata,rzc262791705rl.001.h5,2026-10-06T17:11:16Z
2026-10-06T17:10:00Z,scarperia,,,23,100,,,100,nodata,rzc262791710rl.001.h5,2026-10-06T17:21:11Z
2026-10-06T17:15:00Z,scarperia,,,23,100,,,100,nodata,rzc262791715rl.001.h5,2026-10-06T17:21:11Z
2026-10-06T17:20:00Z,scarperia,,,23,100,,,100,nodata,rzc262791720rl.001.h5,2026-10-06T17:31:05Z
2026-10-06T17:25:00Z,scarperia,,,23,100,,,100,nodata,rzc262791725rl.001.h5,2026-10-06T17:31:05Z
2026-10-06T17:30:00Z,scarperia,,,23,100,,,100,nodata,rzc262791730rl.001.h5,2026-10-06T17:41:21Z
2026-10-06T17:35:00Z,scarperia,,,23,100,,,100,nodata,rzc262791735rl.001.h5,2026-10-06T17:41:21Z
2026-10-06T17:40:00Z,scarperia,,,23,100,,,100,nodata,rzc262791740rl.001.h5,2026-10-06T17:51:04Z
2026-10-06T17:45:00Z,scarperia,,,23,100,,,100,nodata,rzc262791745rl.001.h5,2026-10-06T17:51:04Z
2026-10-06T17:50:00Z,scarperia,,,23,100,,,100,nodata,rzc262791750rl.001.h5,2026-10-06T18:01:19Z
2026-10-06T17:55:00Z,scarperia,,,23,100,,,100,nodata,rzc262791755rl.001.h5,2026-10-06T18:01:19Z
2026-10-06T18:00:00Z,scarperia,,,23,100,,,100,nodata,rzc262791800rl.001.h5,2026-10-06T18:11:29Z
2026-10-06T18:05:00Z,scarperia,,,23,100,,,100,nodata,rzc262791805rl.001.h5,2026-10-06T18:11:29Z
2026-10-06T18:10:00Z,scarperia,,,23,100,,,100,nodata,rzc262791810rl.001.h5,2026-10-06T18:21:15Z
2026-10-06T18:15:00Z,scarperia,,,23,100,,,100,nodata,rzc262791815rl.001.h5,2026-10-06T18:21:15Z
2026-10-06T18:20:00Z,scarperia,,,23,100,,,100,nodata,rzc262791820rl.001.h5,2026-10-06T18:31:14Z
2026-10-06T18:25:00Z,scarperia,,,23,100,,,100,nodata,rzc262791825rl.001.h5,2026-10-06T18:31:14Z
2026-10-06T18:30:00Z,scarperia,,,23,100,,,100,nodata,rzc262791830rl.001.h5,2026-10-06T18:41:10Z
2026-10-06T18:35:00Z,scarperia,,,23,100,,,100,nodata,rzc262791835rl.001.h5,2026-10-06T18:41:10Z
2026-10-06T18:40:00Z,scarperia,,,23,100,,,100,nodata,rzc262791840rl.001.h5,2026-10-06T18:51:24Z
2026-10-06T18:45:00Z,scarperia,,,23,100,,,100,nodata,rzc262791845rl.001.h5,2026-10-06T18:51:24Z
2026-10-06T18:50:00Z,scarperia,,,23,100,,,100,nodata,rzc262791850rl.001.h5,2026-10-06T19:01:21Z
2026-10-06T18:55:00Z,scarperia,,,23,100,,,100,nodata,rzc262791855rl.001.h5,2026-10-06T19:01:21Z
2026-10-06T19:00:00Z,scarperia,,,23,100,,,100,nodata,rzc262791900rl.001.h5,2026-10-06T19:07:01Z
2026-10-06T19:05:00Z,scarperia,,,23,100,,,100,nodata,rzc262791905rl.001.h5,2026-10-06T19:16:09Z
2026-10-06T19:10:00Z,scarperia,,,23,100,,,100,nodata,rzc262791910rl.001.h5,2026-10-06T19:16:09Z
2026-10-06T19:15:00Z,scarperia,,,23,100,,,100,nodata,rzc262791915rl.001.h5,2026-10-06T19:26:23Z
2026-10-06T19:20:00Z,scarperia,,,23,100,,,100,nodata,rzc262791920rl.001.h5,2026-10-06T19:26:23Z
2026-10-06T19:25:00Z,scarperia,,,23,100,,,100,nodata,rzc262791925rl.001.h5,2026-10-06T19:36:13Z
2026-10-06T19:30:00Z,scarperia,,,23,100,,,100,nodata,rzc262791930rl.001.h5,2026-10-06T19:36:13Z
2026-10-06T19:35:00Z,scarperia,,,23,100,,,100,nodata,rzc262791935rl.001.h5,2026-10-06T19:51:10Z
2026-10-06T19:40:00Z,scarperia,,,23,100,,,100,nodata,rzc262791940rl.001.h5,2026-10-06T19:51:10Z
2026-10-06T19:45:00Z,scarperia,,,23,100,,,100,nodata,rzc262791945rl.001.h5,2026-10-06T19:51:10Z
2026-10-06T19:50:00Z,scarperia,,,23,100,,,100,nodata,rzc262791950rl.001.h5,2026-10-06T20:01:15Z
2026-10-06T19:55:00Z,scarperia,,,23,100,,,100,nodata,rzc262791955rl.001.h5,2026-10-06T20:01:15Z
2026-10-06T20:00:00Z,scarperia,,,23,100,,,100,nodata,rzc262792000rl.001.h5,2026-10-06T20:11:03Z
2026-10-06T20:05:00Z,scarperia,,,23,100,,,100,nodata,rzc262792005rl.001.h5,2026-10-06T20:11:03Z
2026-10-06T20:10:00Z,scarperia,,,23,100,,,100,nodata,rzc262792010rl.001.h5,2026-10-06T20:21:18Z
2026-10-06T20:15:00Z,scarperia,,,23,100,,,100,nodata,rzc262792015rl.001.h5,2026-10-06T20:21:18Z
2026-10-06T20:20:00Z,scarperia,,,23,100,,,100,nodata,rzc262792020rl.001.h5,2026-10-06T20:31:06Z
2026-10-06T20:25:00Z,scarperia,,,23,100,,,100,nodata,rzc262792025rl.001.h5,2026-10-06T20:31:06Z
2026-10-06T20:30:00Z,scarperia,,,23,100,,,100,nodata,rzc262792030rl.001.h5,2026-10-06T20:41:22Z
2026-10-06T20:35:00Z,scarperia,,,23,100,,,100,nodata,rzc262792035rl.001.h5,2026-10-06T20:41:22Z
2026-10-06T20:40:00Z,scarperia,,,23,100,,,100,nodata,rzc262792040rl.001.h5,2026-10-06T20:51:12Z
2026-10-06T20:45:00Z,scarperia,,,23,100,,,100,nodata,rzc262792045rl.001.h5,2026-10-06T20:51:12Z
2026-10-06T20:50:00Z,scarperia,,,23,100,,,100,nodata,rzc262792050rl.001.h5,2026-10-06T21:01:05Z
2026-10-06T20:55:00Z,scarperia,,,23,100,,,100,nodata,rzc262792055rl.001.h5,2026-10-06T21:01:05Z
2026-10-06T21:00:00Z,scarperia,,,23,100,,,100,nodata,rzc262792100rl.001.h5,2026-10-06T21:11:10Z
2026-10-06T21:05:00Z,scarperia,,,23,100,,,100,nodata,rzc262792105rl.001.h5,2026-10-06T21:11:10Z
2026-10-06T21:10:00Z,scarperia,,,23,100,,,100,nodata,rzc262792110rl.001.h5,2026-10-06T21:21:16Z
2026-10-06T21:15:00Z,scarperia,,,23,100,,,100,nodata,rzc262792115rl.001.h5,2026-10-06T21:21:16Z
2026-10-06T21:20:00Z,scarperia,,,23,100,,,100,nodata,rzc262792120rl.001.h5,2026-10-06T21:31:14Z
2026-10-06T21:25:00Z,scarperia,,,23,100,,,100,nodata,rzc262792125rl.001.h5,2026-10-06T21:31:14Z
2026-10-06T21:30:00Z,scarperia,,,23,100,,,100,nodata,rzc262792130rl.001.h5,2026-10-06T21:41:04Z
2026-10-06T21:35:00Z,scarperia,,,23,100,,,100,nodata,rzc262792135rl.001.h5,2026-10-06T21:41:04Z
2026-10-06T21:40:00Z,scarperia,,,23,100,,,100,nodata,rzc262792140rl.001.h5,2026-10-06T21:51:09Z
2026-10-06T21:45:00Z,scarperia,,,23,100,,,100,nodata,rzc262792145rl.001.h5,2026-10-06T21:51:09Z
2026-10-06T21:50:00Z,scarperia,,,23,100,,,100,nodata,rzc262792150rl.001.h5,2026-10-06T22:01:10Z
2026-10-06T21:55:00Z,scarperia,,,23,100,,,100,nodata,rzc262792155rl.001.h5,2026-10-06T22:01:10Z
2026-10-06T22:00:00Z,scarperia,,,23,100,,,100,nodata,rzc262792200rl.001.h5,2026-10-06T22:11:17Z
2026-10-06T22:05:00Z,scarperia,,,23,100,,,100,nodata,rzc262792205rl.001.h5,2026-10-06T22:11:17Z
2026-10-06T22:10:00Z,scarperia,,,23,100,,,100,nodata,rzc262792210rl.001.h5,2026-10-06T22:21:16Z
2026-10-06T22:15:00Z,scarperia,,,23,100,,,100,nodata,rzc262792215rl.001.h5,2026-10-06T22:21:16Z
2026-10-06T22:20:00Z,scarperia,,,23,100,,,100,nodata,rzc262792220rl.001.h5,2026-10-06T22:31:02Z
2026-10-06T22:25:00Z,scarperia,,,23,100,,,100,nodata,rzc262792225rl.001.h5,2026-10-06T22:31:02Z
2026-10-06T22:30:00Z,scarperia,,,23,100,,,100,nodata,rzc262792230rl.001.h5,2026-10-06T22:41:06Z
2026-10-06T22:35:00Z,scarperia,,,23,100,,,100,nodata,rzc262792235rl.001.h5,2026-10-06T22:41:06Z
2026-10-06T22:40:00Z,scarperia,,,23,100,,,100,nodata,rzc262792240rl.001.h5,2026-10-06T22:51:04Z
2026-10-06T22:45:00Z,scarperia,,,23,100,,,100,nodata,rzc262792245rl.001.h5,2026-10-06T22:51:04Z
2026-10-06T22:50:00Z,scarperia,,,23,100,,,100,nodata,rzc262792250rl.001.h5,2026-10-06T23:01:08Z
2026-10-06T22:55:00Z,scarperia,,,23,100,,,100,nodata,rzc262792255rl.001.h5,2026-10-06T23:01:08Z
2026-10-06T23:00:00Z,scarperia,,,23,100,,,100,nodata,rzc262792300rl.001.h5,2026-10-06T23:03:31Z
2026-10-06T23:05:00Z,scarperia,,,23,100,,,100,nodata,rzc262792305rl.001.h5,2026-10-06T23:16:07Z
2026-10-06T23:10:00Z,scarperia,,,23,100,,,100,nodata,rzc262792310rl.001.h5,2026-10-06T23:16:07Z
2026-10-06T23:15:00Z,scarperia,,,23,100,,,100,nodata,rzc262792315rl.001.h5,2026-10-06T23:26:10Z
2026-10-06T23:20:00Z,scarperia,,,23,100,,,100,nodata,rzc262792320rl.001.h5,2026-10-06T23:26:10Z
2026-10-06T23:25:00Z,scarperia,,,23,100,,,100,nodata,rzc262792325rl.001.h5,2026-10-06T23:36:14Z
2026-10-06T23:30:00Z,scarperia,,,23,100,,,100,nodata,rzc262792330rl.001.h5,2026-10-06T23:36:14Z
2026-10-06T23:35:00Z,scarperia,,,23,100,,,100,nodata,rzc262792335rl.001.h5,2026-10-06T23:46:03Z
2026-10-06T23:40:00Z,scarperia,,,23,100,,,100,nodata,rzc262792340rl.001.h5,2026-10-06T23:46:03Z
2026-10-06T23:45:00Z,scarperia,,,23,100,,,100,nodata,rzc262792345rl.001.h5,2026-10-06T23:56:13Z
2026-10-06T23:50:00Z,scarperia,,,23,100,,,100,nodata,rzc262792350rl.001.h5,2026-10-06T23:56:13Z
2026-10-06T23:55:00Z,scarperia,,,23,100,,,100,nodata,rzc262792355rl.001.h5,2026-10-07T00:06:05Z
2026-10-07T00:00:00Z,scarperia,,,23,100,,,100,nodata,rzc262800000rl.001.h5,2026-10-07T00:06:05Z
2026-10-07T00:05:00Z,scarperia,,,23,100,,,100,nodata,rzc262800005rl.001.h5,2026-10-07T00:16:03Z
2026-10-07T00:10:00Z,scarperia,,,23,100,,,100,nodata,rzc262800010rl.001.h5,2026-10-07T00:16:03Z
2026-10-07T00:15:00Z,scarperia,,,23,100,,,100,nodata,rzc262800015rl.001.h5,2026-10-07T00:26:42Z
2026-10-07T00:20:00Z,scarperia,,,23,100,,,100,nodata,rzc262800020rl.001.h5,2026-10-07T00:26:42Z
2026-10-07T00:25:00Z,scarperia,,,23,100,,,100,nodata,rzc262800025rl.001.h5,2026-10-07T00:43:48Z
2026-10-07T00:30:00Z,scarperia,,,23,100,,,100,nodata,rzc262800030rl.001.h5,2026-10-07T00:43:48Z
2026-10-07T00:35:00Z,scarperia,,,23,100,,,100,nodata,rzc262800035rl.001.h5,2026-10-07T00:43:48Z
2026-10-07T00:40:00Z,scarperia,,,23,100,,,100,nodata,rzc262800040rl.001.h5,2026-10-07T00:46:06Z
2026-10-07T00:45:00Z,scarperia,,,23,100,,,100,nodata,rzc262800045rl.001.h5,2026-10-07T00:56:19Z
2026-10-07T00:50:00Z,scarperia,,,23,100,,,100,nodata,rzc262800050rl.001.h5,2026-10-07T00:56:19Z
2026-10-07T00:55:00Z,scarperia,,,23,100,,,100,nodata,rzc262800055rl.001.h5,2026-10-07T01:06:18Z
2026-10-07T01:00:00Z,scarperia,,,23,100,,,100,nodata,rzc262800100rl.001.h5,2026-10-07T01:06:18Z
2026-10-07T01:05:00Z,scarperia,,,23,100,,,100,nodata,rzc262800105rl.001.h5,2026-10-07T01:16:05Z
2026-10-07T01:10:00Z,scarperia,,,23,100,,,100,nodata,rzc262800110rl.001.h5,2026-10-07T01:16:05Z
2026-10-07T01:15:00Z,scarperia,,,23,100,,,100,nodata,rzc262800115rl.001.h5,2026-10-07T01:26:09Z
2026-10-07T01:20:00Z,scarperia,,,23,100,,,100,nodata,rzc262800120rl.001.h5,2026-10-07T01:26:09Z
2026-10-07T01:25:00Z,scarperia,,,23,100,,,100,nodata,rzc262800125rl.001.h5,2026-10-07T01:36:12Z
2026-10-07T01:30:00Z,scarperia,,,23,100,,,100,nodata,rzc262800130rl.001.h5,2026-10-07T01:36:12Z
2026-10-07T01:35:00Z,scarperia,,,23,100,,,100,nodata,rzc262800135rl.001.h5,2026-10-07T01:46:16Z
2026-10-07T01:40:00Z,scarperia,,,23,100,,,100,nodata,rzc262800140rl.001.h5,2026-10-07T01:46:16Z
2026-10-07T01:45:00Z,scarperia,,,23,100,,,100,nodata,rzc262800145rl.001.h5,2026-10-07T01:56:07Z
2026-10-07T01:50:00Z,scarperia,,,23,100,,,100,nodata,rzc262800150rl.001.h5,2026-10-07T01:56:07Z
2026-10-07T01:55:00Z,scarperia,,,23,100,,,100,nodata,rzc262800155rl.001.h5,2026-10-07T02:06:03Z
2026-10-07T02:00:00Z,scarperia,,,23,100,,,100,nodata,rzc262800200rl.001.h5,2026-10-07T02:06:03Z
2026-10-07T02:05:00Z,scarperia,,,23,100,,,100,nodata,rzc262800205rl.001.h5,2026-10-07T02:16:11Z
2026-10-07T02:10:00Z,scarperia,,,23,100,,,100,nodata,rzc262800210rl.001.h5,2026-10-07T02:16:11Z
2026-10-07T02:15:00Z,scarperia,,,23,100,,,100,nodata,rzc262800215rl.001.h5,2026-10-07T02:19:01Z
2026-10-07T02:20:00Z,scarperia,,,23,100,,,100,nodata,rzc262800220rl.001.h5,2026-10-07T02:31:09Z
2026-10-07T02:25:00Z,scarperia,,,23,100,,,100,nodata,rzc262800225rl.001.h5,2026-10-07T02:31:09Z
2026-10-07T02:30:00Z,scarperia,,,23,100,,,100,nodata,rzc262800230rl.001.h5,2026-10-07T02:41:08Z
2026-10-07T02:35:00Z,scarperia,,,23,100,,,100,nodata,rzc262800235rl.001.h5,2026-10-07T02:41:08Z
2026-10-07T02:40:00Z,scarperia,,,23,100,,,100,nodata,rzc262800240rl.001.h5,2026-10-07T02:51:10Z
2026-10-07T02:45:00Z,scarperia,,,23,100,,,100,nodata,rzc262800245rl.001.h5,2026-10-07T02:51:10Z
2026-10-07T02:50:00Z,scarperia,,,23,100,,,100,nodata,rzc262800250rl.001.h5,2026-10-07T04:01:08Z
2026-10-07T02:55:00Z,scarperia,,,23,100,,,100,nodata,rzc262800255rl.001.h5,2026-10-07T04:01:08Z
2026-10-07T03:00:00Z,scarperia,,,23,100,,,100,nodata,rzc262800300rl.001.h5,2026-10-07T04:01:08Z
2026-10-07T03:05:00Z,scarperia,,,23,100,,,100,nodata,rzc262800305rl.001.h5,2026-10-07T04:01:08Z
2026-10-07T03:10:00Z,scarperia,,,23,100,,,100,nodata,rzc262800310rl.001.h5,2026-10-07T04:01:08Z
2026-10-07T03:15:00Z,scarperia,,,23,100,,,100,nodata,rzc262800315rl.001.h5,2026-10-07T04:01:08Z
2026-10-07T03:20:00Z,scarperia,,,23,100,,,100,nodata,rzc262800320rl.001.h5,2026-10-07T04:01:08Z
2026-10-07T03:25:00Z,scarperia,,,23,100,,,100,nodata,rzc262800325rl.001.h5,2026-10-07T04:01:08Z
2026-10-07T03:30:00Z,scarperia,,,23,100,,,100,nodata,rzc262800330rl.001.h5,2026-10-07T04:01:08Z
2026-10-07T03:35:00Z,scarperia,,,23,100,,,100,nodata,rzc262800335rl.001.h5,2026-10-07T04:01:08Z
2026-10-07T03:40:00Z,scarperia,,,23,100,,,100,nodata,rzc262800340rl.001.h5,2026-10-07T04:01:08Z
2026-10-07T03:45:00Z,scarperia,,,23,100,,,100,nodata,rzc262800345rl.001.h5,2026-10-07T04:01:08Z
2026-10-07T03:50:00Z,scarperia,,,23,100,,,100,nodata,rzc262800350rl.001.h5,2026-10-07T04:01:08Z
2026-10-07T03:55:00Z,scarperia,,,23,100,,,100,nodata,rzc262800355rl.001.h5,2026-10-07T04:01:08Z
2026-10-07T04:00:00Z,scarperia,,,23,100,,,100,nodata,rzc262800400rl.001.h5,2026-10-07T04:11:07Z
2026-10-07T04:05:00Z,scarperia,,,23,100,,,100,nodata,rzc262800405rl.001.h5,2026-10-07T04:11:07Z
2026-10-07T04:10:00Z,scarperia,,,23,100,,,100,nodata,rzc262800410rl.001.h5,2026-10-07T04:21:13Z
2026-10-07T04:15:00Z,scarperia,,,23,100,,,100,nodata,rzc262800415rl.001.h5,2026-10-07T04:21:13Z
2026-10-07T04:20:00Z,scarperia,,,23,100,,,100,nodata,rzc262800420rl.001.h5,2026-10-07T04:31:09Z
2026-10-07T04:25:00Z,scarperia,,,23,100,,,100,nodata,rzc262800425rl.001.h5,2026-10-07T04:31:09Z
2026-10-07T04:30:00Z,scarperia,,,23,100,,,100,nodata,rzc262800430rl.001.h5,2026-10-07T04:41:04Z
2026-10-07T04:35:00Z,scarperia,,,23,100,,,100,nodata,rzc262800435rl.001.h5,2026-10-07T04:41:04Z
2026-10-07T04:40:00Z,scarperia,,,23,100,,,100,nodata,rzc262800440rl.001.h5,2026-10-07T04:51:07Z
2026-10-07T04:45:00Z,scarperia,,,23,100,,,100,nodata,rzc262800445rl.001.h5,2026-10-07T04:51:07Z
2026-10-07T04:50:00Z,scarperia,,,23,100,,,100,nodata,rzc262800450rl.001.h5,2026-10-07T05:01:26Z
2026-10-07T04:55:00Z,scarperia,,,23,100,,,100,nodata,rzc262800455rl.001.h5,2026-10-07T05:01:26Z
2026-10-07T05:00:00Z,scarperia,,,23,100,,,100,nodata,rzc262800500rl.001.h5,2026-10-07T05:11:08Z
2026-10-07T05:05:00Z,scarperia,,,23,100,,,100,nodata,rzc262800505rl.001.h5,2026-10-07T05:11:08Z
2026-10-07T05:10:00Z,scarperia,,,23,100,,,100,nodata,rzc262800510rl.001.h5,2026-10-07T05:21:21Z
2026-10-07T05:15:00Z,scarperia,,,23,100,,,100,nodata,rzc262800515rl.001.h5,2026-10-07T05:21:21Z
2026-10-07T05:20:00Z,scarperia,,,23,100,,,100,nodata,rzc262800520rl.001.h5,2026-10-07T05:31:22Z
2026-10-07T05:25:00Z,scarperia,,,23,100,,,100,nodata,rzc262800525rl.001.h5,2026-10-07T05:31:22Z
2026-10-07T05:30:00Z,scarperia,,,23,100,,,100,nodata,rzc262800530rl.001.h5,2026-10-07T05:41:23Z
2026-10-07T05:35:00Z,scarperia,,,23,100,,,100,nodata,rzc262800535rl.001.h5,2026-10-07T05:41:23Z
2026-10-07T05:40:00Z,scarperia,,,23,100,,,100,nodata,rzc262800540rl.001.h5,2026-10-07T05:51:08Z
2026-10-07T05:45:00Z,scarperia,,,23,100,,,100,nodata,rzc262800545rl.001.h5,2026-10-07T05:51:08Z
2026-10-07T05:50:00Z,scarperia,,,23,100,,,100,nodata,rzc262800550rl.001.h5,2026-10-07T06:01:42Z
2026-10-07T05:55:00Z,scarperia,,,23,100,,,100,nodata,rzc262800555rl.001.h5,2026-10-07T06:01:42Z
2026-10-07T06:00:00Z,scarperia,,,23,100,,,100,nodata,rzc262800600rl.001.h5,2026-10-07T06:11:13Z
2026-10-07T06:05:00Z,scarperia,,,23,100,,,100,nodata,rzc262800605rl.001.h5,2026-10-07T06:11:13Z
2026-10-07T06:10:00Z,scarperia,,,23,100,,,100,nodata,rzc262800610rl.001.h5,2026-10-07T06:21:13Z
2026-10-07T06:15:00Z,scarperia,,,23,100,,,100,nodata,rzc262800615rl.001.h5,2026-10-07T06:21:13Z
2026-10-07T06:20:00Z,scarperia,,,23,100,,,100,nodata,rzc262800620rl.001.h5,2026-10-07T06:31:15Z
2026-10-07T06:25:00Z,scarperia,,,23,100,,,100,nodata,rzc262800625rl.001.h5,2026-10-07T06:31:15Z
2026-10-07T06:30:00Z,scarperia,,,23,100,,,100,nodata,rzc262800630rl.001.h5,2026-10-07T06:41:13Z
2026-10-07T06:35:00Z,scarperia,,,23,100,,,100,nodata,rzc262800635rl.001.h5,2026-10-07T06:41:13Z
2026-10-07T06:40:00Z,scarperia,,,23,100,,,100,nodata,rzc262800640rl.001.h5,2026-10-07T06:51:21Z
2026-10-07T06:45:00Z,scarperia,,,23,100,,,100,nodata,rzc262800645rl.001.h5,2026-10-07T06:51:21Z
2026-10-07T06:50:00Z,scarperia,,,23,100,,,100,nodata,rzc262800650rl.001.h5,2026-10-07T07:01:33Z
2026-10-07T06:55:00Z,scarperia,,,23,100,,,100,nodata,rzc262800655rl.001.h5,2026-10-07T07:01:33Z
2026-10-07T07:00:00Z,scarperia,,,23,100,,,100,nodata,rzc262800700rl.001.h5,2026-10-07T07:11:15Z
2026-10-07T07:05:00Z,scarperia,,,23,100,,,100,nodata,rzc262800705rl.001.h5,2026-10-07T07:11:15Z
2026-10-07T07:10:00Z,scarperia,,,23,100,,,100,nodata,rzc262800710rl.001.h5,2026-10-07T07:21:12Z
2026-10-07T07:15:00Z,scarperia,,,23,100,,,100,nodata,rzc262800715rl.001.h5,2026-10-07T07:21:12Z
2026-10-07T07:20:00Z,scarperia,,,23,100,,,100,nodata,rzc262800720rl.001.h5,2026-10-07T07:31:08Z
2026-10-07T07:25:00Z,scarperia,,,23,100,,,100,nodata,rzc262800725rl.001.h5,2026-10-07T07:31:08Z
2026-10-07T07:30:00Z,scarperia,,,23,100,,,100,nodata,rzc262800730rl.001.h5,2026-10-07T07:41:16Z
2026-10-07T07:35:00Z,scarperia,,,23,100,,,100,nodata,rzc262800735rl.001.h5,2026-10-07T07:41:16Z
2026-10-07T07:40:00Z,scarperia,,,23,100,,,100,nodata,rzc262800740rl.001.h5,2026-10-07T07:51:17Z
2026-10-07T07:45:00Z,scarperia,,,23,100,,,100,nodata,rzc262800745rl.001.h5,2026-10-07T07:51:17Z
2026-10-07T07:50:00Z,scarperia,,,23,100,,,100,nodata,rzc262800750rl.001.h5,2026-10-07T08:01:08Z
2026-10-07T07:55:00Z,scarperia,,,23,100,,,100,nodata,rzc262800755rl.001.h5,2026-10-07T08:01:08Z
2026-10-07T08:00:00Z,scarperia,,,23,100,,,100,nodata,rzc262800800rl.001.h5,2026-10-07T08:11:24Z
2026-10-07T08:05:00Z,scarperia,,,23,100,,,100,nodata,rzc262800805rl.001.h5,2026-10-07T08:11:24Z
2026-10-07T08:10:00Z,scarperia,,,23,100,,,100,nodata,rzc262800810rl.001.h5,2026-10-07T08:21:14Z
2026-10-07T08:15:00Z,scarperia,,,23,100,,,100,nodata,rzc262800815rl.001.h5,2026-10-07T08:21:14Z
2026-10-07T08:20:00Z,scarperia,,,23,100,,,100,nodata,rzc262800820rl.001.h5,2026-10-07T08:31:40Z
2026-10-07T08:25:00Z,scarperia,,,23,100,,,100,nodata,rzc262800825rl.001.h5,2026-10-07T08:31:40Z
2026-10-07T08:30:00Z,scarperia,,,23,100,,,100,nodata,rzc262800830rl.001.h5,2026-10-07T08:41:22Z
2026-10-07T08:35:00Z,scarperia,,,23,100,,,100,nodata,rzc262800835rl.001.h5,2026-10-07T08:41:22Z
2026-10-07T08:40:00Z,scarperia,,,23,100,,,100,nodata,rzc262800840rl.001.h5,2026-10-07T08:51:20Z
2026-10-07T08:45:00Z,scarperia,,,23,100,,,100,nodata,rzc262800845rl.001.h5,2026-10-07T08:51:20Z
2026-10-07T08:50:00Z,scarperia,,,23,100,,,100,nodata,rzc262800850rl.001.h5,2026-10-07T08:56:19Z
2026-10-07T08:55:00Z,scarperia,,,23,100,,,100,nodata,rzc262800855rl.001.h5,2026-10-07T09:06:08Z
2026-10-07T09:00:00Z,scarperia,,,23,100,,,100,nodata,rzc262800900vl.001.h5,2026-10-07T09:06:08Z
2026-10-07T09:05:00Z,scarperia,,,23,100,,,100,nodata,rzc262800905vl.001.h5,2026-10-07T09:06:08Z
2026-10-07T09:10:00Z,scarperia,,,23,100,,,100,nodata,rzc262800910vl.001.h5,2026-10-07T09:16:21Z
2026-10-07T09:15:00Z,scarperia,,,23,100,,,100,nodata,rzc262800915vl.001.h5,2026-10-07T09:16:21Z
2026-10-07T09:20:00Z,scarperia,,,23,100,,,100,nodata,rzc262800920vl.001.h5,2026-10-07T09:26:15Z
2026-10-07T09:25:00Z,scarperia,,,23,100,,,100,nodata,rzc262800925vl.001.h5,2026-10-07T09:26:15Z
2026-10-07T09:30:00Z,scarperia,,,23,100,,,100,nodata,rzc262800930vl.001.h5,2026-10-07T09:36:30Z
2026-10-07T09:35:00Z,scarperia,,,23,100,,,100,nodata,rzc262800935vl.001.h5,2026-10-07T09:36:30Z
2026-10-07T09:40:00Z,scarperia,,,23,100,,,100,nodata,rzc262800940vl.001.h5,2026-10-07T09:46:19Z
2026-10-07T09:45:00Z,scarperia,,,23,100,,,100,nodata,rzc262800945vl.001.h5,2026-10-07T09:46:19Z
2026-10-07T09:50:00Z,scarperia,,,23,100,,,100,nodata,rzc262800950vl.001.h5,2026-10-07T09:56:16Z
2026-10-07T09:55:00Z,scarperia,,,23,100,,,100,nodata,rzc262800955vl.001.h5,2026-10-07T09:56:16Z
2026-10-07T10:00:00Z,scarperia,,,23,100,,,100,nodata,rzc262801000vl.001.h5,2026-10-07T10:06:22Z
2026-10-07T10:05:00Z,scarperia,,,23,100,,,100,nodata,rzc262801005vl.001.h5,2026-10-07T10:06:22Z
2026-10-07T10:10:00Z,scarperia,,,23,100,,,100,nodata,rzc262801010vl.001.h5,2026-10-07T10:16:18Z
2026-10-07T10:15:00Z,scarperia,,,23,100,,,100,nodata,rzc262801015vl.001.h5,2026-10-07T10:16:18Z
2026-10-07T10:20:00Z,scarperia,,,23,100,,,100,nodata,rzc262801020vl.001.h5,2026-10-07T10:26:19Z
2026-10-07T10:25:00Z,scarperia,,,23,100,,,100,nodata,rzc262801025vl.001.h5,2026-10-07T10:26:19Z
2026-10-07T10:30:00Z,scarperia,,,23,100,,,100,nodata,rzc262801030vl.001.h5,2026-10-07T10:36:18Z
2026-10-07T10:35:00Z,scarperia,,,23,100,,,100,nodata,rzc262801035vl.001.h5,2026-10-07T10:36:18Z
2026-10-07T10:40:00Z,scarperia,,,23,100,,,100,nodata,rzc262801040vl.001.h5,2026-10-07T10:46:12Z
2026-10-07T10:45:00Z,scarperia,,,23,100,,,100,nodata,rzc262801045vl.001.h5,2026-10-07T10:46:12Z
2026-10-07T10:50:00Z,scarperia,,,23,100,,,100,nodata,rzc262801050vl.001.h5,2026-10-07T10:56:26Z
2026-10-07T10:55:00Z,scarperia,,,23,100,,,100,nodata,rzc262801055vl.001.h5,2026-10-07T10:56:26Z
2026-10-07T11:00:00Z,scarperia,,,23,100,,,100,nodata,rzc262801100vl.001.h5,2026-10-07T11:06:16Z
2026-10-07T11:05:00Z,scarperia,,,23,100,,,100,nodata,rzc262801105vl.001.h5,2026-10-07T11:06:16Z
2026-10-07T11:10:00Z,scarperia,,,23,100,,,100,nodata,rzc262801110vl.001.h5,2026-10-07T11:16:18Z
2026-10-07T11:15:00Z,scarperia,,,23,100,,,100,nodata,rzc262801115vl.001.h5,2026-10-07T11:16:18Z
2026-10-07T11:20:00Z,scarperia,,,23,100,,,100,nodata,rzc262801120vl.001.h5,2026-10-07T11:26:22Z
2026-10-07T11:25:00Z,scarperia,,,23,100,,,100,nodata,rzc262801125vl.001.h5,2026-10-07T11:26:22Z
2026-10-07T11:30:00Z,scarperia,,,23,100,,,100,nodata,rzc262801130vl.001.h5,2026-10-07T11:36:13Z
2026-10-07T11:35:00Z,scarperia,,,23,100,,,100,nodata,rzc262801135vl.001.h5,2026-10-07T11:36:13Z
2026-10-07T11:40:00Z,scarperia,,,23,100,,,100,nodata,rzc262801140vl.001.h5,2026-10-07T11:46:11Z
2026-10-07T11:45:00Z,scarperia,,,23,100,,,100,nodata,rzc262801145rl.001.h5,2026-10-07T11:56:21Z
2026-10-07T11:50:00Z,scarperia,,,23,100,,,100,nodata,rzc262801150rl.001.h5,2026-10-07T11:56:21Z
2026-10-07T11:55:00Z,scarperia,,,23,100,,,100,nodata,rzc262801155vl.001.h5,2026-10-07T11:56:21Z
2026-10-07T12:00:00Z,scarperia,,,23,100,,,100,nodata,rzc262801200vl.001.h5,2026-10-07T12:06:45Z
2026-10-07T12:05:00Z,scarperia,,,23,100,,,100,nodata,rzc262801205vl.001.h5,2026-10-07T12:06:45Z
2026-10-07T12:10:00Z,scarperia,,,23,100,,,100,nodata,rzc262801210vl.001.h5,2026-10-07T12:16:30Z
2026-10-07T12:15:00Z,scarperia,,,23,100,,,100,nodata,rzc262801215vl.001.h5,2026-10-07T12:16:30Z
2026-10-07T12:20:00Z,scarperia,,,23,100,,,100,nodata,rzc262801220vl.001.h5,2026-10-07T12:26:10Z
2026-10-07T12:25:00Z,scarperia,,,23,100,,,100,nodata,rzc262801225vl.001.h5,2026-10-07T12:26:10Z
2026-10-07T12:30:00Z,scarperia,,,23,100,,,100,nodata,rzc262801230vl.001.h5,2026-10-07T12:36:18Z
2026-10-07T12:35:00Z,scarperia,,,23,100,,,100,nodata,rzc262801235vl.001.h5,2026-10-07T12:36:18Z
2026-10-07T12:40:00Z,scarperia,,,23,100,,,100,nodata,rzc262801240vl.001.h5,2026-10-07T12:46:26Z
2026-10-07T12:45:00Z,scarperia,,,23,100,,,100,nodata,rzc262801245vl.001.h5,2026-10-07T12:46:26Z
2026-10-07T12:50:00Z,scarperia,,,23,100,,,100,nodata,rzc262801250vl.001.h5,2026-10-07T12:56:18Z
2026-10-07T12:55:00Z,scarperia,,,23,100,,,100,nodata,rzc262801255vl.001.h5,2026-10-07T12:56:18Z
2026-10-07T13:00:00Z,scarperia,,,23,100,,,100,nodata,rzc262801300vl.001.h5,2026-10-07T13:06:18Z
2026-10-07T13:05:00Z,scarperia,,,23,100,,,100,nodata,rzc262801305vl.001.h5,2026-10-07T13:06:18Z
2026-10-07T13:10:00Z,scarperia,,,23,100,,,100,nodata,rzc262801310vl.001.h5,2026-10-07T13:16:21Z
2026-10-07T13:15:00Z,scarperia,,,23,100,,,100,nodata,rzc262801315vl.001.h5,2026-10-07T13:16:21Z
2026-10-07T13:20:00Z,scarperia,,,23,100,,,100,nodata,rzc262801320vl.001.h5,2026-10-07T13:26:14Z
2026-10-07T13:25:00Z,scarperia,,,23,100,,,100,nodata,rzc262801325vl.001.h5,2026-10-07T13:26:14Z
2026-10-07T13:30:00Z,scarperia,,,23,100,,,100,nodata,rzc262801330vl.001.h5,2026-10-07T13:36:16Z
2026-10-07T13:35:00Z,scarperia,,,23,100,,,100,nodata,rzc262801335vl.001.h5,2026-10-07T13:36:16Z
2026-10-07T13:40:00Z,scarperia,,,23,100,,,100,nodata,rzc262801340vl.001.h5,2026-10-07T13:46:27Z
2026-10-07T13:45:00Z,scarperia,,,23,100,,,100,nodata,rzc262801345vl.001.h5,2026-10-07T13:46:27Z
2026-10-07T13:50:00Z,scarperia,,,23,100,,,100,nodata,rzc262801350vl.001.h5,2026-10-07T13:56:16Z
2026-10-07T13:55:00Z,scarperia,,,23,100,,,100,nodata,rzc262801355vl.001.h5,2026-10-07T13:56:16Z
2026-10-07T14:00:00Z,scarperia,,,23,100,,,100,nodata,rzc262801400vl.001.h5,2026-10-07T14:06:17Z
2026-10-07T14:05:00Z,scarperia,,,23,100,,,100,nodata,rzc262801405vl.001.h5,2026-10-07T14:06:17Z
2026-10-07T14:10:00Z,scarperia,,,23,100,,,100,nodata,rzc262801410vl.001.h5,2026-10-07T14:16:20Z
2026-10-07T14:15:00Z,scarperia,,,23,100,,,100,nodata,rzc262801415vl.001.h5,2026-10-07T14:16:20Z
2026-10-07T14:20:00Z,scarperia,,,23,100,,,100,nodata,rzc262801420vl.001.h5,2026-10-07T14:26:11Z
2026-10-07T14:25:00Z,scarperia,,,23,100,,,100,nodata,rzc262801425vl.001.h5,2026-10-07T14:26:11Z
2026-10-07T14:30:00Z,scarperia,,,23,100,,,100,nodata,rzc262801430vl.001.h5,2026-10-07T14:36:18Z
2026-10-07T14:35:00Z,scarperia,,,23,100,,,100,nodata,rzc262801435vl.001.h5,2026-10-07T14:36:18Z
2026-10-07T14:40:00Z,scarperia,,,23,100,,,100,nodata,rzc262801440vl.001.h5,2026-10-07T14:46:23Z
2026-10-07T14:45:00Z,scarperia,,,23,100,,,100,nodata,rzc262801445vl.001.h5,2026-10-07T14:46:23Z
2026-10-07T14:50:00Z,scarperia,,,23,100,,,100,nodata,rzc262801450vl.001.h5,2026-10-07T14:56:13Z
2026-10-07T14:55:00Z,scarperia,,,23,100,,,100,nodata,rzc262801455vl.001.h5,2026-10-07T14:56:13Z
2026-10-07T15:00:00Z,scarperia,,,23,100,,,100,nodata,rzc262801500vl.001.h5,2026-10-07T15:06:11Z
2026-10-07T15:05:00Z,scarperia,,,23,100,,,100,nodata,rzc262801505vl.001.h5,2026-10-07T15:06:11Z
2026-10-07T15:10:00Z,scarperia,,,23,100,,,100,nodata,rzc262801510vl.001.h5,2026-10-07T15:21:17Z
2026-10-07T15:15:00Z,scarperia,,,23,100,,,100,nodata,rzc262801515vl.001.h5,2026-10-07T15:21:17Z
2026-10-07T15:20:00Z,scarperia,,,23,100,,,100,nodata,rzc262801520vl.001.h5,2026-10-07T15:21:17Z
2026-10-07T15:25:00Z,scarperia,,,23,100,,,100,nodata,rzc262801525vl.001.h5,2026-10-07T15:31:18Z
2026-10-07T15:30:00Z,scarperia,,,23,100,,,100,nodata,rzc262801530vl.001.h5,2026-10-07T15:31:18Z
2026-10-07T15:35:00Z,scarperia,,,23,100,,,100,nodata,rzc262801535vl.001.h5,2026-10-07T15:41:19Z
2026-10-07T15:40:00Z,scarperia,,,23,100,,,100,nodata,rzc262801540vl.001.h5,2026-10-07T15:41:19Z
2026-10-07T15:45:00Z,scarperia,,,23,100,,,100,nodata,rzc262801545vl.001.h5,2026-10-07T15:51:10Z
2026-10-07T15:50:00Z,scarperia,,,23,100,,,100,nodata,rzc262801550vl.001.h5,2026-10-07T15:51:10Z
2026-10-07T15:55:00Z,scarperia,,,23,100,,,100,nodata,rzc262801555vl.001.h5,2026-10-07T16:01:30Z
2026-10-07T16:00:00Z,scarperia,,,23,100,,,100,nodata,rzc262801600vl.001.h5,2026-10-07T16:01:30Z
2026-10-07T16:05:00Z,scarperia,,,23,100,,,100,nodata,rzc262801605vl.001.h5,2026-10-07T16:11:25Z
2026-10-07T16:10:00Z,scarperia,,,23,100,,,100,nodata,rzc262801610vl.001.h5,2026-10-07T16:11:25Z
2026-10-07T16:15:00Z,scarperia,,,23,100,,,100,nodata,rzc262801615vl.001.h5,2026-10-07T16:20:29Z
2026-10-07T16:20:00Z,scarperia,,,23,100,,,100,nodata,rzc262801620vl.001.h5,2026-10-07T16:31:15Z
2026-10-07T16:25:00Z,scarperia,,,23,100,,,100,nodata,rzc262801625vl.001.h5,2026-10-07T16:31:15Z
2026-10-07T16:30:00Z,scarperia,,,23,100,,,100,nodata,rzc262801630vl.001.h5,2026-10-07T16:31:15Z
2026-10-07T16:35:00Z,scarperia,,,23,100,,,100,nodata,rzc262801635vl.001.h5,2026-10-07T16:41:16Z
2026-10-07T16:40:00Z,scarperia,,,23,100,,,100,nodata,rzc262801640vl.001.h5,2026-10-07T16:41:16Z
2026-10-07T16:45:00Z,scarperia,,,23,100,,,100,nodata,rzc262801645vl.001.h5,2026-10-07T16:51:15Z
2026-10-07T16:50:00Z,scarperia,,,23,100,,,100,nodata,rzc262801650vl.001.h5,2026-10-07T16:51:15Z
2026-10-07T16:55:00Z,scarperia,,,23,100,,,100,nodata,rzc262801655vl.001.h5,2026-10-07T17:06:18Z
2026-10-07T17:00:00Z,scarperia,,,23,100,,,100,nodata,rzc262801700vl.001.h5,2026-10-07T17:06:18Z
2026-10-07T17:05:00Z,scarperia,,,23,100,,,100,nodata,rzc262801705vl.001.h5,2026-10-07T17:06:18Z
2026-10-07T17:10:00Z,scarperia,,,23,100,,,100,nodata,rzc262801710vl.001.h5,2026-10-07T17:16:14Z
2026-10-07T17:15:00Z,scarperia,,,23,100,,,100,nodata,rzc262801715vl.001.h5,2026-10-07T17:16:14Z
2026-10-07T17:20:00Z,scarperia,,,23,100,,,100,nodata,rzc262801720vl.001.h5,2026-10-07T17:26:23Z
2026-10-07T17:25:00Z,scarperia,,,23,100,,,100,nodata,rzc262801725vl.001.h5,2026-10-07T17:26:23Z
2026-10-07T17:30:00Z,scarperia,,,23,100,,,100,nodata,rzc262801730vl.001.h5,2026-10-07T17:36:14Z
2026-10-07T17:35:00Z,scarperia,,,23,100,,,100,nodata,rzc262801735vl.001.h5,2026-10-07T17:36:14Z
2026-10-07T17:40:00Z,scarperia,,,23,100,,,100,nodata,rzc262801740vl.001.h5,2026-10-07T17:46:18Z
2026-10-07T17:45:00Z,scarperia,,,23,100,,,100,nodata,rzc262801745vl.001.h5,2026-10-07T17:46:18Z
2026-10-07T17:50:00Z,scarperia,,,23,100,,,100,nodata,rzc262801750vl.001.h5,2026-10-07T17:56:10Z
2026-10-07T17:55:00Z,scarperia,,,23,100,,,100,nodata,rzc262801755vl.001.h5,2026-10-07T17:56:10Z
2026-10-07T18:00:00Z,scarperia,,,23,100,,,100,nodata,rzc262801800vl.001.h5,2026-10-07T18:06:12Z
2026-10-07T18:05:00Z,scarperia,,,23,100,,,100,nodata,rzc262801805vl.001.h5,2026-10-07T18:06:12Z
2026-10-07T18:10:00Z,scarperia,,,23,100,,,100,nodata,rzc262801810vl.001.h5,2026-10-07T18:16:15Z
2026-10-07T18:15:00Z,scarperia,,,23,100,,,100,nodata,rzc262801815vl.001.h5,2026-10-07T18:16:15Z
2026-10-07T18:20:00Z,scarperia,,,23,100,,,100,nodata,rzc262801820vl.001.h5,2026-10-07T18:26:20Z
2026-10-07T18:25:00Z,scarperia,,,23,100,,,100,nodata,rzc262801825vl.001.h5,2026-10-07T18:26:20Z
2026-10-07T18:30:00Z,scarperia,,,23,100,,,100,nodata,rzc262801830vl.001.h5,2026-10-07T18:36:07Z
2026-10-07T18:35:00Z,scarperia,,,23,100,,,100,nodata,rzc262801835vl.001.h5,2026-10-07T18:36:07Z
2026-10-07T18:40:00Z,scarperia,,,23,100,,,100,nodata,rzc262801840vl.001.h5,2026-10-07T18:46:31Z
2026-10-07T18:45:00Z,scarperia,,,23,100,,,100,nodata,rzc262801845vl.001.h5,2026-10-07T18:46:31Z
2026-10-07T18:50:00Z,scarperia,,,23,100,,,100,nodata,rzc262801850vl.001.h5,2026-10-07T18:56:13Z
2026-10-07T18:55:00Z,scarperia,,,23,100,,,100,nodata,rzc262801855vl.001.h5,2026-10-07T18:56:13Z
2026-10-07T19:00:00Z,scarperia,,,23,100,,,100,nodata,rzc262801900vl.001.h5,2026-10-07T19:06:21Z
2026-10-07T19:05:00Z,scarperia,,,23,100,,,100,nodata,rzc262801905vl.001.h5,2026-10-07T19:06:21Z
2026-10-07T19:10:00Z,scarperia,,,23,100,,,100,nodata,rzc262801910vl.001.h5,2026-10-07T19:16:22Z
2026-10-07T19:15:00Z,scarperia,,,23,100,,,100,nodata,rzc262801915vl.001.h5,2026-10-07T19:16:22Z
2026-10-07T19:20:00Z,scarperia,,,23,100,,,100,nodata,rzc262801920vl.001.h5,2026-10-07T19:26:25Z
2026-10-07T19:25:00Z,scarperia,,,23,100,,,100,nodata,rzc262801925vl.001.h5,2026-10-07T19:26:25Z
2026-10-07T19:30:00Z,scarperia,,,23,100,,,100,nodata,rzc262801930vl.001.h5,2026-10-07T19:36:21Z
2026-10-07T19:35:00Z,scarperia,,,23,100,,,100,nodata,rzc262801935vl.001.h5,2026-10-07T19:36:21Z
2026-10-07T19:40:00Z,scarperia,,,23,100,,,100,nodata,rzc262801940vl.001.h5,2026-10-07T19:46:19Z
2026-10-07T19:45:00Z,scarperia,,,23,100,,,100,nodata,rzc262801945vl.001.h5,2026-10-07T19:46:19Z
2026-10-07T19:50:00Z,scarperia,,,23,100,,,100,nodata,rzc262801950vl.001.h5,2026-10-07T19:56:09Z
2026-10-07T19:55:00Z,scarperia,,,23,100,,,100,nodata,rzc262801955vl.001.h5,2026-10-07T19:56:09Z
2026-10-07T20:00:00Z,scarperia,,,23,100,,,100,nodata,rzc262802000vl.001.h5,2026-10-07T20:06:12Z
2026-10-07T20:05:00Z,scarperia,,,23,100,,,100,nodata,rzc262802005vl.001.h5,2026-10-07T20:06:12Z
2026-10-07T20:10:00Z,scarperia,,,23,100,,,100,nodata,rzc262802010vl.001.h5,2026-10-07T20:16:11Z
2026-10-07T20:15:00Z,scarperia,,,23,100,,,100,nodata,rzc262802015vl.001.h5,2026-10-07T20:16:11Z
2026-10-07T20:20:00Z,scarperia,,,23,100,,,100,nodata,rzc262802020vl.001.h5,2026-10-07T20:26:25Z
2026-10-07T20:25:00Z,scarperia,,,23,100,,,100,nodata,rzc262802025vl.001.h5,2026-10-07T20:26:25Z
2026-10-07T20:30:00Z,scarperia,,,23,100,,,100,nodata,rzc262802030vl.001.h5,2026-10-07T20:36:11Z
2026-10-07T20:35:00Z,scarperia,,,23,100,,,100,nodata,rzc262802035vl.001.h5,2026-10-07T20:36:11Z
2026-10-07T20:40:00Z,scarperia,,,23,100,,,100,nodata,rzc262802040vl.001.h5,2026-10-07T20:46:18Z
2026-10-07T20:45:00Z,scarperia,,,23,100,,,100,nodata,rzc262802045vl.001.h5,2026-10-07T20:46:18Z
2026-10-07T20:50:00Z,scarperia,,,23,100,,,100,nodata,rzc262802050vl.001.h5,2026-10-07T20:56:14Z
2026-10-07T20:55:00Z,scarperia,,,23,100,,,100,nodata,rzc262802055vl.001.h5,2026-10-07T20:56:14Z
2026-10-07T21:00:00Z,scarperia,,,23,100,,,100,nodata,rzc262802100vl.001.h5,2026-10-07T21:06:21Z
2026-10-07T21:05:00Z,scarperia,,,23,100,,,100,nodata,rzc262802105vl.001.h5,2026-10-07T21:06:21Z
2026-10-07T21:10:00Z,scarperia,,,23,100,,,100,nodata,rzc262802110vl.001.h5,2026-10-07T21:16:28Z
2026-10-07T21:15:00Z,scarperia,,,23,100,,,100,nodata,rzc262802115vl.001.h5,2026-10-07T21:16:28Z
2026-10-07T21:20:00Z,scarperia,,,23,100,,,100,nodata,rzc262802120vl.001.h5,2026-10-07T21:25:16Z
2026-10-07T21:25:00Z,scarperia,,,23,100,,,100,nodata,rzc262802125vl.001.h5,2026-10-07T21:36:25Z
2026-10-07T21:30:00Z,scarperia,,,23,100,,,100,nodata,rzc262802130vl.001.h5,2026-10-07T21:36:25Z
2026-10-07T21:35:00Z,scarperia,,,23,100,,,100,nodata,rzc262802135vl.001.h5,2026-10-07T21:36:25Z
2026-10-07T21:40:00Z,scarperia,,,23,100,,,100,nodata,rzc262802140vl.001.h5,2026-10-07T21:46:17Z
2026-10-07T21:45:00Z,scarperia,,,23,100,,,100,nodata,rzc262802145vl.001.h5,2026-10-07T21:46:17Z
2026-10-07T21:50:00Z,scarperia,,,23,100,,,100,nodata,rzc262802150vl.001.h5,2026-10-07T21:56:10Z
2026-10-07T21:55:00Z,scarperia,,,23,100,,,100,nodata,rzc262802155vl.001.h5,2026-10-07T21:56:10Z
2026-10-07T22:00:00Z,scarperia,,,23,100,,,100,nodata,rzc262802200vl.001.h5,2026-10-07T22:06:10Z
2026-10-07T22:05:00Z,scarperia,,,23,100,,,100,nodata,rzc262802205vl.001.h5,2026-10-07T22:06:10Z
2026-10-07T22:10:00Z,scarperia,,,23,100,,,100,nodata,rzc262802210vl.001.h5,2026-10-07T22:16:12Z
2026-10-07T22:15:00Z,scarperia,,,23,100,,,100,nodata,rzc262802215vl.001.h5,2026-10-07T22:16:12Z
2026-10-07T22:20:00Z,scarperia,,,23,100,,,100,nodata,rzc262802220vl.001.h5,2026-10-07T22:26:24Z
2026-10-07T22:25:00Z,scarperia,,,23,100,,,100,nodata,rzc262802225vl.001.h5,2026-10-07T22:26:24Z
2026-10-07T22:30:00Z,scarperia,,,23,100,,,100,nodata,rzc262802230vl.001.h5,2026-10-07T22:36:12Z
2026-10-07T22:35:00Z,scarperia,,,23,100,,,100,nodata,rzc262802235vl.001.h5,2026-10-07T22:36:12Z
2026-10-07T22:40:00Z,scarperia,,,23,100,,,100,nodata,rzc262802240vl.001.h5,2026-10-07T22:46:12Z
2026-10-07T22:45:00Z,scarperia,,,23,100,,,100,nodata,rzc262802245vl.001.h5,2026-10-07T22:46:12Z
2026-10-07T22:50:00Z,scarperia,,,23,100,,,100,nodata,rzc262802250vl.001.h5,2026-10-07T22:56:09Z
2026-10-07T22:55:00Z,scarperia,,,23,100,,,100,nodata,rzc262802255vl.001.h5,2026-10-07T22:56:09Z
2026-10-07T23:00:00Z,scarperia,,,23,100,,,100,nodata,rzc262802300vl.001.h5,2026-10-07T23:06:23Z
2026-10-07T23:05:00Z,scarperia,,,23,100,,,100,nodata,rzc262802305vl.001.h5,2026-10-07T23:06:23Z
2026-10-07T23:10:00Z,scarperia,,,23,100,,,100,nodata,rzc262802310vl.001.h5,2026-10-07T23:16:11Z
2026-10-07T23:15:00Z,scarperia,,,23,100,,,100,nodata,rzc262802315vl.001.h5,2026-10-07T23:16:11Z
2026-10-07T23:20:00Z,scarperia,,,23,100,,,100,nodata,rzc262802320vl.001.h5,2026-10-07T23:26:16Z
2026-10-07T23:25:00Z,scarperia,,,23,100,,,100,nodata,rzc262802325vl.001.h5,2026-10-07T23:26:16Z
2026-10-07T23:30:00Z,scarperia,,,23,100,,,100,nodata,rzc262802330vl.001.h5,2026-10-07T23:36:06Z
2026-10-07T23:35:00Z,scarperia,,,23,100,,,100,nodata,rzc262802335vl.001.h5,2026-10-07T23:36:06Z
2026-10-07T23:40:00Z,scarperia,,,23,100,,,100,nodata,rzc262802340vl.001.h5,2026-10-07T23:46:12Z
2026-10-07T23:45:00Z,scarperia,,,23,100,,,100,nodata,rzc262802345vl.001.h5,2026-10-07T23:46:12Z
2026-10-07T23:50:00Z,scarperia,,,23,100,,,100,nodata,rzc262802350vl.001.h5,2026-10-07T23:56:15Z
2026-10-07T23:55:00Z,scarperia,,,23,100,,,100,nodata,rzc262802355vl.001.h5,2026-10-07T23:56:15Z
2026-10-08T00:00:00Z,scarperia,,,23,100,,,100,nodata,rzc262810000vl.001.h5,2026-10-08T00:06:07Z
2026-10-08T00:05:00Z,scarperia,,,23,100,,,100,nodata,rzc262810005vl.001.h5,2026-10-08T00:06:07Z
2026-10-08T00:10:00Z,scarperia,,,23,100,,,100,nodata,rzc262810010vl.001.h5,2026-10-08T00:16:06Z
2026-10-08T00:15:00Z,scarperia,,,23,100,,,100,nodata,rzc262810015vl.001.h5,2026-10-08T00:26:10Z
2026-10-08T00:20:00Z,scarperia,,,23,100,,,100,nodata,rzc262810020vl.001.h5,2026-10-08T00:26:10Z
2026-10-08T00:25:00Z,scarperia,,,23,100,,,100,nodata,rzc262810025vl.001.h5,2026-10-08T00:26:10Z
2026-10-08T00:30:00Z,scarperia,,,23,100,,,100,nodata,rzc262810030vl.001.h5,2026-10-08T00:36:07Z
2026-10-08T00:35:00Z,scarperia,,,23,100,,,100,nodata,rzc262810035vl.001.h5,2026-10-08T00:36:07Z
2026-10-08T00:40:00Z,scarperia,,,23,100,,,100,nodata,rzc262810040vl.001.h5,2026-10-08T00:46:19Z
2026-10-08T00:45:00Z,scarperia,,,23,100,,,100,nodata,rzc262810045vl.001.h5,2026-10-08T00:46:19Z
2026-10-08T00:50:00Z,scarperia,,,23,100,,,100,nodata,rzc262810050vl.001.h5,2026-10-08T00:56:10Z
2026-10-08T00:55:00Z,scarperia,,,23,100,,,100,nodata,rzc262810055vl.001.h5,2026-10-08T00:56:10Z
2026-10-08T01:00:00Z,scarperia,,,23,100,,,100,nodata,rzc262810100vl.001.h5,2026-10-08T01:06:08Z
2026-10-08T01:05:00Z,scarperia,,,23,100,,,100,nodata,rzc262810105vl.001.h5,2026-10-08T01:06:08Z
2026-10-08T01:10:00Z,scarperia,,,23,100,,,100,nodata,rzc262810110vl.001.h5,2026-10-08T01:14:29Z
2026-10-08T01:15:00Z,scarperia,,,23,100,,,100,nodata,rzc262810115vl.001.h5,2026-10-08T01:26:12Z
2026-10-08T01:20:00Z,scarperia,,,23,100,,,100,nodata,rzc262810120vl.001.h5,2026-10-08T01:26:12Z
2026-10-08T01:25:00Z,scarperia,,,23,100,,,100,nodata,rzc262810125vl.001.h5,2026-10-08T01:26:12Z
2026-10-08T01:30:00Z,scarperia,,,23,100,,,100,nodata,rzc262810130vl.001.h5,2026-10-08T01:36:10Z
2026-10-08T01:35:00Z,scarperia,,,23,100,,,100,nodata,rzc262810135vl.001.h5,2026-10-08T01:36:10Z
2026-10-08T01:40:00Z,scarperia,,,23,100,,,100,nodata,rzc262810140vl.001.h5,2026-10-08T01:46:13Z
2026-10-08T01:45:00Z,scarperia,,,23,100,,,100,nodata,rzc262810145vl.001.h5,2026-10-08T01:46:13Z
2026-10-08T01:50:00Z,scarperia,,,23,100,,,100,nodata,rzc262810150vl.001.h5,2026-10-08T01:56:14Z
2026-10-08T01:55:00Z,scarperia,,,23,100,,,100,nodata,rzc262810155vl.001.h5,2026-10-08T01:56:14Z
2026-10-08T02:00:00Z,scarperia,,,23,100,,,100,nodata,rzc262810200vl.001.h5,2026-10-08T02:06:18Z
2026-10-08T02:05:00Z,scarperia,,,23,100,,,100,nodata,rzc262810205vl.001.h5,2026-10-08T02:06:18Z
2026-10-08T02:10:00Z,scarperia,,,23,100,,,100,nodata,rzc262810210vl.001.h5,2026-10-08T02:16:22Z
2026-10-08T02:15:00Z,scarperia,,,23,100,,,100,nodata,rzc262810215vl.001.h5,2026-10-08T02:16:22Z
2026-10-08T02:20:00Z,scarperia,,,23,100,,,100,nodata,rzc262810220vl.001.h5,2026-10-08T02:26:21Z
2026-10-08T02:25:00Z,scarperia,,,23,100,,,100,nodata,rzc262810225vl.001.h5,2026-10-08T02:26:21Z
2026-10-08T02:30:00Z,scarperia,,,23,100,,,100,nodata,rzc262810230vl.001.h5,2026-10-08T02:36:17Z
2026-10-08T02:35:00Z,scarperia,,,23,100,,,100,nodata,rzc262810235vl.001.h5,2026-10-08T02:36:17Z
2026-10-08T02:40:00Z,scarperia,,,23,100,,,100,nodata,rzc262810240vl.001.h5,2026-10-08T02:46:21Z
2026-10-08T02:45:00Z,scarperia,,,23,100,,,100,nodata,rzc262810245vl.001.h5,2026-10-08T02:46:21Z
2026-10-08T02:50:00Z,scarperia,,,23,100,,,100,nodata,rzc262810250vl.001.h5,2026-10-08T02:56:16Z
2026-10-08T02:55:00Z,scarperia,,,23,100,,,100,nodata,rzc262810255vl.001.h5,2026-10-08T02:56:16Z
2026-10-08T03:00:00Z,scarperia,,,23,100,,,100,nodata,rzc262810300vl.001.h5,2026-10-08T04:06:10Z
2026-10-08T03:05:00Z,scarperia,,,23,100,,,100,nodata,rzc262810305vl.001.h5,2026-10-08T04:06:10Z
2026-10-08T03:10:00Z,scarperia,,,23,100,,,100,nodata,rzc262810310vl.001.h5,2026-10-08T04:06:10Z
2026-10-08T03:15:00Z,scarperia,,,23,100,,,100,nodata,rzc262810315vl.001.h5,2026-10-08T04:06:10Z
2026-10-08T03:20:00Z,scarperia,,,23,100,,,100,nodata,rzc262810320vl.001.h5,2026-10-08T04:06:10Z
2026-10-08T03:25:00Z,scarperia,,,23,100,,,100,nodata,rzc262810325vl.001.h5,2026-10-08T04:06:10Z
2026-10-08T03:30:00Z,scarperia,,,23,100,,,100,nodata,rzc262810330vl.001.h5,2026-10-08T04:06:10Z
2026-10-08T03:35:00Z,scarperia,,,23,100,,,100,nodata,rzc262810335vl.001.h5,2026-10-08T04:06:10Z
2026-10-08T03:40:00Z,scarperia,,,23,100,,,100,nodata,rzc262810340vl.001.h5,2026-10-08T04:06:10Z
2026-10-08T03:45:00Z,scarperia,,,23,100,,,100,nodata,rzc262810345vl.001.h5,2026-10-08T04:06:10Z
2026-10-08T03:50:00Z,scarperia,,,23,100,,,100,nodata,rzc262810350vl.001.h5,2026-10-08T04:06:10Z
2026-10-08T03:55:00Z,scarperia,,,23,100,,,100,nodata,rzc262810355vl.001.h5,2026-10-08T04:06:10Z
2026-10-08T04:00:00Z,scarperia,,,23,100,,,100,nodata,rzc262810400vl.001.h5,2026-10-08T04:06:10Z
2026-10-08T04:05:00Z,scarperia,,,23,100,,,100,nodata,rzc262810405vl.001.h5,2026-10-08T04:06:10Z
2026-10-08T04:10:00Z,scarperia,,,23,100,,,100,nodata,rzc262810410vl.001.h5,2026-10-08T04:16:14Z
2026-10-08T04:15:00Z,scarperia,,,23,100,,,100,nodata,rzc262810415vl.001.h5,2026-10-08T04:16:14Z
2026-10-08T04:20:00Z,scarperia,,,23,100,,,100,nodata,rzc262810420vl.001.h5,2026-10-08T04:26:13Z
2026-10-08T04:25:00Z,scarperia,,,23,100,,,100,nodata,rzc262810425vl.001.h5,2026-10-08T04:26:13Z
2026-10-08T04:30:00Z,scarperia,,,23,100,,,100,nodata,rzc262810430vl.001.h5,2026-10-08T04:36:13Z
2026-10-08T04:35:00Z,scarperia,,,23,100,,,100,nodata,rzc262810435vl.001.h5,2026-10-08T04:36:13Z
2026-10-08T04:40:00Z,scarperia,,,23,100,,,100,nodata,rzc262810440vl.001.h5,2026-10-08T04:46:19Z
2026-10-08T04:45:00Z,scarperia,,,23,100,,,100,nodata,rzc262810445vl.001.h5,2026-10-08T04:46:19Z
2026-10-08T04:50:00Z,scarperia,,,23,100,,,100,nodata,rzc262810450vl.001.h5,2026-10-08T04:56:11Z
2026-10-08T04:55:00Z,scarperia,,,23,100,,,100,nodata,rzc262810455vl.001.h5,2026-10-08T04:56:11Z
2026-10-08T05:00:00Z,scarperia,,,23,100,,,100,nodata,rzc262810500vl.001.h5,2026-10-08T05:06:14Z
2026-10-08T05:05:00Z,scarperia,,,23,100,,,100,nodata,rzc262810505vl.001.h5,2026-10-08T05:16:09Z
2026-10-08T05:10:00Z,scarperia,,,23,100,,,100,nodata,rzc262810510vl.001.h5,2026-10-08T05:16:09Z
2026-10-08T05:15:00Z,scarperia,,,23,100,,,100,nodata,rzc262810515vl.001.h5,2026-10-08T05:16:09Z
2026-10-08T05:20:00Z,scarperia,,,23,100,,,100,nodata,rzc262810520vl.001.h5,2026-10-08T05:26:19Z
2026-10-08T05:25:00Z,scarperia,,,23,100,,,100,nodata,rzc262810525vl.001.h5,2026-10-08T05:26:19Z
2026-10-08T05:30:00Z,scarperia,,,23,100,,,100,nodata,rzc262810530vl.001.h5,2026-10-08T05:36:21Z
2026-10-08T05:35:00Z,scarperia,,,23,100,,,100,nodata,rzc262810535vl.001.h5,2026-10-08T05:36:21Z
2026-10-08T05:40:00Z,scarperia,,,23,100,,,100,nodata,rzc262810540vl.001.h5,2026-10-08T05:46:12Z
2026-10-08T05:45:00Z,scarperia,,,23,100,,,100,nodata,rzc262810545vl.001.h5,2026-10-08T05:46:12Z
2026-10-08T05:50:00Z,scarperia,,,23,100,,,100,nodata,rzc262810550vl.001.h5,2026-10-08T05:56:13Z
2026-10-08T05:55:00Z,scarperia,,,23,100,,,100,nodata,rzc262810555vl.001.h5,2026-10-08T05:56:13Z
2026-10-08T06:00:00Z,scarperia,,,23,100,,,100,nodata,rzc262810600vl.001.h5,2026-10-08T06:06:28Z
2026-10-08T06:05:00Z,scarperia,,,23,100,,,100,nodata,rzc262810605vl.001.h5,2026-10-08T06:06:28Z
2026-10-08T06:10:00Z,scarperia,,,23,100,,,100,nodata,rzc262810610vl.001.h5,2026-10-08T06:16:09Z
2026-10-08T06:15:00Z,scarperia,,,23,100,,,100,nodata,rzc262810615vl.001.h5,2026-10-08T06:26:24Z
2026-10-08T06:20:00Z,scarperia,,,23,100,,,100,nodata,rzc262810620vl.001.h5,2026-10-08T06:26:24Z
2026-10-08T06:25:00Z,scarperia,,,23,100,,,100,nodata,rzc262810625vl.001.h5,2026-10-08T06:26:24Z
2026-10-08T06:30:00Z,scarperia,,,23,100,,,100,nodata,rzc262810630vl.001.h5,2026-10-08T06:36:16Z
2026-10-08T06:35:00Z,scarperia,,,23,100,,,100,nodata,rzc262810635vl.001.h5,2026-10-08T06:36:16Z
2026-10-08T06:40:00Z,scarperia,,,23,100,,,100,nodata,rzc262810640vl.001.h5,2026-10-08T06:44:44Z
2026-10-08T06:45:00Z,scarperia,,,23,100,,,100,nodata,rzc262810645vl.001.h5,2026-10-08T06:56:16Z
2026-10-08T06:50:00Z,scarperia,,,23,100,,,100,nodata,rzc262810650vl.001.h5,2026-10-08T06:56:16Z
2026-10-08T06:55:00Z,scarperia,,,23,100,,,100,nodata,rzc262810655vl.001.h5,2026-10-08T06:56:16Z
2026-10-08T07:00:00Z,scarperia,,,23,100,,,100,nodata,rzc262810700vl.001.h5,2026-10-08T07:06:25Z
2026-10-08T07:05:00Z,scarperia,,,23,100,,,100,nodata,rzc262810705vl.001.h5,2026-10-08T07:06:25Z
2026-10-08T07:10:00Z,scarperia,,,23,100,,,100,nodata,rzc262810710vl.001.h5,2026-10-08T07:16:15Z
2026-10-08T07:15:00Z,scarperia,,,23,100,,,100,nodata,rzc262810715vl.001.h5,2026-10-08T07:16:15Z
2026-10-08T07:20:00Z,scarperia,,,23,100,,,100,nodata,rzc262810720vl.001.h5,2026-10-08T07:26:22Z
2026-10-08T07:25:00Z,scarperia,,,23,100,,,100,nodata,rzc262810725vl.001.h5,2026-10-08T07:26:22Z
2026-10-08T07:30:00Z,scarperia,,,23,100,,,100,nodata,rzc262810730vl.001.h5,2026-10-08T07:33:52Z
2026-10-08T07:35:00Z,scarperia,,,23,100,,,100,nodata,rzc262810735vl.001.h5,2026-10-08T07:46:26Z
2026-10-08T07:40:00Z,scarperia,,,23,100,,,100,nodata,rzc262810740vl.001.h5,2026-10-08T07:46:26Z
2026-10-08T07:45:00Z,scarperia,,,23,100,,,100,nodata,rzc262810745vl.001.h5,2026-10-08T07:46:26Z
2026-10-08T07:50:00Z,scarperia,,,23,100,,,100,nodata,rzc262810750vl.001.h5,2026-10-08T07:56:38Z
2026-10-08T07:55:00Z,scarperia,,,23,100,,,100,nodata,rzc262810755vl.001.h5,2026-10-08T07:56:38Z
2026-10-08T08:00:00Z,scarperia,,,23,100,,,100,nodata,rzc262810800vl.001.h5,2026-10-08T08:06:37Z
2026-10-08T08:05:00Z,scarperia,,,23,100,,,100,nodata,rzc262810805vl.001.h5,2026-10-08T08:06:37Z
2026-10-08T08:10:00Z,scarperia,,,23,100,,,100,nodata,rzc262810810vl.001.h5,2026-10-08T08:16:47Z
2026-10-08T08:15:00Z,scarperia,,,23,100,,,100,nodata,rzc262810815vl.001.h5,2026-10-08T08:16:47Z
2026-10-08T08:20:00Z,scarperia,,,23,100,,,100,nodata,rzc262810820vl.001.h5,2026-10-08T08:26:39Z
2026-10-08T08:25:00Z,scarperia,,,23,100,,,100,nodata,rzc262810825vl.001.h5,2026-10-08T08:26:39Z
2026-10-08T08:30:00Z,scarperia,,,23,100,,,100,nodata,rzc262810830vl.001.h5,2026-10-08T08:36:49Z
2026-10-08T08:35:00Z,scarperia,,,23,100,,,100,nodata,rzc262810835vl.001.h5,2026-10-08T08:36:49Z
2026-10-08T08:40:00Z,scarperia,,,23,100,,,100,nodata,rzc262810840vl.001.h5,2026-10-08T08:46:50Z
2026-10-08T08:45:00Z,scarperia,,,23,100,,,100,nodata,rzc262810845vl.001.h5,2026-10-08T08:46:50Z
2026-10-08T08:50:00Z,scarperia,,,23,100,,,100,nodata,rzc262810850vl.001.h5,2026-10-08T08:56:42Z
2026-10-08T08:55:00Z,scarperia,,,23,100,,,100,nodata,rzc262810855vl.001.h5,2026-10-08T08:56:42Z
2026-10-08T09:00:00Z,scarperia,,,23,100,,,100,nodata,rzc262810900vl.001.h5,2026-10-08T09:06:43Z
2026-10-08T09:05:00Z,scarperia,,,23,100,,,100,nodata,rzc262810905vl.001.h5,2026-10-08T09:06:43Z
2026-10-08T09:10:00Z,scarperia,,,23,100,,,100,nodata,rzc262810910vl.001.h5,2026-10-08T09:16:38Z
2026-10-08T09:15:00Z,scarperia,,,23,100,,,100,nodata,rzc262810915vl.001.h5,2026-10-08T09:16:38Z
2026-10-08T09:20:00Z,scarperia,,,23,100,,,100,nodata,rzc262810920vl.001.h5,2026-10-08T09:26:50Z
2026-10-08T09:25:00Z,scarperia,,,23,100,,,100,nodata,rzc262810925vl.001.h5,2026-10-08T09:26:50Z
2026-10-08T09:30:00Z,scarperia,,,23,100,,,100,nodata,rzc262810930vl.001.h5,2026-10-08T09:36:35Z
2026-10-08T09:35:00Z,scarperia,,,23,100,,,100,nodata,rzc262810935vl.001.h5,2026-10-08T09:36:35Z
2026-10-08T09:40:00Z,scarperia,,,23,100,,,100,nodata,rzc262810940vl.001.h5,2026-10-08T09:46:38Z
2026-10-08T09:45:00Z,scarperia,,,23,100,,,100,nodata,rzc262810945vl.001.h5,2026-10-08T09:46:38Z
2026-10-08T09:50:00Z,scarperia,,,23,100,,,100,nodata,rzc262810950vl.001.h5,2026-10-08T09:56:48Z
2026-10-08T09:55:00Z,scarperia,,,23,100,,,100,nodata,rzc262810955vl.001.h5,2026-10-08T09:56:48Z
2026-10-08T10:00:00Z,scarperia,,,23,100,,,100,nodata,rzc262811000vl.001.h5,2026-10-08T10:06:42Z
2026-10-08T10:05:00Z,scarperia,,,23,100,,,100,nodata,rzc262811005vl.001.h5,2026-10-08T10:06:42Z
2026-10-08T10:10:00Z,scarperia,,,23,100,,,100,nodata,rzc262811010vl.001.h5,2026-10-08T10:16:34Z
2026-10-08T10:15:00Z,scarperia,,,23,100,,,100,nodata,rzc262811015vl.001.h5,2026-10-08T10:16:34Z
2026-10-08T10:20:00Z,scarperia,,,23,100,,,100,nodata,rzc262811020vl.001.h5,2026-10-08T10:26:45Z
2026-10-08T10:25:00Z,scarperia,,,23,100,,,100,nodata,rzc262811025vl.001.h5,2026-10-08T10:26:45Z
2026-10-08T10:30:00Z,scarperia,,,23,100,,,100,nodata,rzc262811030vl.001.h5,2026-10-08T10:36:33Z
2026-10-08T10:35:00Z,scarperia,,,23,100,,,100,nodata,rzc262811035vl.001.h5,2026-10-08T10:36:33Z
2026-10-08T10:40:00Z,scarperia,,,23,100,,,100,nodata,rzc262811040vl.001.h5,2026-10-08T10:46:35Z
2026-10-08T10:45:00Z,scarperia,,,23,100,,,100,nodata,rzc262811045vl.001.h5,2026-10-08T10:46:35Z
2026-10-08T10:50:00Z,scarperia,,,23,100,,,100,nodata,rzc262811050vl.001.h5,2026-10-08T10:56:33Z
2026-10-08T10:55:00Z,scarperia,,,23,100,,,100,nodata,rzc262811055vl.001.h5,2026-10-08T10:56:33Z
2026-10-08T11:00:00Z,scarperia,,,23,100,,,100,nodata,rzc262811100vl.001.h5,2026-10-08T11:06:38Z
2026-10-08T11:05:00Z,scarperia,,,23,100,,,100,nodata,rzc262811105vl.001.h5,2026-10-08T11:06:38Z
2026-10-08T11:10:00Z,scarperia,,,23,100,,,100,nodata,rzc262811110vl.001.h5,2026-10-08T11:16:42Z
2026-10-08T11:15:00Z,scarperia,,,23,100,,,100,nodata,rzc262811115vl.001.h5,2026-10-08T11:16:42Z
2026-10-08T11:20:00Z,scarperia,,,23,100,,,100,nodata,rzc262811120vl.001.h5,2026-10-08T11:26:38Z
2026-10-08T11:25:00Z,scarperia,,,23,100,,,100,nodata,rzc262811125vl.001.h5,2026-10-08T11:26:38Z
2026-10-08T11:30:00Z,scarperia,,,23,100,,,100,nodata,rzc262811130vl.001.h5,2026-10-08T11:36:32Z
2026-10-08T11:35:00Z,scarperia,,,23,100,,,100,nodata,rzc262811135vl.001.h5,2026-10-08T11:36:32Z
2026-10-08T11:40:00Z,scarperia,,,23,100,,,100,nodata,rzc262811140vl.001.h5,2026-10-08T11:46:47Z
2026-10-08T11:45:00Z,scarperia,,,23,100,,,100,nodata,rzc262811145vl.001.h5,2026-10-08T11:46:47Z
2026-10-08T11:50:00Z,scarperia,,,23,100,,,100,nodata,rzc262811150vl.001.h5,2026-10-08T11:56:48Z
2026-10-08T11:55:00Z,scarperia,,,23,100,,,100,nodata,rzc262811155vl.001.h5,2026-10-08T11:56:48Z
2026-10-08T12:00:00Z,scarperia,,,23,100,,,100,nodata,rzc262811200vl.001.h5,2026-10-08T12:06:37Z
2026-10-08T12:05:00Z,scarperia,,,23,100,,,100,nodata,rzc262811205vl.001.h5,2026-10-08T12:06:37Z
2026-10-08T12:10:00Z,scarperia,,,23,100,,,100,nodata,rzc262811210vl.001.h5,2026-10-08T12:16:48Z
2026-10-08T12:15:00Z,scarperia,,,23,100,,,100,nodata,rzc262811215vl.001.h5,2026-10-08T12:16:48Z
2026-10-08T12:20:00Z,scarperia,,,23,100,,,100,nodata,rzc262811220vl.001.h5,2026-10-08T12:26:43Z
2026-10-08T12:25:00Z,scarperia,,,23,100,,,100,nodata,rzc262811225vl.001.h5,2026-10-08T12:26:43Z
2026-10-08T12:30:00Z,scarperia,,,23,100,,,100,nodata,rzc262811230vl.001.h5,2026-10-08T12:36:37Z
2026-10-08T12:35:00Z,scarperia,,,23,100,,,100,nodata,rzc262811235vl.001.h5,2026-10-08T12:36:37Z
2026-10-08T12:40:00Z,scarperia,,,23,100,,,100,nodata,rzc262811240vl.001.h5,2026-10-08T12:46:46Z
2026-10-08T12:45:00Z,scarperia,,,23,100,,,100,nodata,rzc262811245vl.001.h5,2026-10-08T12:46:46Z
2026-10-08T12:50:00Z,scarperia,,,23,100,,,100,nodata,rzc262811250vl.001.h5,2026-10-08T12:56:40Z
2026-10-08T12:55:00Z,scarperia,,,23,100,,,100,nodata,rzc262811255vl.001.h5,2026-10-08T12:56:40Z
2026-10-08T13:00:00Z,scarperia,,,23,100,,,100,nodata,rzc262811300vl.001.h5,2026-10-08T13:07:10Z
2026-10-08T13:05:00Z,scarperia,,,23,100,,,100,nodata,rzc262811305vl.001.h5,2026-10-08T13:07:10Z
2026-10-08T13:10:00Z,scarperia,,,23,100,,,100,nodata,rzc262811310vl.001.h5,2026-10-08T13:16:31Z
2026-10-08T13:15:00Z,scarperia,,,23,100,,,100,nodata,rzc262811315vl.001.h5,2026-10-08T13:16:31Z
2026-10-08T13:20:00Z,scarperia,,,23,100,,,100,nodata,rzc262811320vl.001.h5,2026-10-08T13:26:40Z
2026-10-08T13:25:00Z,scarperia,,,23,100,,,100,nodata,rzc262811325vl.001.h5,2026-10-08T13:26:40Z
2026-10-08T13:30:00Z,scarperia,,,23,100,,,100,nodata,rzc262811330vl.001.h5,2026-10-08T13:36:43Z
2026-10-08T13:35:00Z,scarperia,,,23,100,,,100,nodata,rzc262811335vl.001.h5,2026-10-08T13:36:43Z
2026-10-08T13:40:00Z,scarperia,,,23,100,,,100,nodata,rzc262811340vl.001.h5,2026-10-08T13:46:55Z
2026-10-08T13:45:00Z,scarperia,,,23,100,,,100,nodata,rzc262811345vl.001.h5,2026-10-08T13:46:55Z
2026-10-08T13:50:00Z,scarperia,,,23,100,,,100,nodata,rzc262811350vl.001.h5,2026-10-08T13:56:36Z
2026-10-08T13:55:00Z,scarperia,,,23,100,,,100,nodata,rzc262811355vl.001.h5,2026-10-08T13:56:36Z
2026-10-08T14:00:00Z,scarperia,,,23,100,,,100,nodata,rzc262811400vl.001.h5,2026-10-08T14:06:32Z
2026-10-08T14:05:00Z,scarperia,,,23,100,,,100,nodata,rzc262811405vl.001.h5,2026-10-08T14:06:32Z
2026-10-08T14:10:00Z,scarperia,,,23,100,,,100,nodata,rzc262811410vl.001.h5,2026-10-08T14:16:52Z
2026-10-08T14:15:00Z,scarperia,,,23,100,,,100,nodata,rzc262811415vl.001.h5,2026-10-08T14:16:52Z
2026-10-08T14:20:00Z,scarperia,,,23,100,,,100,nodata,rzc262811420vl.001.h5,2026-10-08T14:26:38Z
2026-10-08T14:25:00Z,scarperia,,,23,100,,,100,nodata,rzc262811425vl.001.h5,2026-10-08T14:26:38Z
2026-10-08T14:30:00Z,scarperia,,,23,100,,,100,nodata,rzc262811430vl.001.h5,2026-10-08T14:36:40Z
2026-10-08T14:35:00Z,scarperia,,,23,100,,,100,nodata,rzc262811435vl.001.h5,2026-10-08T14:36:40Z
2026-10-08T14:40:00Z,scarperia,,,23,100,,,100,nodata,rzc262811440vl.001.h5,2026-10-08T14:46:42Z
2026-10-08T14:45:00Z,scarperia,,,23,100,,,100,nodata,rzc262811445vl.001.h5,2026-10-08T14:46:42Z
2026-10-08T14:50:00Z,scarperia,,,23,100,,,100,nodata,rzc262811450vl.001.h5,2026-10-08T14:56:45Z
2026-10-08T14:55:00Z,scarperia,,,23,100,,,100,nodata,rzc262811455vl.001.h5,2026-10-08T14:56:45Z
2026-10-08T15:00:00Z,scarperia,,,23,100,,,100,nodata,rzc262811500vl.001.h5,2026-10-08T15:06:47Z
2026-10-08T15:05:00Z,scarperia,,,23,100,,,100,nodata,rzc262811505vl.001.h5,2026-10-08T15:06:47Z
2026-10-08T15:10:00Z,scarperia,,,23,100,,,100,nodata,rzc262811510vl.001.h5,2026-10-08T15:16:58Z
2026-10-08T15:15:00Z,scarperia,,,23,100,,,100,nodata,rzc262811515vl.001.h5,2026-10-08T15:16:58Z
2026-10-08T15:20:00Z,scarperia,,,23,100,,,100,nodata,rzc262811520vl.001.h5,2026-10-08T15:26:39Z
2026-10-08T15:25:00Z,scarperia,,,23,100,,,100,nodata,rzc262811525vl.001.h5,2026-10-08T15:26:39Z
2026-10-08T15:30:00Z,scarperia,,,23,100,,,100,nodata,rzc262811530vl.001.h5,2026-10-08T15:36:35Z
2026-10-08T15:35:00Z,scarperia,,,23,100,,,100,nodata,rzc262811535vl.001.h5,2026-10-08T15:36:35Z
2026-10-08T15:40:00Z,scarperia,,,23,100,,,100,nodata,rzc262811540vl.001.h5,2026-10-08T15:46:50Z
2026-10-08T15:45:00Z,scarperia,,,23,100,,,100,nodata,rzc262811545vl.001.h5,2026-10-08T15:46:50Z
2026-10-08T15:50:00Z,scarperia,,,23,100,,,100,nodata,rzc262811550vl.001.h5,2026-10-08T15:56:32Z
2026-10-08T15:55:00Z,scarperia,,,23,100,,,100,nodata,rzc262811555vl.001.h5,2026-10-08T15:56:32Z
2026-10-08T16:00:00Z,scarperia,,,23,100,,,100,nodata,rzc262811600vl.001.h5,2026-10-08T16:06:43Z
2026-10-08T16:05:00Z,scarperia,,,23,100,,,100,nodata,rzc262811605vl.001.h5,2026-10-08T16:06:43Z
2026-10-08T16:10:00Z,scarperia,,,23,100,,,100,nodata,rzc262811610vl.001.h5,2026-10-08T16:16:46Z
2026-10-08T16:15:00Z,scarperia,,,23,100,,,100,nodata,rzc262811615vl.001.h5,2026-10-08T16:16:46Z
2026-10-08T16:20:00Z,scarperia,,,23,100,,,100,nodata,rzc262811620vl.001.h5,2026-10-08T16:26:45Z
2026-10-08T16:25:00Z,scarperia,,,23,100,,,100,nodata,rzc262811625vl.001.h5,2026-10-08T16:26:45Z
2026-10-08T16:30:00Z,scarperia,,,23,100,,,100,nodata,rzc262811630vl.001.h5,2026-10-08T16:36:32Z
2026-10-08T16:35:00Z,scarperia,,,23,100,,,100,nodata,rzc262811635vl.001.h5,2026-10-08T16:36:32Z
2026-10-08T16:40:00Z,scarperia,,,23,100,,,100,nodata,rzc262811640vl.001.h5,2026-10-08T16:46:45Z
2026-10-08T16:45:00Z,scarperia,,,23,100,,,100,nodata,rzc262811645vl.001.h5,2026-10-08T16:46:45Z
2026-10-08T16:50:00Z,scarperia,,,23,100,,,100,nodata,rzc262811650vl.001.h5,2026-10-08T16:56:44Z
2026-10-08T16:55:00Z,scarperia,,,23,100,,,100,nodata,rzc262811655vl.001.h5,2026-10-08T16:56:44Z
2026-10-08T17:00:00Z,scarperia,,,23,100,,,100,nodata,rzc262811700vl.001.h5,2026-10-08T17:06:40Z
2026-10-08T17:05:00Z,scarperia,,,23,100,,,100,nodata,rzc262811705vl.001.h5,2026-10-08T17:06:40Z
2026-10-08T17:10:00Z,scarperia,,,23,100,,,100,nodata,rzc262811710vl.001.h5,2026-10-08T17:16:43Z
2026-10-08T17:15:00Z,scarperia,,,23,100,,,100,nodata,rzc262811715vl.001.h5,2026-10-08T17:16:43Z
2026-10-08T17:20:00Z,scarperia,,,23,100,,,100,nodata,rzc262811720vl.001.h5,2026-10-08T17:26:35Z
2026-10-08T17:25:00Z,scarperia,,,23,100,,,100,nodata,rzc262811725vl.001.h5,2026-10-08T17:26:35Z
2026-10-08T17:30:00Z,scarperia,,,23,100,,,100,nodata,rzc262811730vl.001.h5,2026-10-08T17:36:37Z
2026-10-08T17:35:00Z,scarperia,,,23,100,,,100,nodata,rzc262811735vl.001.h5,2026-10-08T17:36:37Z
2026-10-08T17:40:00Z,scarperia,,,23,100,,,100,nodata,rzc262811740vl.001.h5,2026-10-08T17:46:45Z
2026-10-08T17:45:00Z,scarperia,,,23,100,,,100,nodata,rzc262811745vl.001.h5,2026-10-08T17:46:45Z
2026-10-08T17:50:00Z,scarperia,,,23,100,,,100,nodata,rzc262811750vl.001.h5,2026-10-08T17:56:49Z
2026-10-08T17:55:00Z,scarperia,,,23,100,,,100,nodata,rzc262811755vl.001.h5,2026-10-08T17:56:49Z
2026-10-08T18:00:00Z,scarperia,,,23,100,,,100,nodata,rzc262811800vl.001.h5,2026-10-08T18:16:51Z
2026-10-08T18:05:00Z,scarperia,,,23,100,,,100,nodata,rzc262811805vl.001.h5,2026-10-08T18:16:51Z
2026-10-08T18:10:00Z,scarperia,,,23,100,,,100,nodata,rzc262811810vl.001.h5,2026-10-08T18:16:51Z
2026-10-08T18:15:00Z,scarperia,,,23,100,,,100,nodata,rzc262811815vl.001.h5,2026-10-08T18:16:51Z
2026-10-08T18:20:00Z,scarperia,,,23,100,,,100,nodata,rzc262811820vl.001.h5,2026-10-08T18:26:37Z
2026-10-08T18:25:00Z,scarperia,,,23,100,,,100,nodata,rzc262811825vl.001.h5,2026-10-08T18:26:37Z
2026-10-08T18:30:00Z,scarperia,,,23,100,,,100,nodata,rzc262811830vl.001.h5,2026-10-08T18:36:47Z
2026-10-08T18:35:00Z,scarperia,,,23,100,,,100,nodata,rzc262811835vl.001.h5,2026-10-08T18:36:47Z
2026-10-08T18:40:00Z,scarperia,,,23,100,,,100,nodata,rzc262811840vl.001.h5,2026-10-08T18:46:41Z
2026-10-08T18:45:00Z,scarperia,,,23,100,,,100,nodata,rzc262811845vl.001.h5,2026-10-08T18:46:41Z
2026-10-08T18:50:00Z,scarperia,,,23,100,,,100,nodata,rzc262811850vl.001.h5,2026-10-08T18:56:45Z
2026-10-08T18:55:00Z,scarperia,,,23,100,,,100,nodata,rzc262811855vl.001.h5,2026-10-08T18:56:45Z
2026-10-08T19:00:00Z,scarperia,,,23,100,,,100,nodata,rzc262811900vl.001.h5,2026-10-08T19:07:22Z
2026-10-08T19:05:00Z,scarperia,,,23,100,,,100,nodata,rzc262811905vl.001.h5,2026-10-08T19:07:22Z
2026-10-08T19:10:00Z,scarperia,,,23,100,,,100,nodata,rzc262811910vl.001.h5,2026-10-08T19:16:41Z
2026-10-08T19:15:00Z,scarperia,,,23,100,,,100,nodata,rzc262811915vl.001.h5,2026-10-08T19:16:41Z
2026-10-08T19:20:00Z,scarperia,,,23,100,,,100,nodata,rzc262811920vl.001.h5,2026-10-08T19:26:36Z
2026-10-08T19:25:00Z,scarperia,,,23,100,,,100,nodata,rzc262811925vl.001.h5,2026-10-08T19:26:36Z
2026-10-08T19:30:00Z,scarperia,,,23,100,,,100,nodata,rzc262811930vl.001.h5,2026-10-08T19:36:32Z
2026-10-08T19:35:00Z,scarperia,,,23,100,,,100,nodata,rzc262811935vl.001.h5,2026-10-08T19:36:32Z
2026-10-08T19:40:00Z,scarperia,,,23,100,,,100,nodata,rzc262811940vl.001.h5,2026-10-08T19:46:48Z
2026-10-08T19:45:00Z,scarperia,,,23,100,,,100,nodata,rzc262811945vl.001.h5,2026-10-08T19:46:48Z
2026-10-08T19:50:00Z,scarperia,,,23,100,,,100,nodata,rzc262811950vl.001.h5,2026-10-08T19:56:33Z
2026-10-08T19:55:00Z,scarperia,,,23,100,,,100,nodata,rzc262811955vl.001.h5,2026-10-08T19:56:33Z
2026-10-08T20:00:00Z,scarperia,,,23,100,,,100,nodata,rzc262812000vl.001.h5,2026-10-08T20:06:31Z
2026-10-08T20:05:00Z,scarperia,,,23,100,,,100,nodata,rzc262812005vl.001.h5,2026-10-08T20:06:31Z
2026-10-08T20:10:00Z,scarperia,,,23,100,,,100,nodata,rzc262812010vl.001.h5,2026-10-08T20:16:36Z
2026-10-08T20:15:00Z,scarperia,,,23,100,,,100,nodata,rzc262812015vl.001.h5,2026-10-08T20:16:36Z
2026-10-08T20:20:00Z,scarperia,,,23,100,,,100,nodata,rzc262812020vl.001.h5,2026-10-08T20:26:30Z
2026-10-08T20:25:00Z,scarperia,,,23,100,,,100,nodata,rzc262812025vl.001.h5,2026-10-08T20:26:30Z
2026-10-08T20:30:00Z,scarperia,,,23,100,,,100,nodata,rzc262812030vl.001.h5,2026-10-08T20:36:36Z
2026-10-08T20:35:00Z,scarperia,,,23,100,,,100,nodata,rzc262812035vl.001.h5,2026-10-08T20:36:36Z
2026-10-08T20:40:00Z,scarperia,,,23,100,,,100,nodata,rzc262812040vl.001.h5,2026-10-08T20:51:27Z
2026-10-08T20:45:00Z,scarperia,,,23,100,,,100,nodata,rzc262812045vl.001.h5,2026-10-08T20:51:27Z
2026-10-08T20:50:00Z,scarperia,,,23,100,,,100,nodata,rzc262812050vl.001.h5,2026-10-08T20:51:27Z
2026-10-08T20:55:00Z,scarperia,,,23,100,,,100,nodata,rzc262812055vl.001.h5,2026-10-08T21:01:59Z
2026-10-08T21:00:00Z,scarperia,,,23,100,,,100,nodata,rzc262812100vl.001.h5,2026-10-08T21:01:59Z
2026-10-08T21:05:00Z,scarperia,,,23,100,,,100,nodata,rzc262812105vl.001.h5,2026-10-08T21:11:37Z
2026-10-08T21:10:00Z,scarperia,,,23,100,,,100,nodata,rzc262812110vl.001.h5,2026-10-08T21:11:37Z
2026-10-08T21:15:00Z,scarperia,,,23,100,,,100,nodata,rzc262812115vl.001.h5,2026-10-08T21:21:30Z
2026-10-08T21:20:00Z,scarperia,,,23,100,,,100,nodata,rzc262812120vl.001.h5,2026-10-08T21:21:30Z
2026-10-08T21:25:00Z,scarperia,,,23,100,,,100,nodata,rzc262812125vl.001.h5,2026-10-08T21:31:41Z
2026-10-08T21:30:00Z,scarperia,,,23,100,,,100,nodata,rzc262812130vl.001.h5,2026-10-08T21:31:41Z
2026-10-08T21:35:00Z,scarperia,,,23,100,,,100,nodata,rzc262812135vl.001.h5,2026-10-08T21:41:29Z
2026-10-08T21:40:00Z,scarperia,,,23,100,,,100,nodata,rzc262812140vl.001.h5,2026-10-08T21:41:29Z
2026-10-08T21:45:00Z,scarperia,,,23,100,,,100,nodata,rzc262812145vl.001.h5,2026-10-08T21:51:41Z
2026-10-08T21:50:00Z,scarperia,,,23,100,,,100,nodata,rzc262812150vl.001.h5,2026-10-08T21:51:41Z
2026-10-08T21:55:00Z,scarperia,,,23,100,,,100,nodata,rzc262812155vl.001.h5,2026-10-08T22:01:54Z
2026-10-08T22:00:00Z,scarperia,,,23,100,,,100,nodata,rzc262812200vl.001.h5,2026-10-08T22:01:54Z
2026-10-08T22:05:00Z,scarperia,,,23,100,,,100,nodata,rzc262812205vl.001.h5,2026-10-08T22:11:42Z
2026-10-08T22:10:00Z,scarperia,,,23,100,,,100,nodata,rzc262812210vl.001.h5,2026-10-08T22:11:42Z
2026-10-08T22:15:00Z,scarperia,,,23,100,,,100,nodata,rzc262812215vl.001.h5,2026-10-08T22:21:37Z
2026-10-08T22:20:00Z,scarperia,,,23,100,,,100,nodata,rzc262812220vl.001.h5,2026-10-08T22:21:37Z
2026-10-08T22:25:00Z,scarperia,,,23,100,,,100,nodata,rzc262812225vl.001.h5,2026-10-08T22:31:43Z
2026-10-08T22:30:00Z,scarperia,,,23,100,,,100,nodata,rzc262812230vl.001.h5,2026-10-08T22:31:43Z
2026-10-08T22:35:00Z,scarperia,,,23,100,,,100,nodata,rzc262812235vl.001.h5,2026-10-08T22:41:31Z
2026-10-08T22:40:00Z,scarperia,,,23,100,,,100,nodata,rzc262812240vl.001.h5,2026-10-08T22:51:43Z
2026-10-08T22:45:00Z,scarperia,,,23,100,,,100,nodata,rzc262812245vl.001.h5,2026-10-08T22:51:43Z
2026-10-08T22:50:00Z,scarperia,,,23,100,,,100,nodata,rzc262812250vl.001.h5,2026-10-08T22:51:43Z
2026-10-08T22:55:00Z,scarperia,,,23,100,,,100,nodata,rzc262812255vl.001.h5,2026-10-08T23:01:54Z
2026-10-08T23:00:00Z,scarperia,,,23,100,,,100,nodata,rzc262812300vl.001.h5,2026-10-08T23:01:54Z
2026-10-08T23:05:00Z,scarperia,,,23,100,,,100,nodata,rzc262812305vl.001.h5,2026-10-08T23:11:32Z
2026-10-08T23:10:00Z,scarperia,,,23,100,,,100,nodata,rzc262812310vl.001.h5,2026-10-08T23:11:32Z
2026-10-08T23:15:00Z,scarperia,,,23,100,,,100,nodata,rzc262812315vl.001.h5,2026-10-08T23:21:42Z
2026-10-08T23:20:00Z,scarperia,,,23,100,,,100,nodata,rzc262812320vl.001.h5,2026-10-08T23:21:42Z
2026-10-08T23:25:00Z,scarperia,,,23,100,,,100,nodata,rzc262812325vl.001.h5,2026-10-08T23:31:56Z
2026-10-08T23:30:00Z,scarperia,,,23,100,,,100,nodata,rzc262812330vl.001.h5,2026-10-08T23:31:56Z
2026-10-08T23:35:00Z,scarperia,,,23,100,,,100,nodata,rzc262812335vl.001.h5,2026-10-08T23:41:30Z
2026-10-08T23:40:00Z,scarperia,,,23,100,,,100,nodata,rzc262812340vl.001.h5,2026-10-08T23:41:30Z
2026-10-08T23:45:00Z,scarperia,,,23,100,,,100,nodata,rzc262812345vl.001.h5,2026-10-08T23:51:37Z
2026-10-08T23:50:00Z,scarperia,,,23,100,,,100,nodata,rzc262812350vl.001.h5,2026-10-08T23:51:37Z
2026-10-08T23:55:00Z,scarperia,,,23,100,,,100,nodata,rzc262812355vl.001.h5,2026-10-09T00:02:16Z
2026-10-09T00:00:00Z,scarperia,,,23,100,,,100,nodata,rzc262820000vl.001.h5,2026-10-09T00:02:16Z
2026-10-09T00:05:00Z,scarperia,,,23,100,,,100,nodata,rzc262820005vl.001.h5,2026-10-09T00:11:51Z
2026-10-09T00:10:00Z,scarperia,,,23,100,,,100,nodata,rzc262820010vl.001.h5,2026-10-09T00:11:51Z
2026-10-09T00:15:00Z,scarperia,,,23,100,,,100,nodata,rzc262820015vl.001.h5,2026-10-09T00:21:44Z
2026-10-09T00:20:00Z,scarperia,,,23,100,,,100,nodata,rzc262820020vl.001.h5,2026-10-09T00:21:44Z
2026-10-09T00:25:00Z,scarperia,,,23,100,,,100,nodata,rzc262820025vl.001.h5,2026-10-09T00:31:57Z
2026-10-09T00:30:00Z,scarperia,,,23,100,,,100,nodata,rzc262820030vl.001.h5,2026-10-09T00:31:57Z
2026-10-09T00:35:00Z,scarperia,,,23,100,,,100,nodata,rzc262820035vl.001.h5,2026-10-09T00:40:38Z
2026-10-09T00:40:00Z,scarperia,,,23,100,,,100,nodata,rzc262820040vl.001.h5,2026-10-09T00:51:36Z
2026-10-09T00:45:00Z,scarperia,,,23,100,,,100,nodata,rzc262820045vl.001.h5,2026-10-09T00:51:36Z
2026-10-09T00:50:00Z,scarperia,,,23,100,,,100,nodata,rzc262820050vl.001.h5,2026-10-09T00:51:36Z
2026-10-09T00:55:00Z,scarperia,,,23,100,,,100,nodata,rzc262820055vl.001.h5,2026-10-09T01:02:00Z
2026-10-09T01:00:00Z,scarperia,,,23,100,,,100,nodata,rzc262820100vl.001.h5,2026-10-09T01:02:00Z
2026-10-09T01:05:00Z,scarperia,,,23,100,,,100,nodata,rzc262820105vl.001.h5,2026-10-09T01:11:57Z
2026-10-09T01:10:00Z,scarperia,,,23,100,,,100,nodata,rzc262820110vl.001.h5,2026-10-09T01:11:57Z
2026-10-09T01:15:00Z,scarperia,,,23,100,,,100,nodata,rzc262820115vl.001.h5,2026-10-09T01:21:50Z
2026-10-09T01:20:00Z,scarperia,,,23,100,,,100,nodata,rzc262820120vl.001.h5,2026-10-09T01:21:50Z
2026-10-09T01:25:00Z,scarperia,,,23,100,,,100,nodata,rzc262820125vl.001.h5,2026-10-09T01:31:50Z
2026-10-09T01:30:00Z,scarperia,,,23,100,,,100,nodata,rzc262820130vl.001.h5,2026-10-09T01:31:50Z
2026-10-09T01:35:00Z,scarperia,,,23,100,,,100,nodata,rzc262820135vl.001.h5,2026-10-09T01:41:55Z
2026-10-09T01:40:00Z,scarperia,,,23,100,,,100,nodata,rzc262820140vl.001.h5,2026-10-09T01:41:55Z
2026-10-09T01:45:00Z,scarperia,,,23,100,,,100,nodata,rzc262820145vl.001.h5,2026-10-09T01:51:46Z
2026-10-09T01:50:00Z,scarperia,,,23,100,,,100,nodata,rzc262820150vl.001.h5,2026-10-09T01:51:46Z
2026-10-09T01:55:00Z,scarperia,,,23,100,,,100,nodata,rzc262820155vl.001.h5,2026-10-09T02:02:40Z
2026-10-09T02:00:00Z,scarperia,,,23,100,,,100,nodata,rzc262820200vl.001.h5,2026-10-09T02:02:40Z
2026-10-09T02:05:00Z,scarperia,,,23,100,,,100,nodata,rzc262820205vl.001.h5,2026-10-09T02:12:06Z
2026-10-09T02:10:00Z,scarperia,,,23,100,,,100,nodata,rzc262820210vl.001.h5,2026-10-09T02:12:06Z
2026-10-09T02:15:00Z,scarperia,,,23,100,,,100,nodata,rzc262820215vl.001.h5,2026-10-09T02:22:19Z
2026-10-09T02:20:00Z,scarperia,,,23,100,,,100,nodata,rzc262820220vl.001.h5,2026-10-09T02:22:19Z
2026-10-09T02:25:00Z,scarperia,,,23,100,,,100,nodata,rzc262820225vl.001.h5,2026-10-09T02:32:07Z
2026-10-09T02:30:00Z,scarperia,,,23,100,,,100,nodata,rzc262820230vl.001.h5,2026-10-09T02:32:07Z
2026-10-09T02:35:00Z,scarperia,,,23,100,,,100,nodata,rzc262820235vl.001.h5,2026-10-09T02:42:04Z
2026-10-09T02:40:00Z,scarperia,,,23,100,,,100,nodata,rzc262820240vl.001.h5,2026-10-09T02:42:04Z
2026-10-09T02:45:00Z,scarperia,,,23,100,,,100,nodata,rzc262820245vl.001.h5,2026-10-09T02:51:45Z
2026-10-09T02:50:00Z,scarperia,,,23,100,,,100,nodata,rzc262820250vl.001.h5,2026-10-09T02:51:45Z
2026-10-09T02:55:00Z,scarperia,,,23,100,,,100,nodata,rzc262820255vl.001.h5,2026-10-09T04:02:00Z
2026-10-09T03:00:00Z,scarperia,,,23,100,,,100,nodata,rzc262820300vl.001.h5,2026-10-09T04:02:00Z
2026-10-09T03:05:00Z,scarperia,,,23,100,,,100,nodata,rzc262820305vl.001.h5,2026-10-09T04:02:00Z
2026-10-09T03:10:00Z,scarperia,,,23,100,,,100,nodata,rzc262820310vl.001.h5,2026-10-09T04:02:00Z
2026-10-09T03:15:00Z,scarperia,,,23,100,,,100,nodata,rzc262820315vl.001.h5,2026-10-09T04:02:00Z
2026-10-09T03:20:00Z,scarperia,,,23,100,,,100,nodata,rzc262820320vl.001.h5,2026-10-09T04:02:00Z
2026-10-09T03:25:00Z,scarperia,,,23,100,,,100,nodata,rzc262820325vl.001.h5,2026-10-09T04:02:00Z
2026-10-09T03:30:00Z,scarperia,,,23,100,,,100,nodata,rzc262820330vl.001.h5,2026-10-09T04:02:00Z
2026-10-09T03:35:00Z,scarperia,,,23,100,,,100,nodata,rzc262820335vl.001.h5,2026-10-09T04:02:00Z
2026-10-09T03:40:00Z,scarperia,,,23,100,,,100,nodata,rzc262820340vl.001.h5,2026-10-09T04:02:00Z
2026-10-09T03:45:00Z,scarperia,,,23,100,,,100,nodata,rzc262820345vl.001.h5,2026-10-09T04:02:00Z
2026-10-09T03:50:00Z,scarperia,,,23,100,,,100,nodata,rzc262820350vl.001.h5,2026-10-09T04:02:00Z
2026-10-09T03:55:00Z,scarperia,,,23,100,,,100,nodata,rzc262820355vl.001.h5,2026-10-09T04:02:00Z
2026-10-09T04:00:00Z,scarperia,,,23,100,,,100,nodata,rzc262820400vl.001.h5,2026-10-09T04:02:00Z
2026-10-09T04:05:00Z,scarperia,,,23,100,,,100,nodata,rzc262820405vl.001.h5,2026-10-09T04:12:04Z
2026-10-09T04:10:00Z,scarperia,,,23,100,,,100,nodata,rzc262820410vl.001.h5,2026-10-09T04:12:04Z
2026-10-09T04:15:00Z,scarperia,,,23,100,,,100,nodata,rzc262820415vl.001.h5,2026-10-09T04:21:47Z
2026-10-09T04:20:00Z,scarperia,,,23,100,,,100,nodata,rzc262820420vl.001.h5,2026-10-09T04:21:47Z
2026-10-09T04:25:00Z,scarperia,,,23,100,,,100,nodata,rzc262820425vl.001.h5,2026-10-09T04:31:57Z
2026-10-09T04:30:00Z,scarperia,,,23,100,,,100,nodata,rzc262820430vl.001.h5,2026-10-09T04:31:57Z
2026-10-09T04:35:00Z,scarperia,,,23,100,,,100,nodata,rzc262820435vl.001.h5,2026-10-09T04:42:00Z
2026-10-09T04:40:00Z,scarperia,,,23,100,,,100,nodata,rzc262820440vl.001.h5,2026-10-09T04:42:00Z
2026-10-09T04:45:00Z,scarperia,,,23,100,,,100,nodata,rzc262820445vl.001.h5,2026-10-09T04:51:48Z
2026-10-09T04:50:00Z,scarperia,,,23,100,,,100,nodata,rzc262820450vl.001.h5,2026-10-09T04:51:48Z
2026-10-09T04:55:00Z,scarperia,,,23,100,,,100,nodata,rzc262820455vl.001.h5,2026-10-09T05:02:31Z
2026-10-09T05:00:00Z,scarperia,,,23,100,,,100,nodata,rzc262820500vl.001.h5,2026-10-09T05:02:31Z
2026-10-09T05:05:00Z,scarperia,,,23,100,,,100,nodata,rzc262820505vl.001.h5,2026-10-09T05:11:57Z
2026-10-09T05:10:00Z,scarperia,,,23,100,,,100,nodata,rzc262820510vl.001.h5,2026-10-09T05:11:57Z
2026-10-09T05:15:00Z,scarperia,,,23,100,,,100,nodata,rzc262820515vl.001.h5,2026-10-09T05:22:07Z
2026-10-09T05:20:00Z,scarperia,,,23,100,,,100,nodata,rzc262820520vl.001.h5,2026-10-09T05:22:07Z
2026-10-09T05:25:00Z,scarperia,,,23,100,,,100,nodata,rzc262820525vl.001.h5,2026-10-09T05:32:04Z
2026-10-09T05:30:00Z,scarperia,,,23,100,,,100,nodata,rzc262820530vl.001.h5,2026-10-09T05:32:04Z
2026-10-09T05:35:00Z,scarperia,,,23,100,,,100,nodata,rzc262820535vl.001.h5,2026-10-09T05:41:50Z
2026-10-09T05:40:00Z,scarperia,,,23,100,,,100,nodata,rzc262820540vl.001.h5,2026-10-09T05:41:50Z
2026-10-09T05:45:00Z,scarperia,,,23,100,,,100,nodata,rzc262820545vl.001.h5,2026-10-09T05:52:00Z
2026-10-09T05:50:00Z,scarperia,,,23,100,,,100,nodata,rzc262820550vl.001.h5,2026-10-09T05:52:00Z
2026-10-09T05:55:00Z,scarperia,,,23,100,,,100,nodata,rzc262820555vl.001.h5,2026-10-09T06:01:54Z
2026-10-09T06:00:00Z,scarperia,,,23,100,,,100,nodata,rzc262820600vl.001.h5,2026-10-09T06:01:54Z
2026-10-09T06:05:00Z,scarperia,,,23,100,,,100,nodata,rzc262820605vl.001.h5,2026-10-09T06:11:31Z
2026-10-09T06:10:00Z,scarperia,,,23,100,,,100,nodata,rzc262820610vl.001.h5,2026-10-09T06:11:31Z
2026-10-09T06:15:00Z,scarperia,,,23,100,,,100,nodata,rzc262820615vl.001.h5,2026-10-09T06:21:45Z
2026-10-09T06:20:00Z,scarperia,,,23,100,,,100,nodata,rzc262820620vl.001.h5,2026-10-09T06:21:45Z
2026-10-09T06:25:00Z,scarperia,,,23,100,,,100,nodata,rzc262820625vl.001.h5,2026-10-09T06:32:08Z
2026-10-09T06:30:00Z,scarperia,,,23,100,,,100,nodata,rzc262820630vl.001.h5,2026-10-09T06:32:08Z
2026-10-09T06:35:00Z,scarperia,,,23,100,,,100,nodata,rzc262820635vl.001.h5,2026-10-09T06:42:10Z
2026-10-09T06:40:00Z,scarperia,,,23,100,,,100,nodata,rzc262820640vl.001.h5,2026-10-09T06:42:10Z
2026-10-09T06:45:00Z,scarperia,,,23,100,,,100,nodata,rzc262820645vl.001.h5,2026-10-09T06:47:13Z
2026-10-09T06:50:00Z,scarperia,,,23,100,,,100,nodata,rzc262820650vl.001.h5,2026-10-09T06:56:48Z
2026-10-09T06:55:00Z,scarperia,,,23,100,,,100,nodata,rzc262820655vl.001.h5,2026-10-09T06:56:48Z
2026-10-09T07:00:00Z,scarperia,,,23,100,,,100,nodata,rzc262820700vl.001.h5,2026-10-09T07:06:44Z
2026-10-09T07:05:00Z,scarperia,,,23,100,,,100,nodata,rzc262820705vl.001.h5,2026-10-09T07:06:44Z
2026-10-09T07:10:00Z,scarperia,,,23,100,,,100,nodata,rzc262820710vl.001.h5,2026-10-09T07:16:58Z
2026-10-09T07:15:00Z,scarperia,,,23,100,,,100,nodata,rzc262820715vl.001.h5,2026-10-09T07:16:58Z
2026-10-09T07:20:00Z,scarperia,,,23,100,,,100,nodata,rzc262820720vl.001.h5,2026-10-09T07:27:05Z
2026-10-09T07:25:00Z,scarperia,,,23,100,,,100,nodata,rzc262820725vl.001.h5,2026-10-09T07:27:05Z
2026-10-09T07:30:00Z,scarperia,,,23,100,,,100,nodata,rzc262820730vl.001.h5,2026-10-09T07:36:38Z
2026-10-09T07:35:00Z,scarperia,,,23,100,,,100,nodata,rzc262820735vl.001.h5,2026-10-09T07:36:38Z
2026-10-09T07:40:00Z,scarperia,,,23,100,,,100,nodata,rzc262820740vl.001.h5,2026-10-09T07:47:12Z
2026-10-09T07:45:00Z,scarperia,,,23,100,,,100,nodata,rzc262820745vl.001.h5,2026-10-09T07:47:12Z
2026-10-09T07:50:00Z,scarperia,,,23,100,,,100,nodata,rzc262820750rl.001.h5,2026-10-09T07:56:56Z
2026-10-09T07:55:00Z,scarperia,,,23,100,,,100,nodata,rzc262820755rl.001.h5,2026-10-09T08:06:40Z
2026-10-09T08:00:00Z,scarperia,,,23,100,,,100,nodata,rzc262820800rl.001.h5,2026-10-09T08:06:40Z
2026-10-09T08:05:00Z,scarperia,,,23,100,,,100,nodata,rzc262820805rl.001.h5,2026-10-09T08:16:58Z
2026-10-09T08:10:00Z,scarperia,,,23,100,,,100,nodata,rzc262820810rl.001.h5,2026-10-09T08:16:58Z
2026-10-09T08:15:00Z,scarperia,,,23,100,,,100,nodata,rzc262820815rl.001.h5,2026-10-09T08:26:55Z
2026-10-09T08:20:00Z,scarperia,,,23,100,,,100,nodata,rzc262820820rl.001.h5,2026-10-09T08:26:55Z
2026-10-09T08:25:00Z,scarperia,,,23,100,,,100,nodata,rzc262820825rl.001.h5,2026-10-09T08:36:53Z
2026-10-09T08:30:00Z,scarperia,,,23,100,,,100,nodata,rzc262820830rl.001.h5,2026-10-09T08:36:53Z
2026-10-09T08:35:00Z,scarperia,,,23,100,,,100,nodata,rzc262820835rl.001.h5,2026-10-09T08:46:49Z
2026-10-09T08:40:00Z,scarperia,,,23,100,,,100,nodata,rzc262820840rl.001.h5,2026-10-09T08:46:49Z
2026-10-09T08:45:00Z,scarperia,,,23,100,,,100,nodata,rzc262820845rl.001.h5,2026-10-09T08:56:39Z
2026-10-09T08:50:00Z,scarperia,,,23,100,,,100,nodata,rzc262820850rl.001.h5,2026-10-09T08:56:39Z
2026-10-09T08:55:00Z,scarperia,,,23,100,,,100,nodata,rzc262820855pl.001.h5,2026-10-09T09:06:41Z
2026-10-09T09:00:00Z,scarperia,,,23,100,,,100,nodata,rzc262820900bl.001.h5,2026-10-09T09:06:41Z
2026-10-09T09:05:00Z,scarperia,,,23,100,,,100,nodata,rzc262820905jl.001.h5,2026-10-09T09:16:50Z
2026-10-09T09:10:00Z,scarperia,,,23,100,,,100,nodata,rzc262820910rl.001.h5,2026-10-09T09:16:50Z
2026-10-09T09:15:00Z,scarperia,,,23,100,,,100,nodata,rzc262820915pl.001.h5,2026-10-09T09:26:56Z
2026-10-09T09:20:00Z,scarperia,,,23,100,,,100,nodata,rzc262820920rl.001.h5,2026-10-09T09:26:56Z
2026-10-09T09:25:00Z,scarperia,,,23,100,,,100,nodata,rzc262820925rl.001.h5,2026-10-09T09:36:46Z
2026-10-09T09:30:00Z,scarperia,,,23,100,,,100,nodata,rzc262820930rl.001.h5,2026-10-09T09:36:46Z
2026-10-09T09:35:00Z,scarperia,,,23,100,,,100,nodata,rzc262820935rl.001.h5,2026-10-09T09:46:52Z
2026-10-09T09:40:00Z,scarperia,,,23,100,,,100,nodata,rzc262820940rl.001.h5,2026-10-09T09:46:52Z
2026-10-09T09:45:00Z,scarperia,,,23,100,,,100,nodata,rzc262820945rl.001.h5,2026-10-09T09:56:40Z
2026-10-09T09:50:00Z,scarperia,,,23,100,,,100,nodata,rzc262820950vl.001.h5,2026-10-09T09:56:40Z
2026-10-09T09:55:00Z,scarperia,,,23,100,,,100,nodata,rzc262820955vl.001.h5,2026-10-09T09:56:40Z
2026-10-09T10:00:00Z,scarperia,,,23,100,,,100,nodata,rzc262821000vl.001.h5,2026-10-09T10:06:40Z
2026-10-09T10:05:00Z,scarperia,,,23,100,,,100,nodata,rzc262821005vl.001.h5,2026-10-09T10:06:40Z
2026-10-09T10:10:00Z,scarperia,,,23,100,,,100,nodata,rzc262821010vl.001.h5,2026-10-09T10:17:01Z
2026-10-09T10:15:00Z,scarperia,,,23,100,,,100,nodata,rzc262821015vl.001.h5,2026-10-09T10:17:01Z
2026-10-09T10:20:00Z,scarperia,,,23,100,,,100,nodata,rzc262821020vl.001.h5,2026-10-09T10:26:38Z
2026-10-09T10:25:00Z,scarperia,,,23,100,,,100,nodata,rzc262821025vl.001.h5,2026-10-09T10:26:38Z
2026-10-09T10:30:00Z,scarperia,,,23,100,,,100,nodata,rzc262821030vl.001.h5,2026-10-09T10:36:34Z
2026-10-09T10:35:00Z,scarperia,,,23,100,,,100,nodata,rzc262821035vl.001.h5,2026-10-09T10:36:34Z
2026-10-09T10:40:00Z,scarperia,,,23,100,,,100,nodata,rzc262821040vl.001.h5,2026-10-09T10:46:45Z
2026-10-09T10:45:00Z,scarperia,,,23,100,,,100,nodata,rzc262821045vl.001.h5,2026-10-09T10:46:45Z
2026-10-09T10:50:00Z,scarperia,,,23,100,,,100,nodata,rzc262821050vl.001.h5,2026-10-09T10:56:38Z
2026-10-09T10:55:00Z,scarperia,,,23,100,,,100,nodata,rzc262821055vl.001.h5,2026-10-09T10:56:38Z
2026-10-09T11:00:00Z,scarperia,,,23,100,,,100,nodata,rzc262821100vl.001.h5,2026-10-09T11:06:51Z
2026-10-09T11:05:00Z,scarperia,,,23,100,,,100,nodata,rzc262821105vl.001.h5,2026-10-09T11:06:51Z
2026-10-09T11:10:00Z,scarperia,,,23,100,,,100,nodata,rzc262821110vl.001.h5,2026-10-09T11:16:55Z
2026-10-09T11:15:00Z,scarperia,,,23,100,,,100,nodata,rzc262821115vl.001.h5,2026-10-09T11:16:55Z
2026-10-09T11:20:00Z,scarperia,,,23,100,,,100,nodata,rzc262821120vl.001.h5,2026-10-09T11:26:40Z
2026-10-09T11:25:00Z,scarperia,,,23,100,,,100,nodata,rzc262821125vl.001.h5,2026-10-09T11:26:40Z
2026-10-09T11:30:00Z,scarperia,,,23,100,,,100,nodata,rzc262821130vl.001.h5,2026-10-09T11:36:50Z
2026-10-09T11:35:00Z,scarperia,,,23,100,,,100,nodata,rzc262821135vl.001.h5,2026-10-09T11:36:50Z
2026-10-09T11:40:00Z,scarperia,,,23,100,,,100,nodata,rzc262821140vl.001.h5,2026-10-09T11:46:46Z
2026-10-09T11:45:00Z,scarperia,,,23,100,,,100,nodata,rzc262821145vl.001.h5,2026-10-09T11:46:46Z
2026-10-09T11:50:00Z,scarperia,,,23,100,,,100,nodata,rzc262821150vl.001.h5,2026-10-09T11:56:40Z
2026-10-09T11:55:00Z,scarperia,,,23,100,,,100,nodata,rzc262821155vl.001.h5,2026-10-09T11:56:40Z
2026-10-09T12:00:00Z,scarperia,,,23,100,,,100,nodata,rzc262821200vl.001.h5,2026-10-09T12:06:42Z
2026-10-09T12:05:00Z,scarperia,,,23,100,,,100,nodata,rzc262821205vl.001.h5,2026-10-09T12:06:42Z
2026-10-09T12:10:00Z,scarperia,,,23,100,,,100,nodata,rzc262821210vl.001.h5,2026-10-09T12:16:50Z
2026-10-09T12:15:00Z,scarperia,,,23,100,,,100,nodata,rzc262821215vl.001.h5,2026-10-09T12:16:50Z
2026-10-09T12:20:00Z,scarperia,,,23,100,,,100,nodata,rzc262821220vl.001.h5,2026-10-09T12:26:43Z
2026-10-09T12:25:00Z,scarperia,,,23,100,,,100,nodata,rzc262821225vl.001.h5,2026-10-09T12:26:43Z
2026-10-09T12:30:00Z,scarperia,,,23,100,,,100,nodata,rzc262821230vl.001.h5,2026-10-09T12:37:09Z
2026-10-09T12:35:00Z,scarperia,,,23,100,,,100,nodata,rzc262821235vl.001.h5,2026-10-09T12:37:09Z
2026-10-09T12:40:00Z,scarperia,,,23,100,,,100,nodata,rzc262821240vl.001.h5,2026-10-09T12:47:03Z
2026-10-09T12:45:00Z,scarperia,,,23,100,,,100,nodata,rzc262821245vl.001.h5,2026-10-09T12:47:03Z
2026-10-09T12:50:00Z,scarperia,,,23,100,,,100,nodata,rzc262821250vl.001.h5,2026-10-09T12:56:48Z
2026-10-09T12:55:00Z,scarperia,,,23,100,,,100,nodata,rzc262821255vl.001.h5,2026-10-09T12:56:48Z
2026-10-09T13:00:00Z,scarperia,,,23,100,,,100,nodata,rzc262821300vl.001.h5,2026-10-09T13:06:46Z
2026-10-09T13:05:00Z,scarperia,,,23,100,,,100,nodata,rzc262821305vl.001.h5,2026-10-09T13:06:46Z
2026-10-09T13:10:00Z,scarperia,,,23,100,,,100,nodata,rzc262821310vl.001.h5,2026-10-09T13:16:55Z
2026-10-09T13:15:00Z,scarperia,,,23,100,,,100,nodata,rzc262821315vl.001.h5,2026-10-09T13:16:55Z
2026-10-09T13:20:00Z,scarperia,,,23,100,,,100,nodata,rzc262821320vl.001.h5,2026-10-09T13:26:58Z
2026-10-09T13:25:00Z,scarperia,,,23,100,,,100,nodata,rzc262821325vl.001.h5,2026-10-09T13:26:58Z
2026-10-09T13:30:00Z,scarperia,,,23,100,,,100,nodata,rzc262821330vl.001.h5,2026-10-09T13:36:55Z
2026-10-09T13:35:00Z,scarperia,,,23,100,,,100,nodata,rzc262821335vl.001.h5,2026-10-09T13:36:55Z
2026-10-09T13:40:00Z,scarperia,,,23,100,,,100,nodata,rzc262821340vl.001.h5,2026-10-09T13:47:16Z
2026-10-09T13:45:00Z,scarperia,,,23,100,,,100,nodata,rzc262821345vl.001.h5,2026-10-09T13:47:16Z
2026-10-09T13:50:00Z,scarperia,,,23,100,,,100,nodata,rzc262821350vl.001.h5,2026-10-09T13:52:52Z
2026-10-09T13:55:00Z,scarperia,,,23,100,,,100,nodata,rzc262821355vl.001.h5,2026-10-09T14:03:31Z
2026-10-09T14:00:00Z,scarperia,,,23,100,,,100,nodata,rzc262821400vl.001.h5,2026-10-09T14:03:31Z
2026-10-09T14:05:00Z,scarperia,,,23,100,,,100,nodata,rzc262821405vl.001.h5,2026-10-09T14:12:35Z
2026-10-09T14:10:00Z,scarperia,,,23,100,,,100,nodata,rzc262821410vl.001.h5,2026-10-09T14:12:35Z
2026-10-09T14:15:00Z,scarperia,,,23,100,,,100,nodata,rzc262821415vl.001.h5,2026-10-09T14:22:23Z
2026-10-09T14:20:00Z,scarperia,,,23,100,,,100,nodata,rzc262821420vl.001.h5,2026-10-09T14:22:23Z
2026-10-09T14:25:00Z,scarperia,,,23,100,,,100,nodata,rzc262821425vl.001.h5,2026-10-09T14:32:27Z
2026-10-09T14:30:00Z,scarperia,,,23,100,,,100,nodata,rzc262821430vl.001.h5,2026-10-09T14:32:27Z
2026-10-09T14:35:00Z,scarperia,,,23,100,,,100,nodata,rzc262821435vl.001.h5,2026-10-09T14:41:44Z
2026-10-09T14:40:00Z,scarperia,,,23,100,,,100,nodata,rzc262821440vl.001.h5,2026-10-09T14:41:44Z
2026-10-09T14:45:00Z,scarperia,,,23,100,,,100,nodata,rzc262821445vl.001.h5,2026-10-09T14:51:49Z
2026-10-09T14:50:00Z,scarperia,,,23,100,,,100,nodata,rzc262821450vl.001.h5,2026-10-09T14:51:49Z
2026-10-09T14:55:00Z,scarperia,,,23,100,,,100,nodata,rzc262821455vl.001.h5,2026-10-09T15:02:13Z
2026-10-09T15:00:00Z,scarperia,,,23,100,,,100,nodata,rzc262821500vl.001.h5,2026-10-09T15:02:13Z
2026-10-09T15:05:00Z,scarperia,,,23,100,,,100,nodata,rzc262821505vl.001.h5,2026-10-09T15:11:47Z
2026-10-09T15:10:00Z,scarperia,,,23,100,,,100,nodata,rzc262821510vl.001.h5,2026-10-09T15:11:47Z
2026-10-09T15:15:00Z,scarperia,,,23,100,,,100,nodata,rzc262821515vl.001.h5,2026-10-09T15:21:55Z
2026-10-09T15:20:00Z,scarperia,,,23,100,,,100,nodata,rzc262821520vl.001.h5,2026-10-09T15:21:55Z
2026-10-09T15:25:00Z,scarperia,,,23,100,,,100,nodata,rzc262821525vl.001.h5,2026-10-09T15:31:48Z
2026-10-09T15:30:00Z,scarperia,,,23,100,,,100,nodata,rzc262821530vl.001.h5,2026-10-09T15:31:48Z
2026-10-09T15:35:00Z,scarperia,,,23,100,,,100,nodata,rzc262821535vl.001.h5,2026-10-09T15:42:00Z
2026-10-09T15:40:00Z,scarperia,,,23,100,,,100,nodata,rzc262821540vl.001.h5,2026-10-09T15:42:00Z
2026-10-09T15:45:00Z,scarperia,,,23,100,,,100,nodata,rzc262821545vl.001.h5,2026-10-09T15:51:52Z
2026-10-09T15:50:00Z,scarperia,,,23,100,,,100,nodata,rzc262821550vl.001.h5,2026-10-09T15:51:52Z
2026-10-09T15:55:00Z,scarperia,,,23,100,,,100,nodata,rzc262821555vl.001.h5,2026-10-09T16:02:20Z
2026-10-09T16:00:00Z,scarperia,,,23,100,,,100,nodata,rzc262821600vl.001.h5,2026-10-09T16:02:20Z
2026-10-09T16:05:00Z,scarperia,,,23,100,,,100,nodata,rzc262821605vl.001.h5,2026-10-09T16:12:04Z
2026-10-09T16:10:00Z,scarperia,,,23,100,,,100,nodata,rzc262821610vl.001.h5,2026-10-09T16:12:04Z
2026-10-09T16:15:00Z,scarperia,,,23,100,,,100,nodata,rzc262821615vl.001.h5,2026-10-09T16:22:07Z
2026-10-09T16:20:00Z,scarperia,,,23,100,,,100,nodata,rzc262821620vl.001.h5,2026-10-09T16:22:07Z
2026-10-09T16:25:00Z,scarperia,,,23,100,,,100,nodata,rzc262821625vl.001.h5,2026-10-09T16:32:00Z
2026-10-09T16:30:00Z,scarperia,,,23,100,,,100,nodata,rzc262821630vl.001.h5,2026-10-09T16:32:00Z
2026-10-09T16:35:00Z,scarperia,,,23,100,,,100,nodata,rzc262821635vl.001.h5,2026-10-09T16:41:51Z
2026-10-09T16:40:00Z,scarperia,,,23,100,,,100,nodata,rzc262821640vl.001.h5,2026-10-09T16:41:51Z
2026-10-09T16:45:00Z,scarperia,,,23,100,,,100,nodata,rzc262821645vl.001.h5,2026-10-09T16:51:39Z
2026-10-09T16:50:00Z,scarperia,,,23,100,,,100,nodata,rzc262821650vl.001.h5,2026-10-09T16:51:39Z
2026-10-09T16:55:00Z,scarperia,,,23,100,,,100,nodata,rzc262821655vl.001.h5,2026-10-09T17:01:50Z
2026-10-09T17:00:00Z,scarperia,,,23,100,,,100,nodata,rzc262821700vl.001.h5,2026-10-09T17:01:50Z
2026-10-09T17:05:00Z,scarperia,,,23,100,,,100,nodata,rzc262821705vl.001.h5,2026-10-09T17:11:36Z
2026-10-09T17:10:00Z,scarperia,,,23,100,,,100,nodata,rzc262821710vl.001.h5,2026-10-09T17:11:36Z
2026-10-09T17:15:00Z,scarperia,,,23,100,,,100,nodata,rzc262821715vl.001.h5,2026-10-09T17:21:40Z
2026-10-09T17:20:00Z,scarperia,,,23,100,,,100,nodata,rzc262821720vl.001.h5,2026-10-09T17:21:40Z
2026-10-09T17:25:00Z,scarperia,,,23,100,,,100,nodata,rzc262821725vl.001.h5,2026-10-09T17:31:49Z
2026-10-09T17:30:00Z,scarperia,,,23,100,,,100,nodata,rzc262821730vl.001.h5,2026-10-09T17:31:49Z
2026-10-09T17:35:00Z,scarperia,,,23,100,,,100,nodata,rzc262821735vl.001.h5,2026-10-09T17:41:43Z
2026-10-09T17:40:00Z,scarperia,,,23,100,,,100,nodata,rzc262821740vl.001.h5,2026-10-09T17:41:43Z
2026-10-09T17:45:00Z,scarperia,,,23,100,,,100,nodata,rzc262821745vl.001.h5,2026-10-09T17:51:38Z
2026-10-09T17:50:00Z,scarperia,,,23,100,,,100,nodata,rzc262821750vl.001.h5,2026-10-09T17:51:38Z
2026-10-09T17:55:00Z,scarperia,,,23,100,,,100,nodata,rzc262821755vl.001.h5,2026-10-09T18:01:55Z
2026-10-09T18:00:00Z,scarperia,,,23,100,,,100,nodata,rzc262821800vl.001.h5,2026-10-09T18:01:55Z
2026-10-09T18:05:00Z,scarperia,,,23,100,,,100,nodata,rzc262821805vl.001.h5,2026-10-09T18:11:41Z
2026-10-09T18:10:00Z,scarperia,,,23,100,,,100,nodata,rzc262821810vl.001.h5,2026-10-09T18:11:41Z
2026-10-09T18:15:00Z,scarperia,,,23,100,,,100,nodata,rzc262821815vl.001.h5,2026-10-09T18:21:36Z
2026-10-09T18:20:00Z,scarperia,,,23,100,,,100,nodata,rzc262821820vl.001.h5,2026-10-09T18:21:36Z
2026-10-09T18:25:00Z,scarperia,,,23,100,,,100,nodata,rzc262821825vl.001.h5,2026-10-09T18:31:37Z
2026-10-09T18:30:00Z,scarperia,,,23,100,,,100,nodata,rzc262821830vl.001.h5,2026-10-09T18:31:37Z
2026-10-09T18:35:00Z,scarperia,,,23,100,,,100,nodata,rzc262821835vl.001.h5,2026-10-09T18:41:40Z
2026-10-09T18:40:00Z,scarperia,,,23,100,,,100,nodata,rzc262821840vl.001.h5,2026-10-09T18:41:40Z
2026-10-09T18:45:00Z,scarperia,,,23,100,,,100,nodata,rzc262821845vl.001.h5,2026-10-09T18:51:34Z
2026-10-09T18:50:00Z,scarperia,,,23,100,,,100,nodata,rzc262821850vl.001.h5,2026-10-09T18:51:34Z
2026-10-09T18:55:00Z,scarperia,,,23,100,,,100,nodata,rzc262821855vl.001.h5,2026-10-09T19:01:49Z
2026-10-09T19:00:00Z,scarperia,,,23,100,,,100,nodata,rzc262821900vl.001.h5,2026-10-09T19:01:49Z
2026-10-09T19:05:00Z,scarperia,,,23,100,,,100,nodata,rzc262821905vl.001.h5,2026-10-09T19:11:33Z
2026-10-09T19:10:00Z,scarperia,,,23,100,,,100,nodata,rzc262821910vl.001.h5,2026-10-09T19:11:33Z
2026-10-09T19:15:00Z,scarperia,,,23,100,,,100,nodata,rzc262821915vl.001.h5,2026-10-09T19:26:29Z
2026-10-09T19:20:00Z,scarperia,,,23,100,,,100,nodata,rzc262821920vl.001.h5,2026-10-09T19:26:29Z
2026-10-09T19:25:00Z,scarperia,,,23,100,,,100,nodata,rzc262821925vl.001.h5,2026-10-09T19:26:29Z
2026-10-09T19:30:00Z,scarperia,,,23,100,,,100,nodata,rzc262821930vl.001.h5,2026-10-09T19:36:35Z
2026-10-09T19:35:00Z,scarperia,,,23,100,,,100,nodata,rzc262821935vl.001.h5,2026-10-09T19:36:35Z
2026-10-09T19:40:00Z,scarperia,,,23,100,,,100,nodata,rzc262821940vl.001.h5,2026-10-09T19:46:36Z
2026-10-09T19:45:00Z,scarperia,,,23,100,,,100,nodata,rzc262821945vl.001.h5,2026-10-09T19:46:36Z
2026-10-09T19:50:00Z,scarperia,,,23,100,,,100,nodata,rzc262821950vl.001.h5,2026-10-09T19:56:26Z
2026-10-09T19:55:00Z,scarperia,,,23,100,,,100,nodata,rzc262821955vl.001.h5,2026-10-09T19:56:26Z
2026-10-09T20:00:00Z,scarperia,,,23,100,,,100,nodata,rzc262822000vl.001.h5,2026-10-09T20:06:27Z
2026-10-09T20:05:00Z,scarperia,,,23,100,,,100,nodata,rzc262822005vl.001.h5,2026-10-09T20:06:27Z
2026-10-09T20:10:00Z,scarperia,,,23,100,,,100,nodata,rzc262822010vl.001.h5,2026-10-09T20:16:45Z
2026-10-09T20:15:00Z,scarperia,,,23,100,,,100,nodata,rzc262822015vl.001.h5,2026-10-09T20:16:45Z
2026-10-09T20:20:00Z,scarperia,,,23,100,,,100,nodata,rzc262822020vl.001.h5,2026-10-09T20:26:34Z
2026-10-09T20:25:00Z,scarperia,,,23,100,,,100,nodata,rzc262822025vl.001.h5,2026-10-09T20:26:34Z
2026-10-09T20:30:00Z,scarperia,,,23,100,,,100,nodata,rzc262822030vl.001.h5,2026-10-09T20:36:36Z
2026-10-09T20:35:00Z,scarperia,,,23,100,,,100,nodata,rzc262822035vl.001.h5,2026-10-09T20:36:36Z
2026-10-09T20:40:00Z,scarperia,,,23,100,,,100,nodata,rzc262822040vl.001.h5,2026-10-09T20:46:27Z
2026-10-09T20:45:00Z,scarperia,,,23,100,,,100,nodata,rzc262822045vl.001.h5,2026-10-09T20:46:27Z
2026-10-09T20:50:00Z,scarperia,,,23,100,,,100,nodata,rzc262822050vl.001.h5,2026-10-09T20:56:25Z
2026-10-09T20:55:00Z,scarperia,,,23,100,,,100,nodata,rzc262822055vl.001.h5,2026-10-09T20:56:25Z
2026-10-09T21:00:00Z,scarperia,,,23,100,,,100,nodata,rzc262822100vl.001.h5,2026-10-09T21:06:31Z
2026-10-09T21:05:00Z,scarperia,,,23,100,,,100,nodata,rzc262822105vl.001.h5,2026-10-09T21:06:31Z
2026-10-09T21:10:00Z,scarperia,,,23,100,,,100,nodata,rzc262822110vl.001.h5,2026-10-09T21:16:32Z
2026-10-09T21:15:00Z,scarperia,,,23,100,,,100,nodata,rzc262822115vl.001.h5,2026-10-09T21:16:32Z
2026-10-09T21:20:00Z,scarperia,,,23,100,,,100,nodata,rzc262822120vl.001.h5,2026-10-09T21:26:33Z
2026-10-09T21:25:00Z,scarperia,,,23,100,,,100,nodata,rzc262822125vl.001.h5,2026-10-09T21:26:33Z
2026-10-09T21:30:00Z,scarperia,,,23,100,,,100,nodata,rzc262822130vl.001.h5,2026-10-09T21:36:29Z
2026-10-09T21:35:00Z,scarperia,,,23,100,,,100,nodata,rzc262822135vl.001.h5,2026-10-09T21:36:29Z
2026-10-09T21:40:00Z,scarperia,,,23,100,,,100,nodata,rzc262822140tl.001.h5,2026-10-09T21:46:29Z
2026-10-09T21:45:00Z,scarperia,,,23,100,,,100,nodata,rzc262822145vl.001.h5,2026-10-09T21:46:29Z
