timestamp_utc,area_name,max_mmh,mean_mmh,pixel_count,status,fetched_at_utc
2026-10-05T06:20:00Z,scarperia,0.00,0.000,21,ok,2026-10-05T12:38:40Z
2026-10-05T06:15:00Z,scarperia,0.00,0.000,21,ok,2026-10-05T12:38:40Z
2026-10-05T06:10:00Z,scarperia,0.00,0.000,21,ok,2026-10-05T12:38:40Z
2026-10-05T06:05:00Z,scarperia,0.00,0.000,21,ok,2026-10-05T12:38:40Z
2026-10-05T06:00:00Z,scarperia,0.00,0.000,21,ok,2026-10-05T12:38:40Z
2026-09-18T19:00:00Z,scarperia,0.00,0.000,21,ok,2026-10-05T12:38:40Z
2026-09-18T18:55:00Z,scarperia,0.00,0.000,21,ok,2026-10-05T12:38:40Z
2026-09-18T18:50:00Z,scarperia,0.00,0.000,21,ok,2026-10-05T12:38:40Z
2026-09-18T18:45:00Z,scarperia,0.00,0.000,21,ok,2026-10-05T12:38:40Z
2026-09-18T18:40:00Z,scarperia,0.00,0.000,21,ok,2026-10-05T12:38:40Z
2026-09-18T18:35:00Z,scarperia,0.00,0.000,21,ok,2026-10-05T12:38:40Z
2026-09-18T18:30:00Z,scarperia,0.00,0.000,21,ok,2026-10-05T12:38:40Z
2026-09-18T18:25:00Z,scarperia,0.00,0.000,21,ok,2026-10-05T12:38:40Z
2026-09-18T18:20:00Z,scarperia,0.00,0.000,21,ok,2026-10-05T12:38:40Z
2026-09-18T18:15:00Z,scarperia,0.00,0.000,21,ok,2026-10-05T12:38:40Z
2026-09-18T18:10:00Z,scarperia,0.00,0.000,21,ok,2026-10-05T12:38:40Z
2026-09-18T18:05:00Z,scarperia,0.00,0.000,21,ok,2026-10-05T12:38:40Z
2026-09-18T18:00:00Z,scarperia,0.00,0.000,21,ok,2026-10-05T12:38:40Z
2026-09-18T17:55:00Z,scarperia,0.00,0.000,21,ok,2026-10-05T12:38:40Z
2026-09-18T17:50:00Z,scarperia,0.00,0.000,21,ok,2026-10-05T12:38:40Z
2026-09-18T17:45:00Z,scarperia,0.00,0.000,21,ok,2026-10-05T12:38:40Z
2026-09-18T17:40:00Z,scarperia,0.00,0.000,21,ok,2026-10-05T12:38:40Z
2026-09-18T17:35:00Z,scarperia,0.00,0.000,21,ok,2026-10-05T12:38:40Z
2026-09-18T17:30:00Z,scarperia,0.00,0.000,21,ok,2026-10-05T12:38:40Z
2026-09-18T17:25:00Z,scarperia,0.00,0.000,21,ok,2026-10-05T12:38:40Z
2026-09-18T17:20:00Z,scarperia,0.00,0.000,21,ok,2026-10-05T12:38:40Z
2026-09-18T17:15:00Z,scarperia,0.00,0.000,21,ok,2026-10-05T12:38:40Z
2026-09-18T17:10:00Z,scarperia,0.00,0.000,21,ok,2026-10-05T12:38:40Z
2026-09-18T17:05:00Z,scarperia,0.00,0.000,21,ok,2026-10-05T12:38:40Z
2026-09-18T17:00:00Z,scarperia,0.00,0.000,21,ok,2026-10-05T12:38:40Z
2026-09-18T16:55:00Z,scarperia,0.00,0.000,21,ok,2026-10-05T12:38:40Z
2026-09-18T16:50:00Z,scarperia,0.00,0.000,21,ok,2026-10-05T12:38:40Z
2026-09-18T16:45:00Z,scarperia,0.00,0.000,21,ok,2026-10-05T12:38:40Z
2026-09-18T16:40:00Z,scarperia,0.00,0.000,21,ok,2026-10-05T12:38:40Z
2026-09-18T16:35:00Z,scarperia,0.96,0.138,21,ok,2026-10-05T12:38:40Z
2026-09-18T16:30:00Z,scarperia,1.17,0.250,21,ok,2026-10-05T12:38:40Z
2026-09-18T16:25:00Z,scarperia,0.31,0.044,21,ok,2026-10-05T12:38:40Z
2026-09-18T16:20:00Z,scarperia,0.62,0.058,21,ok,2026-10-05T12:38:40Z
2026-09-18T16:15:00Z,scarperia,3.57,0.204,21,ok,2026-10-05T12:38:40Z
2026-09-18T16:10:00Z,scarperia,3.53,0.384,21,ok,2026-10-05T12:38:40Z
2026-09-18T16:05:00Z,scarperia,2.60,0.464,21,ok,2026-10-05T12:38:40Z
2026-09-18T16:00:00Z,scarperia,1.14,0.137,21,ok,2026-10-05T12:38:40Z
2026-09-18T15:55:00Z,scarperia,0.78,0.078,21,ok,2026-10-05T12:38:40Z
2026-09-18T15:50:00Z,scarperia,0.00,0.000,21,ok,2026-10-05T12:38:40Z
2026-09-18T15:45:00Z,scarperia,0.00,0.000,21,ok,2026-10-05T12:38:40Z
2026-09-18T15:40:00Z,scarperia,0.00,0.000,21,ok,2026-10-05T12:38:40Z
2026-09-18T15:35:00Z,scarperia,0.00,0.000,21,ok,2026-10-05T12:38:40Z
2026-09-18T15:30:00Z,scarperia,0.00,0.000,21,ok,2026-10-05T12:38:40Z
2026-09-18T15:25:00Z,scarperia,0.00,0.000,21,ok,2026-10-05T12:38:40Z
2026-09-18T15:20:00Z,scarperia,0.00,0.000,21,ok,2026-10-05T12:38:40Z
2026-09-18T15:15:00Z,scarperia,0.00,0.000,21,ok,2026-10-05T12:38:40Z
2026-09-18T15:10:00Z,scarperia,0.00,0.000,21,ok,2026-10-05T12:38:40Z
2026-09-18T15:05:00Z,scarperia,0.79,0.044,21,ok,2026-10-05T12:38:40Z
2026-09-18T15:00:00Z,scarperia,0.00,0.000,21,ok,2026-10-05T12:38:40Z
2026-09-18T14:55:00Z,scarperia,0.00,0.000,21,ok,2026-10-05T12:38:40Z
2026-09-18T14:50:00Z,scarperia,0.00,0.000,21,ok,2026-10-05T12:38:40Z
2026-09-18T14:45:00Z,scarperia,0.00,0.000,21,ok,2026-10-05T12:38:40Z
2026-09-18T14:40:00Z,scarperia,0.00,0.000,21,ok,2026-10-05T12:38:40Z
2026-09-18T14:35:00Z,scarperia,0.00,0.000,21,ok,2026-10-05T12:38:40Z
2026-09-18T14:30:00Z,scarperia,0.00,0.000,21,ok,2026-10-05T12:38:40Z
2026-09-18T14:25:00Z,scarperia,0.00,0.000,21,ok,2026-10-05T12:38:40Z
2026-09-18T14:20:00Z,scarperia,0.00,0.000,21,ok,2026-10-05T12:38:40Z
2026-09-18T14:15:00Z,scarperia,0.00,0.000,21,ok,2026-10-05T12:38:40Z
2026-09-18T14:10:00Z,scarperia,0.00,0.000,21,ok,2026-10-05T12:38:40Z
2026-09-18T14:05:00Z,scarperia,0.00,0.000,21,ok,2026-10-05T12:38:40Z
2026-09-18T14:00:00Z,scarperia,0.00,0.000,21,ok,2026-10-05T12:38:40Z
2026-09-18T13:55:00Z,scarperia,0.00,0.000,21,ok,2026-10-05T12:38:40Z
2026-09-18T13:50:00Z,scarperia,0.00,0.000,21,ok,2026-10-05T12:38:40Z
2026-09-18T13:45:00Z,scarperia,0.00,0.000,21,ok,2026-10-05T12:38:40Z
2026-09-18T13:40:00Z,scarperia,0.00,0.000,21,ok,2026-10-05T12:38:40Z
2026-09-18T13:35:00Z,scarperia,0.00,0.000,21,ok,2026-10-05T12:38:40Z
2026-09-18T13:30:00Z,scarperia,0.00,0.000,21,ok,2026-10-05T12:38:40Z
2026-09-18T13:25:00Z,scarperia,0.00,0.000,21,ok,2026-10-05T12:38:40Z
2026-09-18T13:20:00Z,scarperia,0.00,0.000,21,ok,2026-10-05T12:38:40Z
2026-09-18T13:15:00Z,scarperia,0.00,0.000,21,ok,2026-10-05T12:38:40Z
2026-09-18T13:10:00Z,scarperia,0.00,0.000,21,ok,2026-10-05T12:38:40Z
2026-09-18T13:05:00Z,scarperia,0.00,0.000,21,ok,2026-10-05T12:38:40Z
2026-09-18T13:00:00Z,scarperia,0.00,0.000,21,ok,2026-10-05T12:38:40Z
2026-09-18T12:55:00Z,scarperia,0.00,0.000,21,ok,2026-10-05T12:38:40Z
2026-09-18T12:50:00Z,scarperia,0.00,0.000,21,ok,2026-10-05T12:38:40Z
2026-09-18T12:45:00Z,scarperia,0.00,0.000,21,ok,2026-10-05T12:38:40Z
2026-09-18T12:40:00Z,scarperia,0.00,0.000,21,ok,2026-10-05T12:38:40Z
2026-09-18T12:35:00Z,scarperia,0.00,0.000,21,ok,2026-10-05T12:38:40Z
2026-09-18T12:30:00Z,scarperia,0.00,0.000,21,ok,2026-10-05T12:38:40Z
2026-09-18T12:25:00Z,scarperia,0.00,0.000,21,ok,2026-10-05T12:38:40Z
2026-09-18T12:20:00Z,scarperia,0.00,0.000,21,ok,2026-10-05T12:38:40Z
2026-09-18T12:15:00Z,scarperia,0.00,0.000,21,ok,2026-10-05T12:38:40Z
2026-09-18T12:10:00Z,scarperia,0.00,0.000,21,ok,2026-10-05T12:38:40Z
2026-09-18T12:05:00Z,scarperia,0.00,0.000,21,ok,2026-10-05T12:38:40Z
2026-09-18T12:00:00Z,scarperia,0.00,0.000,21,ok,2026-10-05T12:38:40Z
2026-09-18T11:55:00Z,scarperia,0.00,0.000,21,ok,2026-10-05T12:38:40Z
2026-09-18T11:50:00Z,scarperia,0.00,0.000,21,ok,2026-10-05T12:38:40Z
2026-09-18T11:45:00Z,scarperia,0.00,0.000,21,ok,2026-10-05T12:38:40Z
2026-09-18T11:40:00Z,scarperia,0.00,0.000,21,ok,2026-10-05T12:38:40Z
2026-09-18T11:35:00Z,scarperia,0.00,0.000,21,ok,2026-10-05T12:38:40Z
2026-09-18T11:30:00Z,scarperia,0.00,0.000,21,ok,2026-10-05T12:38:40Z
2026-09-18T11:25:00Z,scarperia,0.00,0.000,21,ok,2026-10-05T12:38:40Z
2026-09-18T11:20:00Z,scarperia,0.00,0.000,21,ok,2026-10-05T12:38:40Z
2026-09-18T11:15:00Z,scarperia,0.00,0.000,21,ok,2026-10-05T12:38:40Z
2026-09-18T11:10:00Z,scarperia,0.00,0.000,21,ok,2026-10-05T12:38:40Z
2026-09-18T11:05:00Z,scarperia,0.00,0.000,21,ok,2026-10-05T12:38:40Z
2026-09-18T11:00:00Z,scarperia,0.00,0.000,21,ok,2026-10-05T12:38:40Z
2026-09-18T09:30:00Z,scarperia,0.00,0.000,21,ok,2026-10-05T12:38:40Z
2026-09-18T09:25:00Z,scarperia,0.00,0.000,21,ok,2026-10-05T12:38:40Z
2026-09-18T09:20:00Z,scarperia,0.00,0.000,21,ok,2026-10-05T12:38:40Z
2026-09-18T09:15:00Z,scarperia,0.00,0.000,21,ok,2026-10-05T12:38:40Z
2026-09-18T09:10:00Z,scarperia,0.00,0.000,21,ok,2026-10-05T12:38:40Z
2026-09-18T09:05:00Z,scarperia,0.00,0.000,21,ok,2026-10-05T12:38:40Z
2026-09-18T09:00:00Z,scarperia,0.00,0.000,21,ok,2026-10-05T12:38:40Z
2026-09-18T08:55:00Z,scarperia,0.00,0.000,21,ok,2026-10-05T12:38:40Z
2026-09-18T08:50:00Z,scarperia,0.00,0.000,21,ok,2026-10-05T12:38:40Z
2026-09-18T08:45:00Z,scarperia,0.00,0.000,21,ok,2026-10-05T12:38:40Z
2026-09-18T08:40:00Z,scarperia,0.00,0.000,21,ok,2026-10-05T12:38:40Z
2026-09-18T08:35:00Z,scarperia,0.00,0.000,21,ok,2026-10-05T12:38:40Z
2026-09-18T08:30:00Z,scarperia,0.00,0.000,21,ok,2026-10-05T12:38:40Z
2026-09-18T08:25:00Z,scarperia,0.00,0.000,21,ok,2026-10-05T12:38:40Z
2026-09-18T08:20:00Z,scarperia,0.00,0.000,21,ok,2026-10-05T12:38:40Z
2026-09-18T08:15:00Z,scarperia,0.00,0.000,21,ok,2026-10-05T12:38:40Z
2026-09-18T08:10:00Z,scarperia,0.00,0.000,21,ok,2026-10-05T12:38:40Z
2026-09-18T08:05:00Z,scarperia,0.00,0.000,21,ok,2026-10-05T12:38:40Z
2026-09-18T08:00:00Z,scarperia,0.00,0.000,21,ok,2026-10-05T12:38:40Z
2026-09-18T07:55:00Z,scarperia,0.00,0.000,21,ok,2026-10-05T12:38:40Z
2026-09-18T07:50:00Z,scarperia,0.00,0.000,21,ok,2026-10-05T12:38:40Z
2026-09-18T07:45:00Z,scarperia,0.00,0.000,21,ok,2026-10-05T12:38:40Z
2026-09-18T07:40:00Z,scarperia,0.00,0.000,21,ok,2026-10-05T12:38:40Z
2026-09-18T07:35:00Z,scarperia,0.00,0.000,21,ok,2026-10-05T12:38:40Z
2026-09-18T07:30:00Z,scarperia,0.00,0.000,21,ok,2026-10-05T12:38:40Z
2026-09-18T07:25:00Z,scarperia,0.00,0.000,21,ok,2026-10-05T12:38:40Z
2026-09-18T07:20:00Z,scarperia,0.00,0.000,21,ok,2026-10-05T12:38:40Z
2026-09-18T07:15:00Z,scarperia,0.00,0.000,21,ok,2026-10-05T12:38:40Z
2026-09-18T07:10:00Z,scarperia,0.00,0.000,21,ok,2026-10-05T12:38:40Z
2026-09-18T07:05:00Z,scarperia,0.00,0.000,21,ok,2026-10-05T12:38:40Z
2026-09-18T07:00:00Z,scarperia,0.00,0.000,21,ok,2026-10-05T12:38:40Z
2026-09-18T06:55:00Z,scarperia,0.00,0.000,21,ok,2026-10-05T12:38:40Z
2026-09-18T06:50:00Z,scarperia,0.00,0.000,21,ok,2026-10-05T12:38:40Z
2026-09-18T06:45:00Z,scarperia,0.00,0.000,21,ok,2026-10-05T12:38:40Z
2026-09-18T06:40:00Z,scarperia,0.00,0.000,21,ok,2026-10-05T12:38:40Z
2026-09-18T06:35:00Z,scarperia,0.00,0.000,21,ok,2026-10-05T12:38:40Z
2026-09-18T06:30:00Z,scarperia,0.00,0.000,21,ok,2026-10-05T12:38:40Z
2026-09-18T06:25:00Z,scarperia,0.00,0.000,21,ok,2026-10-05T12:38:40Z
2026-09-18T06:20:00Z,scarperia,0.00,0.000,21,ok,2026-10-05T12:38:40Z
2026-09-18T06:15:00Z,scarperia,0.00,0.000,21,ok,2026-10-05T12:38:40Z
2026-09-18T06:10:00Z,scarperia,0.00,0.000,21,ok,2026-10-05T12:38:40Z
2026-09-18T06:05:00Z,scarperia,0.00,0.000,21,ok,2026-10-05T12:38:40Z
2026-09-18T06:00:00Z,scarperia,0.00,0.000,21,ok,2026-10-05T12:38:40Z
2026-09-18T05:55:00Z,scarperia,0.00,0.000,21,ok,2026-10-05T12:38:40Z
2026-09-18T05:50:00Z,scarperia,0.00,0.000,21,ok,2026-10-05T12:38:40Z
2026-09-18T05:45:00Z,scarperia,0.00,0.000,21,ok,2026-10-05T12:38:40Z
2026-09-18T05:40:00Z,scarperia,0.00,0.000,21,ok,2026-10-05T12:38:40Z
2026-09-18T05:35:00Z,scarperia,0.00,0.000,21,ok,2026-10-05T12:38:40Z
2026-09-18T05:30:00Z,scarperia,0.00,0.000,21,ok,2026-10-05T12:38:40Z
2026-09-18T05:25:00Z,scarperia,0.00,0.000,21,ok,2026-10-05T12:38:40Z
2026-09-18T05:20:00Z,scarperia,0.00,0.000,21,ok,2026-10-05T12:38:40Z
2026-09-17T13:00:00Z,scarperia,0.00,0.000,21,ok,2026-10-05T12:38:40Z
2026-09-17T12:55:00Z,scarperia,0.00,0.000,21,ok,2026-10-05T12:38:40Z
2026-09-17T12:50:00Z,scarperia,0.00,0.000,21,ok,2026-10-05T12:38:40Z
2026-09-17T12:45:00Z,scarperia,0.25,0.034,21,ok,2026-10-05T12:38:40Z
2026-09-17T12:40:00Z,scarperia,0.97,0.458,21,ok,2026-10-05T12:38:40Z
2026-09-17T12:35:00Z,scarperia,1.38,0.950,21,ok,2026-10-05T12:38:40Z
2026-09-17T12:30:00Z,scarperia,1.76,1.105,21,ok,2026-10-05T12:38:40Z
2026-09-17T12:25:00Z,scarperia,3.59,2.345,21,ok,2026-10-05T12:38:40Z
2026-09-17T12:20:00Z,scarperia,3.46,2.455,21,ok,2026-10-05T12:38:40Z
2026-09-17T12:15:00Z,scarperia,3.68,2.672,21,ok,2026-10-05T12:38:40Z
2026-09-17T12:10:00Z,scarperia,2.60,1.868,21,ok,2026-10-05T12:38:40Z
2026-09-17T12:05:00Z,scarperia,2.60,1.917,21,ok,2026-10-05T12:38:40Z
2026-09-17T12:00:00Z,scarperia,3.55,2.825,21,ok,2026-10-05T12:38:40Z
2026-09-17T11:55:00Z,scarperia,3.58,2.593,21,ok,2026-10-05T12:38:40Z
2026-09-17T11:50:00Z,scarperia,3.30,2.517,21,ok,2026-10-05T12:38:40Z
2026-09-17T11:45:00Z,scarperia,5.30,3.820,21,ok,2026-10-05T12:38:40Z
2026-09-17T11:40:00Z,scarperia,6.26,4.735,21,ok,2026-10-05T12:38:40Z
2026-09-17T11:35:00Z,scarperia,7.08,4.198,21,ok,2026-10-05T12:38:40Z
2026-09-17T11:30:00Z,scarperia,8.28,4.553,21,ok,2026-10-05T12:38:40Z
2026-09-17T11:25:00Z,scarperia,10.32,7.192,21,ok,2026-10-05T12:38:40Z
2026-09-17T11:20:00Z,scarperia,9.87,8.357,21,ok,2026-10-05T12:38:40Z
2026-09-17T11:15:00Z,scarperia,12.80,9.630,21,ok,2026-10-05T12:38:40Z
2026-09-17T11:10:00Z,scarperia,11.99,9.518,21,ok,2026-10-05T12:38:40Z
2026-09-17T11:05:00Z,scarperia,11.74,9.659,21,ok,2026-10-05T12:38:40Z
2026-09-17T11:00:00Z,scarperia,9.68,8.139,21,ok,2026-10-05T12:38:40Z
2026-09-17T10:55:00Z,scarperia,8.35,6.541,21,ok,2026-10-05T12:38:40Z
2026-09-17T10:50:00Z,scarperia,7.73,5.590,21,ok,2026-10-05T12:38:40Z
2026-09-17T10:45:00Z,scarperia,6.59,4.424,21,ok,2026-10-05T12:38:40Z
2026-09-17T10:40:00Z,scarperia,5.61,3.988,21,ok,2026-10-05T12:38:40Z
2026-09-17T10:35:00Z,scarperia,4.96,3.488,21,ok,2026-10-05T12:38:40Z
2026-09-17T10:30:00Z,scarperia,3.19,2.776,21,ok,2026-10-05T12:38:40Z
2026-09-17T10:25:00Z,scarperia,2.53,2.308,21,ok,2026-10-05T12:38:40Z
2026-09-17T10:20:00Z,scarperia,7.76,2.957,21,ok,2026-10-05T12:38:40Z
2026-09-17T10:15:00Z,scarperia,8.52,2.671,21,ok,2026-10-05T12:38:40Z
2026-09-17T10:10:00Z,scarperia,6.57,3.973,21,ok,2026-10-05T12:38:40Z
2026-09-17T10:05:00Z,scarperia,3.36,2.346,21,ok,2026-10-05T12:38:40Z
2026-09-17T10:00:00Z,scarperia,2.91,2.050,21,ok,2026-10-05T12:38:40Z
2026-09-17T09:55:00Z,scarperia,1.75,1.231,21,ok,2026-10-05T12:38:40Z
2026-09-17T09:50:00Z,scarperia,1.29,0.990,21,ok,2026-10-05T12:38:40Z
2026-09-17T09:45:00Z,scarperia,1.40,0.807,21,ok,2026-10-05T12:38:40Z
2026-09-17T09:40:00Z,scarperia,2.24,1.188,21,ok,2026-10-05T12:38:40Z
2026-09-17T09:35:00Z,scarperia,1.90,1.418,21,ok,2026-10-05T12:38:40Z
2026-09-17T09:30:00Z,scarperia,1.77,1.166,21,ok,2026-10-05T12:38:40Z
2026-09-17T09:25:00Z,scarperia,1.71,1.189,21,ok,2026-10-05T12:38:40Z
2026-09-17T09:20:00Z,scarperia,0.94,0.604,21,ok,2026-10-05T12:38:40Z
2026-09-17T09:15:00Z,scarperia,0.69,0.455,21,ok,2026-10-05T12:38:40Z
2026-09-17T09:10:00Z,scarperia,1.78,1.377,21,ok,2026-10-05T12:38:40Z
2026-09-17T09:05:00Z,scarperia,1.53,1.427,21,ok,2026-10-05T12:38:40Z
2026-09-17T09:00:00Z,scarperia,1.66,1.157,21,ok,2026-10-05T12:38:40Z
2026-09-17T08:55:00Z,scarperia,0.66,0.329,21,ok,2026-10-05T12:38:40Z
2026-09-17T08:50:00Z,scarperia,0.33,0.205,21,ok,2026-10-05T12:38:40Z
2026-09-17T08:45:00Z,scarperia,0.31,0.116,21,ok,2026-10-05T12:38:40Z
2026-09-17T08:40:00Z,scarperia,0.00,0.000,21,ok,2026-10-05T12:38:40Z
2026-09-17T08:35:00Z,scarperia,0.00,0.000,21,ok,2026-10-05T12:38:40Z
2026-09-17T08:30:00Z,scarperia,0.24,0.045,21,ok,2026-10-05T12:38:40Z
2026-09-17T08:25:00Z,scarperia,0.74,0.424,21,ok,2026-10-05T12:38:40Z
2026-09-17T08:20:00Z,scarperia,0.85,0.637,21,ok,2026-10-05T12:38:40Z
2026-09-17T08:15:00Z,scarperia,0.62,0.465,21,ok,2026-10-05T12:38:40Z
2026-09-17T08:10:00Z,scarperia,0.40,0.354,21,ok,2026-10-05T12:38:40Z
2026-09-17T08:05:00Z,scarperia,0.52,0.484,21,ok,2026-10-05T12:38:40Z
2026-09-17T08:00:00Z,scarperia,0.65,0.523,21,ok,2026-10-05T12:38:40Z
2026-09-17T07:35:00Z,scarperia,0.00,0.000,21,ok,2026-10-05T12:38:40Z
2026-09-17T07:30:00Z,scarperia,0.00,0.000,21,ok,2026-10-05T12:38:40Z
2026-09-17T07:25:00Z,scarperia,0.00,0.000,21,ok,2026-10-05T12:38:40Z
2026-09-17T07:20:00Z,scarperia,0.00,0.000,21,ok,2026-10-05T12:38:40Z
2026-09-17T07:15:00Z,scarperia,0.00,0.000,21,ok,2026-10-05T12:38:40Z
2026-09-17T07:10:00Z,scarperia,0.00,0.000,21,ok,2026-10-05T12:38:40Z
2026-09-17T07:05:00Z,scarperia,0.00,0.000,21,ok,2026-10-05T12:38:40Z
2026-09-17T07:00:00Z,scarperia,0.00,0.000,21,ok,2026-10-05T12:38:40Z
2026-09-17T06:55:00Z,scarperia,0.00,0.000,21,ok,2026-10-05T12:38:40Z
2026-09-17T06:50:00Z,scarperia,0.00,0.000,21,ok,2026-10-05T12:38:40Z
2026-09-17T06:45:00Z,scarperia,0.00,0.000,21,ok,2026-10-05T12:38:40Z
2026-09-17T06:40:00Z,scarperia,0.00,0.000,21,ok,2026-10-05T12:38:40Z
2026-09-17T06:35:00Z,scarperia,0.00,0.000,21,ok,2026-10-05T12:38:40Z
2026-09-17T06:30:00Z,scarperia,0.00,0.000,21,ok,2026-10-05T12:38:40Z
2026-09-17T06:25:00Z,scarperia,0.00,0.000,21,ok,2026-10-05T12:38:40Z
2026-09-17T06:20:00Z,scarperia,0.00,0.000,21,ok,2026-10-05T12:38:40Z
2026-09-17T06:15:00Z,scarperia,0.00,0.000,21,ok,2026-10-05T12:38:40Z
2026-09-17T06:10:00Z,scarperia,0.00,0.000,21,ok,2026-10-05T12:38:40Z
2026-09-17T06:05:00Z,scarperia,0.00,0.000,21,ok,2026-10-05T12:38:40Z
2026-09-17T06:00:00Z,scarperia,0.00,0.000,21,ok,2026-10-05T12:38:40Z
2026-09-17T05:55:00Z,scarperia,0.00,0.000,21,ok,2026-10-05T12:38:40Z
2026-09-17T05:50:00Z,scarperia,0.00,0.000,21,ok,2026-10-05T12:38:40Z
2026-09-17T05:45:00Z,scarperia,0.00,0.000,21,ok,2026-10-05T12:38:40Z
2026-09-17T05:40:00Z,scarperia,0.00,0.000,21,ok,2026-10-05T12:38:40Z
2026-09-17T05:35:00Z,scarperia,0.00,0.000,21,ok,2026-10-05T12:38:40Z
2026-09-17T05:30:00Z,scarperia,0.00,0.000,21,ok,2026-10-05T12:38:40Z
2026-09-17T05:25:00Z,scarperia,0.00,0.000,21,ok,2026-10-05T12:38:40Z
2026-09-17T05:20:00Z,scarperia,0.00,0.000,21,ok,2026-10-05T12:38:40Z
2026-09-17T05:15:00Z,scarperia,0.00,0.000,21,ok,2026-10-05T12:38:40Z
2026-09-17T05:10:00Z,scarperia,0.00,0.000,21,ok,2026-10-05T12:38:40Z
2026-09-17T05:05:00Z,scarperia,0.00,0.000,21,ok,2026-10-05T12:38:40Z
2026-09-17T05:00:00Z,scarperia,0.00,0.000,21,ok,2026-10-05T12:38:40Z
2026-09-17T04:55:00Z,scarperia,0.00,0.000,21,ok,2026-10-05T12:38:40Z
2026-09-17T04:50:00Z,scarperia,0.00,0.000,21,ok,2026-10-05T12:38:40Z
2026-09-17T04:45:00Z,scarperia,0.42,0.209,21,ok,2026-10-05T12:38:40Z
2026-09-17T04:40:00Z,scarperia,0.72,0.348,21,ok,2026-10-05T12:38:40Z
2026-09-17T04:35:00Z,scarperia,0.58,0.109,21,ok,2026-10-05T12:38:40Z
2026-09-17T04:30:00Z,scarperia,0.00,0.000,21,ok,2026-10-05T12:38:40Z
2026-09-17T04:25:00Z,scarperia,0.00,0.000,21,ok,2026-10-05T12:38:40Z
2026-09-17T04:20:00Z,scarperia,0.00,0.000,21,ok,2026-10-05T12:38:40Z
2026-09-17T04:15:00Z,scarperia,0.00,0.000,21,ok,2026-10-05T12:38:40Z
2026-09-17T04:10:00Z,scarperia,0.00,0.000,21,ok,2026-10-05T12:38:40Z
2026-09-17T04:05:00Z,scarperia,0.00,0.000,21,ok,2026-10-05T12:38:40Z
2026-09-17T04:00:00Z,scarperia,0.00,0.000,21,ok,2026-10-05T12:38:40Z
2026-09-17T03:55:00Z,scarperia,0.00,0.000,21,ok,2026-10-05T12:38:40Z
2026-09-17T03:50:00Z,scarperia,0.00,0.000,21,ok,2026-10-05T12:38:40Z
2026-09-17T03:45:00Z,scarperia,0.00,0.000,21,ok,2026-10-05T12:38:40Z
2026-09-17T03:40:00Z,scarperia,0.00,0.000,21,ok,2026-10-05T12:38:40Z
2026-09-17T03:35:00Z,scarperia,0.00,0.000,21,ok,2026-10-05T12:38:40Z
2026-09-17T03:30:00Z,scarperia,0.00,0.000,21,ok,2026-10-05T12:38:40Z
2026-09-17T03:25:00Z,scarperia,0.00,0.000,21,ok,2026-10-05T12:38:40Z
2026-09-17T03:20:00Z,scarperia,0.00,0.000,21,ok,2026-10-05T12:38:40Z
2026-09-17T03:15:00Z,scarperia,0.00,0.000,21,ok,2026-10-05T12:38:40Z
2026-09-17T03:10:00Z,scarperia,0.00,0.000,21,ok,2026-10-05T12:38:40Z
2026-09-17T03:05:00Z,scarperia,0.00,0.000,21,ok,2026-10-05T12:38:40Z
2026-09-17T03:00:00Z,scarperia,0.00,0.000,21,ok,2026-10-05T12:38:40Z
2026-09-17T02:55:00Z,scarperia,0.00,0.000,21,ok,2026-10-05T12:38:40Z
2026-09-17T02:50:00Z,scarperia,0.00,0.000,21,ok,2026-10-05T12:38:40Z
2026-09-17T02:45:00Z,scarperia,0.00,0.000,21,ok,2026-10-05T12:38:40Z
2026-09-17T02:40:00Z,scarperia,0.00,0.000,21,ok,2026-10-05T12:38:40Z
2026-09-17T02:35:00Z,scarperia,0.00,0.000,21,ok,2026-10-05T12:38:40Z
2026-09-17T02:30:00Z,scarperia,0.00,0.000,21,ok,2026-10-05T12:38:40Z
2026-09-17T02:25:00Z,scarperia,0.00,0.000,21,ok,2026-10-05T12:38:40Z
2026-09-17T02:20:00Z,scarperia,0.00,0.000,21,ok,2026-10-05T12:38:40Z
2026-09-17T02:15:00Z,scarperia,0.00,0.000,21,ok,2026-10-05T12:38:40Z
2026-09-17T02:10:00Z,scarperia,0.00,0.000,21,ok,2026-10-05T12:38:40Z
2026-09-17T02:05:00Z,scarperia,0.00,0.000,21,ok,2026-10-05T12:38:40Z
2026-09-17T02:00:00Z,scarperia,0.00,0.000,21,ok,2026-10-05T12:38:40Z
2026-09-17T01:55:00Z,scarperia,0.00,0.000,21,ok,2026-10-05T12:38:40Z
2026-09-17T01:50:00Z,scarperia,0.00,0.000,21,ok,2026-10-05T12:38:40Z
2026-09-17T01:45:00Z,scarperia,0.00,0.000,21,ok,2026-10-05T12:38:40Z
2026-09-17T01:40:00Z,scarperia,0.00,0.000,21,ok,2026-10-05T12:38:40Z
2026-09-17T01:35:00Z,scarperia,0.00,0.000,21,ok,2026-10-05T12:38:40Z
2026-09-17T01:30:00Z,scarperia,0.00,0.000,21,ok,2026-10-05T12:38:40Z
2026-09-17T01:25:00Z,scarperia,0.00,0.000,21,ok,2026-10-05T12:38:40Z
2026-09-17T01:20:00Z,scarperia,0.00,0.000,21,ok,2026-10-05T12:38:40Z
2026-09-17T01:15:00Z,scarperia,0.00,0.000,21,ok,2026-10-05T12:38:40Z
2026-09-17T01:10:00Z,scarperia,0.00,0.000,21,ok,2026-10-05T12:38:40Z
2026-09-17T01:05:00Z,scarperia,0.00,0.000,21,ok,2026-10-05T12:38:40Z
2026-09-17T01:00:00Z,scarperia,0.00,0.000,21,ok,2026-10-05T12:38:40Z
2026-09-17T00:55:00Z,scarperia,0.00,0.000,21,ok,2026-10-05T12:38:40Z
2026-09-17T00:50:00Z,scarperia,0.00,0.000,21,ok,2026-10-05T12:38:40Z
2026-09-17T00:45:00Z,scarperia,0.00,0.000,21,ok,2026-10-05T12:38:40Z
2026-09-17T00:40:00Z,scarperia,0.00,0.000,21,ok,2026-10-05T12:38:40Z
2026-09-17T00:35:00Z,scarperia,0.00,0.000,21,ok,2026-10-05T12:38:40Z
2026-09-17T00:30:00Z,scarperia,0.00,0.000,21,ok,2026-10-05T12:38:40Z
2026-09-17T00:25:00Z,scarperia,0.00,0.000,21,ok,2026-10-05T12:38:40Z
2026-09-17T00:20:00Z,scarperia,0.00,0.000,21,ok,2026-10-05T12:38:40Z
2026-09-17T00:15:00Z,scarperia,0.00,0.000,21,ok,2026-10-05T12:38:40Z
2026-09-17T00:10:00Z,scarperia,0.00,0.000,21,ok,2026-10-05T12:38:40Z
2026-09-17T00:05:00Z,scarperia,0.00,0.000,21,ok,2026-10-05T12:38:40Z
2026-09-17T00:00:00Z,scarperia,0.00,0.000,21,ok,2026-10-05T12:38:40Z
2026-09-16T23:55:00Z,scarperia,0.00,0.000,21,ok,2026-10-05T12:38:40Z
2026-09-16T23:50:00Z,scarperia,0.00,0.000,21,ok,2026-10-05T12:38:40Z
2026-09-16T23:45:00Z,scarperia,0.00,0.000,21,ok,2026-10-05T12:38:40Z
2026-09-16T23:40:00Z,scarperia,0.00,0.000,21,ok,2026-10-05T12:38:40Z
2026-09-16T23:35:00Z,scarperia,0.00,0.000,21,ok,2026-10-05T12:38:40Z
2026-09-16T23:30:00Z,scarperia,0.00,0.000,21,ok,2026-10-05T12:38:40Z
2026-09-16T23:25:00Z,scarperia,0.00,0.000,21,ok,2026-10-05T12:38:40Z
2026-09-16T23:20:00Z,scarperia,0.00,0.000,21,ok,2026-10-05T12:38:40Z
2026-09-16T23:15:00Z,scarperia,0.00,0.000,21,ok,2026-10-05T12:38:40Z
2026-09-16T23:10:00Z,scarperia,0.00,0.000,21,ok,2026-10-05T12:38:40Z
2026-09-16T23:05:00Z,scarperia,0.00,0.000,21,ok,2026-10-05T12:38:40Z
2026-09-16T23:00:00Z,scarperia,0.00,0.000,21,ok,2026-10-05T12:38:40Z
2026-09-16T22:55:00Z,scarperia,0.00,0.000,21,ok,2026-10-05T12:38:40Z
2026-09-16T22:50:00Z,scarperia,0.00,0.000,21,ok,2026-10-05T12:38:40Z
2026-09-16T22:45:00Z,scarperia,0.00,0.000,21,ok,2026-10-05T12:38:40Z
2026-09-16T22:40:00Z,scarperia,0.00,0.000,21,ok,2026-10-05T12:38:40Z
2026-09-16T22:35:00Z,scarperia,0.00,0.000,21,ok,2026-10-05T12:38:40Z
2026-09-16T22:30:00Z,scarperia,0.00,0.000,21,ok,2026-10-05T12:38:40Z
2026-09-16T22:25:00Z,scarperia,0.00,0.000,21,ok,2026-10-05T12:38:40Z
2026-09-16T22:20:00Z,scarperia,0.00,0.000,21,ok,2026-10-05T12:38:40Z
2026-09-16T22:15:00Z,scarperia,0.00,0.000,21,ok,2026-10-05T12:38:40Z
2026-09-16T22:10:00Z,scarperia,0.00,0.000,21,ok,2026-10-05T12:38:40Z
2026-09-16T22:05:00Z,scarperia,0.00,0.000,21,ok,2026-10-05T12:38:40Z
2026-09-16T22:00:00Z,scarperia,0.00,0.000,21,ok,2026-10-05T12:38:40Z
2026-09-16T21:55:00Z,scarperia,0.00,0.000,21,ok,2026-10-05T12:38:40Z
2026-09-16T21:50:00Z,scarperia,0.00,0.000,21,ok,2026-10-05T12:38:40Z
2026-09-16T21:45:00Z,scarperia,0.00,0.000,21,ok,2026-10-05T12:38:40Z
2026-09-16T21:40:00Z,scarperia,0.00,0.000,21,ok,2026-10-05T12:38:40Z
2026-09-16T21:35:00Z,scarperia,0.00,0.000,21,ok,2026-10-05T12:38:40Z
2026-09-16T21:30:00Z,scarperia,0.00,0.000,21,ok,2026-10-05T12:38:40Z
2026-09-16T21:25:00Z,scarperia,0.00,0.000,21,ok,2026-10-05T12:38:40Z
2026-09-16T21:20:00Z,scarperia,0.00,0.000,21,ok,2026-10-05T12:38:40Z
2026-09-16T21:15:00Z,scarperia,0.00,0.000,21,ok,2026-10-05T12:38:40Z
2026-09-16T21:10:00Z,scarperia,0.00,0.000,21,ok,2026-10-05T12:38:40Z
2026-09-16T21:05:00Z,scarperia,0.00,0.000,21,ok,2026-10-05T12:38:40Z
2026-09-16T21:00:00Z,scarperia,0.00,0.000,21,ok,2026-10-05T12:38:40Z
2026-09-16T20:55:00Z,scarperia,0.00,0.000,21,ok,2026-10-05T12:38:40Z
2026-09-16T20:50:00Z,scarperia,0.00,0.000,21,ok,2026-10-05T12:38:40Z
2026-09-16T20:45:00Z,scarperia,0.00,0.000,21,ok,2026-10-05T12:38:40Z
2026-09-16T20:40:00Z,scarperia,0.00,0.000,21,ok,2026-10-05T12:38:40Z
2026-09-16T20:35:00Z,scarperia,0.00,0.000,21,ok,2026-10-05T12:38:40Z
2026-09-16T20:30:00Z,scarperia,0.00,0.000,21,ok,2026-10-05T12:38:40Z
2026-09-16T20:25:00Z,scarperia,0.00,0.000,21,ok,2026-10-05T12:38:40Z
2026-09-16T20:20:00Z,scarperia,0.00,0.000,21,ok,2026-10-05T12:38:40Z
2026-09-16T20:15:00Z,scarperia,0.00,0.000,21,ok,2026-10-05T12:38:40Z
2026-09-16T20:10:00Z,scarperia,0.00,0.000,21,ok,2026-10-05T12:38:40Z
2026-09-16T20:05:00Z,scarperia,0.00,0.000,21,ok,2026-10-05T12:38:40Z
2026-09-16T20:00:00Z,scarperia,0.00,0.000,21,ok,2026-10-05T12:38:40Z
2026-09-16T19:55:00Z,scarperia,0.00,0.000,21,ok,2026-10-05T12:38:40Z
2026-09-16T19:50:00Z,scarperia,0.00,0.000,21,ok,2026-10-05T12:38:40Z
2026-09-16T19:45:00Z,scarperia,0.00,0.000,21,ok,2026-10-05T12:38:40Z
2026-09-16T19:40:00Z,scarperia,0.00,0.000,21,ok,2026-10-05T12:38:40Z
2026-09-16T19:35:00Z,scarperia,0.00,0.000,21,ok,2026-10-05T12:38:40Z
2026-09-16T19:30:00Z,scarperia,0.00,0.000,21,ok,2026-10-05T12:38:40Z
2026-09-16T19:25:00Z,scarperia,0.00,0.000,21,ok,2026-10-05T12:38:40Z
2026-09-16T19:20:00Z,scarperia,0.00,0.000,21,ok,2026-10-05T12:38:40Z
2026-09-16T19:15:00Z,scarperia,0.00,0.000,21,ok,2026-10-05T12:38:40Z
2026-09-16T19:10:00Z,scarperia,0.00,0.000,21,ok,2026-10-05T12:38:40Z
2026-09-16T19:05:00Z,scarperia,0.00,0.000,21,ok,2026-10-05T12:38:40Z
2026-09-16T19:00:00Z,scarperia,0.00,0.000,21,ok,2026-10-05T12:38:40Z
2026-09-16T18:55:00Z,scarperia,0.00,0.000,21,ok,2026-10-05T12:38:40Z
2026-09-16T18:50:00Z,scarperia,0.00,0.000,21,ok,2026-10-05T12:38:40Z
2026-09-16T18:45:00Z,scarperia,0.00,0.000,21,ok,2026-10-05T12:38:40Z
2026-09-16T18:40:00Z,scarperia,0.00,0.000,21,ok,2026-10-05T12:38:40Z
2026-09-16T18:35:00Z,scarperia,0.00,0.000,21,ok,2026-10-05T12:38:40Z
2026-09-16T18:30:00Z,scarperia,0.00,0.000,21,ok,2026-10-05T12:38:40Z
2026-09-16T18:25:00Z,scarperia,0.00,0.000,21,ok,2026-10-05T12:38:40Z
2026-09-16T18:20:00Z,scarperia,0.00,0.000,21,ok,2026-10-05T12:38:40Z
2026-09-16T18:15:00Z,scarperia,0.00,0.000,21,ok,2026-10-05T12:38:40Z
2026-09-16T18:10:00Z,scarperia,0.00,0.000,21,ok,2026-10-05T12:38:40Z
2026-09-16T18:05:00Z,scarperia,0.00,0.000,21,ok,2026-10-05T12:38:40Z
2026-09-16T18:00:00Z,scarperia,0.00,0.000,21,ok,2026-10-05T12:38:40Z
2026-09-16T17:55:00Z,scarperia,0.00,0.000,21,ok,2026-10-05T12:38:40Z
2026-09-16T17:50:00Z,scarperia,0.00,0.000,21,ok,2026-10-05T12:38:40Z
2026-09-16T17:45:00Z,scarperia,0.00,0.000,21,ok,2026-10-05T12:38:40Z
2026-09-16T17:40:00Z,scarperia,0.00,0.000,21,ok,2026-10-05T12:38:40Z
2026-09-16T17:35:00Z,scarperia,0.00,0.000,21,ok,2026-10-05T12:38:40Z
2026-09-16T17:30:00Z,scarperia,0.00,0.000,21,ok,2026-10-05T12:38:40Z
2026-09-16T17:25:00Z,scarperia,0.00,0.000,21,ok,2026-10-05T12:38:40Z
2026-09-16T17:20:00Z,scarperia,0.00,0.000,21,ok,2026-10-05T12:38:40Z
2026-09-16T17:15:00Z,scarperia,0.00,0.000,21,ok,2026-10-05T12:38:40Z
2026-09-16T17:10:00Z,scarperia,0.00,0.000,21,ok,2026-10-05T12:38:40Z
2026-09-16T17:05:00Z,scarperia,0.00,0.000,21,ok,2026-10-05T12:38:40Z
2026-09-16T17:00:00Z,scarperia,0.00,0.000,21,ok,2026-10-05T12:38:40Z
2026-09-16T16:55:00Z,scarperia,0.00,0.000,21,ok,2026-10-05T12:38:40Z
2026-09-11T04:00:00Z,scarperia,0.00,0.000,21,ok,2026-10-05T12:38:40Z
2026-09-11T03:55:00Z,scarperia,0.00,0.000,21,ok,2026-10-05T12:38:40Z
2026-09-11T03:50:00Z,scarperia,0.00,0.000,21,ok,2026-10-05T12:38:40Z
2026-09-11T03:45:00Z,scarperia,0.00,0.000,21,ok,2026-10-05T12:38:40Z
2026-09-11T03:40:00Z,scarperia,0.00,0.000,21,ok,2026-10-05T12:38:40Z
2026-09-11T03:35:00Z,scarperia,0.00,0.000,21,ok,2026-10-05T12:38:40Z
2026-09-11T03:30:00Z,scarperia,0.00,0.000,21,ok,2026-10-05T12:38:40Z
2026-09-11T03:25:00Z,scarperia,0.00,0.000,21,ok,2026-10-05T12:38:40Z
2026-09-11T03:20:00Z,scarperia,0.00,0.000,21,ok,2026-10-05T12:38:40Z
2026-09-11T03:15:00Z,scarperia,0.00,0.000,21,ok,2026-10-05T12:43:47Z
2026-09-11T03:10:00Z,scarperia,0.00,0.000,21,ok,2026-10-05T12:43:47Z
2026-09-11T03:05:00Z,scarperia,0.00,0.000,21,ok,2026-10-05T12:43:47Z
2026-09-11T03:00:00Z,scarperia,0.00,0.000,21,ok,2026-10-05T12:43:47Z
2026-09-11T02:55:00Z,scarperia,0.00,0.000,21,ok,2026-10-05T12:43:47Z
2026-09-11T02:50:00Z,scarperia,0.00,0.000,21,ok,2026-10-05T12:43:47Z
2026-09-11T02:45:00Z,scarperia,0.00,0.000,21,ok,2026-10-05T12:43:47Z
2026-09-11T02:40:00Z,scarperia,0.00,0.000,21,ok,2026-10-05T12:43:47Z
2026-09-11T02:35:00Z,scarperia,0.00,0.000,21,ok,2026-10-05T12:43:47Z
2026-09-11T02:30:00Z,scarperia,0.00,0.000,21,ok,2026-10-05T12:43:47Z
2026-09-11T02:25:00Z,scarperia,0.00,0.000,21,ok,2026-10-05T12:43:47Z
2026-09-11T02:20:00Z,scarperia,0.00,0.000,21,ok,2026-10-05T12:43:47Z
2026-09-11T02:15:00Z,scarperia,0.00,0.000,21,ok,2026-10-05T12:43:47Z
2026-09-11T02:10:00Z,scarperia,0.13,0.006,21,ok,2026-10-05T12:43:47Z
2026-09-11T02:05:00Z,scarperia,1.24,0.441,21,ok,2026-10-05T12:43:47Z
2026-09-11T02:00:00Z,scarperia,1.95,0.861,21,ok,2026-10-05T12:43:47Z
2026-09-11T01:55:00Z,scarperia,1.48,1.025,21,ok,2026-10-05T12:43:47Z
2026-09-11T01:50:00Z,scarperia,1.24,0.659,21,ok,2026-10-05T12:43:47Z
2026-09-11T01:45:00Z,scarperia,0.57,0.247,21,ok,2026-10-05T12:43:47Z
2026-09-11T01:40:00Z,scarperia,0.00,0.000,21,ok,2026-10-05T12:43:47Z
2026-09-11T01:35:00Z,scarperia,0.00,0.000,21,ok,2026-10-05T12:43:47Z
2026-09-11T01:30:00Z,scarperia,0.00,0.000,21,ok,2026-10-05T12:43:47Z
2026-09-11T01:25:00Z,scarperia,0.00,0.000,21,ok,2026-10-05T12:43:47Z
2026-09-11T01:20:00Z,scarperia,0.00,0.000,21,ok,2026-10-05T12:43:47Z
2026-09-11T01:15:00Z,scarperia,0.00,0.000,21,ok,2026-10-05T12:43:47Z
2026-09-11T01:10:00Z,scarperia,0.00,0.000,21,ok,2026-10-05T12:43:47Z
2026-09-11T01:05:00Z,scarperia,0.00,0.000,21,ok,2026-10-05T12:43:47Z
2026-09-11T01:00:00Z,scarperia,0.00,0.000,21,ok,2026-10-05T12:43:47Z
2026-09-11T00:55:00Z,scarperia,0.00,0.000,21,ok,2026-10-05T12:43:47Z
2026-09-11T00:50:00Z,scarperia,0.00,0.000,21,ok,2026-10-05T12:43:47Z
2026-09-11T00:45:00Z,scarperia,0.00,0.000,21,ok,2026-10-05T12:43:47Z
2026-09-11T00:40:00Z,scarperia,0.00,0.000,21,ok,2026-10-05T12:43:47Z
2026-09-11T00:35:00Z,scarperia,0.00,0.000,21,ok,2026-10-05T12:43:47Z
2026-09-11T00:30:00Z,scarperia,0.00,0.000,21,ok,2026-10-05T12:43:47Z
2026-09-11T00:25:00Z,scarperia,0.00,0.000,21,ok,2026-10-05T12:43:47Z
2026-09-11T00:20:00Z,scarperia,0.00,0.000,21,ok,2026-10-05T12:43:47Z
2026-09-11T00:15:00Z,scarperia,0.00,0.000,21,ok,2026-10-05T12:43:47Z
2026-09-11T00:10:00Z,scarperia,0.00,0.000,21,ok,2026-10-05T12:43:47Z
2026-09-11T00:05:00Z,scarperia,0.00,0.000,21,ok,2026-10-05T12:43:47Z
2026-09-11T00:00:00Z,scarperia,0.00,0.000,21,ok,2026-10-05T12:43:47Z
2026-09-10T23:55:00Z,scarperia,0.00,0.000,21,ok,2026-10-05T12:43:47Z
2026-09-10T23:50:00Z,scarperia,0.00,0.000,21,ok,2026-10-05T12:43:47Z
2026-09-10T23:45:00Z,scarperia,0.00,0.000,21,ok,2026-10-05T12:43:47Z
2026-09-10T23:40:00Z,scarperia,0.00,0.000,21,ok,2026-10-05T12:43:47Z
2026-09-10T23:35:00Z,scarperia,0.00,0.000,21,ok,2026-10-05T12:43:47Z
2026-09-10T23:30:00Z,scarperia,0.00,0.000,21,ok,2026-10-05T12:43:47Z
2026-09-10T23:25:00Z,scarperia,0.55,0.040,21,ok,2026-10-05T12:43:47Z
2026-09-10T23:20:00Z,scarperia,3.20,1.245,21,ok,2026-10-05T12:43:47Z
2026-09-10T23:15:00Z,scarperia,3.77,2.464,21,ok,2026-10-05T12:43:47Z
2026-09-10T23:10:00Z,scarperia,4.34,1.991,21,ok,2026-10-05T12:43:47Z
2026-09-10T23:05:00Z,scarperia,3.79,1.587,21,ok,2026-10-05T12:43:47Z
2026-09-10T23:00:00Z,scarperia,2.81,0.966,21,ok,2026-10-05T12:43:47Z
2026-09-10T22:55:00Z,scarperia,1.20,0.305,21,ok,2026-10-05T12:43:47Z
2026-09-10T22:50:00Z,scarperia,0.73,0.195,21,ok,2026-10-05T12:43:47Z
2026-09-10T22:45:00Z,scarperia,1.00,0.125,21,ok,2026-10-05T12:43:47Z
2026-09-10T22:40:00Z,scarperia,0.00,0.000,21,ok,2026-10-05T12:43:47Z
2026-09-10T22:35:00Z,scarperia,0.00,0.000,21,ok,2026-10-05T12:43:47Z
2026-09-10T22:30:00Z,scarperia,1.07,0.080,21,ok,2026-10-05T12:43:47Z
2026-09-10T22:25:00Z,scarperia,6.94,2.515,21,ok,2026-10-05T12:43:47Z
2026-09-10T22:20:00Z,scarperia,6.76,3.947,21,ok,2026-10-05T12:43:47Z
2026-09-10T22:15:00Z,scarperia,8.02,4.910,21,ok,2026-10-05T12:43:47Z
2026-09-10T22:10:00Z,scarperia,8.68,6.029,21,ok,2026-10-05T12:43:47Z
2026-09-10T22:05:00Z,scarperia,7.67,6.082,21,ok,2026-10-05T12:43:47Z
2026-09-10T22:00:00Z,scarperia,6.55,5.958,21,ok,2026-10-05T12:43:47Z
2026-09-10T21:55:00Z,scarperia,8.15,7.042,21,ok,2026-10-05T12:43:47Z
2026-09-10T21:50:00Z,scarperia,11.10,6.858,21,ok,2026-10-05T12:43:47Z
2026-09-10T21:45:00Z,scarperia,5.40,2.825,21,ok,2026-10-05T12:43:47Z
2026-09-10T21:40:00Z,scarperia,5.16,2.288,21,ok,2026-10-05T12:43:47Z
2026-09-10T21:35:00Z,scarperia,5.64,3.717,21,ok,2026-10-05T12:43:47Z
2026-09-10T21:30:00Z,scarperia,4.76,3.022,21,ok,2026-10-05T12:43:47Z
2026-09-10T21:25:00Z,scarperia,7.92,4.585,21,ok,2026-10-05T12:43:47Z
2026-09-10T21:20:00Z,scarperia,11.66,8.546,21,ok,2026-10-05T12:43:47Z
2026-09-10T21:15:00Z,scarperia,15.27,10.580,21,ok,2026-10-05T12:43:47Z
2026-09-10T21:10:00Z,scarperia,12.68,9.637,21,ok,2026-10-05T12:43:47Z
2026-09-10T21:05:00Z,scarperia,8.96,6.258,21,ok,2026-10-05T12:43:47Z
2026-09-10T21:00:00Z,scarperia,6.06,3.940,21,ok,2026-10-05T12:43:47Z
2026-09-10T20:55:00Z,scarperia,3.15,1.396,21,ok,2026-10-05T12:43:47Z
2026-09-10T20:50:00Z,scarperia,1.30,0.467,21,ok,2026-10-05T12:43:47Z
2026-09-10T20:45:00Z,scarperia,0.00,0.000,21,ok,2026-10-05T12:43:47Z
2026-09-10T20:40:00Z,scarperia,2.17,0.529,21,ok,2026-10-05T12:43:47Z
2026-09-10T20:35:00Z,scarperia,4.47,2.239,21,ok,2026-10-05T12:43:47Z
2026-09-10T20:30:00Z,scarperia,8.93,5.375,21,ok,2026-10-05T12:43:47Z
2026-09-10T20:25:00Z,scarperia,10.22,6.733,21,ok,2026-10-05T12:43:47Z
2026-09-10T20:20:00Z,scarperia,7.32,4.500,21,ok,2026-10-05T12:43:47Z
2026-09-10T20:15:00Z,scarperia,6.19,4.399,21,ok,2026-10-05T12:43:47Z
2026-09-10T20:10:00Z,scarperia,6.05,4.447,21,ok,2026-10-05T12:43:47Z
2026-09-10T20:05:00Z,scarperia,4.86,4.445,21,ok,2026-10-05T12:43:47Z
2026-09-10T20:00:00Z,scarperia,7.37,5.418,21,ok,2026-10-05T12:43:47Z
2026-09-10T19:55:00Z,scarperia,4.92,3.411,21,ok,2026-10-05T12:43:47Z
2026-09-10T19:50:00Z,scarperia,5.15,3.400,21,ok,2026-10-05T12:43:47Z
2026-09-10T19:45:00Z,scarperia,4.83,3.007,21,ok,2026-10-05T12:43:47Z
2026-09-10T19:40:00Z,scarperia,3.57,1.659,21,ok,2026-10-05T12:43:47Z
2026-09-10T19:35:00Z,scarperia,2.23,0.571,21,ok,2026-10-05T12:43:47Z
2026-09-10T19:30:00Z,scarperia,1.78,0.085,21,ok,2026-10-05T12:43:47Z
2026-09-10T19:25:00Z,scarperia,0.49,0.024,21,ok,2026-10-05T12:43:47Z
2026-09-10T19:20:00Z,scarperia,0.00,0.000,21,ok,2026-10-05T12:43:47Z
2026-09-10T19:15:00Z,scarperia,0.00,0.000,21,ok,2026-10-05T12:43:47Z
2026-09-10T19:10:00Z,scarperia,0.00,0.000,21,ok,2026-10-05T12:43:47Z
2026-09-10T19:05:00Z,scarperia,0.00,0.000,21,ok,2026-10-05T12:43:47Z
2026-09-10T19:00:00Z,scarperia,0.00,0.000,21,ok,2026-10-05T12:43:47Z
2026-09-10T18:55:00Z,scarperia,0.00,0.000,21,ok,2026-10-05T12:43:47Z
2026-09-10T18:50:00Z,scarperia,0.00,0.000,21,ok,2026-10-05T12:43:47Z
2026-09-10T18:45:00Z,scarperia,0.00,0.000,21,ok,2026-10-05T12:43:47Z
2026-09-10T18:40:00Z,scarperia,0.00,0.000,21,ok,2026-10-05T12:43:47Z
2026-09-10T18:35:00Z,scarperia,0.00,0.000,21,ok,2026-10-05T12:43:47Z
2026-09-10T18:30:00Z,scarperia,0.00,0.000,21,ok,2026-10-05T12:43:47Z
2026-09-10T18:25:00Z,scarperia,0.00,0.000,21,ok,2026-10-05T12:43:47Z
2026-09-10T18:20:00Z,scarperia,0.00,0.000,21,ok,2026-10-05T12:43:47Z
2026-09-10T18:15:00Z,scarperia,0.00,0.000,21,ok,2026-10-05T12:43:47Z
2026-09-10T18:10:00Z,scarperia,0.00,0.000,21,ok,2026-10-05T12:43:47Z
2026-09-10T18:05:00Z,scarperia,0.00,0.000,21,ok,2026-10-05T12:43:47Z
2026-09-10T18:00:00Z,scarperia,0.00,0.000,21,ok,2026-10-05T12:43:47Z
2026-09-10T17:55:00Z,scarperia,0.00,0.000,21,ok,2026-10-05T12:43:47Z
2026-09-10T17:50:00Z,scarperia,0.00,0.000,21,ok,2026-10-05T12:43:47Z
2026-09-10T17:45:00Z,scarperia,0.00,0.000,21,ok,2026-10-05T12:43:47Z
2026-09-10T17:40:00Z,scarperia,0.00,0.000,21,ok,2026-10-05T12:43:47Z
2026-09-10T17:35:00Z,scarperia,0.00,0.000,21,ok,2026-10-05T12:43:47Z
2026-09-10T17:30:00Z,scarperia,0.00,0.000,21,ok,2026-10-05T12:43:47Z
2026-09-10T17:25:00Z,scarperia,0.00,0.000,21,ok,2026-10-05T12:43:47Z
2026-09-10T17:20:00Z,scarperia,0.00,0.000,21,ok,2026-10-05T12:43:47Z
2026-09-10T17:15:00Z,scarperia,0.00,0.000,21,ok,2026-10-05T12:43:47Z
2026-09-10T17:10:00Z,scarperia,0.00,0.000,21,ok,2026-10-05T12:43:47Z
2026-09-10T17:05:00Z,scarperia,0.00,0.000,21,ok,2026-10-05T12:43:47Z
2026-09-10T17:00:00Z,scarperia,0.00,0.000,21,ok,2026-10-05T12:43:47Z
2026-09-10T16:00:00Z,scarperia,0.00,0.000,21,ok,2026-10-05T12:43:47Z
2026-09-10T15:55:00Z,scarperia,0.00,0.000,21,ok,2026-10-05T12:43:47Z
2026-09-10T15:50:00Z,scarperia,0.00,0.000,21,ok,2026-10-05T12:43:47Z
2026-09-10T15:45:00Z,scarperia,0.00,0.000,21,ok,2026-10-05T12:43:47Z
2026-09-10T15:40:00Z,scarperia,0.00,0.000,21,ok,2026-10-05T12:43:47Z
2026-09-10T15:35:00Z,scarperia,0.00,0.000,21,ok,2026-10-05T12:43:47Z
2026-09-10T15:30:00Z,scarperia,0.00,0.000,21,ok,2026-10-05T12:43:47Z
2026-09-10T15:25:00Z,scarperia,0.00,0.000,21,ok,2026-10-05T12:43:47Z
2026-09-10T15:20:00Z,scarperia,0.00,0.000,21,ok,2026-10-05T12:43:47Z
2026-09-10T15:15:00Z,scarperia,0.00,0.000,21,ok,2026-10-05T12:43:47Z
2026-09-10T15:10:00Z,scarperia,0.00,0.000,21,ok,2026-10-05T12:43:47Z
2026-09-10T15:05:00Z,scarperia,0.00,0.000,21,ok,2026-10-05T12:43:47Z
2026-09-10T15:00:00Z,scarperia,0.00,0.000,21,ok,2026-10-05T12:43:47Z
2026-09-10T14:55:00Z,scarperia,0.00,0.000,21,ok,2026-10-05T12:43:47Z
2026-09-10T14:50:00Z,scarperia,0.00,0.000,21,ok,2026-10-05T12:43:47Z
2026-09-10T14:45:00Z,scarperia,0.26,0.037,21,ok,2026-10-05T12:43:47Z
2026-09-10T14:40:00Z,scarperia,0.63,0.238,21,ok,2026-10-05T12:43:47Z
2026-09-10T14:35:00Z,scarperia,0.38,0.195,21,ok,2026-10-05T12:43:47Z
2026-09-10T14:30:00Z,scarperia,0.00,0.000,21,ok,2026-10-05T12:43:47Z
2026-09-10T14:25:00Z,scarperia,0.00,0.000,21,ok,2026-10-05T12:43:47Z
2026-09-10T14:20:00Z,scarperia,0.00,0.000,21,ok,2026-10-05T12:43:47Z
2026-09-10T14:15:00Z,scarperia,0.00,0.000,21,ok,2026-10-05T12:43:47Z
2026-09-10T14:10:00Z,scarperia,0.00,0.000,21,ok,2026-10-05T12:43:47Z
2026-09-10T14:05:00Z,scarperia,0.20,0.010,21,ok,2026-10-05T12:43:47Z
2026-09-10T14:00:00Z,scarperia,0.63,0.402,21,ok,2026-10-05T12:43:47Z
2026-09-10T13:55:00Z,scarperia,0.85,0.718,21,ok,2026-10-05T12:43:47Z
2026-09-10T13:50:00Z,scarperia,0.99,0.866,21,ok,2026-10-05T12:43:47Z
2026-09-10T13:45:00Z,scarperia,2.96,2.295,21,ok,2026-10-05T12:43:47Z
2026-09-10T13:40:00Z,scarperia,3.99,3.135,21,ok,2026-10-05T12:43:47Z
2026-09-10T13:35:00Z,scarperia,7.39,6.445,21,ok,2026-10-05T12:43:47Z
2026-09-10T13:30:00Z,scarperia,8.97,7.865,21,ok,2026-10-05T12:43:47Z
2026-09-10T13:25:00Z,scarperia,7.76,7.550,21,ok,2026-10-05T12:43:47Z
2026-09-10T13:20:00Z,scarperia,5.96,5.466,21,ok,2026-10-05T12:43:47Z
2026-09-10T13:15:00Z,scarperia,5.03,4.557,21,ok,2026-10-05T12:43:47Z
2026-09-10T13:10:00Z,scarperia,4.62,4.252,21,ok,2026-10-05T12:43:47Z
2026-09-10T13:05:00Z,scarperia,4.47,4.141,21,ok,2026-10-05T12:43:47Z
2026-09-10T13:00:00Z,scarperia,5.13,4.435,21,ok,2026-10-05T12:43:47Z
2026-09-10T12:55:00Z,scarperia,5.28,4.169,21,ok,2026-10-05T12:43:47Z
2026-09-10T12:50:00Z,scarperia,4.66,3.579,21,ok,2026-10-05T12:43:47Z
2026-09-10T12:45:00Z,scarperia,4.89,4.315,21,ok,2026-10-05T12:43:47Z
2026-09-10T12:40:00Z,scarperia,5.74,5.351,21,ok,2026-10-05T12:43:47Z
2026-09-10T12:35:00Z,scarperia,7.59,6.925,21,ok,2026-10-05T12:43:47Z
2026-09-10T12:30:00Z,scarperia,8.07,7.502,21,ok,2026-10-05T12:43:47Z
2026-09-10T12:25:00Z,scarperia,8.03,6.962,21,ok,2026-10-05T12:43:47Z
2026-09-10T12:20:00Z,scarperia,3.80,3.529,21,ok,2026-10-05T12:43:47Z
2026-09-10T12:15:00Z,scarperia,3.80,3.481,21,ok,2026-10-05T12:43:47Z
2026-09-10T12:10:00Z,scarperia,3.60,3.324,21,ok,2026-10-05T12:43:47Z
2026-09-10T12:05:00Z,scarperia,3.85,3.308,21,ok,2026-10-05T12:43:47Z
2026-09-10T12:00:00Z,scarperia,4.40,3.865,21,ok,2026-10-05T12:43:47Z
2026-09-10T11:55:00Z,scarperia,3.49,3.184,21,ok,2026-10-05T12:43:47Z
2026-09-10T11:50:00Z,scarperia,2.80,2.384,21,ok,2026-10-05T12:43:47Z
2026-09-10T11:45:00Z,scarperia,3.06,2.508,21,ok,2026-10-05T12:43:47Z
2026-09-10T11:40:00Z,scarperia,3.64,2.965,21,ok,2026-10-05T12:43:47Z
2026-09-10T11:35:00Z,scarperia,4.01,3.786,21,ok,2026-10-05T12:43:47Z
2026-09-10T11:30:00Z,scarperia,7.15,4.506,21,ok,2026-10-05T12:43:47Z
2026-09-10T11:25:00Z,scarperia,11.70,6.417,21,ok,2026-10-05T12:43:47Z
2026-09-10T11:20:00Z,scarperia,11.53,8.448,21,ok,2026-10-05T12:43:47Z
2026-09-10T11:15:00Z,scarperia,9.73,6.613,21,ok,2026-10-05T12:43:47Z
2026-09-10T11:10:00Z,scarperia,8.65,5.296,21,ok,2026-10-05T12:43:47Z
2026-09-10T11:05:00Z,scarperia,5.67,3.123,21,ok,2026-10-05T12:43:47Z
2026-09-10T11:00:00Z,scarperia,3.82,2.393,21,ok,2026-10-05T12:43:47Z
2026-09-10T10:55:00Z,scarperia,2.02,1.583,21,ok,2026-10-05T12:43:47Z
2026-09-10T10:50:00Z,scarperia,1.45,0.851,21,ok,2026-10-05T12:43:47Z
2026-09-10T10:45:00Z,scarperia,0.37,0.206,21,ok,2026-10-05T12:43:47Z
2026-09-10T10:40:00Z,scarperia,0.11,0.011,21,ok,2026-10-05T12:43:47Z
2026-09-10T10:35:00Z,scarperia,0.00,0.000,21,ok,2026-10-05T12:43:47Z
2026-09-10T10:30:00Z,scarperia,0.00,0.000,21,ok,2026-10-05T12:43:47Z
2026-09-10T10:25:00Z,scarperia,0.00,0.000,21,ok,2026-10-05T12:43:47Z
2026-09-10T10:20:00Z,scarperia,0.00,0.000,21,ok,2026-10-05T12:43:47Z
2026-09-10T10:15:00Z,scarperia,0.00,0.000,21,ok,2026-10-05T12:43:47Z
2026-09-10T10:10:00Z,scarperia,0.00,0.000,21,ok,2026-10-05T12:43:47Z
2026-09-10T10:05:00Z,scarperia,0.00,0.000,21,ok,2026-10-05T12:43:47Z
2026-09-10T10:00:00Z,scarperia,0.00,0.000,21,ok,2026-10-05T12:43:47Z
2026-09-10T09:55:00Z,scarperia,0.00,0.000,21,ok,2026-10-05T12:43:47Z
2026-09-10T09:50:00Z,scarperia,0.00,0.000,21,ok,2026-10-05T12:43:47Z
2026-09-10T09:45:00Z,scarperia,0.00,0.000,21,ok,2026-10-05T12:43:47Z
2026-09-10T09:40:00Z,scarperia,0.00,0.000,21,ok,2026-10-05T12:43:47Z
2026-09-10T09:35:00Z,scarperia,0.00,0.000,21,ok,2026-10-05T12:43:47Z
2026-09-10T09:30:00Z,scarperia,0.00,0.000,21,ok,2026-10-05T12:43:47Z
2026-09-10T09:25:00Z,scarperia,0.00,0.000,21,ok,2026-10-05T12:43:47Z
2026-09-10T09:20:00Z,scarperia,0.00,0.000,21,ok,2026-10-05T12:43:47Z
2026-09-10T09:15:00Z,scarperia,0.00,0.000,21,ok,2026-10-05T12:43:47Z
2026-09-10T09:10:00Z,scarperia,0.00,0.000,21,ok,2026-10-05T12:43:47Z
2026-09-10T09:05:00Z,scarperia,0.00,0.000,21,ok,2026-10-05T12:43:47Z
2026-09-10T09:00:00Z,scarperia,0.00,0.000,21,ok,2026-10-05T12:43:47Z
2026-09-10T08:55:00Z,scarperia,0.00,0.000,21,ok,2026-10-05T12:43:47Z
2026-09-10T08:50:00Z,scarperia,0.00,0.000,21,ok,2026-10-05T12:43:47Z
2026-09-10T08:45:00Z,scarperia,0.00,0.000,21,ok,2026-10-05T12:43:47Z
2026-09-10T08:40:00Z,scarperia,0.00,0.000,21,ok,2026-10-05T12:43:47Z
2026-09-10T08:35:00Z,scarperia,0.00,0.000,21,ok,2026-10-05T12:43:47Z
2026-09-10T08:30:00Z,scarperia,0.00,0.000,21,ok,2026-10-05T12:43:47Z
2026-09-10T08:25:00Z,scarperia,0.00,0.000,21,ok,2026-10-05T12:43:47Z
2026-09-10T08:20:00Z,scarperia,0.00,0.000,21,ok,2026-10-05T12:43:47Z
2026-09-10T08:15:00Z,scarperia,0.00,0.000,21,ok,2026-10-05T12:43:47Z
2026-09-10T08:10:00Z,scarperia,0.00,0.000,21,ok,2026-10-05T12:43:47Z
2026-09-10T08:05:00Z,scarperia,0.00,0.000,21,ok,2026-10-05T12:43:47Z
2026-09-10T08:00:00Z,scarperia,0.00,0.000,21,ok,2026-10-05T12:43:47Z
2026-09-10T07:55:00Z,scarperia,0.00,0.000,21,ok,2026-10-05T12:43:47Z
2026-09-10T07:50:00Z,scarperia,0.00,0.000,21,ok,2026-10-05T12:43:47Z
2026-09-10T07:45:00Z,scarperia,0.00,0.000,21,ok,2026-10-05T12:43:47Z
2026-09-10T07:40:00Z,scarperia,0.00,0.000,21,ok,2026-10-05T12:43:47Z
2026-09-10T07:35:00Z,scarperia,0.00,0.000,21,ok,2026-10-05T12:43:47Z
2026-09-10T07:30:00Z,scarperia,0.00,0.000,21,ok,2026-10-05T12:43:47Z
2026-09-10T07:25:00Z,scarperia,0.00,0.000,21,ok,2026-10-05T12:43:47Z
2026-09-10T07:20:00Z,scarperia,0.00,0.000,21,ok,2026-10-05T12:43:47Z
2026-09-10T07:15:00Z,scarperia,0.00,0.000,21,ok,2026-10-05T12:43:47Z
2026-09-10T07:10:00Z,scarperia,0.00,0.000,21,ok,2026-10-05T12:43:47Z
2026-09-10T07:05:00Z,scarperia,0.00,0.000,21,ok,2026-10-05T12:43:47Z
2026-09-10T07:00:00Z,scarperia,0.00,0.000,21,ok,2026-10-05T12:43:47Z
2026-09-10T06:55:00Z,scarperia,0.00,0.000,21,ok,2026-10-05T12:43:47Z
2026-09-10T06:50:00Z,scarperia,0.00,0.000,21,ok,2026-10-05T12:43:47Z
2026-09-10T06:45:00Z,scarperia,0.00,0.000,21,ok,2026-10-05T12:43:47Z
2026-09-10T06:40:00Z,scarperia,0.00,0.000,21,ok,2026-10-05T12:43:47Z
2026-09-10T06:35:00Z,scarperia,0.00,0.000,21,ok,2026-10-05T12:43:47Z
2026-09-10T06:30:00Z,scarperia,0.00,0.000,21,ok,2026-10-05T12:43:47Z
2026-09-10T06:25:00Z,scarperia,0.00,0.000,21,ok,2026-10-05T12:43:47Z
2026-09-10T06:20:00Z,scarperia,0.00,0.000,21,ok,2026-10-05T12:43:47Z
2026-09-10T06:15:00Z,scarperia,0.00,0.000,21,ok,2026-10-05T12:43:47Z
2026-09-10T06:10:00Z,scarperia,0.00,0.000,21,ok,2026-10-05T12:43:47Z
2026-09-10T06:05:00Z,scarperia,0.00,0.000,21,ok,2026-10-05T12:43:47Z
2026-09-10T06:00:00Z,scarperia,0.00,0.000,21,ok,2026-10-05T12:43:47Z
2026-09-10T05:55:00Z,scarperia,0.00,0.000,21,ok,2026-10-05T12:43:47Z
2026-09-10T05:50:00Z,scarperia,0.00,0.000,21,ok,2026-10-05T12:43:47Z
2026-09-10T05:45:00Z,scarperia,0.00,0.000,21,ok,2026-10-05T12:43:47Z
2026-09-10T05:40:00Z,scarperia,0.00,0.000,21,ok,2026-10-05T12:43:47Z
2026-09-10T05:35:00Z,scarperia,0.00,0.000,21,ok,2026-10-05T12:43:47Z
2026-09-10T05:30:00Z,scarperia,0.00,0.000,21,ok,2026-10-05T12:43:47Z
2026-09-10T05:25:00Z,scarperia,0.00,0.000,21,ok,2026-10-05T12:43:47Z
2026-09-10T05:20:00Z,scarperia,0.00,0.000,21,ok,2026-10-05T12:43:47Z
2026-09-10T05:15:00Z,scarperia,0.00,0.000,21,ok,2026-10-05T12:43:47Z
2026-09-10T05:10:00Z,scarperia,0.00,0.000,21,ok,2026-10-05T12:43:47Z
2026-09-10T05:05:00Z,scarperia,0.00,0.000,21,ok,2026-10-05T12:43:47Z
2026-09-10T05:00:00Z,scarperia,0.00,0.000,21,ok,2026-10-05T12:43:47Z
2026-09-10T04:55:00Z,scarperia,0.00,0.000,21,ok,2026-10-05T12:43:47Z
2026-09-10T04:50:00Z,scarperia,0.00,0.000,21,ok,2026-10-05T12:43:47Z
2026-09-10T04:45:00Z,scarperia,0.00,0.000,21,ok,2026-10-05T12:43:47Z
2026-09-10T04:40:00Z,scarperia,0.00,0.000,21,ok,2026-10-05T12:43:47Z
2026-09-10T04:35:00Z,scarperia,0.00,0.000,21,ok,2026-10-05T12:43:47Z
2026-09-10T04:30:00Z,scarperia,0.00,0.000,21,ok,2026-10-05T12:43:47Z
2026-09-10T04:25:00Z,scarperia,0.00,0.000,21,ok,2026-10-05T12:43:47Z
2026-09-10T04:20:00Z,scarperia,0.11,0.032,21,ok,2026-10-05T12:43:47Z
2026-09-10T04:15:00Z,scarperia,0.60,0.241,21,ok,2026-10-05T12:43:47Z
2026-09-10T04:10:00Z,scarperia,1.24,0.826,21,ok,2026-10-05T12:43:47Z
2026-09-10T04:05:00Z,scarperia,1.21,0.773,21,ok,2026-10-05T12:43:47Z
2026-09-10T04:00:00Z,scarperia,1.73,1.406,21,ok,2026-10-05T12:43:47Z
2026-09-10T03:55:00Z,scarperia,2.15,1.888,21,ok,2026-10-05T12:43:47Z
2026-09-10T03:50:00Z,scarperia,2.80,2.253,21,ok,2026-10-05T12:43:47Z
2026-09-10T03:45:00Z,scarperia,2.88,1.931,21,ok,2026-10-05T12:43:47Z
2026-09-10T03:40:00Z,scarperia,2.10,1.776,21,ok,2026-10-05T12:43:47Z
2026-09-10T03:35:00Z,scarperia,1.62,1.519,21,ok,2026-10-05T12:43:47Z
2026-09-10T03:30:00Z,scarperia,2.21,1.749,21,ok,2026-10-05T12:43:47Z
2026-09-10T03:25:00Z,scarperia,2.30,2.095,21,ok,2026-10-05T12:43:47Z
2026-09-10T03:20:00Z,scarperia,2.86,2.193,21,ok,2026-10-05T12:43:47Z
2026-09-10T03:15:00Z,scarperia,3.52,2.193,21,ok,2026-10-05T12:43:47Z
2026-09-10T03:10:00Z,scarperia,5.51,3.640,21,ok,2026-10-05T12:43:47Z
2026-09-10T03:05:00Z,scarperia,2.75,2.448,21,ok,2026-10-05T12:43:47Z
2026-09-10T03:00:00Z,scarperia,5.19,3.303,21,ok,2026-10-05T12:43:47Z
2026-09-10T02:55:00Z,scarperia,7.15,4.601,21,ok,2026-10-05T12:43:47Z
2026-09-10T02:50:00Z,scarperia,4.99,4.480,21,ok,2026-10-05T12:43:47Z
2026-09-10T02:45:00Z,scarperia,4.55,3.803,21,ok,2026-10-05T12:43:47Z
2026-09-10T02:40:00Z,scarperia,4.14,1.217,21,ok,2026-10-05T12:43:47Z
2026-09-10T02:35:00Z,scarperia,0.34,0.154,21,ok,2026-10-05T12:43:47Z
2026-09-10T02:30:00Z,scarperia,0.15,0.108,21,ok,2026-10-05T12:43:47Z
2026-09-10T02:25:00Z,scarperia,0.00,0.000,21,ok,2026-10-05T12:43:47Z
2026-09-10T02:20:00Z,scarperia,0.00,0.000,21,ok,2026-10-05T12:43:47Z
2026-09-10T02:15:00Z,scarperia,0.00,0.000,21,ok,2026-10-05T12:43:47Z
2026-09-10T02:10:00Z,scarperia,0.00,0.000,21,ok,2026-10-05T12:43:47Z
2026-09-10T02:05:00Z,scarperia,0.00,0.000,21,ok,2026-10-05T12:43:47Z
2026-09-10T02:00:00Z,scarperia,0.00,0.000,21,ok,2026-10-05T12:43:47Z
2026-09-10T01:55:00Z,scarperia,0.00,0.000,21,ok,2026-10-05T12:43:47Z
2026-09-10T01:50:00Z,scarperia,0.00,0.000,21,ok,2026-10-05T12:43:47Z
2026-09-10T01:45:00Z,scarperia,0.00,0.000,21,ok,2026-10-05T12:43:47Z
2026-09-10T01:40:00Z,scarperia,0.00,0.000,21,ok,2026-10-05T12:43:47Z
2026-09-10T01:35:00Z,scarperia,0.00,0.000,21,ok,2026-10-05T12:43:47Z
2026-09-10T01:30:00Z,scarperia,0.00,0.000,21,ok,2026-10-05T12:43:47Z
2026-09-10T01:25:00Z,scarperia,0.00,0.000,21,ok,2026-10-05T12:43:47Z
2026-09-10T01:20:00Z,scarperia,0.00,0.000,21,ok,2026-10-05T12:43:47Z
2026-09-10T01:15:00Z,scarperia,0.00,0.000,21,ok,2026-10-05T12:43:47Z
2026-09-10T01:10:00Z,scarperia,0.00,0.000,21,ok,2026-10-05T12:43:47Z
2026-09-10T01:05:00Z,scarperia,0.00,0.000,21,ok,2026-10-05T12:43:47Z
2026-09-10T01:00:00Z,scarperia,0.00,0.000,21,ok,2026-10-05T12:43:47Z
2026-09-10T00:55:00Z,scarperia,0.00,0.000,21,ok,2026-10-05T12:43:47Z
2026-09-10T00:50:00Z,scarperia,0.00,0.000,21,ok,2026-10-05T12:43:47Z
2026-09-10T00:45:00Z,scarperia,0.00,0.000,21,ok,2026-10-05T12:43:47Z
2026-09-10T00:40:00Z,scarperia,0.00,0.000,21,ok,2026-10-05T12:43:47Z
2026-09-10T00:35:00Z,scarperia,0.00,0.000,21,ok,2026-10-05T12:43:47Z
2026-09-10T00:30:00Z,scarperia,0.00,0.000,21,ok,2026-10-05T12:43:47Z
2026-09-10T00:25:00Z,scarperia,0.00,0.000,21,ok,2026-10-05T12:43:47Z
2026-09-10T00:20:00Z,scarperia,0.00,0.000,21,ok,2026-10-05T12:43:47Z
2026-09-10T00:15:00Z,scarperia,0.00,0.000,21,ok,2026-10-05T12:43:47Z
2026-09-10T00:10:00Z,scarperia,0.00,0.000,21,ok,2026-10-05T12:43:47Z
2026-09-10T00:05:00Z,scarperia,0.00,0.000,21,ok,2026-10-05T12:43:47Z
2026-09-10T00:00:00Z,scarperia,0.00,0.000,21,ok,2026-10-05T12:43:47Z
2026-09-09T23:55:00Z,scarperia,0.00,0.000,21,ok,2026-10-05T12:43:47Z
2026-09-09T23:50:00Z,scarperia,0.00,0.000,21,ok,2026-10-05T12:43:47Z
2026-09-09T23:45:00Z,scarperia,0.00,0.000,21,ok,2026-10-05T12:43:47Z
2026-09-09T23:40:00Z,scarperia,0.00,0.000,21,ok,2026-10-05T12:43:47Z
2026-09-09T23:35:00Z,scarperia,0.00,0.000,21,ok,2026-10-05T12:43:47Z
2026-09-09T23:30:00Z,scarperia,0.00,0.000,21,ok,2026-10-05T12:43:47Z
2026-09-09T23:25:00Z,scarperia,0.00,0.000,21,ok,2026-10-05T12:43:47Z
2026-09-09T23:20:00Z,scarperia,0.00,0.000,21,ok,2026-10-05T12:43:47Z
2026-09-09T23:15:00Z,scarperia,0.00,0.000,21,ok,2026-10-05T12:43:47Z
2026-09-09T23:10:00Z,scarperia,0.00,0.000,21,ok,2026-10-05T12:43:47Z
2026-09-09T23:05:00Z,scarperia,0.00,0.000,21,ok,2026-10-05T12:43:47Z
2026-09-09T23:00:00Z,scarperia,0.00,0.000,21,ok,2026-10-05T12:43:47Z
2026-09-09T22:55:00Z,scarperia,0.00,0.000,21,ok,2026-10-05T12:43:47Z
2026-09-09T22:50:00Z,scarperia,0.00,0.000,21,ok,2026-10-05T12:43:47Z
2026-09-09T22:45:00Z,scarperia,0.00,0.000,21,ok,2026-10-05T12:43:47Z
2026-09-09T22:40:00Z,scarperia,0.00,0.000,21,ok,2026-10-05T12:43:47Z
2026-09-09T22:35:00Z,scarperia,0.00,0.000,21,ok,2026-10-05T12:43:47Z
2026-09-09T22:30:00Z,scarperia,0.00,0.000,21,ok,2026-10-05T12:43:47Z
2026-09-09T22:25:00Z,scarperia,0.00,0.000,21,ok,2026-10-05T12:43:47Z
2026-09-09T22:20:00Z,scarperia,0.00,0.000,21,ok,2026-10-05T12:43:47Z
2026-09-09T22:15:00Z,scarperia,0.00,0.000,21,ok,2026-10-05T12:43:47Z
2026-09-09T22:10:00Z,scarperia,0.00,0.000,21,ok,2026-10-05T12:43:47Z
2026-09-09T22:05:00Z,scarperia,0.00,0.000,21,ok,2026-10-05T12:43:47Z
2026-09-09T22:00:00Z,scarperia,0.00,0.000,21,ok,2026-10-05T12:43:47Z
2026-09-09T21:55:00Z,scarperia,0.00,0.000,21,ok,2026-10-05T12:43:47Z
2026-09-09T21:50:00Z,scarperia,0.00,0.000,21,ok,2026-10-05T12:43:47Z
2026-09-09T21:45:00Z,scarperia,0.00,0.000,21,ok,2026-10-05T12:43:47Z
2026-09-09T21:40:00Z,scarperia,0.00,0.000,21,ok,2026-10-05T12:43:47Z
2026-09-09T21:35:00Z,scarperia,0.00,0.000,21,ok,2026-10-05T12:43:47Z
2026-09-09T21:30:00Z,scarperia,0.00,0.000,21,ok,2026-10-05T12:43:47Z
2026-09-09T21:25:00Z,scarperia,0.00,0.000,21,ok,2026-10-05T12:43:47Z
2026-09-09T21:20:00Z,scarperia,0.00,0.000,21,ok,2026-10-05T12:43:47Z
2026-09-09T21:15:00Z,scarperia,0.00,0.000,21,ok,2026-10-05T12:43:47Z
2026-09-09T21:10:00Z,scarperia,0.00,0.000,21,ok,2026-10-05T12:43:47Z
2026-09-09T21:05:00Z,scarperia,0.00,0.000,21,ok,2026-10-05T12:43:47Z
2026-09-09T21:00:00Z,scarperia,0.00,0.000,21,ok,2026-10-05T12:43:47Z
2026-09-09T20:55:00Z,scarperia,0.00,0.000,21,ok,2026-10-05T12:43:47Z
2026-09-09T20:50:00Z,scarperia,0.00,0.000,21,ok,2026-10-05T12:43:47Z
2026-09-09T20:45:00Z,scarperia,0.00,0.000,21,ok,2026-10-05T12:43:47Z
2026-09-09T20:40:00Z,scarperia,0.00,0.000,21,ok,2026-10-05T12:43:47Z
2026-09-09T20:35:00Z,scarperia,0.00,0.000,21,ok,2026-10-05T12:43:47Z
2026-09-09T20:30:00Z,scarperia,0.00,0.000,21,ok,2026-10-05T12:43:47Z
2026-09-09T20:25:00Z,scarperia,0.00,0.000,21,ok,2026-10-05T12:43:47Z
2026-09-09T20:20:00Z,scarperia,0.00,0.000,21,ok,2026-10-05T12:43:47Z
2026-09-09T20:15:00Z,scarperia,0.00,0.000,21,ok,2026-10-05T12:43:47Z
2026-09-09T20:10:00Z,scarperia,0.00,0.000,21,ok,2026-10-05T12:43:47Z
2026-09-09T20:05:00Z,scarperia,0.00,0.000,21,ok,2026-10-05T12:43:47Z
2026-09-09T20:00:00Z,scarperia,0.00,0.000,21,ok,2026-10-05T12:43:47Z
2026-09-09T19:55:00Z,scarperia,0.00,0.000,21,ok,2026-10-05T12:43:47Z
2026-09-09T19:50:00Z,scarperia,0.00,0.000,21,ok,2026-10-05T12:43:47Z
2026-09-09T19:45:00Z,scarperia,0.00,0.000,21,ok,2026-10-05T12:43:47Z
2026-09-09T19:40:00Z,scarperia,0.00,0.000,21,ok,2026-10-05T12:43:47Z
2026-09-09T19:35:00Z,scarperia,0.00,0.000,21,ok,2026-10-05T12:43:47Z
2026-09-09T19:30:00Z,scarperia,0.00,0.000,21,ok,2026-10-05T12:43:47Z
2026-09-09T19:25:00Z,scarperia,0.23,0.020,21,ok,2026-10-05T12:43:47Z
2026-09-09T19:20:00Z,scarperia,0.55,0.156,21,ok,2026-10-05T12:43:47Z
2026-09-09T19:15:00Z,scarperia,0.66,0.150,21,ok,2026-10-05T12:43:47Z
2026-09-09T19:10:00Z,scarperia,0.00,0.000,21,ok,2026-10-05T12:43:47Z
2026-09-09T19:05:00Z,scarperia,0.00,0.000,21,ok,2026-10-05T12:43:47Z
2026-09-09T19:00:00Z,scarperia,0.25,0.175,21,ok,2026-10-05T12:43:47Z
2026-09-09T18:55:00Z,scarperia,0.45,0.367,21,ok,2026-10-05T12:43:47Z
2026-09-09T18:50:00Z,scarperia,1.23,0.736,21,ok,2026-10-05T12:43:47Z
2026-09-09T18:45:00Z,scarperia,1.49,1.289,21,ok,2026-10-05T12:43:47Z
2026-09-09T18:40:00Z,scarperia,2.03,1.751,21,ok,2026-10-05T12:43:47Z
2026-09-09T18:35:00Z,scarperia,2.17,1.900,21,ok,2026-10-05T12:43:47Z
2026-09-09T18:30:00Z,scarperia,2.53,2.162,21,ok,2026-10-05T12:43:47Z
2026-09-09T18:25:00Z,scarperia,8.90,4.313,21,ok,2026-10-05T12:43:47Z
2026-09-09T18:20:00Z,scarperia,14.70,11.425,21,ok,2026-10-05T12:43:47Z
2026-09-09T18:15:00Z,scarperia,34.23,20.883,21,ok,2026-10-05T12:43:47Z
2026-09-09T18:10:00Z,scarperia,34.23,20.378,21,ok,2026-10-05T12:43:47Z
2026-09-09T18:05:00Z,scarperia,16.61,8.543,21,ok,2026-10-05T12:43:47Z
2026-09-09T18:00:00Z,scarperia,8.78,4.156,21,ok,2026-10-05T12:43:47Z
2026-09-09T17:55:00Z,scarperia,2.12,1.872,21,ok,2026-10-05T12:43:47Z
2026-09-09T17:50:00Z,scarperia,3.18,2.369,21,ok,2026-10-05T12:43:47Z
2026-09-09T17:45:00Z,scarperia,2.10,1.309,21,ok,2026-10-05T12:43:47Z
2026-09-09T17:40:00Z,scarperia,2.12,1.614,21,ok,2026-10-05T12:43:47Z
2026-09-09T17:35:00Z,scarperia,3.34,2.862,21,ok,2026-10-05T12:43:47Z
2026-09-09T17:30:00Z,scarperia,3.30,2.955,21,ok,2026-10-05T12:43:47Z
2026-09-09T17:25:00Z,scarperia,3.57,3.403,21,ok,2026-10-05T12:43:47Z
2026-09-09T17:20:00Z,scarperia,5.37,3.545,21,ok,2026-10-05T12:43:47Z
2026-09-09T17:15:00Z,scarperia,3.97,1.549,21,ok,2026-10-05T12:43:47Z
2026-09-09T17:10:00Z,scarperia,1.71,1.005,21,ok,2026-10-05T12:43:47Z
2026-09-09T17:05:00Z,scarperia,1.65,0.264,21,ok,2026-10-05T12:43:47Z
2026-09-09T17:00:00Z,scarperia,0.00,0.000,21,ok,2026-10-05T12:43:47Z
2026-09-09T16:55:00Z,scarperia,0.00,0.000,21,ok,2026-10-05T12:43:47Z
2026-09-09T16:50:00Z,scarperia,0.00,0.000,21,ok,2026-10-05T12:43:47Z
2026-09-09T16:45:00Z,scarperia,0.00,0.000,21,ok,2026-10-05T12:43:47Z
2026-09-09T16:40:00Z,scarperia,0.00,0.000,21,ok,2026-10-05T12:43:47Z
2026-09-09T16:35:00Z,scarperia,0.00,0.000,21,ok,2026-10-05T12:43:47Z
2026-09-09T16:30:00Z,scarperia,0.00,0.000,21,ok,2026-10-05T12:43:47Z
2026-09-09T16:25:00Z,scarperia,0.00,0.000,21,ok,2026-10-05T12:43:47Z
2026-09-09T16:20:00Z,scarperia,0.00,0.000,21,ok,2026-10-05T12:43:47Z
2026-09-09T16:15:00Z,scarperia,0.00,0.000,21,ok,2026-10-05T12:43:47Z
2026-09-09T16:10:00Z,scarperia,0.00,0.000,21,ok,2026-10-05T12:43:47Z
2026-09-09T16:05:00Z,scarperia,0.00,0.000,21,ok,2026-10-05T12:43:47Z
2026-09-09T16:00:00Z,scarperia,0.00,0.000,21,ok,2026-10-05T12:43:47Z
2026-09-09T15:55:00Z,scarperia,0.00,0.000,21,ok,2026-10-05T12:43:47Z
2026-09-09T15:50:00Z,scarperia,0.00,0.000,21,ok,2026-10-05T12:43:47Z
2026-09-09T15:45:00Z,scarperia,0.00,0.000,21,ok,2026-10-05T12:43:47Z
2026-09-09T15:40:00Z,scarperia,0.00,0.000,21,ok,2026-10-05T12:43:47Z
2026-09-09T15:35:00Z,scarperia,0.00,0.000,21,ok,2026-10-05T12:43:47Z
2026-09-09T15:30:00Z,scarperia,0.00,0.000,21,ok,2026-10-05T12:43:47Z
2026-09-09T15:25:00Z,scarperia,0.00,0.000,21,ok,2026-10-05T12:43:47Z
2026-09-09T15:20:00Z,scarperia,0.00,0.000,21,ok,2026-10-05T12:43:47Z
2026-09-09T15:15:00Z,scarperia,0.00,0.000,21,ok,2026-10-05T12:43:47Z
2026-09-09T15:10:00Z,scarperia,0.00,0.000,21,ok,2026-10-05T12:43:47Z
2026-09-09T15:05:00Z,scarperia,0.06,0.003,21,ok,2026-10-05T12:43:47Z
2026-09-09T15:00:00Z,scarperia,0.09,0.008,21,ok,2026-10-05T12:43:47Z
2026-09-09T14:55:00Z,scarperia,0.00,0.000,21,ok,2026-10-05T12:43:47Z
2026-09-09T14:50:00Z,scarperia,0.00,0.000,21,ok,2026-10-05T12:43:47Z
2026-09-09T14:45:00Z,scarperia,0.07,0.037,21,ok,2026-10-05T12:43:47Z
2026-09-09T14:40:00Z,scarperia,0.12,0.078,21,ok,2026-10-05T12:43:47Z
2026-09-09T14:35:00Z,scarperia,0.17,0.140,21,ok,2026-10-05T12:43:47Z
2026-09-09T14:30:00Z,scarperia,0.84,0.501,21,ok,2026-10-05T12:43:47Z
2026-09-09T14:25:00Z,scarperia,2.00,1.346,21,ok,2026-10-05T12:43:47Z
2026-09-09T14:20:00Z,scarperia,8.36,4.731,21,ok,2026-10-05T12:43:47Z
2026-09-09T14:15:00Z,scarperia,7.40,4.398,21,ok,2026-10-05T12:43:47Z
2026-09-09T14:10:00Z,scarperia,7.50,4.576,21,ok,2026-10-05T12:43:47Z
2026-09-09T14:05:00Z,scarperia,4.74,3.368,21,ok,2026-10-05T12:43:47Z
2026-09-09T14:00:00Z,scarperia,4.19,2.737,21,ok,2026-10-05T12:43:47Z
2026-09-09T13:55:00Z,scarperia,3.85,2.478,21,ok,2026-10-05T12:43:47Z
2026-09-09T13:50:00Z,scarperia,3.86,2.379,21,ok,2026-10-05T12:43:47Z
2026-09-09T13:45:00Z,scarperia,3.43,2.257,21,ok,2026-10-05T12:43:47Z
2026-09-09T13:40:00Z,scarperia,2.85,1.800,21,ok,2026-10-05T12:43:47Z
2026-09-09T13:35:00Z,scarperia,5.37,2.894,21,ok,2026-10-05T12:43:47Z
2026-09-09T13:30:00Z,scarperia,40.49,14.572,21,ok,2026-10-05T12:43:47Z
2026-09-09T13:25:00Z,scarperia,40.40,35.076,21,ok,2026-10-05T12:43:47Z
2026-09-09T13:20:00Z,scarperia,40.50,34.046,21,ok,2026-10-05T12:43:47Z
2026-09-09T13:15:00Z,scarperia,37.33,23.525,21,ok,2026-10-05T12:43:47Z
2026-09-09T13:10:00Z,scarperia,26.66,16.636,21,ok,2026-10-05T12:43:47Z
2026-09-09T13:05:00Z,scarperia,6.69,4.143,21,ok,2026-10-05T12:43:47Z
2026-09-09T13:00:00Z,scarperia,1.62,0.807,21,ok,2026-10-05T12:43:47Z
2026-09-09T12:55:00Z,scarperia,2.63,1.009,21,ok,2026-10-05T12:43:47Z
2026-09-09T12:50:00Z,scarperia,0.84,0.467,21,ok,2026-10-05T12:43:47Z
2026-09-09T12:45:00Z,scarperia,0.66,0.293,21,ok,2026-10-05T12:43:47Z
2026-09-09T12:40:00Z,scarperia,0.59,0.145,21,ok,2026-10-05T12:43:47Z
2026-09-09T12:35:00Z,scarperia,0.00,0.000,21,ok,2026-10-05T12:43:47Z
2026-09-09T12:30:00Z,scarperia,0.00,0.000,21,ok,2026-10-05T12:43:47Z
2026-09-09T12:25:00Z,scarperia,0.00,0.000,21,ok,2026-10-05T12:43:47Z
2026-09-09T12:20:00Z,scarperia,0.00,0.000,21,ok,2026-10-05T12:43:47Z
2026-09-09T12:15:00Z,scarperia,0.00,0.000,21,ok,2026-10-05T12:43:47Z
2026-09-09T12:10:00Z,scarperia,0.00,0.000,21,ok,2026-10-05T12:43:47Z
2026-09-09T12:05:00Z,scarperia,0.00,0.000,21,ok,2026-10-05T12:43:47Z
2026-09-09T12:00:00Z,scarperia,1.06,0.209,21,ok,2026-10-05T12:43:47Z
2026-09-09T11:55:00Z,scarperia,1.61,0.368,21,ok,2026-10-05T12:43:47Z
2026-09-09T11:50:00Z,scarperia,1.38,0.637,21,ok,2026-10-05T12:43:47Z
2026-09-09T11:45:00Z,scarperia,2.14,1.150,21,ok,2026-10-05T12:43:47Z
2026-09-09T11:40:00Z,scarperia,2.57,1.566,21,ok,2026-10-05T12:43:47Z
2026-09-09T11:35:00Z,scarperia,3.19,1.791,21,ok,2026-10-05T12:43:47Z
2026-09-09T11:30:00Z,scarperia,3.62,2.239,21,ok,2026-10-05T12:43:47Z
2026-09-09T11:25:00Z,scarperia,3.10,1.938,21,ok,2026-10-05T12:43:47Z
2026-09-09T11:20:00Z,scarperia,2.92,1.783,21,ok,2026-10-05T12:43:47Z
2026-09-09T11:15:00Z,scarperia,3.28,1.840,21,ok,2026-10-05T12:43:47Z
2026-09-09T11:10:00Z,scarperia,3.13,1.630,21,ok,2026-10-05T12:43:47Z
2026-09-09T11:05:00Z,scarperia,3.13,1.771,21,ok,2026-10-05T12:43:47Z
2026-09-09T11:00:00Z,scarperia,2.96,1.644,21,ok,2026-10-05T12:43:47Z
2026-09-09T10:55:00Z,scarperia,3.03,1.788,21,ok,2026-10-05T12:43:47Z
2026-09-09T10:50:00Z,scarperia,5.42,2.611,21,ok,2026-10-05T12:43:47Z
2026-09-09T10:45:00Z,scarperia,5.28,2.867,21,ok,2026-10-05T12:43:47Z
2026-09-09T10:40:00Z,scarperia,4.26,2.612,21,ok,2026-10-05T12:43:47Z
2026-09-09T10:35:00Z,scarperia,3.89,2.397,21,ok,2026-10-05T12:43:47Z
2026-09-09T10:30:00Z,scarperia,4.83,2.880,21,ok,2026-10-05T12:43:47Z
2026-09-09T10:25:00Z,scarperia,9.01,5.229,21,ok,2026-10-05T12:43:47Z
2026-09-09T10:20:00Z,scarperia,9.21,5.885,21,ok,2026-10-05T12:43:47Z
2026-09-09T10:15:00Z,scarperia,9.84,5.905,21,ok,2026-10-05T12:43:47Z
2026-09-09T10:10:00Z,scarperia,7.47,4.395,21,ok,2026-10-05T12:43:47Z
2026-09-09T10:05:00Z,scarperia,6.03,3.303,21,ok,2026-10-05T12:43:47Z
2026-09-09T10:00:00Z,scarperia,5.07,2.881,21,ok,2026-10-05T12:43:47Z
2026-09-09T09:55:00Z,scarperia,4.36,2.664,21,ok,2026-10-05T12:43:47Z
2026-09-09T09:50:00Z,scarperia,3.81,2.490,21,ok,2026-10-05T12:43:47Z
2026-09-09T09:45:00Z,scarperia,3.76,2.331,21,ok,2026-10-05T12:43:47Z
2026-09-09T09:40:00Z,scarperia,3.91,2.343,21,ok,2026-10-05T12:43:47Z
2026-09-09T09:35:00Z,scarperia,4.14,2.427,21,ok,2026-10-05T12:43:47Z
2026-09-09T09:30:00Z,scarperia,4.76,2.322,21,ok,2026-10-05T12:43:47Z
2026-09-09T09:25:00Z,scarperia,2.85,1.686,21,ok,2026-10-05T12:43:47Z
2026-09-09T09:20:00Z,scarperia,2.85,1.633,21,ok,2026-10-05T12:43:47Z
2026-09-09T09:15:00Z,scarperia,2.50,1.409,21,ok,2026-10-05T12:43:47Z
2026-09-09T09:10:00Z,scarperia,1.42,0.815,21,ok,2026-10-05T12:43:47Z
2026-09-09T09:05:00Z,scarperia,0.83,0.347,21,ok,2026-10-05T12:43:47Z
2026-09-09T09:00:00Z,scarperia,0.00,0.000,21,ok,2026-10-05T12:43:47Z
2026-09-09T08:55:00Z,scarperia,0.00,0.000,21,ok,2026-10-05T12:43:47Z
2026-09-09T08:25:00Z,scarperia,0.00,0.000,21,ok,2026-10-05T12:43:47Z
2026-09-09T08:20:00Z,scarperia,0.00,0.000,21,ok,2026-10-05T12:43:47Z
2026-09-09T08:15:00Z,scarperia,0.00,0.000,21,ok,2026-10-05T12:43:47Z
2026-09-09T08:10:00Z,scarperia,0.00,0.000,21,ok,2026-10-05T12:43:47Z
2026-09-09T08:05:00Z,scarperia,0.17,0.008,21,ok,2026-10-05T12:43:47Z
2026-09-09T08:00:00Z,scarperia,0.45,0.064,21,ok,2026-10-05T12:43:47Z
2026-09-09T07:55:00Z,scarperia,0.00,0.000,21,ok,2026-10-05T12:43:47Z
2026-09-09T07:50:00Z,scarperia,0.00,0.000,21,ok,2026-10-05T12:43:47Z
2026-09-09T07:45:00Z,scarperia,0.00,0.000,21,ok,2026-10-05T12:43:47Z
2026-09-09T07:40:00Z,scarperia,0.51,0.243,21,ok,2026-10-05T12:43:47Z
2026-09-09T07:35:00Z,scarperia,1.17,0.565,21,ok,2026-10-05T12:43:47Z
2026-09-09T07:30:00Z,scarperia,1.44,0.789,21,ok,2026-10-05T12:43:47Z
2026-09-09T07:25:00Z,scarperia,2.27,1.229,21,ok,2026-10-05T12:43:47Z
2026-09-09T07:20:00Z,scarperia,3.13,1.926,21,ok,2026-10-05T12:43:47Z
2026-09-09T07:15:00Z,scarperia,3.25,2.147,21,ok,2026-10-05T12:43:47Z
2026-09-09T07:10:00Z,scarperia,2.49,1.670,21,ok,2026-10-05T12:43:47Z
2026-09-09T07:05:00Z,scarperia,2.62,1.352,21,ok,2026-10-05T12:43:47Z
2026-09-09T07:00:00Z,scarperia,1.31,0.940,21,ok,2026-10-05T12:43:47Z
2026-09-09T06:55:00Z,scarperia,1.08,0.616,21,ok,2026-10-05T12:43:47Z
2026-09-09T06:50:00Z,scarperia,1.08,0.616,21,ok,2026-10-05T12:43:47Z
2026-09-09T06:45:00Z,scarperia,1.07,0.580,21,ok,2026-10-05T12:43:47Z
2026-09-09T06:40:00Z,scarperia,0.78,0.379,21,ok,2026-10-05T12:43:47Z
2026-09-09T06:35:00Z,scarperia,0.71,0.077,21,ok,2026-10-05T12:43:47Z
2026-09-09T06:30:00Z,scarperia,0.00,0.000,21,ok,2026-10-05T12:43:47Z
2026-09-09T06:25:00Z,scarperia,0.00,0.000,21,ok,2026-10-05T12:43:47Z
2026-09-09T06:20:00Z,scarperia,0.00,0.000,21,ok,2026-10-05T12:43:47Z
2026-09-09T06:15:00Z,scarperia,0.00,0.000,21,ok,2026-10-05T12:43:47Z
2026-09-09T06:10:00Z,scarperia,0.00,0.000,21,ok,2026-10-05T12:43:47Z
2026-09-09T06:05:00Z,scarperia,0.00,0.000,21,ok,2026-10-05T12:43:47Z
2026-09-09T06:00:00Z,scarperia,0.00,0.000,21,ok,2026-10-05T12:43:47Z
2026-09-09T05:55:00Z,scarperia,0.00,0.000,21,ok,2026-10-05T12:43:47Z
2026-09-09T05:50:00Z,scarperia,0.41,0.053,21,ok,2026-10-05T12:43:47Z
2026-09-09T05:45:00Z,scarperia,0.00,0.000,21,ok,2026-10-05T12:43:47Z
2026-09-09T05:40:00Z,scarperia,0.00,0.000,21,ok,2026-10-05T12:43:47Z
2026-09-09T05:35:00Z,scarperia,0.00,0.000,21,ok,2026-10-05T12:43:47Z
2026-09-09T05:30:00Z,scarperia,0.00,0.000,21,ok,2026-10-05T12:43:47Z
2026-09-09T05:25:00Z,scarperia,0.00,0.000,21,ok,2026-10-05T12:43:47Z
2026-09-09T05:20:00Z,scarperia,0.00,0.000,21,ok,2026-10-05T12:43:47Z
2026-09-09T05:15:00Z,scarperia,0.00,0.000,21,ok,2026-10-05T12:43:47Z
2026-09-09T05:10:00Z,scarperia,0.00,0.000,21,ok,2026-10-05T12:43:47Z
2026-09-09T05:05:00Z,scarperia,0.00,0.000,21,ok,2026-10-05T12:43:47Z
2026-09-09T05:00:00Z,scarperia,0.00,0.000,21,ok,2026-10-05T12:43:47Z
2026-09-09T04:55:00Z,scarperia,0.00,0.000,21,ok,2026-10-05T12:43:47Z
2026-09-09T04:50:00Z,scarperia,0.00,0.000,21,ok,2026-10-05T12:43:47Z
2026-09-09T04:45:00Z,scarperia,0.00,0.000,21,ok,2026-10-05T12:43:47Z
2026-09-09T04:40:00Z,scarperia,0.00,0.000,21,ok,2026-10-05T12:43:47Z
2026-09-09T04:35:00Z,scarperia,0.00,0.000,21,ok,2026-10-05T12:43:47Z
2026-09-09T04:30:00Z,scarperia,0.00,0.000,21,ok,2026-10-05T12:43:47Z
2026-09-09T04:25:00Z,scarperia,0.00,0.000,21,ok,2026-10-05T12:43:47Z
2026-09-09T04:20:00Z,scarperia,0.00,0.000,21,ok,2026-10-05T12:43:47Z
2026-09-09T04:15:00Z,scarperia,0.00,0.000,21,ok,2026-10-05T12:43:47Z
2026-09-09T04:10:00Z,scarperia,0.00,0.000,21,ok,2026-10-05T12:43:47Z
2026-09-09T04:05:00Z,scarperia,0.00,0.000,21,ok,2026-10-05T12:43:47Z
2026-09-09T04:00:00Z,scarperia,0.00,0.000,21,ok,2026-10-05T12:43:47Z
2026-09-09T03:55:00Z,scarperia,0.00,0.000,21,ok,2026-10-05T12:43:47Z
2026-09-09T03:50:00Z,scarperia,0.00,0.000,21,ok,2026-10-05T12:43:47Z
2026-09-09T03:45:00Z,scarperia,0.00,0.000,21,ok,2026-10-05T12:43:47Z
2026-09-09T03:40:00Z,scarperia,0.00,0.000,21,ok,2026-10-05T12:43:47Z
2026-09-09T03:35:00Z,scarperia,0.00,0.000,21,ok,2026-10-05T12:43:47Z
2026-09-09T03:30:00Z,scarperia,0.00,0.000,21,ok,2026-10-05T12:43:47Z
2026-09-09T03:25:00Z,scarperia,0.00,0.000,21,ok,2026-10-05T12:43:47Z
2026-09-09T03:20:00Z,scarperia,0.00,0.000,21,ok,2026-10-05T12:43:47Z
2026-09-09T03:15:00Z,scarperia,0.00,0.000,21,ok,2026-10-05T12:43:47Z
2026-09-09T03:10:00Z,scarperia,0.00,0.000,21,ok,2026-10-05T12:43:47Z
2026-09-09T03:05:00Z,scarperia,0.00,0.000,21,ok,2026-10-05T12:43:47Z
2026-09-09T03:00:00Z,scarperia,0.00,0.000,21,ok,2026-10-05T12:43:47Z
2026-09-09T02:55:00Z,scarperia,0.00,0.000,21,ok,2026-10-05T12:43:47Z
2026-09-09T02:50:00Z,scarperia,0.00,0.000,21,ok,2026-10-05T12:43:47Z
2026-09-09T02:45:00Z,scarperia,0.00,0.000,21,ok,2026-10-05T12:43:47Z
2026-09-09T02:40:00Z,scarperia,0.00,0.000,21,ok,2026-10-05T12:43:47Z
2026-09-09T02:35:00Z,scarperia,0.00,0.000,21,ok,2026-10-05T12:43:47Z
2026-09-09T02:30:00Z,scarperia,0.00,0.000,21,ok,2026-10-05T12:43:47Z
2026-09-09T02:25:00Z,scarperia,0.00,0.000,21,ok,2026-10-05T12:43:47Z
2026-09-09T02:20:00Z,scarperia,0.00,0.000,21,ok,2026-10-05T12:43:47Z
2026-09-09T02:15:00Z,scarperia,0.00,0.000,21,ok,2026-10-05T12:43:47Z
2026-09-09T02:10:00Z,scarperia,0.00,0.000,21,ok,2026-10-05T12:43:47Z
2026-09-09T02:05:00Z,scarperia,0.00,0.000,21,ok,2026-10-05T12:43:47Z
2026-09-09T02:00:00Z,scarperia,0.00,0.000,21,ok,2026-10-05T12:43:47Z
2026-09-09T01:55:00Z,scarperia,0.00,0.000,21,ok,2026-10-05T12:43:47Z
2026-09-09T01:50:00Z,scarperia,0.00,0.000,21,ok,2026-10-05T12:43:47Z
2026-09-09T01:45:00Z,scarperia,0.00,0.000,21,ok,2026-10-05T12:43:47Z
2026-09-09T01:40:00Z,scarperia,0.00,0.000,21,ok,2026-10-05T12:43:47Z
2026-09-09T01:35:00Z,scarperia,0.00,0.000,21,ok,2026-10-05T12:43:47Z
2026-09-09T01:30:00Z,scarperia,0.00,0.000,21,ok,2026-10-05T12:43:47Z
2026-09-09T01:25:00Z,scarperia,0.00,0.000,21,ok,2026-10-05T12:43:47Z
2026-09-09T01:20:00Z,scarperia,0.00,0.000,21,ok,2026-10-05T12:43:47Z
2026-09-09T01:15:00Z,scarperia,0.00,0.000,21,ok,2026-10-05T12:43:47Z
2026-09-09T01:10:00Z,scarperia,0.00,0.000,21,ok,2026-10-05T12:43:47Z
2026-09-09T01:05:00Z,scarperia,0.00,0.000,21,ok,2026-10-05T12:43:47Z
2026-09-09T01:00:00Z,scarperia,0.00,0.000,21,ok,2026-10-05T12:43:47Z
2026-09-09T00:55:00Z,scarperia,0.00,0.000,21,ok,2026-10-05T12:43:47Z
2026-09-09T00:50:00Z,scarperia,0.00,0.000,21,ok,2026-10-05T12:43:47Z
2026-09-09T00:45:00Z,scarperia,0.00,0.000,21,ok,2026-10-05T12:43:47Z
2026-09-09T00:40:00Z,scarperia,0.00,0.000,21,ok,2026-10-05T12:43:47Z
2026-09-09T00:35:00Z,scarperia,0.00,0.000,21,ok,2026-10-05T12:43:47Z
2026-09-09T00:30:00Z,scarperia,0.00,0.000,21,ok,2026-10-05T12:43:47Z
2026-09-09T00:25:00Z,scarperia,0.00,0.000,21,ok,2026-10-05T12:43:47Z
2026-09-09T00:20:00Z,scarperia,0.00,0.000,21,ok,2026-10-05T12:43:47Z
2026-09-08T23:00:00Z,scarperia,0.00,0.000,21,ok,2026-10-05T12:43:47Z
2026-09-08T22:55:00Z,scarperia,0.00,0.000,21,ok,2026-10-05T12:43:47Z
2026-09-08T22:50:00Z,scarperia,0.00,0.000,21,ok,2026-10-05T12:43:47Z
2026-09-08T22:45:00Z,scarperia,0.00,0.000,21,ok,2026-10-05T12:43:47Z
2026-09-08T22:40:00Z,scarperia,0.00,0.000,21,ok,2026-10-05T12:43:47Z
2026-09-08T22:35:00Z,scarperia,0.00,0.000,21,ok,2026-10-05T12:43:47Z
2026-09-08T22:30:00Z,scarperia,0.00,0.000,21,ok,2026-10-05T12:43:47Z
2026-09-08T22:25:00Z,scarperia,0.00,0.000,21,ok,2026-10-05T12:43:47Z
2026-09-08T22:20:00Z,scarperia,0.00,0.000,21,ok,2026-10-05T12:43:47Z
2026-09-08T22:15:00Z,scarperia,0.00,0.000,21,ok,2026-10-05T12:43:47Z
2026-09-08T22:10:00Z,scarperia,0.00,0.000,21,ok,2026-10-05T12:43:47Z
2026-09-08T22:05:00Z,scarperia,0.00,0.000,21,ok,2026-10-05T12:43:47Z
2026-09-08T22:00:00Z,scarperia,0.00,0.000,21,ok,2026-10-05T12:43:47Z
2026-09-08T21:55:00Z,scarperia,0.00,0.000,21,ok,2026-10-05T12:43:47Z
2026-09-08T21:50:00Z,scarperia,0.00,0.000,21,ok,2026-10-05T12:43:47Z
2026-09-08T21:45:00Z,scarperia,0.00,0.000,21,ok,2026-10-05T12:43:47Z
2026-09-08T21:40:00Z,scarperia,0.00,0.000,21,ok,2026-10-05T12:43:47Z
2026-09-08T21:35:00Z,scarperia,0.00,0.000,21,ok,2026-10-05T12:43:47Z
2026-09-08T21:30:00Z,scarperia,0.00,0.000,21,ok,2026-10-05T12:43:47Z
2026-09-08T21:25:00Z,scarperia,0.00,0.000,21,ok,2026-10-05T12:43:47Z
2026-09-08T21:20:00Z,scarperia,0.00,0.000,21,ok,2026-10-05T12:43:47Z
2026-09-08T21:15:00Z,scarperia,0.00,0.000,21,ok,2026-10-05T12:43:47Z
2026-09-08T21:10:00Z,scarperia,0.00,0.000,21,ok,2026-10-05T12:43:47Z
2026-09-08T21:05:00Z,scarperia,0.00,0.000,21,ok,2026-10-05T12:43:47Z
2026-09-08T21:00:00Z,scarperia,0.00,0.000,21,ok,2026-10-05T12:43:47Z
2026-09-08T20:55:00Z,scarperia,0.00,0.000,21,ok,2026-10-05T12:43:47Z
2026-09-02T19:00:00Z,scarperia,0.00,0.000,21,ok,2026-10-05T12:43:47Z
2026-09-02T18:55:00Z,scarperia,0.00,0.000,21,ok,2026-10-05T12:43:47Z
2026-09-02T18:50:00Z,scarperia,0.00,0.000,21,ok,2026-10-05T12:43:47Z
2026-09-02T18:45:00Z,scarperia,0.00,0.000,21,ok,2026-10-05T12:43:47Z
2026-09-02T18:40:00Z,scarperia,0.00,0.000,21,ok,2026-10-05T12:43:47Z
2026-09-02T18:35:00Z,scarperia,0.00,0.000,21,ok,2026-10-05T12:43:47Z
2026-09-02T18:30:00Z,scarperia,0.00,0.000,21,ok,2026-10-05T12:43:47Z
2026-09-02T18:25:00Z,scarperia,0.00,0.000,21,ok,2026-10-05T12:43:47Z
2026-09-02T18:20:00Z,scarperia,0.00,0.000,21,ok,2026-10-05T12:43:47Z
2026-09-02T18:15:00Z,scarperia,0.00,0.000,21,ok,2026-10-05T12:43:47Z
2026-09-02T18:10:00Z,scarperia,0.00,0.000,21,ok,2026-10-05T12:43:47Z
2026-09-02T18:05:00Z,scarperia,0.00,0.000,21,ok,2026-10-05T12:43:47Z
2026-09-02T18:00:00Z,scarperia,0.17,0.044,21,ok,2026-10-05T12:43:47Z
2026-09-02T17:55:00Z,scarperia,1.38,0.735,21,ok,2026-10-05T12:43:47Z
2026-09-02T17:50:00Z,scarperia,2.16,1.245,21,ok,2026-10-05T12:43:47Z
2026-09-02T17:45:00Z,scarperia,0.97,0.646,21,ok,2026-10-05T12:43:47Z
2026-09-02T17:40:00Z,scarperia,1.58,0.879,21,ok,2026-10-05T12:43:47Z
2026-09-02T17:35:00Z,scarperia,1.76,1.037,21,ok,2026-10-05T12:43:47Z
2026-09-02T17:30:00Z,scarperia,2.13,1.107,21,ok,2026-10-05T12:43:47Z
2026-09-02T17:25:00Z,scarperia,3.06,1.794,21,ok,2026-10-05T12:43:47Z
2026-09-02T17:20:00Z,scarperia,3.06,1.570,21,ok,2026-10-05T12:43:47Z
2026-09-02T17:15:00Z,scarperia,1.19,0.604,21,ok,2026-10-05T12:43:47Z
2026-09-02T17:10:00Z,scarperia,0.66,0.397,21,ok,2026-10-05T12:43:47Z
2026-09-02T17:05:00Z,scarperia,0.56,0.200,21,ok,2026-10-05T12:43:47Z
2026-09-02T17:00:00Z,scarperia,0.00,0.000,21,ok,2026-10-05T12:43:47Z
2026-09-02T16:55:00Z,scarperia,0.00,0.000,21,ok,2026-10-05T12:43:47Z
2026-09-02T16:50:00Z,scarperia,0.00,0.000,21,ok,2026-10-05T12:43:47Z
2026-09-02T16:45:00Z,scarperia,0.00,0.000,21,ok,2026-10-05T12:43:47Z
2026-09-02T16:40:00Z,scarperia,0.00,0.000,21,ok,2026-10-05T12:43:47Z
2026-09-02T16:35:00Z,scarperia,0.00,0.000,21,ok,2026-10-05T12:43:47Z
2026-09-02T16:30:00Z,scarperia,0.00,0.000,21,ok,2026-10-05T12:43:47Z
2026-09-02T16:25:00Z,scarperia,0.00,0.000,21,ok,2026-10-05T12:43:47Z
2026-09-02T16:20:00Z,scarperia,0.00,0.000,21,ok,2026-10-05T12:43:47Z
2026-09-02T16:15:00Z,scarperia,0.00,0.000,21,ok,2026-10-05T12:43:47Z
2026-09-02T16:10:00Z,scarperia,0.00,0.000,21,ok,2026-10-05T12:43:47Z
2026-09-02T16:05:00Z,scarperia,0.00,0.000,21,ok,2026-10-05T12:43:47Z
2026-09-02T16:00:00Z,scarperia,0.00,0.000,21,ok,2026-10-05T12:43:47Z
2026-09-02T15:55:00Z,scarperia,0.00,0.000,21,ok,2026-10-05T12:43:47Z
2026-09-02T15:50:00Z,scarperia,0.00,0.000,21,ok,2026-10-05T12:43:47Z
2026-09-02T15:45:00Z,scarperia,0.00,0.000,21,ok,2026-10-05T12:43:47Z
2026-09-02T15:40:00Z,scarperia,1.26,0.304,21,ok,2026-10-05T12:43:47Z
2026-09-02T15:35:00Z,scarperia,2.03,0.565,21,ok,2026-10-05T12:43:47Z
2026-09-02T15:30:00Z,scarperia,2.86,0.658,21,ok,2026-10-05T12:43:47Z
2026-09-02T15:25:00Z,scarperia,3.09,0.794,21,ok,2026-10-05T12:43:47Z
2026-09-02T15:20:00Z,scarperia,6.14,1.917,21,ok,2026-10-05T12:43:47Z
2026-09-02T15:15:00Z,scarperia,8.05,2.753,21,ok,2026-10-05T12:43:47Z
2026-09-02T15:10:00Z,scarperia,13.32,5.100,21,ok,2026-10-05T12:43:47Z
2026-09-02T15:05:00Z,scarperia,12.51,5.508,21,ok,2026-10-05T12:43:47Z
2026-09-02T15:00:00Z,scarperia,10.95,4.933,21,ok,2026-10-05T12:43:47Z
2026-09-02T14:55:00Z,scarperia,16.63,6.616,21,ok,2026-10-05T12:43:47Z
2026-09-02T14:50:00Z,scarperia,15.85,7.023,21,ok,2026-10-05T12:43:47Z
2026-09-02T14:45:00Z,scarperia,12.26,6.325,21,ok,2026-10-05T12:43:47Z
2026-09-02T14:40:00Z,scarperia,12.48,7.880,21,ok,2026-10-05T12:43:47Z
2026-09-02T14:35:00Z,scarperia,18.97,10.142,21,ok,2026-10-05T12:43:47Z
2026-09-02T14:30:00Z,scarperia,17.90,8.485,21,ok,2026-10-05T12:43:47Z
2026-09-02T14:25:00Z,scarperia,15.22,6.733,21,ok,2026-10-05T12:43:47Z
2026-09-02T14:20:00Z,scarperia,10.01,5.613,21,ok,2026-10-05T12:43:47Z
2026-09-02T14:15:00Z,scarperia,11.18,3.302,21,ok,2026-10-05T12:43:47Z
2026-09-02T14:10:00Z,scarperia,1.75,0.797,21,ok,2026-10-05T12:43:47Z
2026-09-02T14:05:00Z,scarperia,0.88,0.469,21,ok,2026-10-05T12:43:47Z
2026-09-02T14:00:00Z,scarperia,0.72,0.035,21,ok,2026-10-05T12:43:47Z
2026-09-02T13:55:00Z,scarperia,0.00,0.000,21,ok,2026-10-05T12:43:47Z
2026-09-02T13:50:00Z,scarperia,0.00,0.000,21,ok,2026-10-05T12:43:47Z
2026-09-02T13:45:00Z,scarperia,0.00,0.000,21,ok,2026-10-05T12:43:47Z
2026-09-02T13:40:00Z,scarperia,0.00,0.000,21,ok,2026-10-05T12:43:47Z
2026-09-02T13:35:00Z,scarperia,0.00,0.000,21,ok,2026-10-05T12:43:47Z
2026-09-02T13:30:00Z,scarperia,0.00,0.000,21,ok,2026-10-05T12:43:47Z
2026-09-02T13:25:00Z,scarperia,0.00,0.000,21,ok,2026-10-05T12:43:47Z
2026-09-02T13:20:00Z,scarperia,0.00,0.000,21,ok,2026-10-05T12:43:47Z
2026-09-02T13:15:00Z,scarperia,0.00,0.000,21,ok,2026-10-05T12:43:47Z
2026-09-02T13:10:00Z,scarperia,0.00,0.000,21,ok,2026-10-05T12:43:47Z
2026-09-02T13:05:00Z,scarperia,0.00,0.000,21,ok,2026-10-05T12:43:47Z
2026-09-02T13:00:00Z,scarperia,0.00,0.000,21,ok,2026-10-05T12:43:47Z
2026-09-02T12:55:00Z,scarperia,0.00,0.000,21,ok,2026-10-05T12:43:47Z
2026-09-02T12:50:00Z,scarperia,0.00,0.000,21,ok,2026-10-05T12:43:47Z
2026-09-02T12:45:00Z,scarperia,0.39,0.019,21,ok,2026-10-05T12:43:47Z
2026-09-02T12:40:00Z,scarperia,0.00,0.000,21,ok,2026-10-05T12:43:47Z
2026-09-02T12:35:00Z,scarperia,0.00,0.000,21,ok,2026-10-05T12:43:47Z
2026-09-02T12:30:00Z,scarperia,0.00,0.000,21,ok,2026-10-05T12:43:47Z
2026-09-02T12:25:00Z,scarperia,0.00,0.000,21,ok,2026-10-05T12:43:47Z
2026-09-02T12:20:00Z,scarperia,0.00,0.000,21,ok,2026-10-05T12:43:47Z
2026-09-02T12:15:00Z,scarperia,0.00,0.000,21,ok,2026-10-05T12:43:47Z
2026-09-02T12:10:00Z,scarperia,0.00,0.000,21,ok,2026-10-05T12:43:47Z
2026-09-02T12:05:00Z,scarperia,0.00,0.000,21,ok,2026-10-05T12:43:47Z
2026-09-02T12:00:00Z,scarperia,0.00,0.000,21,ok,2026-10-05T12:43:47Z
2026-09-02T11:55:00Z,scarperia,0.00,0.000,21,ok,2026-10-05T12:43:47Z
2026-09-02T11:50:00Z,scarperia,0.00,0.000,21,ok,2026-10-05T12:43:47Z
2026-09-02T11:45:00Z,scarperia,0.00,0.000,21,ok,2026-10-05T12:43:47Z
2026-09-02T11:40:00Z,scarperia,0.00,0.000,21,ok,2026-10-05T12:43:47Z
2026-09-02T11:35:00Z,scarperia,0.00,0.000,21,ok,2026-10-05T12:43:47Z
2026-09-02T11:30:00Z,scarperia,0.00,0.000,21,ok,2026-10-05T12:43:47Z
2026-09-02T11:25:00Z,scarperia,0.00,0.000,21,ok,2026-10-05T12:43:47Z
2026-09-02T11:20:00Z,scarperia,0.00,0.000,21,ok,2026-10-05T12:43:47Z
2026-09-02T11:15:00Z,scarperia,0.00,0.000,21,ok,2026-10-05T12:43:47Z
2026-09-02T11:10:00Z,scarperia,0.00,0.000,21,ok,2026-10-05T12:43:47Z
2026-09-02T11:05:00Z,scarperia,0.00,0.000,21,ok,2026-10-05T12:43:47Z
2026-09-02T11:00:00Z,scarperia,0.00,0.000,21,ok,2026-10-05T12:43:47Z
2026-08-28T23:05:00Z,scarperia,0.00,0.000,21,ok,2026-10-05T12:43:47Z
2026-08-28T23:00:00Z,scarperia,0.00,0.000,21,ok,2026-10-05T12:43:47Z
2026-08-28T22:55:00Z,scarperia,0.00,0.000,21,ok,2026-10-05T12:43:47Z
2026-08-28T22:50:00Z,scarperia,0.00,0.000,21,ok,2026-10-05T12:43:47Z
2026-08-28T22:45:00Z,scarperia,0.00,0.000,21,ok,2026-10-05T12:43:47Z
2026-08-28T22:40:00Z,scarperia,0.00,0.000,21,ok,2026-10-05T12:43:47Z
2026-08-28T22:35:00Z,scarperia,0.00,0.000,21,ok,2026-10-05T12:43:47Z
2026-08-28T22:30:00Z,scarperia,0.00,0.000,21,ok,2026-10-05T12:43:47Z
2026-08-28T22:25:00Z,scarperia,0.00,0.000,21,ok,2026-10-05T12:43:47Z
2026-08-28T22:20:00Z,scarperia,0.00,0.000,21,ok,2026-10-05T12:43:47Z
2026-08-28T22:15:00Z,scarperia,0.00,0.000,21,ok,2026-10-05T12:43:47Z
2026-08-28T22:10:00Z,scarperia,0.00,0.000,21,ok,2026-10-05T12:43:47Z
2026-08-28T22:05:00Z,scarperia,0.00,0.000,21,ok,2026-10-05T12:43:47Z
2026-08-28T22:00:00Z,scarperia,0.00,0.000,21,ok,2026-10-05T12:43:47Z
2026-08-28T21:55:00Z,scarperia,0.00,0.000,21,ok,2026-10-05T12:43:47Z
2026-08-28T21:50:00Z,scarperia,0.00,0.000,21,ok,2026-10-05T12:43:47Z
2026-08-28T21:45:00Z,scarperia,0.00,0.000,21,ok,2026-10-05T12:43:47Z
2026-08-28T21:40:00Z,scarperia,0.00,0.000,21,ok,2026-10-05T12:43:47Z
2026-08-28T21:35:00Z,scarperia,0.00,0.000,21,ok,2026-10-05T12:43:47Z
2026-08-28T21:30:00Z,scarperia,0.00,0.000,21,ok,2026-10-05T12:43:47Z
2026-08-28T21:25:00Z,scarperia,0.00,0.000,21,ok,2026-10-05T12:43:47Z
2026-08-28T21:20:00Z,scarperia,0.00,0.000,21,ok,2026-10-05T12:43:47Z
2026-08-28T21:15:00Z,scarperia,0.00,0.000,21,ok,2026-10-05T12:43:47Z
2026-08-28T21:10:00Z,scarperia,0.00,0.000,21,ok,2026-10-05T12:43:47Z
2026-08-28T21:05:00Z,scarperia,0.00,0.000,21,ok,2026-10-05T12:43:47Z
2026-08-28T21:00:00Z,scarperia,0.00,0.000,21,ok,2026-10-05T12:43:47Z
2026-08-28T20:55:00Z,scarperia,0.00,0.000,21,ok,2026-10-05T12:43:47Z
2026-08-28T20:50:00Z,scarperia,0.00,0.000,21,ok,2026-10-05T12:43:47Z
2026-08-28T20:45:00Z,scarperia,0.00,0.000,21,ok,2026-10-05T12:43:47Z
2026-08-28T20:40:00Z,scarperia,0.00,0.000,21,ok,2026-10-05T12:43:47Z
2026-08-28T20:35:00Z,scarperia,0.00,0.000,21,ok,2026-10-05T12:43:47Z
2026-08-28T18:35:00Z,scarperia,0.00,0.000,21,ok,2026-10-05T12:43:47Z
2026-08-28T18:30:00Z,scarperia,0.00,0.000,21,ok,2026-10-05T12:43:47Z
2026-08-28T18:25:00Z,scarperia,0.00,0.000,21,ok,2026-10-05T12:43:47Z
2026-08-28T18:20:00Z,scarperia,0.00,0.000,21,ok,2026-10-05T12:43:47Z
2026-08-28T18:15:00Z,scarperia,0.00,0.000,21,ok,2026-10-05T12:43:47Z
2026-08-28T18:10:00Z,scarperia,0.00,0.000,21,ok,2026-10-05T12:43:47Z
2026-08-28T18:05:00Z,scarperia,0.00,0.000,21,ok,2026-10-05T12:43:47Z
2026-08-28T18:00:00Z,scarperia,0.00,0.000,21,ok,2026-10-05T12:43:47Z
2026-08-28T17:55:00Z,scarperia,0.00,0.000,21,ok,2026-10-05T12:43:47Z
2026-08-28T17:50:00Z,scarperia,0.00,0.000,21,ok,2026-10-05T12:43:47Z
2026-08-28T17:45:00Z,scarperia,0.00,0.000,21,ok,2026-10-05T12:43:47Z
2026-08-28T17:40:00Z,scarperia,0.00,0.000,21,ok,2026-10-05T12:43:47Z
2026-08-28T17:35:00Z,scarperia,0.00,0.000,21,ok,2026-10-05T12:43:47Z
2026-08-28T17:30:00Z,scarperia,0.00,0.000,21,ok,2026-10-05T12:43:47Z
2026-08-28T17:25:00Z,scarperia,0.00,0.000,21,ok,2026-10-05T12:43:47Z
2026-08-28T17:20:00Z,scarperia,0.00,0.000,21,ok,2026-10-05T12:43:47Z
2026-08-28T17:15:00Z,scarperia,0.00,0.000,21,ok,2026-10-05T12:43:47Z
2026-08-28T17:10:00Z,scarperia,0.00,0.000,21,ok,2026-10-05T12:43:47Z
2026-08-28T17:05:00Z,scarperia,0.00,0.000,21,ok,2026-10-05T12:43:47Z
2026-08-28T17:00:00Z,scarperia,0.00,0.000,21,ok,2026-10-05T12:43:47Z
2026-08-28T16:55:00Z,scarperia,0.00,0.000,21,ok,2026-10-05T12:43:47Z
2026-08-28T16:50:00Z,scarperia,0.00,0.000,21,ok,2026-10-05T12:43:47Z
2026-08-28T16:45:00Z,scarperia,0.00,0.000,21,ok,2026-10-05T12:43:47Z
2026-08-28T16:40:00Z,scarperia,0.00,0.000,21,ok,2026-10-05T12:43:47Z
2026-08-28T16:35:00Z,scarperia,0.00,0.000,21,ok,2026-10-05T12:43:47Z
2026-08-28T16:30:00Z,scarperia,0.00,0.000,21,ok,2026-10-05T12:43:47Z
2026-08-28T16:25:00Z,scarperia,0.00,0.000,21,ok,2026-10-05T12:43:47Z
2026-08-28T16:20:00Z,scarperia,0.00,0.000,21,ok,2026-10-05T12:43:47Z
2026-08-28T16:15:00Z,scarperia,0.00,0.000,21,ok,2026-10-05T12:43:47Z
2026-08-28T16:10:00Z,scarperia,0.00,0.000,21,ok,2026-10-05T12:43:47Z
2026-08-28T16:05:00Z,scarperia,0.00,0.000,21,ok,2026-10-05T12:43:47Z
2026-08-28T16:00:00Z,scarperia,0.00,0.000,21,ok,2026-10-05T12:43:47Z
2026-08-28T15:55:00Z,scarperia,0.00,0.000,21,ok,2026-10-05T12:43:47Z
2026-08-28T15:50:00Z,scarperia,0.00,0.000,21,ok,2026-10-05T12:43:47Z
2026-08-28T15:45:00Z,scarperia,0.00,0.000,21,ok,2026-10-05T12:43:47Z
2026-08-28T15:40:00Z,scarperia,0.00,0.000,21,ok,2026-10-05T12:43:47Z
2026-08-28T15:35:00Z,scarperia,0.00,0.000,21,ok,2026-10-05T12:43:47Z
2026-08-28T15:30:00Z,scarperia,0.00,0.000,21,ok,2026-10-05T12:43:47Z
2026-08-28T15:25:00Z,scarperia,0.00,0.000,21,ok,2026-10-05T12:43:47Z
2026-08-28T15:20:00Z,scarperia,0.00,0.000,21,ok,2026-10-05T12:43:47Z
2026-08-28T15:15:00Z,scarperia,0.00,0.000,21,ok,2026-10-05T12:43:47Z
2026-08-28T15:10:00Z,scarperia,0.00,0.000,21,ok,2026-10-05T12:43:47Z
2026-08-28T15:05:00Z,scarperia,0.00,0.000,21,ok,2026-10-05T12:43:47Z
2026-08-28T15:00:00Z,scarperia,0.00,0.000,21,ok,2026-10-05T12:43:47Z
2026-08-28T14:55:00Z,scarperia,0.00,0.000,21,ok,2026-10-05T12:43:47Z
2026-08-28T14:50:00Z,scarperia,0.00,0.000,21,ok,2026-10-05T12:43:47Z
2026-08-28T14:45:00Z,scarperia,0.00,0.000,21,ok,2026-10-05T12:43:47Z
2026-08-28T14:40:00Z,scarperia,0.00,0.000,21,ok,2026-10-05T12:43:47Z
2026-08-28T14:35:00Z,scarperia,0.00,0.000,21,ok,2026-10-05T12:43:47Z
2026-08-28T14:30:00Z,scarperia,0.00,0.000,21,ok,2026-10-05T12:43:47Z
2026-08-28T14:25:00Z,scarperia,0.00,0.000,21,ok,2026-10-05T12:53:52Z
2026-08-28T14:20:00Z,scarperia,0.00,0.000,21,ok,2026-10-05T12:53:52Z
2026-08-28T08:10:00Z,scarperia,0.00,0.000,21,ok,2026-10-05T12:53:52Z
2026-08-28T08:05:00Z,scarperia,0.00,0.000,21,ok,2026-10-05T12:53:52Z
2026-08-28T08:00:00Z,scarperia,0.00,0.000,21,ok,2026-10-05T12:53:52Z
2026-08-28T07:55:00Z,scarperia,0.00,0.000,21,ok,2026-10-05T12:53:52Z
2026-08-28T07:50:00Z,scarperia,0.00,0.000,21,ok,2026-10-05T12:53:52Z
2026-08-28T07:45:00Z,scarperia,0.00,0.000,21,ok,2026-10-05T12:53:52Z
2026-08-28T07:40:00Z,scarperia,0.00,0.000,21,ok,2026-10-05T12:53:52Z
2026-08-28T07:35:00Z,scarperia,0.00,0.000,21,ok,2026-10-05T12:53:52Z
2026-08-28T07:30:00Z,scarperia,0.00,0.000,21,ok,2026-10-05T12:53:52Z
2026-08-28T07:25:00Z,scarperia,0.00,0.000,21,ok,2026-10-05T12:53:52Z
2026-08-28T07:20:00Z,scarperia,0.00,0.000,21,ok,2026-10-05T12:53:52Z
2026-08-28T07:15:00Z,scarperia,0.00,0.000,21,ok,2026-10-05T12:53:52Z
2026-08-28T07:10:00Z,scarperia,0.28,0.026,21,ok,2026-10-05T12:53:52Z
2026-08-28T07:05:00Z,scarperia,0.00,0.000,21,ok,2026-10-05T12:53:52Z
2026-08-28T07:00:00Z,scarperia,0.00,0.000,21,ok,2026-10-05T12:53:52Z
2026-08-28T06:55:00Z,scarperia,0.00,0.000,21,ok,2026-10-05T12:53:52Z
2026-08-28T06:50:00Z,scarperia,0.00,0.000,21,ok,2026-10-05T12:53:52Z
2026-08-28T06:45:00Z,scarperia,0.00,0.000,21,ok,2026-10-05T12:53:52Z
2026-08-28T06:40:00Z,scarperia,0.00,0.000,21,ok,2026-10-05T12:53:52Z
2026-08-28T06:35:00Z,scarperia,0.00,0.000,21,ok,2026-10-05T12:53:52Z
2026-08-28T06:30:00Z,scarperia,0.00,0.000,21,ok,2026-10-05T12:53:52Z
2026-08-28T06:25:00Z,scarperia,0.00,0.000,21,ok,2026-10-05T12:53:52Z
2026-08-28T06:20:00Z,scarperia,0.00,0.000,21,ok,2026-10-05T12:53:52Z
2026-08-28T06:15:00Z,scarperia,0.00,0.000,21,ok,2026-10-05T12:53:52Z
2026-08-28T06:10:00Z,scarperia,0.00,0.000,21,ok,2026-10-05T12:53:52Z
2026-08-28T06:05:00Z,scarperia,0.00,0.000,21,ok,2026-10-05T12:53:52Z
2026-08-28T06:00:00Z,scarperia,0.00,0.000,21,ok,2026-10-05T12:53:52Z
2026-08-28T05:55:00Z,scarperia,0.00,0.000,21,ok,2026-10-05T12:53:52Z
2026-08-28T05:50:00Z,scarperia,0.00,0.000,21,ok,2026-10-05T12:53:52Z
2026-08-28T05:45:00Z,scarperia,0.00,0.000,21,ok,2026-10-05T12:53:52Z
2026-08-28T05:40:00Z,scarperia,0.00,0.000,21,ok,2026-10-05T12:53:52Z
2026-08-28T05:35:00Z,scarperia,0.00,0.000,21,ok,2026-10-05T12:53:52Z
2026-08-28T05:30:00Z,scarperia,0.00,0.000,21,ok,2026-10-05T12:53:52Z
2026-08-28T05:25:00Z,scarperia,0.00,0.000,21,ok,2026-10-05T12:53:52Z
2026-08-28T05:20:00Z,scarperia,0.00,0.000,21,ok,2026-10-05T12:53:52Z
2026-08-28T05:15:00Z,scarperia,0.00,0.000,21,ok,2026-10-05T12:53:52Z
2026-08-28T05:10:00Z,scarperia,0.00,0.000,21,ok,2026-10-05T12:53:52Z
2026-08-28T05:05:00Z,scarperia,0.00,0.000,21,ok,2026-10-05T12:53:52Z
2026-08-28T05:00:00Z,scarperia,0.00,0.000,21,ok,2026-10-05T12:53:52Z
2026-08-28T04:55:00Z,scarperia,0.00,0.000,21,ok,2026-10-05T12:53:52Z
2026-08-28T04:50:00Z,scarperia,0.00,0.000,21,ok,2026-10-05T12:53:52Z
2026-08-28T04:45:00Z,scarperia,0.00,0.000,21,ok,2026-10-05T12:53:52Z
2026-08-28T04:40:00Z,scarperia,0.00,0.000,21,ok,2026-10-05T12:53:52Z
2026-08-28T04:35:00Z,scarperia,0.00,0.000,21,ok,2026-10-05T12:53:52Z
2026-08-28T04:30:00Z,scarperia,0.00,0.000,21,ok,2026-10-05T12:53:52Z
2026-08-28T04:25:00Z,scarperia,0.00,0.000,21,ok,2026-10-05T12:53:52Z
2026-08-28T04:20:00Z,scarperia,0.00,0.000,21,ok,2026-10-05T12:53:52Z
2026-08-28T04:15:00Z,scarperia,0.00,0.000,21,ok,2026-10-05T12:53:52Z
2026-08-28T04:10:00Z,scarperia,0.00,0.000,21,ok,2026-10-05T12:53:52Z
2026-08-28T04:05:00Z,scarperia,0.00,0.000,21,ok,2026-10-05T12:53:52Z
2026-08-28T04:00:00Z,scarperia,0.00,0.000,21,ok,2026-10-05T12:53:52Z
2026-08-28T03:55:00Z,scarperia,0.00,0.000,21,ok,2026-10-05T12:53:52Z
2026-08-28T03:50:00Z,scarperia,0.00,0.000,21,ok,2026-10-05T12:53:52Z
2026-08-28T03:45:00Z,scarperia,0.00,0.000,21,ok,2026-10-05T12:53:52Z
2026-08-28T03:40:00Z,scarperia,0.00,0.000,21,ok,2026-10-05T12:53:52Z
2026-08-28T03:35:00Z,scarperia,0.00,0.000,21,ok,2026-10-05T12:53:52Z
2026-08-28T03:30:00Z,scarperia,0.00,0.000,21,ok,2026-10-05T12:53:52Z
2026-08-28T03:25:00Z,scarperia,0.00,0.000,21,ok,2026-10-05T12:53:52Z
2026-08-28T03:20:00Z,scarperia,0.00,0.000,21,ok,2026-10-05T12:53:52Z
2026-08-28T03:15:00Z,scarperia,0.00,0.000,21,ok,2026-10-05T12:53:52Z
2026-08-28T03:10:00Z,scarperia,0.00,0.000,21,ok,2026-10-05T12:53:52Z
2026-08-28T03:05:00Z,scarperia,0.00,0.000,21,ok,2026-10-05T12:53:52Z
2026-08-28T03:00:00Z,scarperia,0.00,0.000,21,ok,2026-10-05T12:53:52Z
2026-08-28T02:55:00Z,scarperia,0.00,0.000,21,ok,2026-10-05T12:53:52Z
2026-08-28T02:50:00Z,scarperia,0.00,0.000,21,ok,2026-10-05T12:53:52Z
2026-08-28T02:45:00Z,scarperia,0.00,0.000,21,ok,2026-10-05T12:53:52Z
2026-08-28T02:40:00Z,scarperia,0.00,0.000,21,ok,2026-10-05T12:53:52Z
2026-08-28T02:35:00Z,scarperia,0.00,0.000,21,ok,2026-10-05T12:53:52Z
2026-08-28T02:30:00Z,scarperia,0.00,0.000,21,ok,2026-10-05T12:53:52Z
2026-08-28T02:25:00Z,scarperia,0.00,0.000,21,ok,2026-10-05T12:53:52Z
2026-08-28T02:20:00Z,scarperia,0.00,0.000,21,ok,2026-10-05T12:53:52Z
2026-08-28T02:15:00Z,scarperia,0.00,0.000,21,ok,2026-10-05T12:53:52Z
2026-08-28T02:10:00Z,scarperia,0.00,0.000,21,ok,2026-10-05T12:53:52Z
2026-08-28T02:05:00Z,scarperia,0.00,0.000,21,ok,2026-10-05T12:53:52Z
2026-08-28T02:00:00Z,scarperia,0.00,0.000,21,ok,2026-10-05T12:53:52Z
2026-08-28T01:55:00Z,scarperia,0.00,0.000,21,ok,2026-10-05T12:53:52Z
2026-08-28T01:50:00Z,scarperia,0.00,0.000,21,ok,2026-10-05T12:53:52Z
2026-08-28T01:45:00Z,scarperia,0.00,0.000,21,ok,2026-10-05T12:53:52Z
2026-08-25T10:40:00Z,scarperia,0.00,0.000,21,ok,2026-10-05T12:53:52Z
2026-08-25T10:35:00Z,scarperia,0.00,0.000,21,ok,2026-10-05T12:53:52Z
2026-08-25T10:30:00Z,scarperia,0.00,0.000,21,ok,2026-10-05T12:53:52Z
2026-08-25T10:25:00Z,scarperia,0.00,0.000,21,ok,2026-10-05T12:53:52Z
2026-08-25T10:20:00Z,scarperia,0.00,0.000,21,ok,2026-10-05T12:53:52Z
2026-08-25T10:15:00Z,scarperia,0.00,0.000,21,ok,2026-10-05T12:53:52Z
2026-08-25T10:10:00Z,scarperia,0.00,0.000,21,ok,2026-10-05T12:53:52Z
2026-08-25T10:05:00Z,scarperia,0.00,0.000,21,ok,2026-10-05T12:53:52Z
2026-08-25T10:00:00Z,scarperia,0.00,0.000,21,ok,2026-10-05T12:53:52Z
2026-08-25T09:55:00Z,scarperia,0.00,0.000,21,ok,2026-10-05T12:53:52Z
2026-08-25T09:50:00Z,scarperia,0.00,0.000,21,ok,2026-10-05T12:53:52Z
2026-08-25T09:45:00Z,scarperia,0.00,0.000,21,ok,2026-10-05T12:53:52Z
2026-08-25T09:40:00Z,scarperia,0.00,0.000,21,ok,2026-10-05T12:53:52Z
2026-08-25T09:35:00Z,scarperia,0.00,0.000,21,ok,2026-10-05T12:53:52Z
2026-08-25T09:30:00Z,scarperia,0.00,0.000,21,ok,2026-10-05T12:53:52Z
2026-08-25T09:25:00Z,scarperia,0.00,0.000,21,ok,2026-10-05T12:53:52Z
2026-08-25T09:20:00Z,scarperia,0.00,0.000,21,ok,2026-10-05T12:53:52Z
2026-08-25T09:15:00Z,scarperia,0.00,0.000,21,ok,2026-10-05T12:53:52Z
2026-08-25T09:10:00Z,scarperia,0.00,0.000,21,ok,2026-10-05T12:53:52Z
2026-08-25T09:05:00Z,scarperia,0.00,0.000,21,ok,2026-10-05T12:53:52Z
2026-08-25T09:00:00Z,scarperia,0.00,0.000,21,ok,2026-10-05T12:53:52Z
2026-08-25T08:55:00Z,scarperia,0.00,0.000,21,ok,2026-10-05T12:53:52Z
2026-08-25T08:50:00Z,scarperia,0.00,0.000,21,ok,2026-10-05T12:53:52Z
2026-08-25T08:45:00Z,scarperia,0.00,0.000,21,ok,2026-10-05T12:53:52Z
2026-08-25T08:40:00Z,scarperia,0.00,0.000,21,ok,2026-10-05T12:53:52Z
2026-08-25T08:35:00Z,scarperia,0.00,0.000,21,ok,2026-10-05T12:53:52Z
2026-08-25T08:30:00Z,scarperia,0.00,0.000,21,ok,2026-10-05T12:53:52Z
2026-08-25T08:25:00Z,scarperia,0.00,0.000,21,ok,2026-10-05T12:53:52Z
2026-08-25T08:20:00Z,scarperia,0.00,0.000,21,ok,2026-10-05T12:53:52Z
2026-08-25T08:15:00Z,scarperia,0.00,0.000,21,ok,2026-10-05T12:53:52Z
2026-08-25T08:10:00Z,scarperia,0.00,0.000,21,ok,2026-10-05T12:53:52Z
2026-08-25T08:05:00Z,scarperia,0.00,0.000,21,ok,2026-10-05T12:53:52Z
2026-08-25T08:00:00Z,scarperia,0.00,0.000,21,ok,2026-10-05T12:53:52Z
2026-08-25T07:55:00Z,scarperia,0.00,0.000,21,ok,2026-10-05T12:53:52Z
2026-08-25T07:50:00Z,scarperia,0.00,0.000,21,ok,2026-10-05T12:53:52Z
2026-08-25T07:45:00Z,scarperia,0.00,0.000,21,ok,2026-10-05T12:53:52Z
2026-08-25T07:40:00Z,scarperia,0.00,0.000,21,ok,2026-10-05T12:53:52Z
2026-08-25T07:35:00Z,scarperia,0.00,0.000,21,ok,2026-10-05T12:53:52Z
2026-08-25T07:30:00Z,scarperia,0.00,0.000,21,ok,2026-10-05T12:53:52Z
2026-08-25T07:25:00Z,scarperia,0.00,0.000,21,ok,2026-10-05T12:53:52Z
2026-08-25T07:20:00Z,scarperia,0.00,0.000,21,ok,2026-10-05T12:53:52Z
2026-08-25T07:15:00Z,scarperia,0.00,0.000,21,ok,2026-10-05T12:53:52Z
2026-08-25T07:10:00Z,scarperia,0.00,0.000,21,ok,2026-10-05T12:53:52Z
2026-08-25T07:05:00Z,scarperia,2.39,1.647,21,ok,2026-10-05T12:53:52Z
2026-08-25T07:00:00Z,scarperia,4.38,3.307,21,ok,2026-10-05T12:53:52Z
2026-08-25T06:55:00Z,scarperia,3.38,3.155,21,ok,2026-10-05T12:53:52Z
2026-08-25T06:50:00Z,scarperia,7.46,5.428,21,ok,2026-10-05T12:53:52Z
2026-08-25T06:45:00Z,scarperia,2.88,1.598,21,ok,2026-10-05T12:53:52Z
2026-08-25T06:40:00Z,scarperia,3.09,2.390,21,ok,2026-10-05T12:53:52Z
2026-08-25T06:35:00Z,scarperia,7.71,1.669,21,ok,2026-10-05T12:53:52Z
2026-08-25T06:30:00Z,scarperia,0.89,0.154,21,ok,2026-10-05T12:53:52Z
2026-08-25T06:25:00Z,scarperia,2.11,0.858,21,ok,2026-10-05T12:53:52Z
2026-08-25T06:20:00Z,scarperia,2.10,1.018,21,ok,2026-10-05T12:53:52Z
2026-08-25T06:15:00Z,scarperia,5.55,1.862,21,ok,2026-10-05T12:53:52Z
2026-08-25T06:10:00Z,scarperia,3.50,1.860,21,ok,2026-10-05T12:53:52Z
2026-08-25T06:05:00Z,scarperia,0.00,0.000,21,ok,2026-10-05T12:53:52Z
2026-08-25T06:00:00Z,scarperia,0.00,0.000,21,ok,2026-10-05T12:53:52Z
2026-08-25T05:55:00Z,scarperia,0.00,0.000,21,ok,2026-10-05T12:53:52Z
2026-08-25T05:50:00Z,scarperia,0.00,0.000,21,ok,2026-10-05T12:53:52Z
2026-08-25T05:45:00Z,scarperia,0.00,0.000,21,ok,2026-10-05T12:53:52Z
2026-08-25T05:40:00Z,scarperia,0.00,0.000,21,ok,2026-10-05T12:53:52Z
2026-08-25T05:35:00Z,scarperia,0.00,0.000,21,ok,2026-10-05T12:53:52Z
2026-08-25T05:30:00Z,scarperia,0.00,0.000,21,ok,2026-10-05T12:53:52Z
2026-08-25T05:25:00Z,scarperia,0.00,0.000,21,ok,2026-10-05T12:53:52Z
2026-08-25T05:20:00Z,scarperia,0.00,0.000,21,ok,2026-10-05T12:53:52Z
2026-08-25T05:15:00Z,scarperia,0.00,0.000,21,ok,2026-10-05T12:53:52Z
2026-08-25T05:10:00Z,scarperia,0.00,0.000,21,ok,2026-10-05T12:53:52Z
2026-08-25T05:05:00Z,scarperia,0.00,0.000,21,ok,2026-10-05T12:53:52Z
2026-08-25T05:00:00Z,scarperia,0.00,0.000,21,ok,2026-10-05T12:53:52Z
2026-08-25T04:55:00Z,scarperia,0.00,0.000,21,ok,2026-10-05T12:53:52Z
2026-08-25T04:50:00Z,scarperia,0.00,0.000,21,ok,2026-10-05T12:53:52Z
2026-08-25T04:45:00Z,scarperia,0.00,0.000,21,ok,2026-10-05T12:53:52Z
2026-08-25T04:40:00Z,scarperia,0.00,0.000,21,ok,2026-10-05T12:53:52Z
2026-08-25T04:35:00Z,scarperia,0.00,0.000,21,ok,2026-10-05T12:53:52Z
2026-08-25T04:30:00Z,scarperia,0.00,0.000,21,ok,2026-10-05T12:53:52Z
2026-08-25T04:25:00Z,scarperia,0.00,0.000,21,ok,2026-10-05T12:53:52Z
2026-08-25T04:20:00Z,scarperia,0.00,0.000,21,ok,2026-10-05T12:53:52Z
2026-08-25T04:15:00Z,scarperia,0.00,0.000,21,ok,2026-10-05T12:53:52Z
2026-08-25T04:10:00Z,scarperia,0.00,0.000,21,ok,2026-10-05T12:53:52Z
2026-08-25T04:05:00Z,scarperia,0.00,0.000,21,ok,2026-10-05T12:53:52Z
2026-08-25T04:00:00Z,scarperia,0.00,0.000,21,ok,2026-10-05T12:53:52Z
2026-08-25T03:55:00Z,scarperia,0.00,0.000,21,ok,2026-10-05T12:53:52Z
2026-08-25T03:50:00Z,scarperia,0.00,0.000,21,ok,2026-10-05T12:53:52Z
2026-08-25T03:45:00Z,scarperia,0.00,0.000,21,ok,2026-10-05T12:53:52Z
2026-08-25T03:40:00Z,scarperia,0.00,0.000,21,ok,2026-10-05T12:53:52Z
2026-08-25T03:35:00Z,scarperia,0.00,0.000,21,ok,2026-10-05T12:53:52Z
2026-08-25T03:30:00Z,scarperia,0.00,0.000,21,ok,2026-10-05T12:53:52Z
2026-08-25T03:25:00Z,scarperia,0.00,0.000,21,ok,2026-10-05T12:53:52Z
2026-08-25T03:20:00Z,scarperia,0.00,0.000,21,ok,2026-10-05T12:53:52Z
2026-08-25T03:15:00Z,scarperia,0.00,0.000,21,ok,2026-10-05T12:53:52Z
2026-08-25T03:10:00Z,scarperia,0.00,0.000,21,ok,2026-10-05T12:53:52Z
2026-08-25T03:05:00Z,scarperia,0.00,0.000,21,ok,2026-10-05T12:53:52Z
2026-08-25T03:00:00Z,scarperia,0.00,0.000,21,ok,2026-10-05T12:53:52Z
2026-08-25T02:55:00Z,scarperia,0.00,0.000,21,ok,2026-10-05T12:53:52Z
2026-08-25T02:50:00Z,scarperia,0.00,0.000,21,ok,2026-10-05T12:53:52Z
2026-08-25T02:45:00Z,scarperia,0.00,0.000,21,ok,2026-10-05T12:53:52Z
2026-08-25T02:40:00Z,scarperia,0.00,0.000,21,ok,2026-10-05T12:53:52Z
2026-08-25T02:35:00Z,scarperia,0.00,0.000,21,ok,2026-10-05T12:53:52Z
2026-08-25T02:30:00Z,scarperia,0.00,0.000,21,ok,2026-10-05T12:53:52Z
2026-08-25T02:25:00Z,scarperia,0.00,0.000,21,ok,2026-10-05T12:53:52Z
2026-08-25T02:20:00Z,scarperia,0.17,0.042,21,ok,2026-10-05T12:53:52Z
2026-08-25T02:15:00Z,scarperia,0.85,0.647,21,ok,2026-10-05T12:53:52Z
2026-08-25T02:10:00Z,scarperia,1.49,1.375,21,ok,2026-10-05T12:53:52Z
2026-08-25T02:05:00Z,scarperia,1.90,1.686,21,ok,2026-10-05T12:53:52Z
2026-08-25T02:00:00Z,scarperia,3.38,2.800,21,ok,2026-10-05T12:53:52Z
2026-08-25T01:55:00Z,scarperia,4.29,4.020,21,ok,2026-10-05T12:53:52Z
2026-08-25T01:50:00Z,scarperia,5.14,3.833,21,ok,2026-10-05T12:53:52Z
2026-08-25T01:45:00Z,scarperia,8.38,6.853,21,ok,2026-10-05T12:53:52Z
2026-08-25T01:40:00Z,scarperia,11.09,10.470,21,ok,2026-10-05T12:53:52Z
2026-08-25T01:35:00Z,scarperia,12.26,10.775,21,ok,2026-10-05T12:53:52Z
2026-08-25T01:30:00Z,scarperia,16.97,13.936,21,ok,2026-10-05T12:53:52Z
2026-08-25T01:25:00Z,scarperia,15.36,13.845,21,ok,2026-10-05T12:53:52Z
2026-08-25T01:20:00Z,scarperia,16.38,14.220,21,ok,2026-10-05T12:53:52Z
2026-08-25T01:15:00Z,scarperia,54.64,23.778,21,ok,2026-10-05T12:53:52Z
2026-08-25T01:10:00Z,scarperia,54.64,29.864,21,ok,2026-10-05T12:53:52Z
2026-08-25T01:05:00Z,scarperia,18.03,13.372,21,ok,2026-10-05T12:53:52Z
2026-08-25T01:00:00Z,scarperia,15.71,14.644,21,ok,2026-10-05T12:53:52Z
2026-08-25T00:55:00Z,scarperia,19.51,17.120,21,ok,2026-10-05T12:53:52Z
2026-08-25T00:50:00Z,scarperia,16.57,15.207,21,ok,2026-10-05T12:53:52Z
2026-08-25T00:45:00Z,scarperia,13.86,12.752,21,ok,2026-10-05T12:53:52Z
2026-08-25T00:40:00Z,scarperia,11.63,10.661,21,ok,2026-10-05T12:53:52Z
2026-08-25T00:35:00Z,scarperia,10.76,8.039,21,ok,2026-10-05T12:53:52Z
2026-08-25T00:30:00Z,scarperia,7.07,6.092,21,ok,2026-10-05T12:53:52Z
2026-08-25T00:25:00Z,scarperia,9.43,6.070,21,ok,2026-10-05T12:53:52Z
2026-08-25T00:20:00Z,scarperia,21.64,14.008,21,ok,2026-10-05T12:53:52Z
2026-08-25T00:15:00Z,scarperia,8.24,7.335,21,ok,2026-10-05T12:53:52Z
2026-08-25T00:10:00Z,scarperia,9.35,8.138,21,ok,2026-10-05T12:53:52Z
2026-08-25T00:05:00Z,scarperia,6.93,6.343,21,ok,2026-10-05T12:53:52Z
2026-08-25T00:00:00Z,scarperia,10.73,10.305,21,ok,2026-10-05T12:53:52Z
2026-08-24T23:55:00Z,scarperia,6.48,4.818,21,ok,2026-10-05T12:53:52Z
2026-08-24T23:50:00Z,scarperia,12.85,10.429,21,ok,2026-10-05T12:53:52Z
2026-08-24T23:45:00Z,scarperia,16.95,12.547,21,ok,2026-10-05T12:53:52Z
2026-08-24T23:40:00Z,scarperia,46.52,31.479,21,ok,2026-10-05T12:53:52Z
2026-08-24T23:35:00Z,scarperia,12.12,3.562,21,ok,2026-10-05T12:53:52Z
2026-08-24T23:30:00Z,scarperia,0.00,0.000,21,ok,2026-10-05T12:53:52Z
2026-08-24T23:25:00Z,scarperia,0.00,0.000,21,ok,2026-10-05T12:53:52Z
2026-08-24T23:20:00Z,scarperia,0.00,0.000,21,ok,2026-10-05T12:53:52Z
2026-08-24T23:15:00Z,scarperia,0.00,0.000,21,ok,2026-10-05T12:53:52Z
2026-08-24T23:10:00Z,scarperia,0.00,0.000,21,ok,2026-10-05T12:53:52Z
2026-08-24T23:05:00Z,scarperia,0.00,0.000,21,ok,2026-10-05T12:53:52Z
2026-08-24T23:00:00Z,scarperia,0.00,0.000,21,ok,2026-10-05T12:53:52Z
2026-08-24T22:55:00Z,scarperia,0.00,0.000,21,ok,2026-10-05T12:53:52Z
2026-08-24T22:50:00Z,scarperia,0.00,0.000,21,ok,2026-10-05T12:53:52Z
2026-08-24T22:45:00Z,scarperia,0.00,0.000,21,ok,2026-10-05T12:53:52Z
2026-08-24T22:40:00Z,scarperia,0.00,0.000,21,ok,2026-10-05T12:53:52Z
2026-08-24T22:35:00Z,scarperia,0.00,0.000,21,ok,2026-10-05T12:53:52Z
2026-08-24T22:30:00Z,scarperia,0.00,0.000,21,ok,2026-10-05T12:53:52Z
2026-08-24T22:25:00Z,scarperia,0.00,0.000,21,ok,2026-10-05T12:53:52Z
2026-08-24T22:20:00Z,scarperia,0.00,0.000,21,ok,2026-10-05T12:53:52Z
2026-08-24T22:15:00Z,scarperia,0.00,0.000,21,ok,2026-10-05T12:53:52Z
2026-08-24T22:10:00Z,scarperia,0.00,0.000,21,ok,2026-10-05T12:53:52Z
2026-08-24T22:05:00Z,scarperia,0.00,0.000,21,ok,2026-10-05T12:53:52Z
2026-08-24T22:00:00Z,scarperia,0.00,0.000,21,ok,2026-10-05T12:53:52Z
2026-08-24T21:55:00Z,scarperia,0.00,0.000,21,ok,2026-10-05T12:53:52Z
2026-08-24T21:50:00Z,scarperia,0.00,0.000,21,ok,2026-10-05T12:53:52Z
2026-08-24T21:45:00Z,scarperia,0.00,0.000,21,ok,2026-10-05T12:53:52Z
2026-08-24T21:40:00Z,scarperia,0.00,0.000,21,ok,2026-10-05T12:53:52Z
2026-08-24T21:35:00Z,scarperia,0.00,0.000,21,ok,2026-10-05T12:53:52Z
2026-08-24T21:30:00Z,scarperia,0.00,0.000,21,ok,2026-10-05T12:53:52Z
2026-08-24T21:25:00Z,scarperia,0.00,0.000,21,ok,2026-10-05T12:53:52Z
2026-08-24T21:20:00Z,scarperia,0.00,0.000,21,ok,2026-10-05T12:53:52Z
2026-08-24T21:15:00Z,scarperia,0.00,0.000,21,ok,2026-10-05T12:53:52Z
2026-08-24T21:10:00Z,scarperia,0.00,0.000,21,ok,2026-10-05T12:53:52Z
2026-08-24T21:05:00Z,scarperia,0.00,0.000,21,ok,2026-10-05T12:53:52Z
2026-08-24T21:00:00Z,scarperia,0.00,0.000,21,ok,2026-10-05T12:53:52Z
2026-08-24T20:55:00Z,scarperia,0.00,0.000,21,ok,2026-10-05T12:53:52Z
2026-08-24T20:50:00Z,scarperia,0.00,0.000,21,ok,2026-10-05T12:53:52Z
2026-08-24T20:45:00Z,scarperia,0.00,0.000,21,ok,2026-10-05T12:53:52Z
2026-08-24T20:40:00Z,scarperia,0.00,0.000,21,ok,2026-10-05T12:53:52Z
2026-08-24T20:35:00Z,scarperia,0.00,0.000,21,ok,2026-10-05T12:53:52Z
2026-08-24T20:30:00Z,scarperia,0.00,0.000,21,ok,2026-10-05T12:53:52Z
2026-08-24T20:25:00Z,scarperia,0.00,0.000,21,ok,2026-10-05T12:53:52Z
2026-08-24T20:20:00Z,scarperia,0.00,0.000,21,ok,2026-10-05T12:53:52Z
2026-08-24T20:15:00Z,scarperia,0.00,0.000,21,ok,2026-10-05T12:53:52Z
2026-08-24T20:10:00Z,scarperia,0.00,0.000,21,ok,2026-10-05T12:53:52Z
2026-08-24T20:05:00Z,scarperia,0.00,0.000,21,ok,2026-10-05T12:53:52Z
2026-08-24T20:00:00Z,scarperia,0.00,0.000,21,ok,2026-10-05T12:53:52Z
2026-08-24T19:55:00Z,scarperia,0.00,0.000,21,ok,2026-10-05T12:53:52Z
2026-08-24T19:50:00Z,scarperia,0.00,0.000,21,ok,2026-10-05T12:53:52Z
2026-08-24T19:45:00Z,scarperia,0.00,0.000,21,ok,2026-10-05T12:53:52Z
2026-08-24T19:40:00Z,scarperia,0.00,0.000,21,ok,2026-10-05T12:53:52Z
2026-08-24T19:35:00Z,scarperia,0.00,0.000,21,ok,2026-10-05T12:53:52Z
2026-08-23T09:20:00Z,scarperia,0.00,0.000,21,ok,2026-10-05T12:53:52Z
2026-08-23T09:15:00Z,scarperia,0.00,0.000,21,ok,2026-10-05T12:53:52Z
2026-08-23T09:10:00Z,scarperia,0.00,0.000,21,ok,2026-10-05T12:53:52Z
2026-08-23T09:05:00Z,scarperia,0.00,0.000,21,ok,2026-10-05T12:53:52Z
2026-08-23T09:00:00Z,scarperia,0.00,0.000,21,ok,2026-10-05T12:53:52Z
2026-08-23T08:55:00Z,scarperia,0.00,0.000,21,ok,2026-10-05T12:53:52Z
2026-08-23T08:50:00Z,scarperia,0.00,0.000,21,ok,2026-10-05T12:53:52Z
2026-08-23T08:45:00Z,scarperia,0.00,0.000,21,ok,2026-10-05T12:53:52Z
2026-08-23T08:40:00Z,scarperia,0.00,0.000,21,ok,2026-10-05T12:53:52Z
2026-08-23T08:35:00Z,scarperia,0.00,0.000,21,ok,2026-10-05T12:53:52Z
2026-08-23T08:30:00Z,scarperia,0.00,0.000,21,ok,2026-10-05T12:53:52Z
2026-08-23T08:25:00Z,scarperia,0.00,0.000,21,ok,2026-10-05T12:53:52Z
2026-08-23T08:20:00Z,scarperia,0.00,0.000,21,ok,2026-10-05T12:53:52Z
2026-08-23T08:15:00Z,scarperia,0.00,0.000,21,ok,2026-10-05T12:53:52Z
2026-08-23T08:10:00Z,scarperia,0.00,0.000,21,ok,2026-10-05T12:53:52Z
2026-08-23T08:05:00Z,scarperia,0.00,0.000,21,ok,2026-10-05T12:53:52Z
2026-08-23T08:00:00Z,scarperia,0.00,0.000,21,ok,2026-10-05T12:53:52Z
2026-08-23T07:55:00Z,scarperia,0.00,0.000,21,ok,2026-10-05T12:53:52Z
2026-08-23T07:50:00Z,scarperia,0.00,0.000,21,ok,2026-10-05T12:53:52Z
2026-08-23T07:45:00Z,scarperia,0.00,0.000,21,ok,2026-10-05T12:53:52Z
2026-08-23T07:40:00Z,scarperia,0.00,0.000,21,ok,2026-10-05T12:53:52Z
2026-08-23T07:35:00Z,scarperia,0.00,0.000,21,ok,2026-10-05T12:53:52Z
2026-08-23T07:30:00Z,scarperia,0.00,0.000,21,ok,2026-10-05T12:53:52Z
2026-08-23T07:25:00Z,scarperia,0.00,0.000,21,ok,2026-10-05T12:53:52Z
2026-08-23T07:20:00Z,scarperia,0.00,0.000,21,ok,2026-10-05T12:53:52Z
2026-08-23T07:15:00Z,scarperia,0.00,0.000,21,ok,2026-10-05T12:53:52Z
2026-08-23T07:10:00Z,scarperia,0.00,0.000,21,ok,2026-10-05T12:53:52Z
2026-08-23T07:05:00Z,scarperia,0.00,0.000,21,ok,2026-10-05T12:53:52Z
2026-08-23T07:00:00Z,scarperia,0.00,0.000,21,ok,2026-10-05T12:53:52Z
2026-08-23T06:55:00Z,scarperia,0.00,0.000,21,ok,2026-10-05T12:53:52Z
2026-08-23T06:50:00Z,scarperia,0.00,0.000,21,ok,2026-10-05T12:53:52Z
2026-08-23T06:45:00Z,scarperia,0.00,0.000,21,ok,2026-10-05T12:53:52Z
2026-08-23T06:40:00Z,scarperia,0.00,0.000,21,ok,2026-10-05T12:53:52Z
2026-08-23T06:35:00Z,scarperia,0.00,0.000,21,ok,2026-10-05T12:53:52Z
2026-08-23T06:30:00Z,scarperia,0.00,0.000,21,ok,2026-10-05T12:53:52Z
2026-08-23T06:25:00Z,scarperia,0.00,0.000,21,ok,2026-10-05T12:53:52Z
2026-08-23T06:20:00Z,scarperia,0.00,0.000,21,ok,2026-10-05T12:53:52Z
2026-08-23T06:15:00Z,scarperia,0.00,0.000,21,ok,2026-10-05T12:53:52Z
2026-08-21T19:00:00Z,scarperia,0.00,0.000,21,ok,2026-10-05T12:53:52Z
2026-08-21T18:55:00Z,scarperia,0.00,0.000,21,ok,2026-10-05T12:53:52Z
2026-08-21T18:50:00Z,scarperia,0.00,0.000,21,ok,2026-10-05T12:53:52Z
2026-08-21T18:45:00Z,scarperia,0.00,0.000,21,ok,2026-10-05T12:53:52Z
2026-08-21T18:40:00Z,scarperia,0.00,0.000,21,ok,2026-10-05T12:53:52Z
2026-08-21T18:35:00Z,scarperia,0.00,0.000,21,ok,2026-10-05T12:53:52Z
2026-08-21T18:30:00Z,scarperia,0.00,0.000,21,ok,2026-10-05T12:53:52Z
2026-08-21T18:25:00Z,scarperia,0.00,0.000,21,ok,2026-10-05T12:53:52Z
2026-08-21T18:20:00Z,scarperia,0.00,0.000,21,ok,2026-10-05T12:53:52Z
2026-08-21T18:15:00Z,scarperia,0.00,0.000,21,ok,2026-10-05T12:53:52Z
2026-08-21T18:10:00Z,scarperia,0.00,0.000,21,ok,2026-10-05T12:53:52Z
2026-08-21T18:05:00Z,scarperia,0.00,0.000,21,ok,2026-10-05T12:53:52Z
2026-08-21T18:00:00Z,scarperia,0.00,0.000,21,ok,2026-10-05T12:53:52Z
2026-08-21T17:55:00Z,scarperia,0.00,0.000,21,ok,2026-10-05T12:53:52Z
2026-08-21T17:50:00Z,scarperia,0.00,0.000,21,ok,2026-10-05T12:53:52Z
2026-08-21T17:45:00Z,scarperia,0.00,0.000,21,ok,2026-10-05T12:53:52Z
2026-08-21T17:40:00Z,scarperia,0.00,0.000,21,ok,2026-10-05T12:53:52Z
2026-08-21T17:35:00Z,scarperia,0.00,0.000,21,ok,2026-10-05T12:53:52Z
2026-08-21T17:30:00Z,scarperia,0.69,0.268,21,ok,2026-10-05T12:53:52Z
2026-08-21T17:25:00Z,scarperia,0.00,0.000,21,ok,2026-10-05T12:53:52Z
2026-08-21T17:20:00Z,scarperia,0.96,0.336,21,ok,2026-10-05T12:53:52Z
2026-08-21T17:15:00Z,scarperia,0.96,0.210,21,ok,2026-10-05T12:53:52Z
2026-08-21T17:10:00Z,scarperia,0.00,0.000,21,ok,2026-10-05T12:53:52Z
2026-08-21T17:05:00Z,scarperia,0.00,0.000,21,ok,2026-10-05T12:53:52Z
2026-08-21T17:00:00Z,scarperia,0.00,0.000,21,ok,2026-10-05T12:53:52Z
2026-08-21T16:55:00Z,scarperia,0.00,0.000,21,ok,2026-10-05T12:53:52Z
2026-08-21T16:50:00Z,scarperia,0.00,0.000,21,ok,2026-10-05T12:53:52Z
2026-08-21T16:45:00Z,scarperia,0.00,0.000,21,ok,2026-10-05T12:53:52Z
2026-08-21T16:40:00Z,scarperia,0.76,0.252,21,ok,2026-10-05T12:53:52Z
2026-08-21T16:35:00Z,scarperia,0.83,0.201,21,ok,2026-10-05T12:53:52Z
2026-08-21T16:30:00Z,scarperia,1.10,0.333,21,ok,2026-10-05T12:53:52Z
2026-08-21T16:25:00Z,scarperia,3.98,1.076,21,ok,2026-10-05T12:53:52Z
2026-08-21T16:20:00Z,scarperia,4.51,3.379,21,ok,2026-10-05T12:53:52Z
2026-08-21T16:15:00Z,scarperia,3.61,2.550,21,ok,2026-10-05T12:53:52Z
2026-08-21T16:10:00Z,scarperia,6.95,2.491,21,ok,2026-10-05T12:53:52Z
2026-08-21T16:05:00Z,scarperia,5.09,2.768,21,ok,2026-10-05T12:53:52Z
2026-08-21T16:00:00Z,scarperia,7.21,3.207,21,ok,2026-10-05T12:53:52Z
2026-08-21T15:55:00Z,scarperia,8.24,4.363,21,ok,2026-10-05T12:53:52Z
2026-08-21T15:50:00Z,scarperia,3.72,3.087,21,ok,2026-10-05T12:53:52Z
2026-08-21T15:45:00Z,scarperia,2.33,1.781,21,ok,2026-10-05T12:53:52Z
2026-08-21T15:40:00Z,scarperia,7.28,4.072,21,ok,2026-10-05T12:53:52Z
2026-08-21T15:35:00Z,scarperia,4.39,1.126,21,ok,2026-10-05T12:53:52Z
2026-08-21T15:30:00Z,scarperia,1.53,0.980,21,ok,2026-10-05T12:53:52Z
2026-08-21T15:25:00Z,scarperia,2.46,1.737,21,ok,2026-10-05T12:53:52Z
2026-08-21T15:20:00Z,scarperia,1.58,1.202,21,ok,2026-10-05T12:53:52Z
2026-08-21T15:15:00Z,scarperia,1.45,1.242,21,ok,2026-10-05T12:53:52Z
2026-08-21T15:10:00Z,scarperia,1.48,0.747,21,ok,2026-10-05T12:53:52Z
2026-08-21T15:05:00Z,scarperia,2.71,1.261,21,ok,2026-10-05T12:53:52Z
2026-08-21T15:00:00Z,scarperia,9.07,5.050,21,ok,2026-10-05T12:53:52Z
2026-08-21T14:55:00Z,scarperia,19.17,12.531,21,ok,2026-10-05T12:53:52Z
2026-08-21T14:50:00Z,scarperia,13.10,9.367,21,ok,2026-10-05T12:53:52Z
2026-08-21T14:45:00Z,scarperia,11.53,9.111,21,ok,2026-10-05T12:53:52Z
2026-08-21T14:40:00Z,scarperia,7.55,5.409,21,ok,2026-10-05T12:53:52Z
2026-08-21T14:35:00Z,scarperia,4.11,1.809,21,ok,2026-10-05T12:53:52Z
2026-08-21T14:30:00Z,scarperia,2.47,1.860,21,ok,2026-10-05T12:53:52Z
2026-08-21T14:25:00Z,scarperia,2.23,0.757,21,ok,2026-10-05T12:53:52Z
2026-08-21T14:20:00Z,scarperia,3.80,1.720,21,ok,2026-10-05T12:53:52Z
2026-08-21T14:15:00Z,scarperia,3.80,1.765,21,ok,2026-10-05T12:53:52Z
2026-08-21T14:10:00Z,scarperia,4.12,2.832,21,ok,2026-10-05T12:53:52Z
2026-08-21T14:05:00Z,scarperia,2.73,1.738,21,ok,2026-10-05T12:53:52Z
2026-08-21T14:00:00Z,scarperia,0.00,0.000,21,ok,2026-10-05T12:53:52Z
2026-08-21T13:55:00Z,scarperia,0.00,0.000,21,ok,2026-10-05T12:53:52Z
2026-08-21T13:50:00Z,scarperia,0.58,0.055,21,ok,2026-10-05T12:53:52Z
2026-08-21T13:45:00Z,scarperia,1.62,1.049,21,ok,2026-10-05T12:53:52Z
2026-08-21T13:40:00Z,scarperia,2.03,1.062,21,ok,2026-10-05T12:53:52Z
2026-08-21T13:35:00Z,scarperia,0.00,0.000,21,ok,2026-10-05T12:53:52Z
2026-08-21T13:30:00Z,scarperia,0.00,0.000,21,ok,2026-10-05T12:53:52Z
2026-08-21T13:25:00Z,scarperia,0.00,0.000,21,ok,2026-10-05T12:53:52Z
2026-08-21T13:20:00Z,scarperia,0.00,0.000,21,ok,2026-10-05T12:53:52Z
2026-08-21T13:15:00Z,scarperia,0.00,0.000,21,ok,2026-10-05T12:53:52Z
2026-08-21T13:10:00Z,scarperia,0.00,0.000,21,ok,2026-10-05T12:53:52Z
2026-08-21T13:05:00Z,scarperia,0.00,0.000,21,ok,2026-10-05T12:53:52Z
2026-08-21T13:00:00Z,scarperia,0.00,0.000,21,ok,2026-10-05T12:53:52Z
2026-08-21T12:55:00Z,scarperia,0.00,0.000,21,ok,2026-10-05T12:53:52Z
2026-08-21T12:50:00Z,scarperia,0.00,0.000,21,ok,2026-10-05T12:53:52Z
2026-08-21T12:45:00Z,scarperia,0.00,0.000,21,ok,2026-10-05T12:53:52Z
2026-08-21T12:40:00Z,scarperia,0.00,0.000,21,ok,2026-10-05T12:53:52Z
2026-08-21T12:35:00Z,scarperia,0.00,0.000,21,ok,2026-10-05T12:53:52Z
2026-08-21T12:30:00Z,scarperia,0.00,0.000,21,ok,2026-10-05T12:53:52Z
2026-08-21T12:25:00Z,scarperia,0.86,0.648,21,ok,2026-10-05T12:53:52Z
2026-08-21T12:20:00Z,scarperia,0.84,0.755,21,ok,2026-10-05T12:53:52Z
2026-08-21T12:15:00Z,scarperia,1.72,1.630,21,ok,2026-10-05T12:53:52Z
2026-08-21T12:10:00Z,scarperia,2.95,2.227,21,ok,2026-10-05T12:53:52Z
2026-08-21T12:05:00Z,scarperia,3.10,2.445,21,ok,2026-10-05T12:53:52Z
2026-08-21T12:00:00Z,scarperia,2.65,2.515,21,ok,2026-10-05T12:53:52Z
2026-08-21T11:55:00Z,scarperia,3.30,2.433,21,ok,2026-10-05T12:53:52Z
2026-08-21T11:50:00Z,scarperia,5.05,3.376,21,ok,2026-10-05T12:53:52Z
2026-08-21T11:45:00Z,scarperia,3.94,3.321,21,ok,2026-10-05T12:53:52Z
2026-08-21T11:40:00Z,scarperia,9.05,6.405,21,ok,2026-10-05T12:53:52Z
2026-08-21T11:35:00Z,scarperia,71.72,30.955,21,ok,2026-10-05T12:53:52Z
2026-08-21T11:30:00Z,scarperia,71.72,32.389,21,ok,2026-10-05T12:53:52Z
2026-08-21T11:25:00Z,scarperia,49.96,39.660,21,ok,2026-10-05T12:53:52Z
2026-08-21T11:20:00Z,scarperia,50.21,44.367,21,ok,2026-10-05T12:53:52Z
2026-08-21T11:15:00Z,scarperia,43.77,22.602,21,ok,2026-10-05T12:53:52Z
2026-08-21T11:10:00Z,scarperia,26.25,7.800,21,ok,2026-10-05T12:53:52Z
2026-08-21T11:05:00Z,scarperia,21.71,6.438,21,ok,2026-10-05T12:53:52Z
2026-08-21T11:00:00Z,scarperia,6.31,1.065,21,ok,2026-10-05T12:53:52Z
2026-08-21T10:55:00Z,scarperia,1.99,0.615,21,ok,2026-10-05T12:53:52Z
2026-08-21T10:50:00Z,scarperia,0.39,0.056,21,ok,2026-10-05T12:53:52Z
2026-08-21T10:45:00Z,scarperia,0.45,0.318,21,ok,2026-10-05T12:53:52Z
2026-08-21T10:40:00Z,scarperia,0.38,0.034,21,ok,2026-10-05T12:53:52Z
2026-08-21T10:35:00Z,scarperia,0.00,0.000,21,ok,2026-10-05T12:53:52Z
2026-08-21T10:30:00Z,scarperia,0.00,0.000,21,ok,2026-10-05T12:53:52Z
2026-08-21T10:25:00Z,scarperia,0.00,0.000,21,ok,2026-10-05T12:53:52Z
2026-08-21T10:20:00Z,scarperia,0.00,0.000,21,ok,2026-10-05T12:53:52Z
2026-08-21T10:15:00Z,scarperia,0.00,0.000,21,ok,2026-10-05T12:53:52Z
2026-08-21T10:10:00Z,scarperia,0.00,0.000,21,ok,2026-10-05T12:53:52Z
2026-08-21T10:05:00Z,scarperia,0.00,0.000,21,ok,2026-10-05T12:53:52Z
2026-08-21T10:00:00Z,scarperia,0.00,0.000,21,ok,2026-10-05T12:53:52Z
2026-08-21T09:55:00Z,scarperia,0.00,0.000,21,ok,2026-10-05T12:53:52Z
2026-08-21T09:50:00Z,scarperia,0.00,0.000,21,ok,2026-10-05T12:53:52Z
2026-08-21T09:45:00Z,scarperia,0.00,0.000,21,ok,2026-10-05T12:53:52Z
2026-08-21T09:40:00Z,scarperia,0.00,0.000,21,ok,2026-10-05T12:53:52Z
2026-08-21T09:35:00Z,scarperia,0.00,0.000,21,ok,2026-10-05T12:53:52Z
2026-08-21T09:30:00Z,scarperia,0.00,0.000,21,ok,2026-10-05T12:53:52Z
2026-08-21T09:25:00Z,scarperia,0.00,0.000,21,ok,2026-10-05T12:53:52Z
2026-08-21T09:20:00Z,scarperia,0.00,0.000,21,ok,2026-10-05T12:53:52Z
2026-08-21T09:15:00Z,scarperia,0.00,0.000,21,ok,2026-10-05T12:53:52Z
2026-08-21T09:10:00Z,scarperia,0.00,0.000,21,ok,2026-10-05T12:53:52Z
2026-08-21T09:05:00Z,scarperia,0.00,0.000,21,ok,2026-10-05T12:53:52Z
2026-08-21T09:00:00Z,scarperia,0.00,0.000,21,ok,2026-10-05T12:53:52Z
2026-08-21T08:55:00Z,scarperia,0.00,0.000,21,ok,2026-10-05T12:53:52Z
2026-08-21T08:50:00Z,scarperia,0.00,0.000,21,ok,2026-10-05T12:53:52Z
2026-08-21T08:45:00Z,scarperia,0.00,0.000,21,ok,2026-10-05T12:53:52Z
2026-08-21T08:40:00Z,scarperia,0.00,0.000,21,ok,2026-10-05T12:53:52Z
2026-08-21T08:35:00Z,scarperia,0.00,0.000,21,ok,2026-10-05T12:53:52Z
2026-08-21T08:30:00Z,scarperia,0.00,0.000,21,ok,2026-10-05T12:53:52Z
2026-08-21T08:25:00Z,scarperia,0.00,0.000,21,ok,2026-10-05T12:53:52Z
2026-08-21T08:20:00Z,scarperia,0.00,0.000,21,ok,2026-10-05T12:53:52Z
2026-08-21T08:15:00Z,scarperia,0.00,0.000,21,ok,2026-10-05T12:53:52Z
2026-08-21T08:10:00Z,scarperia,0.00,0.000,21,ok,2026-10-05T12:53:52Z
2026-08-21T08:05:00Z,scarperia,0.00,0.000,21,ok,2026-10-05T12:53:52Z
2026-08-21T08:00:00Z,scarperia,0.00,0.000,21,ok,2026-10-05T12:53:52Z
2026-08-21T07:55:00Z,scarperia,24.12,11.576,21,ok,2026-10-05T12:53:52Z
2026-08-21T07:50:00Z,scarperia,27.46,15.898,21,ok,2026-10-05T12:53:52Z
2026-08-21T07:45:00Z,scarperia,4.66,3.604,21,ok,2026-10-05T12:53:52Z
2026-08-21T07:40:00Z,scarperia,6.39,5.955,21,ok,2026-10-05T12:53:52Z
2026-08-21T07:35:00Z,scarperia,8.29,6.637,21,ok,2026-10-05T12:53:52Z
2026-08-21T07:30:00Z,scarperia,7.13,6.365,21,ok,2026-10-05T12:53:52Z
2026-08-21T07:25:00Z,scarperia,5.28,3.371,21,ok,2026-10-05T12:53:52Z
2026-08-21T07:20:00Z,scarperia,3.78,3.264,21,ok,2026-10-05T12:53:52Z
2026-08-21T07:15:00Z,scarperia,3.13,2.527,21,ok,2026-10-05T12:53:52Z
2026-08-21T07:10:00Z,scarperia,4.51,2.214,21,ok,2026-10-05T12:53:52Z
2026-08-21T07:05:00Z,scarperia,1.08,0.421,21,ok,2026-10-05T12:53:52Z
2026-08-21T07:00:00Z,scarperia,6.00,0.788,21,ok,2026-10-05T12:53:52Z
2026-08-21T06:55:00Z,scarperia,0.41,0.039,21,ok,2026-10-05T12:53:52Z
2026-08-21T06:50:00Z,scarperia,0.00,0.000,21,ok,2026-10-05T12:53:52Z
2026-08-21T06:45:00Z,scarperia,1.80,0.769,21,ok,2026-10-05T12:53:52Z
2026-08-21T06:40:00Z,scarperia,8.59,5.936,21,ok,2026-10-05T12:53:52Z
2026-08-21T06:35:00Z,scarperia,9.74,4.665,21,ok,2026-10-05T12:53:52Z
2026-08-21T06:30:00Z,scarperia,2.24,1.179,21,ok,2026-10-05T12:53:52Z
2026-08-21T06:25:00Z,scarperia,1.50,1.305,21,ok,2026-10-05T12:53:52Z
2026-08-21T06:20:00Z,scarperia,2.12,1.517,21,ok,2026-10-05T12:53:52Z
2026-08-21T06:15:00Z,scarperia,2.88,2.183,21,ok,2026-10-05T12:53:52Z
2026-08-21T06:10:00Z,scarperia,3.10,2.395,21,ok,2026-10-05T12:53:52Z
2026-08-21T06:05:00Z,scarperia,2.95,2.367,21,ok,2026-10-05T12:53:52Z
2026-08-21T06:00:00Z,scarperia,2.91,2.060,21,ok,2026-10-05T12:53:52Z
2026-08-21T05:55:00Z,scarperia,2.00,1.761,21,ok,2026-10-05T12:53:52Z
2026-08-21T05:50:00Z,scarperia,2.84,2.170,21,ok,2026-10-05T12:53:52Z
2026-08-21T05:45:00Z,scarperia,2.12,1.293,21,ok,2026-10-05T12:53:52Z
2026-08-21T05:40:00Z,scarperia,2.14,1.492,21,ok,2026-10-05T12:53:52Z
2026-08-21T05:35:00Z,scarperia,2.83,1.421,21,ok,2026-10-05T12:53:52Z
2026-08-21T05:30:00Z,scarperia,2.14,1.461,21,ok,2026-10-05T12:53:52Z
2026-08-21T05:25:00Z,scarperia,1.15,1.022,21,ok,2026-10-05T12:53:52Z
2026-08-21T05:20:00Z,scarperia,1.29,1.090,21,ok,2026-10-05T12:53:52Z
2026-08-21T05:15:00Z,scarperia,1.08,0.871,21,ok,2026-10-05T12:53:52Z
2026-08-21T05:10:00Z,scarperia,0.00,0.000,21,ok,2026-10-05T12:53:52Z
2026-08-21T05:05:00Z,scarperia,0.00,0.000,21,ok,2026-10-05T12:53:52Z
2026-08-21T05:00:00Z,scarperia,0.00,0.000,21,ok,2026-10-05T12:53:52Z
2026-08-21T04:55:00Z,scarperia,0.00,0.000,21,ok,2026-10-05T12:53:52Z
2026-08-21T04:50:00Z,scarperia,0.00,0.000,21,ok,2026-10-05T12:53:52Z
2026-08-21T04:45:00Z,scarperia,0.00,0.000,21,ok,2026-10-05T12:53:52Z
2026-08-21T04:40:00Z,scarperia,0.00,0.000,21,ok,2026-10-05T12:53:52Z
2026-08-20T22:30:00Z,scarperia,0.00,0.000,21,ok,2026-10-05T12:53:52Z
2026-08-20T22:25:00Z,scarperia,0.00,0.000,21,ok,2026-10-05T12:53:52Z
2026-08-20T22:20:00Z,scarperia,0.00,0.000,21,ok,2026-10-05T12:53:52Z
2026-08-20T22:15:00Z,scarperia,0.00,0.000,21,ok,2026-10-05T12:53:52Z
2026-08-20T22:10:00Z,scarperia,0.00,0.000,21,ok,2026-10-05T12:53:52Z
2026-08-20T22:05:00Z,scarperia,0.00,0.000,21,ok,2026-10-05T12:53:52Z
2026-08-20T22:00:00Z,scarperia,0.00,0.000,21,ok,2026-10-05T12:53:52Z
2026-08-20T21:55:00Z,scarperia,0.00,0.000,21,ok,2026-10-05T12:53:52Z
2026-08-20T21:50:00Z,scarperia,0.00,0.000,21,ok,2026-10-05T12:53:52Z
2026-08-20T21:45:00Z,scarperia,0.00,0.000,21,ok,2026-10-05T12:53:52Z
2026-08-20T21:40:00Z,scarperia,0.00,0.000,21,ok,2026-10-05T12:53:52Z
2026-08-20T21:35:00Z,scarperia,0.00,0.000,21,ok,2026-10-05T12:53:52Z
2026-08-20T21:30:00Z,scarperia,0.00,0.000,21,ok,2026-10-05T12:53:52Z
2026-08-20T21:25:00Z,scarperia,0.00,0.000,21,ok,2026-10-05T12:53:52Z
2026-08-20T21:20:00Z,scarperia,0.00,0.000,21,ok,2026-10-05T12:53:52Z
2026-08-20T21:15:00Z,scarperia,0.00,0.000,21,ok,2026-10-05T12:53:52Z
2026-08-20T21:10:00Z,scarperia,0.91,0.303,21,ok,2026-10-05T12:53:52Z
2026-08-20T21:05:00Z,scarperia,1.29,0.890,21,ok,2026-10-05T12:53:52Z
2026-08-20T21:00:00Z,scarperia,7.67,4.696,21,ok,2026-10-05T12:53:52Z
2026-08-20T20:55:00Z,scarperia,5.96,3.422,21,ok,2026-10-05T12:53:52Z
2026-08-20T20:50:00Z,scarperia,0.46,0.259,21,ok,2026-10-05T12:53:52Z
2026-08-20T20:45:00Z,scarperia,0.16,0.076,21,ok,2026-10-05T12:53:52Z
2026-08-20T20:40:00Z,scarperia,0.60,0.436,21,ok,2026-10-05T12:53:52Z
2026-08-20T20:35:00Z,scarperia,0.72,0.591,21,ok,2026-10-05T12:53:52Z
2026-08-20T20:30:00Z,scarperia,0.56,0.049,21,ok,2026-10-05T12:53:52Z
2026-08-20T20:25:00Z,scarperia,2.41,1.283,21,ok,2026-10-05T12:53:52Z
2026-08-20T20:20:00Z,scarperia,4.78,4.090,21,ok,2026-10-05T12:53:52Z
2026-08-20T20:15:00Z,scarperia,3.97,3.855,21,ok,2026-10-05T12:53:52Z
2026-08-20T20:10:00Z,scarperia,3.15,2.997,21,ok,2026-10-05T12:53:52Z
2026-08-20T20:05:00Z,scarperia,2.31,2.032,21,ok,2026-10-05T12:53:52Z
2026-08-20T20:00:00Z,scarperia,4.51,3.448,21,ok,2026-10-05T12:53:52Z
2026-08-20T19:55:00Z,scarperia,9.64,6.369,21,ok,2026-10-05T12:53:52Z
2026-08-20T19:50:00Z,scarperia,6.07,4.273,21,ok,2026-10-05T12:53:52Z
2026-08-20T19:45:00Z,scarperia,7.19,4.739,21,ok,2026-10-05T12:53:52Z
2026-08-20T19:40:00Z,scarperia,7.72,6.403,21,ok,2026-10-05T12:53:52Z
2026-08-20T19:35:00Z,scarperia,12.53,8.781,21,ok,2026-10-05T12:53:52Z
2026-08-20T19:30:00Z,scarperia,15.85,12.256,21,ok,2026-10-05T12:53:52Z
2026-08-20T19:25:00Z,scarperia,46.52,35.231,21,ok,2026-10-05T12:53:52Z
2026-08-20T19:20:00Z,scarperia,40.49,35.050,21,ok,2026-10-05T12:53:52Z
2026-08-20T19:15:00Z,scarperia,23.74,15.457,21,ok,2026-10-05T12:53:52Z
2026-08-20T19:10:00Z,scarperia,21.88,10.050,21,ok,2026-10-05T12:53:52Z
2026-08-20T19:05:00Z,scarperia,4.36,2.900,21,ok,2026-10-05T12:53:52Z
2026-08-20T19:00:00Z,scarperia,1.83,1.484,21,ok,2026-10-05T12:53:52Z
2026-08-20T18:55:00Z,scarperia,2.60,2.365,21,ok,2026-10-05T12:53:52Z
2026-08-20T18:50:00Z,scarperia,1.94,1.437,21,ok,2026-10-05T12:53:52Z
2026-08-20T18:45:00Z,scarperia,3.12,2.110,21,ok,2026-10-05T12:53:52Z
2026-08-20T18:40:00Z,scarperia,3.51,3.075,21,ok,2026-10-05T12:53:52Z
2026-08-20T18:35:00Z,scarperia,2.74,1.220,21,ok,2026-10-05T12:53:52Z
2026-08-20T18:30:00Z,scarperia,0.90,0.528,21,ok,2026-10-05T12:53:52Z
2026-08-20T18:25:00Z,scarperia,0.55,0.173,21,ok,2026-10-05T12:53:52Z
2026-08-20T18:20:00Z,scarperia,0.00,0.000,21,ok,2026-10-05T12:53:52Z
2026-08-20T18:15:00Z,scarperia,0.00,0.000,21,ok,2026-10-05T12:53:52Z
2026-08-20T18:10:00Z,scarperia,0.00,0.000,21,ok,2026-10-05T12:53:52Z
2026-08-20T18:05:00Z,scarperia,0.00,0.000,21,ok,2026-10-05T12:53:52Z
2026-08-20T18:00:00Z,scarperia,0.00,0.000,21,ok,2026-10-05T12:53:52Z
2026-08-20T17:55:00Z,scarperia,0.00,0.000,21,ok,2026-10-05T12:53:52Z
2026-08-20T17:50:00Z,scarperia,0.00,0.000,21,ok,2026-10-05T12:53:52Z
2026-08-20T17:45:00Z,scarperia,0.00,0.000,21,ok,2026-10-05T12:53:52Z
2026-08-20T17:40:00Z,scarperia,0.00,0.000,21,ok,2026-10-05T12:53:52Z
2026-08-20T17:35:00Z,scarperia,0.00,0.000,21,ok,2026-10-05T12:53:52Z
2026-08-20T17:30:00Z,scarperia,0.00,0.000,21,ok,2026-10-05T12:53:52Z
2026-08-20T17:25:00Z,scarperia,0.00,0.000,21,ok,2026-10-05T12:53:52Z
2026-08-20T17:20:00Z,scarperia,0.00,0.000,21,ok,2026-10-05T12:53:52Z
2026-08-20T17:15:00Z,scarperia,0.00,0.000,21,ok,2026-10-05T12:53:52Z
2026-08-20T17:10:00Z,scarperia,0.00,0.000,21,ok,2026-10-05T12:53:52Z
2026-08-20T17:05:00Z,scarperia,0.00,0.000,21,ok,2026-10-05T12:53:52Z
2026-08-20T17:00:00Z,scarperia,0.00,0.000,21,ok,2026-10-05T12:53:52Z
2026-08-20T16:55:00Z,scarperia,0.00,0.000,21,ok,2026-10-05T12:53:52Z
2026-08-20T16:50:00Z,scarperia,0.00,0.000,21,ok,2026-10-05T12:53:52Z
2026-08-20T16:45:00Z,scarperia,0.00,0.000,21,ok,2026-10-05T12:53:52Z
2026-08-20T16:40:00Z,scarperia,0.00,0.000,21,ok,2026-10-05T12:53:52Z
2026-08-20T16:35:00Z,scarperia,0.00,0.000,21,ok,2026-10-05T12:53:52Z
2026-08-20T16:30:00Z,scarperia,0.00,0.000,21,ok,2026-10-05T12:53:52Z
2026-08-20T16:25:00Z,scarperia,0.00,0.000,21,ok,2026-10-05T12:53:52Z
2026-08-20T16:20:00Z,scarperia,0.00,0.000,21,ok,2026-10-05T12:53:52Z
2026-08-20T16:15:00Z,scarperia,0.00,0.000,21,ok,2026-10-05T12:53:52Z
2026-08-20T16:10:00Z,scarperia,0.00,0.000,21,ok,2026-10-05T12:53:52Z
2026-08-20T16:05:00Z,scarperia,0.00,0.000,21,ok,2026-10-05T12:53:52Z
2026-08-20T16:00:00Z,scarperia,0.20,0.094,21,ok,2026-10-05T12:53:52Z
2026-08-20T15:55:00Z,scarperia,0.82,0.718,21,ok,2026-10-05T12:53:52Z
2026-08-20T15:50:00Z,scarperia,0.87,0.798,21,ok,2026-10-05T12:53:52Z
2026-08-20T15:45:00Z,scarperia,1.25,0.673,21,ok,2026-10-05T12:53:52Z
2026-08-20T15:40:00Z,scarperia,0.00,0.000,21,ok,2026-10-05T12:53:52Z
2026-08-20T15:35:00Z,scarperia,0.80,0.525,21,ok,2026-10-05T12:53:52Z
2026-08-20T15:30:00Z,scarperia,0.62,0.132,21,ok,2026-10-05T12:53:52Z
2026-08-20T15:25:00Z,scarperia,0.00,0.000,21,ok,2026-10-05T12:53:52Z
2026-08-20T15:20:00Z,scarperia,0.00,0.000,21,ok,2026-10-05T12:53:52Z
2026-08-20T15:15:00Z,scarperia,0.00,0.000,21,ok,2026-10-05T12:53:52Z
2026-08-20T15:10:00Z,scarperia,0.00,0.000,21,ok,2026-10-05T12:53:52Z
2026-08-20T15:05:00Z,scarperia,0.00,0.000,21,ok,2026-10-05T12:53:52Z
2026-08-20T15:00:00Z,scarperia,0.00,0.000,21,ok,2026-10-05T12:53:52Z
2026-08-20T14:55:00Z,scarperia,0.00,0.000,21,ok,2026-10-05T12:53:52Z
2026-08-20T14:50:00Z,scarperia,0.00,0.000,21,ok,2026-10-05T12:53:52Z
2026-08-20T14:45:00Z,scarperia,0.00,0.000,21,ok,2026-10-05T12:53:52Z
2026-08-20T14:40:00Z,scarperia,0.00,0.000,21,ok,2026-10-05T12:53:52Z
2026-08-20T14:35:00Z,scarperia,0.00,0.000,21,ok,2026-10-05T12:53:52Z
2026-08-20T14:30:00Z,scarperia,0.00,0.000,21,ok,2026-10-05T12:53:52Z
2026-08-20T14:25:00Z,scarperia,0.00,0.000,21,ok,2026-10-05T12:53:52Z
2026-08-20T14:20:00Z,scarperia,0.00,0.000,21,ok,2026-10-05T12:53:52Z
2026-08-20T14:15:00Z,scarperia,0.00,0.000,21,ok,2026-10-05T12:53:52Z
2026-08-20T14:10:00Z,scarperia,0.00,0.000,21,ok,2026-10-05T12:53:52Z
2026-08-20T14:05:00Z,scarperia,0.00,0.000,21,ok,2026-10-05T12:53:52Z
2026-08-20T14:00:00Z,scarperia,0.00,0.000,21,ok,2026-10-05T12:53:52Z
2026-08-20T13:55:00Z,scarperia,0.00,0.000,21,ok,2026-10-05T12:53:52Z
2026-08-20T13:50:00Z,scarperia,0.00,0.000,21,ok,2026-10-05T12:53:52Z
2026-08-20T13:45:00Z,scarperia,0.00,0.000,21,ok,2026-10-05T12:53:52Z
2026-08-20T13:40:00Z,scarperia,0.00,0.000,21,ok,2026-10-05T12:53:52Z
2026-08-20T13:35:00Z,scarperia,0.00,0.000,21,ok,2026-10-05T12:53:52Z
2026-08-20T13:30:00Z,scarperia,0.00,0.000,21,ok,2026-10-05T12:53:52Z
2026-08-20T13:25:00Z,scarperia,0.00,0.000,21,ok,2026-10-05T12:53:52Z
2026-08-20T13:20:00Z,scarperia,0.00,0.000,21,ok,2026-10-05T12:53:52Z
2026-08-20T13:15:00Z,scarperia,0.00,0.000,21,ok,2026-10-05T12:53:52Z
2026-08-20T13:10:00Z,scarperia,0.00,0.000,21,ok,2026-10-05T12:53:52Z
2026-08-20T13:05:00Z,scarperia,0.00,0.000,21,ok,2026-10-05T12:53:52Z
2026-08-20T13:00:00Z,scarperia,0.00,0.000,21,ok,2026-10-05T12:53:52Z
2026-08-20T12:55:00Z,scarperia,0.00,0.000,21,ok,2026-10-05T12:53:52Z
2026-08-20T12:50:00Z,scarperia,0.00,0.000,21,ok,2026-10-05T12:53:52Z
2026-08-20T12:45:00Z,scarperia,0.00,0.000,21,ok,2026-10-05T12:53:52Z
2026-08-20T12:40:00Z,scarperia,0.00,0.000,21,ok,2026-10-05T12:53:52Z
2026-08-20T12:35:00Z,scarperia,0.00,0.000,21,ok,2026-10-05T12:53:52Z
2026-08-20T12:30:00Z,scarperia,0.00,0.000,21,ok,2026-10-05T12:53:52Z
2026-08-20T12:25:00Z,scarperia,0.00,0.000,21,ok,2026-10-05T12:53:52Z
2026-08-20T12:20:00Z,scarperia,0.00,0.000,21,ok,2026-10-05T12:53:52Z
2026-08-20T12:15:00Z,scarperia,0.00,0.000,21,ok,2026-10-05T12:53:52Z
2026-08-20T12:10:00Z,scarperia,0.00,0.000,21,ok,2026-10-05T12:53:52Z
2026-08-20T12:05:00Z,scarperia,0.00,0.000,21,ok,2026-10-05T12:53:52Z
2026-08-20T12:00:00Z,scarperia,0.00,0.000,21,ok,2026-10-05T12:53:52Z
2026-08-20T11:55:00Z,scarperia,0.00,0.000,21,ok,2026-10-05T12:53:52Z
2026-08-20T11:50:00Z,scarperia,0.00,0.000,21,ok,2026-10-05T12:53:52Z
2026-08-20T11:45:00Z,scarperia,0.00,0.000,21,ok,2026-10-05T12:53:52Z
2026-08-20T11:40:00Z,scarperia,0.00,0.000,21,ok,2026-10-05T12:53:52Z
2026-08-20T11:35:00Z,scarperia,0.00,0.000,21,ok,2026-10-05T12:53:52Z
2026-08-20T11:30:00Z,scarperia,0.00,0.000,21,ok,2026-10-05T12:53:52Z
2026-08-20T11:25:00Z,scarperia,0.00,0.000,21,ok,2026-10-05T12:53:52Z
2026-08-20T11:20:00Z,scarperia,0.00,0.000,21,ok,2026-10-05T12:53:52Z
2026-08-20T11:15:00Z,scarperia,0.00,0.000,21,ok,2026-10-05T12:53:52Z
2026-08-20T11:10:00Z,scarperia,0.00,0.000,21,ok,2026-10-05T12:53:52Z
2026-08-20T11:05:00Z,scarperia,0.00,0.000,21,ok,2026-10-05T12:53:52Z
2026-08-20T11:00:00Z,scarperia,0.00,0.000,21,ok,2026-10-05T12:53:52Z
2026-08-20T10:55:00Z,scarperia,0.00,0.000,21,ok,2026-10-05T12:53:52Z
2026-08-20T10:50:00Z,scarperia,0.00,0.000,21,ok,2026-10-05T12:53:52Z
2026-08-20T10:45:00Z,scarperia,0.00,0.000,21,ok,2026-10-05T12:53:52Z
2026-08-20T10:40:00Z,scarperia,0.00,0.000,21,ok,2026-10-05T12:53:52Z
2026-08-20T10:35:00Z,scarperia,0.00,0.000,21,ok,2026-10-05T12:53:52Z
2026-08-20T10:30:00Z,scarperia,0.00,0.000,21,ok,2026-10-05T12:53:52Z
2026-08-20T10:25:00Z,scarperia,0.00,0.000,21,ok,2026-10-05T12:53:52Z
2026-08-20T10:20:00Z,scarperia,0.00,0.000,21,ok,2026-10-05T12:53:52Z
2026-08-20T10:15:00Z,scarperia,0.00,0.000,21,ok,2026-10-05T12:53:52Z
2026-08-20T10:10:00Z,scarperia,0.00,0.000,21,ok,2026-10-05T12:53:52Z
2026-08-20T10:05:00Z,scarperia,0.00,0.000,21,ok,2026-10-05T12:53:52Z
2026-08-20T10:00:00Z,scarperia,0.00,0.000,21,ok,2026-10-05T12:53:52Z
2026-08-20T09:55:00Z,scarperia,0.00,0.000,21,ok,2026-10-05T12:53:52Z
2026-08-20T09:50:00Z,scarperia,0.00,0.000,21,ok,2026-10-05T12:53:52Z
2026-08-20T09:45:00Z,scarperia,0.00,0.000,21,ok,2026-10-05T12:53:52Z
2026-08-20T09:40:00Z,scarperia,0.00,0.000,21,ok,2026-10-05T12:53:52Z
2026-08-20T09:35:00Z,scarperia,0.00,0.000,21,ok,2026-10-05T12:53:52Z
2026-08-20T09:30:00Z,scarperia,0.00,0.000,21,ok,2026-10-05T12:53:52Z
2026-08-20T09:25:00Z,scarperia,0.00,0.000,21,ok,2026-10-05T12:53:52Z
2026-08-20T09:20:00Z,scarperia,0.00,0.000,21,ok,2026-10-05T12:53:52Z
2026-08-20T09:15:00Z,scarperia,0.00,0.000,21,ok,2026-10-05T12:53:52Z
2026-08-20T09:10:00Z,scarperia,0.00,0.000,21,ok,2026-10-05T12:53:52Z
2026-08-20T09:05:00Z,scarperia,0.00,0.000,21,ok,2026-10-05T12:53:52Z
2026-08-20T09:00:00Z,scarperia,0.00,0.000,21,ok,2026-10-05T12:53:52Z
2026-08-20T08:55:00Z,scarperia,0.00,0.000,21,ok,2026-10-05T12:53:52Z
2026-08-20T08:50:00Z,scarperia,0.00,0.000,21,ok,2026-10-05T12:53:52Z
2026-08-20T08:45:00Z,scarperia,0.00,0.000,21,ok,2026-10-05T12:53:52Z
2026-08-20T08:40:00Z,scarperia,0.00,0.000,21,ok,2026-10-05T12:53:52Z
2026-08-20T08:35:00Z,scarperia,0.00,0.000,21,ok,2026-10-05T12:53:52Z
2026-08-20T08:30:00Z,scarperia,0.00,0.000,21,ok,2026-10-05T12:53:52Z
2026-08-20T08:25:00Z,scarperia,0.00,0.000,21,ok,2026-10-05T12:53:52Z
2026-08-20T08:20:00Z,scarperia,0.00,0.000,21,ok,2026-10-05T12:53:52Z
2026-08-20T08:15:00Z,scarperia,0.00,0.000,21,ok,2026-10-05T12:53:52Z
2026-08-20T08:10:00Z,scarperia,0.00,0.000,21,ok,2026-10-05T12:53:52Z
2026-08-20T08:05:00Z,scarperia,0.00,0.000,21,ok,2026-10-05T12:53:52Z
2026-08-20T08:00:00Z,scarperia,0.00,0.000,21,ok,2026-10-05T12:53:52Z
2026-08-20T07:55:00Z,scarperia,0.00,0.000,21,ok,2026-10-05T12:53:52Z
2026-08-20T07:50:00Z,scarperia,0.00,0.000,21,ok,2026-10-05T12:53:52Z
2026-08-20T07:45:00Z,scarperia,0.00,0.000,21,ok,2026-10-05T12:53:52Z
2026-08-20T07:40:00Z,scarperia,0.00,0.000,21,ok,2026-10-05T12:53:52Z
2026-08-20T07:35:00Z,scarperia,0.00,0.000,21,ok,2026-10-05T12:53:52Z
2026-08-20T07:30:00Z,scarperia,0.00,0.000,21,ok,2026-10-05T12:53:52Z
2026-08-20T07:25:00Z,scarperia,0.00,0.000,21,ok,2026-10-05T12:53:52Z
2026-08-20T07:20:00Z,scarperia,0.00,0.000,21,ok,2026-10-05T12:53:52Z
2026-08-20T07:15:00Z,scarperia,0.00,0.000,21,ok,2026-10-05T12:53:52Z
2026-08-20T07:10:00Z,scarperia,0.00,0.000,21,ok,2026-10-05T12:53:52Z
2026-08-20T07:05:00Z,scarperia,0.00,0.000,21,ok,2026-10-05T12:53:52Z
2026-08-20T07:00:00Z,scarperia,0.00,0.000,21,ok,2026-10-05T12:53:52Z
2026-08-20T06:55:00Z,scarperia,0.00,0.000,21,ok,2026-10-05T12:53:52Z
2026-08-20T06:50:00Z,scarperia,0.00,0.000,21,ok,2026-10-05T12:53:52Z
2026-08-20T06:45:00Z,scarperia,0.00,0.000,21,ok,2026-10-05T12:53:52Z
2026-08-20T06:40:00Z,scarperia,0.00,0.000,21,ok,2026-10-05T12:53:52Z
2026-08-20T06:35:00Z,scarperia,0.00,0.000,21,ok,2026-10-05T12:53:52Z
2026-08-20T06:30:00Z,scarperia,0.00,0.000,21,ok,2026-10-05T12:53:52Z
2026-08-20T06:25:00Z,scarperia,0.00,0.000,21,ok,2026-10-05T12:53:52Z
2026-08-20T06:20:00Z,scarperia,0.00,0.000,21,ok,2026-10-05T12:53:52Z
2026-08-20T06:15:00Z,scarperia,0.00,0.000,21,ok,2026-10-05T12:53:52Z
2026-08-20T06:10:00Z,scarperia,0.00,0.000,21,ok,2026-10-05T12:53:52Z
2026-08-20T06:05:00Z,scarperia,0.00,0.000,21,ok,2026-10-05T12:53:52Z
2026-08-20T06:00:00Z,scarperia,0.00,0.000,21,ok,2026-10-05T12:53:52Z
2026-08-20T05:55:00Z,scarperia,0.00,0.000,21,ok,2026-10-05T12:53:52Z
2026-08-20T05:50:00Z,scarperia,0.00,0.000,21,ok,2026-10-05T12:53:52Z
2026-08-20T05:45:00Z,scarperia,0.00,0.000,21,ok,2026-10-05T12:53:52Z
2026-08-20T05:40:00Z,scarperia,0.00,0.000,21,ok,2026-10-05T12:53:52Z
2026-08-20T05:35:00Z,scarperia,0.00,0.000,21,ok,2026-10-05T12:53:52Z
2026-08-20T05:30:00Z,scarperia,0.00,0.000,21,ok,2026-10-05T12:53:52Z
2026-08-20T05:25:00Z,scarperia,0.00,0.000,21,ok,2026-10-05T12:53:52Z
2026-08-20T05:20:00Z,scarperia,0.00,0.000,21,ok,2026-10-05T12:53:52Z
2026-08-20T05:15:00Z,scarperia,0.00,0.000,21,ok,2026-10-05T12:53:52Z
2026-08-20T05:10:00Z,scarperia,0.00,0.000,21,ok,2026-10-05T12:53:52Z
2026-08-20T05:05:00Z,scarperia,0.00,0.000,21,ok,2026-10-05T12:53:52Z
2026-08-20T05:00:00Z,scarperia,0.00,0.000,21,ok,2026-10-05T12:53:52Z
2026-08-20T04:55:00Z,scarperia,0.00,0.000,21,ok,2026-10-05T12:53:52Z
2026-08-20T04:50:00Z,scarperia,0.00,0.000,21,ok,2026-10-05T12:53:52Z
2026-08-20T04:45:00Z,scarperia,0.00,0.000,21,ok,2026-10-05T12:53:52Z
2026-08-20T04:40:00Z,scarperia,0.00,0.000,21,ok,2026-10-05T12:53:52Z
2026-08-20T04:35:00Z,scarperia,0.00,0.000,21,ok,2026-10-05T12:53:52Z
2026-08-20T04:30:00Z,scarperia,0.00,0.000,21,ok,2026-10-05T12:53:52Z
2026-08-20T04:25:00Z,scarperia,0.00,0.000,21,ok,2026-10-05T12:53:52Z
2026-08-20T04:20:00Z,scarperia,0.00,0.000,21,ok,2026-10-05T12:53:52Z
2026-08-20T04:15:00Z,scarperia,0.00,0.000,21,ok,2026-10-05T12:53:52Z
2026-08-20T04:10:00Z,scarperia,0.00,0.000,21,ok,2026-10-05T12:53:52Z
2026-08-20T04:05:00Z,scarperia,0.00,0.000,21,ok,2026-10-05T12:53:52Z
2026-08-20T04:00:00Z,scarperia,0.00,0.000,21,ok,2026-10-05T12:53:52Z
2026-08-20T03:55:00Z,scarperia,0.00,0.000,21,ok,2026-10-05T12:53:52Z
2026-08-20T03:50:00Z,scarperia,0.00,0.000,21,ok,2026-10-05T12:53:52Z
2026-08-20T03:45:00Z,scarperia,0.00,0.000,21,ok,2026-10-05T12:53:52Z
2026-08-20T03:40:00Z,scarperia,0.00,0.000,21,ok,2026-10-05T12:53:52Z
2026-08-20T03:35:00Z,scarperia,0.00,0.000,21,ok,2026-10-05T12:53:52Z
2026-08-20T03:30:00Z,scarperia,0.00,0.000,21,ok,2026-10-05T12:53:52Z
2026-08-20T03:25:00Z,scarperia,0.00,0.000,21,ok,2026-10-05T12:53:52Z
2026-08-20T03:20:00Z,scarperia,0.00,0.000,21,ok,2026-10-05T12:53:52Z
2026-08-20T03:15:00Z,scarperia,0.00,0.000,21,ok,2026-10-05T12:53:52Z
2026-08-20T03:10:00Z,scarperia,0.00,0.000,21,ok,2026-10-05T12:53:52Z
2026-08-20T03:05:00Z,scarperia,0.00,0.000,21,ok,2026-10-05T12:53:52Z
2026-08-20T03:00:00Z,scarperia,0.00,0.000,21,ok,2026-10-05T12:53:52Z
2026-08-20T02:55:00Z,scarperia,0.00,0.000,21,ok,2026-10-05T12:53:52Z
2026-08-20T02:50:00Z,scarperia,0.00,0.000,21,ok,2026-10-05T12:53:52Z
2026-08-20T02:45:00Z,scarperia,0.00,0.000,21,ok,2026-10-05T12:53:52Z
2026-08-20T02:40:00Z,scarperia,0.00,0.000,21,ok,2026-10-05T12:53:52Z
2026-08-20T02:35:00Z,scarperia,0.00,0.000,21,ok,2026-10-05T12:53:52Z
2026-08-20T02:30:00Z,scarperia,0.00,0.000,21,ok,2026-10-05T12:53:52Z
2026-08-20T02:25:00Z,scarperia,0.00,0.000,21,ok,2026-10-05T12:53:52Z
2026-08-20T02:20:00Z,scarperia,0.00,0.000,21,ok,2026-10-05T12:53:52Z
2026-08-20T02:15:00Z,scarperia,0.00,0.000,21,ok,2026-10-05T12:53:52Z
2026-08-20T02:10:00Z,scarperia,0.00,0.000,21,ok,2026-10-05T12:53:52Z
2026-08-20T02:05:00Z,scarperia,0.00,0.000,21,ok,2026-10-05T12:53:52Z
2026-08-20T02:00:00Z,scarperia,0.00,0.000,21,ok,2026-10-05T12:53:52Z
2026-08-20T01:55:00Z,scarperia,0.00,0.000,21,ok,2026-10-05T12:53:52Z
2026-08-20T01:50:00Z,scarperia,0.00,0.000,21,ok,2026-10-05T12:53:52Z
2026-08-20T01:45:00Z,scarperia,0.00,0.000,21,ok,2026-10-05T12:53:52Z
2026-08-20T01:40:00Z,scarperia,0.00,0.000,21,ok,2026-10-05T12:53:52Z
2026-08-20T01:35:00Z,scarperia,0.00,0.000,21,ok,2026-10-05T12:53:52Z
2026-08-20T01:30:00Z,scarperia,0.00,0.000,21,ok,2026-10-05T12:53:52Z
2026-08-20T01:25:00Z,scarperia,0.00,0.000,21,ok,2026-10-05T12:53:52Z
2026-08-20T01:20:00Z,scarperia,0.00,0.000,21,ok,2026-10-05T12:53:52Z
2026-08-20T01:15:00Z,scarperia,0.00,0.000,21,ok,2026-10-05T12:53:52Z
2026-08-20T01:10:00Z,scarperia,0.00,0.000,21,ok,2026-10-05T12:53:52Z
2026-08-20T01:05:00Z,scarperia,0.00,0.000,21,ok,2026-10-05T12:53:52Z
2026-08-20T01:00:00Z,scarperia,0.00,0.000,21,ok,2026-10-05T12:53:52Z
2026-08-20T00:55:00Z,scarperia,0.00,0.000,21,ok,2026-10-05T12:53:52Z
2026-08-20T00:50:00Z,scarperia,0.00,0.000,21,ok,2026-10-05T12:53:52Z
2026-08-20T00:45:00Z,scarperia,0.00,0.000,21,ok,2026-10-05T12:53:52Z
2026-08-20T00:40:00Z,scarperia,0.00,0.000,21,ok,2026-10-05T12:53:52Z
2026-08-20T00:35:00Z,scarperia,0.00,0.000,21,ok,2026-10-05T12:53:52Z
2026-08-20T00:30:00Z,scarperia,0.00,0.000,21,ok,2026-10-05T12:53:52Z
2026-08-20T00:25:00Z,scarperia,0.00,0.000,21,ok,2026-10-05T12:53:52Z
2026-08-20T00:20:00Z,scarperia,0.00,0.000,21,ok,2026-10-05T12:53:52Z
2026-08-20T00:15:00Z,scarperia,0.00,0.000,21,ok,2026-10-05T12:53:52Z
2026-08-20T00:10:00Z,scarperia,0.00,0.000,21,ok,2026-10-05T12:53:52Z
2026-08-20T00:05:00Z,scarperia,0.00,0.000,21,ok,2026-10-05T12:53:52Z
2026-08-20T00:00:00Z,scarperia,0.00,0.000,21,ok,2026-10-05T12:53:52Z
2026-08-19T23:55:00Z,scarperia,0.00,0.000,21,ok,2026-10-05T12:53:52Z
2026-08-19T23:50:00Z,scarperia,0.00,0.000,21,ok,2026-10-05T12:53:52Z
2026-08-19T23:45:00Z,scarperia,0.00,0.000,21,ok,2026-10-05T12:53:52Z
2026-08-19T23:40:00Z,scarperia,0.00,0.000,21,ok,2026-10-05T12:53:52Z
2026-08-19T23:35:00Z,scarperia,0.00,0.000,21,ok,2026-10-05T12:53:52Z
2026-08-19T23:30:00Z,scarperia,0.00,0.000,21,ok,2026-10-05T12:53:52Z
2026-08-19T23:25:00Z,scarperia,0.00,0.000,21,ok,2026-10-05T12:53:52Z
2026-08-19T23:20:00Z,scarperia,0.00,0.000,21,ok,2026-10-05T12:53:52Z
2026-08-19T23:15:00Z,scarperia,0.00,0.000,21,ok,2026-10-05T12:53:52Z
2026-08-19T23:10:00Z,scarperia,0.00,0.000,21,ok,2026-10-05T12:53:52Z
2026-08-17T13:00:00Z,scarperia,0.00,0.000,21,ok,2026-10-05T12:53:52Z
2026-08-17T12:55:00Z,scarperia,0.00,0.000,21,ok,2026-10-05T12:53:52Z
2026-08-17T12:50:00Z,scarperia,0.00,0.000,21,ok,2026-10-05T12:53:52Z
2026-08-17T12:45:00Z,scarperia,0.00,0.000,21,ok,2026-10-05T12:53:52Z
2026-08-17T12:40:00Z,scarperia,0.00,0.000,21,ok,2026-10-05T12:53:52Z
2026-08-17T12:35:00Z,scarperia,0.00,0.000,21,ok,2026-10-05T12:53:52Z
2026-08-17T12:30:00Z,scarperia,0.00,0.000,21,ok,2026-10-05T12:53:52Z
2026-08-17T12:25:00Z,scarperia,0.00,0.000,21,ok,2026-10-05T12:53:52Z
2026-08-17T12:20:00Z,scarperia,0.00,0.000,21,ok,2026-10-05T12:53:52Z
2026-08-17T12:15:00Z,scarperia,0.00,0.000,21,ok,2026-10-05T12:53:52Z
2026-08-17T12:10:00Z,scarperia,0.00,0.000,21,ok,2026-10-05T12:53:52Z
2026-08-17T12:05:00Z,scarperia,0.00,0.000,21,ok,2026-10-05T12:53:52Z
2026-08-17T12:00:00Z,scarperia,0.00,0.000,21,ok,2026-10-05T12:53:52Z
2026-08-17T11:55:00Z,scarperia,0.00,0.000,21,ok,2026-10-05T12:53:52Z
2026-08-17T11:50:00Z,scarperia,0.00,0.000,21,ok,2026-10-05T12:53:52Z
2026-08-17T11:45:00Z,scarperia,0.00,0.000,21,ok,2026-10-05T12:53:52Z
2026-08-17T11:40:00Z,scarperia,0.00,0.000,21,ok,2026-10-05T12:53:52Z
2026-08-17T11:35:00Z,scarperia,0.00,0.000,21,ok,2026-10-05T12:53:52Z
2026-08-17T11:30:00Z,scarperia,0.00,0.000,21,ok,2026-10-05T12:53:52Z
2026-08-17T11:25:00Z,scarperia,0.00,0.000,21,ok,2026-10-05T12:53:52Z
2026-08-17T11:20:00Z,scarperia,0.64,0.082,21,ok,2026-10-05T12:53:52Z
2026-08-17T11:15:00Z,scarperia,0.81,0.272,21,ok,2026-10-05T12:53:52Z
2026-08-17T11:10:00Z,scarperia,0.98,0.488,21,ok,2026-10-05T12:53:52Z
2026-08-17T11:05:00Z,scarperia,3.67,1.766,21,ok,2026-10-05T12:53:52Z
2026-08-17T11:00:00Z,scarperia,4.67,3.486,21,ok,2026-10-05T12:53:52Z
2026-08-17T10:55:00Z,scarperia,9.33,7.424,21,ok,2026-10-05T12:53:52Z
2026-08-17T10:50:00Z,scarperia,12.87,8.165,21,ok,2026-10-05T12:53:52Z
2026-08-17T10:45:00Z,scarperia,7.86,1.225,21,ok,2026-10-05T12:53:52Z
2026-08-17T10:40:00Z,scarperia,1.56,0.377,21,ok,2026-10-05T12:53:52Z
2026-08-17T10:35:00Z,scarperia,1.28,0.645,21,ok,2026-10-05T12:53:52Z
2026-08-17T10:30:00Z,scarperia,1.15,0.419,21,ok,2026-10-05T12:53:52Z
2026-08-17T10:25:00Z,scarperia,0.98,0.314,21,ok,2026-10-05T12:53:52Z
2026-08-17T10:20:00Z,scarperia,1.23,0.124,21,ok,2026-10-05T12:53:52Z
2026-08-17T10:15:00Z,scarperia,0.64,0.031,21,ok,2026-10-05T12:53:52Z
2026-08-17T10:10:00Z,scarperia,0.00,0.000,21,ok,2026-10-05T12:53:52Z
2026-08-17T10:05:00Z,scarperia,0.00,0.000,21,ok,2026-10-05T12:53:52Z
2026-08-17T10:00:00Z,scarperia,0.00,0.000,21,ok,2026-10-05T12:53:52Z
2026-08-17T09:55:00Z,scarperia,0.00,0.000,21,ok,2026-10-05T12:53:52Z
2026-08-17T09:50:00Z,scarperia,0.00,0.000,21,ok,2026-10-05T12:53:52Z
2026-08-17T09:45:00Z,scarperia,0.00,0.000,21,ok,2026-10-05T12:53:52Z
2026-08-17T09:40:00Z,scarperia,0.00,0.000,21,ok,2026-10-05T12:53:52Z
2026-08-17T09:35:00Z,scarperia,0.00,0.000,21,ok,2026-10-05T12:53:52Z
2026-08-17T09:30:00Z,scarperia,0.00,0.000,21,ok,2026-10-05T12:53:52Z
2026-08-17T09:25:00Z,scarperia,0.00,0.000,21,ok,2026-10-05T12:53:52Z
2026-08-17T09:20:00Z,scarperia,0.00,0.000,21,ok,2026-10-05T12:53:52Z
2026-08-17T09:15:00Z,scarperia,0.00,0.000,21,ok,2026-10-05T12:53:52Z
2026-08-17T09:10:00Z,scarperia,0.00,0.000,21,ok,2026-10-05T13:01:20Z
2026-08-17T09:05:00Z,scarperia,0.00,0.000,21,ok,2026-10-05T13:01:20Z
2026-08-17T09:00:00Z,scarperia,0.00,0.000,21,ok,2026-10-05T13:01:20Z
2026-08-17T08:55:00Z,scarperia,0.00,0.000,21,ok,2026-10-05T13:01:20Z
2026-08-17T08:50:00Z,scarperia,0.00,0.000,21,ok,2026-10-05T13:01:20Z
2026-08-17T08:45:00Z,scarperia,0.00,0.000,21,ok,2026-10-05T13:01:20Z
2026-08-17T08:40:00Z,scarperia,0.00,0.000,21,ok,2026-10-05T13:01:20Z
2026-08-17T08:35:00Z,scarperia,0.00,0.000,21,ok,2026-10-05T13:01:20Z
2026-08-17T08:30:00Z,scarperia,0.00,0.000,21,ok,2026-10-05T13:01:20Z
2026-08-17T08:25:00Z,scarperia,0.00,0.000,21,ok,2026-10-05T13:01:20Z
2026-08-17T08:20:00Z,scarperia,0.00,0.000,21,ok,2026-10-05T13:01:20Z
2026-08-17T08:15:00Z,scarperia,0.00,0.000,21,ok,2026-10-05T13:01:20Z
2026-08-17T08:10:00Z,scarperia,0.00,0.000,21,ok,2026-10-05T13:01:20Z
2026-08-17T08:05:00Z,scarperia,0.00,0.000,21,ok,2026-10-05T13:01:20Z
2026-08-17T08:00:00Z,scarperia,0.00,0.000,21,ok,2026-10-05T13:01:20Z
2026-08-17T00:55:00Z,scarperia,0.00,0.000,21,ok,2026-10-05T13:01:20Z
2026-08-17T00:50:00Z,scarperia,0.00,0.000,21,ok,2026-10-05T13:01:20Z
2026-08-17T00:45:00Z,scarperia,0.00,0.000,21,ok,2026-10-05T13:01:20Z
2026-08-17T00:40:00Z,scarperia,0.00,0.000,21,ok,2026-10-05T13:01:20Z
2026-08-17T00:35:00Z,scarperia,0.00,0.000,21,ok,2026-10-05T13:01:20Z
2026-08-17T00:30:00Z,scarperia,0.00,0.000,21,ok,2026-10-05T13:01:20Z
2026-08-17T00:25:00Z,scarperia,0.00,0.000,21,ok,2026-10-05T13:01:20Z
2026-08-17T00:20:00Z,scarperia,0.00,0.000,21,ok,2026-10-05T13:01:20Z
2026-08-17T00:15:00Z,scarperia,0.00,0.000,21,ok,2026-10-05T13:01:20Z
2026-08-17T00:10:00Z,scarperia,0.00,0.000,21,ok,2026-10-05T13:01:20Z
2026-08-17T00:05:00Z,scarperia,0.00,0.000,21,ok,2026-10-05T13:01:20Z
2026-08-17T00:00:00Z,scarperia,0.00,0.000,21,ok,2026-10-05T13:01:20Z
2026-08-16T23:55:00Z,scarperia,0.00,0.000,21,ok,2026-10-05T13:01:20Z
2026-08-16T23:50:00Z,scarperia,0.00,0.000,21,ok,2026-10-05T13:01:20Z
2026-08-16T23:45:00Z,scarperia,0.00,0.000,21,ok,2026-10-05T13:01:20Z
2026-08-16T23:40:00Z,scarperia,0.00,0.000,21,ok,2026-10-05T13:01:20Z
2026-08-16T23:35:00Z,scarperia,0.00,0.000,21,ok,2026-10-05T13:01:20Z
2026-08-16T23:30:00Z,scarperia,0.00,0.000,21,ok,2026-10-05T13:01:20Z
2026-08-16T23:25:00Z,scarperia,0.00,0.000,21,ok,2026-10-05T13:01:20Z
2026-08-16T23:20:00Z,scarperia,0.00,0.000,21,ok,2026-10-05T13:01:20Z
2026-08-16T23:15:00Z,scarperia,0.00,0.000,21,ok,2026-10-05T13:01:20Z
2026-08-16T23:10:00Z,scarperia,0.00,0.000,21,ok,2026-10-05T13:01:20Z
2026-08-16T23:05:00Z,scarperia,0.00,0.000,21,ok,2026-10-05T13:01:20Z
2026-08-16T23:00:00Z,scarperia,0.00,0.000,21,ok,2026-10-05T13:01:20Z
2026-08-16T22:55:00Z,scarperia,0.00,0.000,21,ok,2026-10-05T13:01:20Z
2026-08-16T22:50:00Z,scarperia,0.00,0.000,21,ok,2026-10-05T13:01:20Z
2026-08-16T22:45:00Z,scarperia,0.00,0.000,21,ok,2026-10-05T13:01:20Z
2026-08-16T22:40:00Z,scarperia,0.00,0.000,21,ok,2026-10-05T13:01:20Z
2026-08-16T22:35:00Z,scarperia,0.00,0.000,21,ok,2026-10-05T13:01:20Z
2026-08-16T22:30:00Z,scarperia,0.00,0.000,21,ok,2026-10-05T13:01:20Z
2026-08-16T22:25:00Z,scarperia,0.00,0.000,21,ok,2026-10-05T13:01:20Z
2026-08-16T22:20:00Z,scarperia,0.00,0.000,21,ok,2026-10-05T13:01:20Z
2026-08-16T22:15:00Z,scarperia,0.00,0.000,21,ok,2026-10-05T13:01:20Z
2026-08-16T22:10:00Z,scarperia,0.00,0.000,21,ok,2026-10-05T13:01:20Z
2026-08-16T22:05:00Z,scarperia,0.00,0.000,21,ok,2026-10-05T13:01:20Z
2026-08-16T22:00:00Z,scarperia,0.00,0.000,21,ok,2026-10-05T13:01:20Z
2026-08-16T21:55:00Z,scarperia,0.00,0.000,21,ok,2026-10-05T13:01:20Z
2026-08-16T21:50:00Z,scarperia,0.00,0.000,21,ok,2026-10-05T13:01:20Z
2026-08-16T21:45:00Z,scarperia,0.00,0.000,21,ok,2026-10-05T13:01:20Z
2026-08-16T21:40:00Z,scarperia,0.00,0.000,21,ok,2026-10-05T13:01:20Z
2026-08-16T21:35:00Z,scarperia,0.00,0.000,21,ok,2026-10-05T13:01:20Z
2026-08-16T21:30:00Z,scarperia,0.00,0.000,21,ok,2026-10-05T13:01:20Z
2026-08-16T21:25:00Z,scarperia,0.00,0.000,21,ok,2026-10-05T13:01:20Z
2026-08-16T21:20:00Z,scarperia,0.00,0.000,21,ok,2026-10-05T13:01:20Z
2026-08-16T21:15:00Z,scarperia,0.00,0.000,21,ok,2026-10-05T13:01:20Z
2026-08-16T21:10:00Z,scarperia,0.00,0.000,21,ok,2026-10-05T13:01:20Z
2026-08-16T21:05:00Z,scarperia,0.00,0.000,21,ok,2026-10-05T13:01:20Z
2026-08-16T21:00:00Z,scarperia,0.00,0.000,21,ok,2026-10-05T13:01:20Z
2026-08-16T20:55:00Z,scarperia,0.00,0.000,21,ok,2026-10-05T13:01:20Z
2026-08-16T20:50:00Z,scarperia,0.00,0.000,21,ok,2026-10-05T13:01:20Z
2026-08-16T20:45:00Z,scarperia,0.00,0.000,21,ok,2026-10-05T13:01:20Z
2026-08-16T20:40:00Z,scarperia,0.00,0.000,21,ok,2026-10-05T13:01:20Z
2026-08-16T20:35:00Z,scarperia,0.00,0.000,21,ok,2026-10-05T13:01:20Z
2026-08-16T20:30:00Z,scarperia,0.00,0.000,21,ok,2026-10-05T13:01:20Z
2026-08-16T20:25:00Z,scarperia,0.00,0.000,21,ok,2026-10-05T13:01:20Z
2026-08-16T20:20:00Z,scarperia,0.00,0.000,21,ok,2026-10-05T13:01:20Z
2026-08-16T20:15:00Z,scarperia,0.00,0.000,21,ok,2026-10-05T13:01:20Z
2026-08-16T20:10:00Z,scarperia,0.00,0.000,21,ok,2026-10-05T13:01:20Z
2026-08-16T20:05:00Z,scarperia,0.00,0.000,21,ok,2026-10-05T13:01:20Z
2026-08-16T20:00:00Z,scarperia,0.00,0.000,21,ok,2026-10-05T13:01:20Z
2026-08-16T19:55:00Z,scarperia,0.00,0.000,21,ok,2026-10-05T13:01:20Z
2026-08-16T19:50:00Z,scarperia,0.00,0.000,21,ok,2026-10-05T13:01:20Z
2026-08-16T19:45:00Z,scarperia,0.00,0.000,21,ok,2026-10-05T13:01:20Z
2026-08-16T19:40:00Z,scarperia,0.00,0.000,21,ok,2026-10-05T13:01:20Z
2026-08-16T19:35:00Z,scarperia,0.00,0.000,21,ok,2026-10-05T13:01:20Z
2026-08-16T19:30:00Z,scarperia,0.00,0.000,21,ok,2026-10-05T13:01:20Z
2026-08-16T19:25:00Z,scarperia,0.00,0.000,21,ok,2026-10-05T13:01:20Z
2026-08-16T19:20:00Z,scarperia,0.00,0.000,21,ok,2026-10-05T13:01:20Z
2026-08-16T19:15:00Z,scarperia,0.00,0.000,21,ok,2026-10-05T13:01:20Z
2026-08-16T19:10:00Z,scarperia,0.00,0.000,21,ok,2026-10-05T13:01:20Z
2026-08-16T19:05:00Z,scarperia,0.00,0.000,21,ok,2026-10-05T13:01:20Z
2026-08-16T19:00:00Z,scarperia,0.00,0.000,21,ok,2026-10-05T13:01:20Z
2026-08-16T18:55:00Z,scarperia,0.00,0.000,21,ok,2026-10-05T13:01:20Z
2026-08-16T18:50:00Z,scarperia,0.00,0.000,21,ok,2026-10-05T13:01:20Z
2026-08-16T18:45:00Z,scarperia,0.00,0.000,21,ok,2026-10-05T13:01:20Z
2026-08-16T18:40:00Z,scarperia,0.00,0.000,21,ok,2026-10-05T13:01:20Z
2026-08-16T18:35:00Z,scarperia,0.00,0.000,21,ok,2026-10-05T13:01:20Z
2026-08-16T18:30:00Z,scarperia,0.00,0.000,21,ok,2026-10-05T13:01:20Z
2026-08-16T18:25:00Z,scarperia,0.00,0.000,21,ok,2026-10-05T13:01:20Z
2026-08-16T18:20:00Z,scarperia,0.00,0.000,21,ok,2026-10-05T13:01:20Z
2026-08-16T18:15:00Z,scarperia,0.00,0.000,21,ok,2026-10-05T13:01:20Z
2026-08-16T18:10:00Z,scarperia,0.00,0.000,21,ok,2026-10-05T13:01:20Z
2026-08-16T18:05:00Z,scarperia,0.00,0.000,21,ok,2026-10-05T13:01:20Z
2026-08-16T18:00:00Z,scarperia,0.00,0.000,21,ok,2026-10-05T13:01:20Z
2026-08-16T17:55:00Z,scarperia,0.00,0.000,21,ok,2026-10-05T13:01:20Z
2026-08-16T17:50:00Z,scarperia,0.00,0.000,21,ok,2026-10-05T13:01:20Z
2026-08-16T17:45:00Z,scarperia,0.00,0.000,21,ok,2026-10-05T13:01:20Z
2026-08-16T17:40:00Z,scarperia,0.00,0.000,21,ok,2026-10-05T13:01:20Z
2026-08-16T17:35:00Z,scarperia,0.00,0.000,21,ok,2026-10-05T13:01:20Z
2026-08-16T17:30:00Z,scarperia,0.00,0.000,21,ok,2026-10-05T13:01:20Z
2026-08-16T17:25:00Z,scarperia,0.00,0.000,21,ok,2026-10-05T13:01:20Z
2026-08-16T17:20:00Z,scarperia,0.00,0.000,21,ok,2026-10-05T13:01:20Z
2026-08-16T17:15:00Z,scarperia,0.00,0.000,21,ok,2026-10-05T13:01:20Z
2026-08-16T17:10:00Z,scarperia,0.00,0.000,21,ok,2026-10-05T13:01:20Z
2026-08-16T17:05:00Z,scarperia,0.00,0.000,21,ok,2026-10-05T13:01:20Z
2026-08-16T17:00:00Z,scarperia,1.02,0.286,21,ok,2026-10-05T13:01:20Z
2026-08-16T16:55:00Z,scarperia,1.06,0.247,21,ok,2026-10-05T13:01:20Z
2026-08-16T16:50:00Z,scarperia,0.70,0.124,21,ok,2026-10-05T13:01:20Z
2026-08-16T16:45:00Z,scarperia,0.48,0.065,21,ok,2026-10-05T13:01:20Z
2026-08-16T16:40:00Z,scarperia,0.75,0.084,21,ok,2026-10-05T13:01:20Z
2026-08-16T16:35:00Z,scarperia,0.43,0.054,21,ok,2026-10-05T13:01:20Z
2026-08-16T16:30:00Z,scarperia,0.00,0.000,21,ok,2026-10-05T13:01:20Z
2026-08-16T16:25:00Z,scarperia,0.00,0.000,21,ok,2026-10-05T13:01:20Z
2026-08-16T16:20:00Z,scarperia,0.00,0.000,21,ok,2026-10-05T13:01:20Z
2026-08-16T16:15:00Z,scarperia,0.00,0.000,21,ok,2026-10-05T13:01:20Z
2026-08-16T16:10:00Z,scarperia,0.00,0.000,21,ok,2026-10-05T13:01:20Z
2026-08-16T16:05:00Z,scarperia,0.00,0.000,21,ok,2026-10-05T13:01:20Z
2026-08-16T16:00:00Z,scarperia,0.29,0.041,21,ok,2026-10-05T13:01:20Z
2026-08-16T15:55:00Z,scarperia,0.62,0.126,21,ok,2026-10-05T13:01:20Z
2026-08-16T15:50:00Z,scarperia,0.88,0.239,21,ok,2026-10-05T13:01:20Z
2026-08-16T15:45:00Z,scarperia,1.15,0.155,21,ok,2026-10-05T13:01:20Z
2026-08-16T15:40:00Z,scarperia,1.14,0.187,21,ok,2026-10-05T13:01:20Z
2026-08-16T15:35:00Z,scarperia,0.73,0.088,21,ok,2026-10-05T13:01:20Z
2026-08-16T15:30:00Z,scarperia,0.56,0.053,21,ok,2026-10-05T13:01:20Z
2026-08-16T15:25:00Z,scarperia,0.00,0.000,21,ok,2026-10-05T13:01:20Z
2026-08-16T15:20:00Z,scarperia,0.00,0.000,21,ok,2026-10-05T13:01:20Z
2026-08-16T15:15:00Z,scarperia,0.43,0.052,21,ok,2026-10-05T13:01:20Z
2026-08-16T15:10:00Z,scarperia,0.53,0.059,21,ok,2026-10-05T13:01:20Z
2026-08-16T15:05:00Z,scarperia,0.75,0.071,21,ok,2026-10-05T13:01:20Z
2026-08-16T15:00:00Z,scarperia,0.00,0.000,21,ok,2026-10-05T13:01:20Z
2026-08-16T14:55:00Z,scarperia,0.00,0.000,21,ok,2026-10-05T13:01:20Z
2026-08-16T14:50:00Z,scarperia,0.00,0.000,21,ok,2026-10-05T13:01:20Z
2026-08-16T14:45:00Z,scarperia,0.00,0.000,21,ok,2026-10-05T13:01:20Z
2026-08-16T14:40:00Z,scarperia,0.00,0.000,21,ok,2026-10-05T13:01:20Z
2026-08-16T14:35:00Z,scarperia,0.00,0.000,21,ok,2026-10-05T13:01:20Z
2026-08-16T14:30:00Z,scarperia,0.00,0.000,21,ok,2026-10-05T13:01:20Z
2026-08-16T14:25:00Z,scarperia,1.17,0.225,21,ok,2026-10-05T13:01:20Z
2026-08-16T14:20:00Z,scarperia,0.74,0.201,21,ok,2026-10-05T13:01:20Z
2026-08-16T14:15:00Z,scarperia,3.32,0.488,21,ok,2026-10-05T13:01:20Z
2026-08-16T14:10:00Z,scarperia,14.44,3.007,21,ok,2026-10-05T13:01:20Z
2026-08-16T14:05:00Z,scarperia,14.34,5.216,21,ok,2026-10-05T13:01:20Z
2026-08-16T14:00:00Z,scarperia,3.08,1.651,21,ok,2026-10-05T13:01:20Z
2026-08-16T13:55:00Z,scarperia,0.00,0.000,21,ok,2026-10-05T13:01:20Z
2026-08-16T13:50:00Z,scarperia,0.19,0.019,21,ok,2026-10-05T13:01:20Z
2026-08-16T13:45:00Z,scarperia,0.19,0.019,21,ok,2026-10-05T13:01:20Z
2026-08-16T13:40:00Z,scarperia,0.25,0.024,21,ok,2026-10-05T13:01:20Z
2026-08-16T13:35:00Z,scarperia,0.00,0.000,21,ok,2026-10-05T13:01:20Z
2026-08-16T13:30:00Z,scarperia,0.00,0.000,21,ok,2026-10-05T13:01:20Z
2026-08-16T13:25:00Z,scarperia,0.00,0.000,21,ok,2026-10-05T13:01:20Z
2026-08-16T13:20:00Z,scarperia,0.00,0.000,21,ok,2026-10-05T13:01:20Z
2026-08-16T13:15:00Z,scarperia,0.00,0.000,21,ok,2026-10-05T13:01:20Z
2026-08-16T13:10:00Z,scarperia,0.00,0.000,21,ok,2026-10-05T13:01:20Z
2026-08-16T13:05:00Z,scarperia,0.00,0.000,21,ok,2026-10-05T13:01:20Z
2026-08-16T13:00:00Z,scarperia,0.00,0.000,21,ok,2026-10-05T13:01:20Z
2026-08-16T12:55:00Z,scarperia,0.00,0.000,21,ok,2026-10-05T13:01:20Z
2026-08-16T12:50:00Z,scarperia,0.00,0.000,21,ok,2026-10-05T13:01:20Z
2026-08-16T12:45:00Z,scarperia,0.00,0.000,21,ok,2026-10-05T13:01:20Z
2026-08-16T12:40:00Z,scarperia,0.00,0.000,21,ok,2026-10-05T13:01:20Z
2026-08-16T12:35:00Z,scarperia,0.00,0.000,21,ok,2026-10-05T13:01:20Z
2026-08-16T12:30:00Z,scarperia,0.00,0.000,21,ok,2026-10-05T13:01:20Z
2026-08-16T12:25:00Z,scarperia,0.00,0.000,21,ok,2026-10-05T13:01:20Z
2026-08-16T12:20:00Z,scarperia,0.00,0.000,21,ok,2026-10-05T13:01:20Z
2026-08-16T12:15:00Z,scarperia,0.00,0.000,21,ok,2026-10-05T13:01:20Z
2026-08-16T12:10:00Z,scarperia,0.00,0.000,21,ok,2026-10-05T13:01:20Z
2026-08-16T12:05:00Z,scarperia,0.00,0.000,21,ok,2026-10-05T13:01:20Z
2026-08-16T12:00:00Z,scarperia,0.00,0.000,21,ok,2026-10-05T13:01:20Z
2026-08-16T11:55:00Z,scarperia,0.00,0.000,21,ok,2026-10-05T13:01:20Z
2026-08-16T11:50:00Z,scarperia,0.00,0.000,21,ok,2026-10-05T13:01:20Z
2026-08-16T11:45:00Z,scarperia,0.00,0.000,21,ok,2026-10-05T13:01:20Z
2026-08-16T11:40:00Z,scarperia,0.00,0.000,21,ok,2026-10-05T13:01:20Z
2026-08-16T11:35:00Z,scarperia,0.00,0.000,21,ok,2026-10-05T13:01:20Z
2026-08-16T11:30:00Z,scarperia,0.00,0.000,21,ok,2026-10-05T13:01:20Z
2026-08-16T11:25:00Z,scarperia,0.00,0.000,21,ok,2026-10-05T13:01:20Z
2026-08-16T11:20:00Z,scarperia,0.00,0.000,21,ok,2026-10-05T13:01:20Z
2026-08-16T11:15:00Z,scarperia,0.00,0.000,21,ok,2026-10-05T13:01:20Z
2026-08-16T11:10:00Z,scarperia,0.00,0.000,21,ok,2026-10-05T13:01:20Z
2026-08-16T11:05:00Z,scarperia,0.00,0.000,21,ok,2026-10-05T13:01:20Z
2026-08-16T11:00:00Z,scarperia,0.00,0.000,21,ok,2026-10-05T13:01:20Z
2026-08-16T10:55:00Z,scarperia,0.00,0.000,21,ok,2026-10-05T13:01:20Z
2026-08-16T10:50:00Z,scarperia,0.00,0.000,21,ok,2026-10-05T13:01:20Z
2026-08-16T10:45:00Z,scarperia,0.00,0.000,21,ok,2026-10-05T13:01:20Z
2026-08-16T10:40:00Z,scarperia,0.00,0.000,21,ok,2026-10-05T13:01:20Z
2026-08-16T10:35:00Z,scarperia,0.00,0.000,21,ok,2026-10-05T13:01:20Z
2026-08-16T10:30:00Z,scarperia,0.00,0.000,21,ok,2026-10-05T13:01:20Z
2026-08-16T10:25:00Z,scarperia,0.00,0.000,21,ok,2026-10-05T13:01:20Z
2026-08-16T10:20:00Z,scarperia,0.00,0.000,21,ok,2026-10-05T13:01:20Z
2026-08-15T19:05:00Z,scarperia,0.00,0.000,21,ok,2026-10-05T13:01:20Z
2026-08-15T19:00:00Z,scarperia,0.00,0.000,21,ok,2026-10-05T13:01:20Z
2026-08-15T18:55:00Z,scarperia,0.00,0.000,21,ok,2026-10-05T13:01:20Z
2026-08-15T18:50:00Z,scarperia,0.00,0.000,21,ok,2026-10-05T13:01:20Z
2026-08-15T18:45:00Z,scarperia,0.00,0.000,21,ok,2026-10-05T13:01:20Z
2026-08-15T18:40:00Z,scarperia,0.00,0.000,21,ok,2026-10-05T13:01:20Z
2026-08-15T18:35:00Z,scarperia,0.00,0.000,21,ok,2026-10-05T13:01:20Z
2026-08-15T18:30:00Z,scarperia,0.00,0.000,21,ok,2026-10-05T13:01:20Z
2026-08-15T18:25:00Z,scarperia,0.00,0.000,21,ok,2026-10-05T13:01:20Z
2026-08-15T18:20:00Z,scarperia,0.00,0.000,21,ok,2026-10-05T13:01:20Z
2026-08-15T18:15:00Z,scarperia,0.00,0.000,21,ok,2026-10-05T13:01:20Z
2026-08-15T18:10:00Z,scarperia,0.00,0.000,21,ok,2026-10-05T13:01:20Z
2026-08-15T18:05:00Z,scarperia,0.00,0.000,21,ok,2026-10-05T13:01:20Z
2026-08-15T18:00:00Z,scarperia,0.00,0.000,21,ok,2026-10-05T13:01:20Z
2026-08-15T17:55:00Z,scarperia,0.00,0.000,21,ok,2026-10-05T13:01:20Z
2026-08-15T17:50:00Z,scarperia,0.00,0.000,21,ok,2026-10-05T13:01:20Z
2026-08-15T17:45:00Z,scarperia,0.00,0.000,21,ok,2026-10-05T13:01:20Z
2026-08-15T17:40:00Z,scarperia,0.00,0.000,21,ok,2026-10-05T13:01:20Z
2026-08-15T17:35:00Z,scarperia,0.00,0.000,21,ok,2026-10-05T13:01:20Z
2026-08-15T17:30:00Z,scarperia,0.00,0.000,21,ok,2026-10-05T13:01:20Z
2026-08-15T17:25:00Z,scarperia,0.00,0.000,21,ok,2026-10-05T13:01:20Z
2026-08-15T17:20:00Z,scarperia,0.00,0.000,21,ok,2026-10-05T13:01:20Z
2026-08-15T17:15:00Z,scarperia,0.00,0.000,21,ok,2026-10-05T13:01:20Z
2026-08-15T17:10:00Z,scarperia,0.00,0.000,21,ok,2026-10-05T13:01:20Z
2026-08-15T17:05:00Z,scarperia,0.00,0.000,21,ok,2026-10-05T13:01:20Z
2026-08-15T17:00:00Z,scarperia,0.00,0.000,21,ok,2026-10-05T13:01:20Z
2026-08-15T16:55:00Z,scarperia,0.00,0.000,21,ok,2026-10-05T13:01:20Z
2026-08-15T16:50:00Z,scarperia,0.00,0.000,21,ok,2026-10-05T13:01:20Z
2026-08-15T16:45:00Z,scarperia,0.00,0.000,21,ok,2026-10-05T13:01:20Z
2026-08-15T16:40:00Z,scarperia,0.00,0.000,21,ok,2026-10-05T13:01:20Z
2026-08-15T16:35:00Z,scarperia,0.00,0.000,21,ok,2026-10-05T13:01:20Z
2026-08-15T16:30:00Z,scarperia,0.00,0.000,21,ok,2026-10-05T13:01:20Z
2026-08-15T16:25:00Z,scarperia,0.00,0.000,21,ok,2026-10-05T13:01:20Z
2026-08-15T16:20:00Z,scarperia,0.00,0.000,21,ok,2026-10-05T13:01:20Z
2026-08-15T16:15:00Z,scarperia,0.00,0.000,21,ok,2026-10-05T13:01:20Z
2026-08-15T16:10:00Z,scarperia,0.00,0.000,21,ok,2026-10-05T13:01:20Z
2026-08-15T16:05:00Z,scarperia,0.00,0.000,21,ok,2026-10-05T13:01:20Z
2026-08-15T16:00:00Z,scarperia,0.00,0.000,21,ok,2026-10-05T13:01:20Z
2026-08-15T15:55:00Z,scarperia,0.00,0.000,21,ok,2026-10-05T13:01:20Z
2026-08-15T15:50:00Z,scarperia,0.00,0.000,21,ok,2026-10-05T13:01:20Z
2026-08-15T15:45:00Z,scarperia,0.00,0.000,21,ok,2026-10-05T13:01:20Z
2026-08-15T15:40:00Z,scarperia,0.00,0.000,21,ok,2026-10-05T13:01:20Z
2026-08-15T15:35:00Z,scarperia,0.00,0.000,21,ok,2026-10-05T13:01:20Z
2026-08-15T15:30:00Z,scarperia,0.00,0.000,21,ok,2026-10-05T13:01:20Z
2026-08-15T15:25:00Z,scarperia,0.00,0.000,21,ok,2026-10-05T13:01:20Z
2026-08-15T15:20:00Z,scarperia,0.00,0.000,21,ok,2026-10-05T13:01:20Z
2026-08-15T15:15:00Z,scarperia,0.00,0.000,21,ok,2026-10-05T13:01:20Z
2026-08-15T15:10:00Z,scarperia,0.00,0.000,21,ok,2026-10-05T13:01:20Z
2026-08-15T15:05:00Z,scarperia,0.00,0.000,21,ok,2026-10-05T13:01:20Z
2026-08-15T15:00:00Z,scarperia,0.00,0.000,21,ok,2026-10-05T13:01:20Z
2026-08-15T14:55:00Z,scarperia,0.00,0.000,21,ok,2026-10-05T13:01:20Z
2026-08-15T14:50:00Z,scarperia,0.00,0.000,21,ok,2026-10-05T13:01:20Z
2026-08-15T14:45:00Z,scarperia,0.00,0.000,21,ok,2026-10-05T13:01:20Z
2026-08-15T14:40:00Z,scarperia,0.00,0.000,21,ok,2026-10-05T13:01:20Z
2026-08-15T14:35:00Z,scarperia,0.00,0.000,21,ok,2026-10-05T13:01:20Z
2026-08-15T14:30:00Z,scarperia,0.00,0.000,21,ok,2026-10-05T13:01:20Z
2026-08-15T14:25:00Z,scarperia,0.00,0.000,21,ok,2026-10-05T13:01:20Z
2026-08-15T14:20:00Z,scarperia,0.00,0.000,21,ok,2026-10-05T13:01:20Z
2026-08-15T14:15:00Z,scarperia,0.00,0.000,21,ok,2026-10-05T13:01:20Z
2026-08-15T14:10:00Z,scarperia,0.00,0.000,21,ok,2026-10-05T13:01:20Z
2026-08-15T14:05:00Z,scarperia,0.00,0.000,21,ok,2026-10-05T13:01:20Z
2026-08-15T14:00:00Z,scarperia,0.00,0.000,21,ok,2026-10-05T13:01:20Z
2026-08-15T13:55:00Z,scarperia,0.00,0.000,21,ok,2026-10-05T13:01:20Z
2026-08-15T13:50:00Z,scarperia,0.00,0.000,21,ok,2026-10-05T13:01:20Z
2026-08-15T13:45:00Z,scarperia,0.00,0.000,21,ok,2026-10-05T13:01:20Z
2026-08-15T13:40:00Z,scarperia,0.00,0.000,21,ok,2026-10-05T13:01:20Z
2026-08-15T13:35:00Z,scarperia,0.00,0.000,21,ok,2026-10-05T13:01:20Z
2026-08-15T13:30:00Z,scarperia,0.00,0.000,21,ok,2026-10-05T13:01:20Z
2026-08-15T13:25:00Z,scarperia,0.00,0.000,21,ok,2026-10-05T13:01:20Z
2026-08-15T13:20:00Z,scarperia,0.00,0.000,21,ok,2026-10-05T13:01:20Z
2026-08-15T13:15:00Z,scarperia,0.00,0.000,21,ok,2026-10-05T13:01:20Z
2026-08-15T13:10:00Z,scarperia,0.00,0.000,21,ok,2026-10-05T13:01:20Z
2026-08-15T13:05:00Z,scarperia,0.00,0.000,21,ok,2026-10-05T13:01:20Z
2026-08-15T13:00:00Z,scarperia,0.00,0.000,21,ok,2026-10-05T13:01:20Z
2026-08-15T12:55:00Z,scarperia,0.00,0.000,21,ok,2026-10-05T13:01:20Z
2026-08-15T12:50:00Z,scarperia,0.00,0.000,21,ok,2026-10-05T13:01:20Z
2026-08-15T12:45:00Z,scarperia,0.00,0.000,21,ok,2026-10-05T13:01:20Z
2026-08-15T12:40:00Z,scarperia,0.00,0.000,21,ok,2026-10-05T13:01:20Z
2026-08-15T12:35:00Z,scarperia,0.00,0.000,21,ok,2026-10-05T13:01:20Z
2026-08-15T12:30:00Z,scarperia,0.00,0.000,21,ok,2026-10-05T13:01:20Z
2026-08-15T12:25:00Z,scarperia,0.00,0.000,21,ok,2026-10-05T13:01:20Z
2026-08-15T12:20:00Z,scarperia,0.00,0.000,21,ok,2026-10-05T13:01:20Z
2026-08-15T12:15:00Z,scarperia,0.00,0.000,21,ok,2026-10-05T13:01:20Z
2026-08-15T12:10:00Z,scarperia,0.00,0.000,21,ok,2026-10-05T13:01:20Z
2026-08-15T12:05:00Z,scarperia,0.00,0.000,21,ok,2026-10-05T13:01:20Z
2026-08-15T12:00:00Z,scarperia,0.00,0.000,21,ok,2026-10-05T13:01:20Z
2026-08-15T11:55:00Z,scarperia,0.00,0.000,21,ok,2026-10-05T13:01:20Z
2026-08-15T11:50:00Z,scarperia,0.00,0.000,21,ok,2026-10-05T13:01:20Z
2026-08-15T11:45:00Z,scarperia,0.00,0.000,21,ok,2026-10-05T13:01:20Z
2026-08-15T11:40:00Z,scarperia,0.00,0.000,21,ok,2026-10-05T13:01:20Z
2026-08-15T11:35:00Z,scarperia,0.00,0.000,21,ok,2026-10-05T13:01:20Z
2026-08-12T19:35:00Z,scarperia,0.00,0.000,21,ok,2026-10-05T13:01:20Z
2026-08-12T19:30:00Z,scarperia,0.00,0.000,21,ok,2026-10-05T13:01:20Z
2026-08-12T19:25:00Z,scarperia,0.00,0.000,21,ok,2026-10-05T13:01:20Z
2026-08-12T19:20:00Z,scarperia,0.00,0.000,21,ok,2026-10-05T13:01:20Z
2026-08-12T19:15:00Z,scarperia,0.00,0.000,21,ok,2026-10-05T13:01:20Z
2026-08-12T19:10:00Z,scarperia,0.00,0.000,21,ok,2026-10-05T13:01:20Z
2026-08-12T19:05:00Z,scarperia,0.00,0.000,21,ok,2026-10-05T13:01:20Z
2026-08-12T19:00:00Z,scarperia,0.00,0.000,21,ok,2026-10-05T13:01:20Z
2026-08-12T18:55:00Z,scarperia,0.00,0.000,21,ok,2026-10-05T13:01:20Z
2026-08-12T18:50:00Z,scarperia,0.00,0.000,21,ok,2026-10-05T13:01:20Z
2026-08-12T18:45:00Z,scarperia,0.00,0.000,21,ok,2026-10-05T13:01:20Z
2026-08-12T18:40:00Z,scarperia,0.00,0.000,21,ok,2026-10-05T13:01:20Z
2026-08-12T18:35:00Z,scarperia,0.00,0.000,21,ok,2026-10-05T13:01:20Z
2026-08-12T18:30:00Z,scarperia,0.00,0.000,21,ok,2026-10-05T13:01:20Z
2026-08-12T18:25:00Z,scarperia,0.00,0.000,21,ok,2026-10-05T13:01:20Z
2026-08-12T18:20:00Z,scarperia,0.00,0.000,21,ok,2026-10-05T13:01:20Z
2026-08-12T18:15:00Z,scarperia,0.00,0.000,21,ok,2026-10-05T13:01:20Z
2026-08-12T18:10:00Z,scarperia,0.00,0.000,21,ok,2026-10-05T13:01:20Z
2026-08-12T18:05:00Z,scarperia,0.00,0.000,21,ok,2026-10-05T13:01:20Z
2026-08-12T18:00:00Z,scarperia,0.00,0.000,21,ok,2026-10-05T13:01:20Z
2026-08-12T17:55:00Z,scarperia,0.00,0.000,21,ok,2026-10-05T13:01:20Z
2026-08-12T17:50:00Z,scarperia,0.00,0.000,21,ok,2026-10-05T13:01:20Z
2026-08-12T17:45:00Z,scarperia,0.00,0.000,21,ok,2026-10-05T13:01:20Z
2026-08-12T17:40:00Z,scarperia,0.00,0.000,21,ok,2026-10-05T13:01:20Z
2026-08-12T17:35:00Z,scarperia,0.00,0.000,21,ok,2026-10-05T13:01:20Z
2026-08-12T17:30:00Z,scarperia,0.00,0.000,21,ok,2026-10-05T13:01:20Z
2026-08-12T17:25:00Z,scarperia,0.00,0.000,21,ok,2026-10-05T13:01:20Z
2026-08-12T17:20:00Z,scarperia,0.00,0.000,21,ok,2026-10-05T13:01:20Z
2026-08-12T17:15:00Z,scarperia,0.00,0.000,21,ok,2026-10-05T13:01:20Z
2026-08-12T17:10:00Z,scarperia,0.00,0.000,21,ok,2026-10-05T13:01:20Z
2026-08-12T17:05:00Z,scarperia,0.00,0.000,21,ok,2026-10-05T13:01:20Z
2026-08-12T17:00:00Z,scarperia,0.00,0.000,21,ok,2026-10-05T13:01:20Z
2026-08-12T16:55:00Z,scarperia,0.00,0.000,21,ok,2026-10-05T13:01:20Z
2026-08-12T16:50:00Z,scarperia,0.00,0.000,21,ok,2026-10-05T13:01:20Z
2026-08-12T16:45:00Z,scarperia,0.00,0.000,21,ok,2026-10-05T13:01:20Z
2026-08-12T16:40:00Z,scarperia,0.00,0.000,21,ok,2026-10-05T13:01:20Z
2026-08-12T16:35:00Z,scarperia,0.00,0.000,21,ok,2026-10-05T13:01:20Z
2026-08-12T16:30:00Z,scarperia,0.00,0.000,21,ok,2026-10-05T13:01:20Z
2026-08-12T16:25:00Z,scarperia,0.00,0.000,21,ok,2026-10-05T13:01:20Z
2026-08-12T16:20:00Z,scarperia,0.00,0.000,21,ok,2026-10-05T13:01:20Z
2026-08-12T16:15:00Z,scarperia,0.00,0.000,21,ok,2026-10-05T13:01:20Z
2026-08-12T16:10:00Z,scarperia,0.00,0.000,21,ok,2026-10-05T13:01:20Z
2026-08-12T16:05:00Z,scarperia,0.00,0.000,21,ok,2026-10-05T13:01:20Z
2026-08-12T16:00:00Z,scarperia,0.00,0.000,21,ok,2026-10-05T13:01:20Z
2026-08-12T15:55:00Z,scarperia,0.00,0.000,21,ok,2026-10-05T13:01:20Z
2026-08-12T15:50:00Z,scarperia,0.00,0.000,21,ok,2026-10-05T13:01:20Z
2026-08-12T15:45:00Z,scarperia,0.00,0.000,21,ok,2026-10-05T13:01:20Z
2026-08-12T15:40:00Z,scarperia,0.00,0.000,21,ok,2026-10-05T13:01:20Z
2026-08-12T15:35:00Z,scarperia,0.00,0.000,21,ok,2026-10-05T13:01:20Z
2026-08-12T15:30:00Z,scarperia,0.00,0.000,21,ok,2026-10-05T13:01:20Z
2026-08-12T15:25:00Z,scarperia,0.00,0.000,21,ok,2026-10-05T13:01:20Z
2026-08-12T15:20:00Z,scarperia,0.00,0.000,21,ok,2026-10-05T13:01:20Z
2026-08-12T15:15:00Z,scarperia,0.00,0.000,21,ok,2026-10-05T13:01:20Z
2026-08-12T15:10:00Z,scarperia,0.00,0.000,21,ok,2026-10-05T13:01:20Z
2026-08-12T15:05:00Z,scarperia,0.00,0.000,21,ok,2026-10-05T13:01:20Z
2026-08-12T15:00:00Z,scarperia,0.00,0.000,21,ok,2026-10-05T13:01:20Z
2026-08-12T14:55:00Z,scarperia,0.00,0.000,21,ok,2026-10-05T13:01:20Z
2026-08-12T14:50:00Z,scarperia,0.00,0.000,21,ok,2026-10-05T13:01:20Z
2026-08-12T14:45:00Z,scarperia,0.00,0.000,21,ok,2026-10-05T13:01:20Z
2026-08-12T14:40:00Z,scarperia,0.00,0.000,21,ok,2026-10-05T13:01:20Z
2026-08-12T14:35:00Z,scarperia,0.00,0.000,21,ok,2026-10-05T13:01:20Z
2026-08-12T14:30:00Z,scarperia,0.00,0.000,21,ok,2026-10-05T13:01:20Z
2026-08-12T14:25:00Z,scarperia,0.00,0.000,21,ok,2026-10-05T13:01:20Z
2026-08-12T14:20:00Z,scarperia,0.00,0.000,21,ok,2026-10-05T13:01:20Z
2026-08-12T14:15:00Z,scarperia,0.00,0.000,21,ok,2026-10-05T13:01:20Z
2026-08-12T14:10:00Z,scarperia,0.00,0.000,21,ok,2026-10-05T13:01:20Z
2026-08-12T14:05:00Z,scarperia,0.00,0.000,21,ok,2026-10-05T13:01:20Z
2026-08-12T14:00:00Z,scarperia,0.00,0.000,21,ok,2026-10-05T13:01:20Z
2026-08-12T13:55:00Z,scarperia,0.00,0.000,21,ok,2026-10-05T13:01:20Z
2026-08-12T13:50:00Z,scarperia,0.00,0.000,21,ok,2026-10-05T13:01:20Z
2026-08-12T13:45:00Z,scarperia,0.00,0.000,21,ok,2026-10-05T13:01:20Z
2026-08-12T13:40:00Z,scarperia,0.00,0.000,21,ok,2026-10-05T13:01:20Z
2026-08-12T13:35:00Z,scarperia,0.00,0.000,21,ok,2026-10-05T13:01:20Z
2026-08-12T13:30:00Z,scarperia,0.00,0.000,21,ok,2026-10-05T13:01:20Z
2026-08-12T13:25:00Z,scarperia,0.00,0.000,21,ok,2026-10-05T13:01:20Z
2026-08-12T13:20:00Z,scarperia,0.00,0.000,21,ok,2026-10-05T13:01:20Z
2026-08-12T13:15:00Z,scarperia,0.00,0.000,21,ok,2026-10-05T13:01:20Z
2026-08-12T13:10:00Z,scarperia,0.00,0.000,21,ok,2026-10-05T13:01:20Z
2026-08-12T13:05:00Z,scarperia,0.00,0.000,21,ok,2026-10-05T13:01:20Z
2026-08-12T13:00:00Z,scarperia,0.00,0.000,21,ok,2026-10-05T13:01:20Z
2026-08-12T12:55:00Z,scarperia,0.00,0.000,21,ok,2026-10-05T13:01:20Z
2026-08-12T12:50:00Z,scarperia,0.00,0.000,21,ok,2026-10-05T13:01:20Z
2026-08-12T12:45:00Z,scarperia,0.00,0.000,21,ok,2026-10-05T13:01:20Z
2026-08-12T12:40:00Z,scarperia,0.00,0.000,21,ok,2026-10-05T13:01:20Z
2026-08-12T12:35:00Z,scarperia,0.00,0.000,21,ok,2026-10-05T13:01:20Z
2026-08-12T12:30:00Z,scarperia,0.00,0.000,21,ok,2026-10-05T13:01:20Z
2026-08-12T12:25:00Z,scarperia,0.00,0.000,21,ok,2026-10-05T13:01:20Z
2026-08-12T12:20:00Z,scarperia,0.00,0.000,21,ok,2026-10-05T13:01:20Z
2026-08-12T12:15:00Z,scarperia,0.00,0.000,21,ok,2026-10-05T13:01:20Z
2026-08-12T12:10:00Z,scarperia,0.00,0.000,21,ok,2026-10-05T13:01:20Z
2026-08-12T12:05:00Z,scarperia,0.00,0.000,21,ok,2026-10-05T13:01:20Z
2026-08-12T12:00:00Z,scarperia,0.00,0.000,21,ok,2026-10-05T13:01:20Z
2026-08-12T11:55:00Z,scarperia,0.00,0.000,21,ok,2026-10-05T13:01:20Z
2026-08-12T11:50:00Z,scarperia,0.00,0.000,21,ok,2026-10-05T13:01:20Z
2026-08-12T11:45:00Z,scarperia,0.00,0.000,21,ok,2026-10-05T13:01:20Z
2026-08-12T11:40:00Z,scarperia,0.00,0.000,21,ok,2026-10-05T13:01:20Z
2026-08-12T11:35:00Z,scarperia,0.00,0.000,21,ok,2026-10-05T13:01:20Z
2026-08-12T11:30:00Z,scarperia,0.00,0.000,21,ok,2026-10-05T13:01:20Z
2026-08-12T11:25:00Z,scarperia,0.00,0.000,21,ok,2026-10-05T13:01:20Z
2026-08-12T11:20:00Z,scarperia,0.00,0.000,21,ok,2026-10-05T13:01:20Z
2026-08-12T11:15:00Z,scarperia,0.00,0.000,21,ok,2026-10-05T13:01:20Z
2026-08-12T11:10:00Z,scarperia,0.00,0.000,21,ok,2026-10-05T13:01:20Z
2026-08-12T11:05:00Z,scarperia,0.00,0.000,21,ok,2026-10-05T13:01:20Z
2026-08-10T22:15:00Z,scarperia,0.00,0.000,21,ok,2026-10-05T13:01:20Z
2026-08-10T22:10:00Z,scarperia,0.00,0.000,21,ok,2026-10-05T13:01:20Z
2026-08-10T22:05:00Z,scarperia,0.00,0.000,21,ok,2026-10-05T13:01:20Z
2026-08-10T22:00:00Z,scarperia,0.00,0.000,21,ok,2026-10-05T13:01:20Z
2026-08-10T21:55:00Z,scarperia,0.00,0.000,21,ok,2026-10-05T13:01:20Z
2026-08-10T21:50:00Z,scarperia,0.00,0.000,21,ok,2026-10-05T13:01:20Z
2026-08-10T21:45:00Z,scarperia,0.00,0.000,21,ok,2026-10-05T13:01:20Z
2026-08-10T21:40:00Z,scarperia,0.00,0.000,21,ok,2026-10-05T13:01:20Z
2026-08-10T21:35:00Z,scarperia,0.00,0.000,21,ok,2026-10-05T13:01:20Z
2026-08-10T21:30:00Z,scarperia,0.00,0.000,21,ok,2026-10-05T13:01:20Z
2026-08-10T21:25:00Z,scarperia,0.00,0.000,21,ok,2026-10-05T13:01:20Z
2026-08-10T21:20:00Z,scarperia,0.00,0.000,21,ok,2026-10-05T13:01:20Z
2026-08-10T21:15:00Z,scarperia,0.00,0.000,21,ok,2026-10-05T13:01:20Z
2026-08-10T21:10:00Z,scarperia,0.00,0.000,21,ok,2026-10-05T13:01:20Z
2026-08-10T21:05:00Z,scarperia,0.00,0.000,21,ok,2026-10-05T13:01:20Z
2026-08-10T21:00:00Z,scarperia,0.00,0.000,21,ok,2026-10-05T13:01:20Z
2026-08-10T20:55:00Z,scarperia,0.00,0.000,21,ok,2026-10-05T13:01:20Z
2026-08-10T20:50:00Z,scarperia,0.00,0.000,21,ok,2026-10-05T13:01:20Z
2026-08-10T20:45:00Z,scarperia,0.00,0.000,21,ok,2026-10-05T13:01:20Z
2026-08-10T20:40:00Z,scarperia,0.00,0.000,21,ok,2026-10-05T13:01:20Z
2026-08-10T20:35:00Z,scarperia,0.00,0.000,21,ok,2026-10-05T13:01:20Z
2026-08-10T20:30:00Z,scarperia,0.00,0.000,21,ok,2026-10-05T13:01:20Z
2026-08-10T20:25:00Z,scarperia,0.00,0.000,21,ok,2026-10-05T13:01:20Z
2026-08-10T20:20:00Z,scarperia,0.00,0.000,21,ok,2026-10-05T13:01:20Z
2026-08-10T20:15:00Z,scarperia,0.00,0.000,21,ok,2026-10-05T13:01:20Z
2026-08-10T20:10:00Z,scarperia,0.00,0.000,21,ok,2026-10-05T13:01:20Z
2026-08-10T20:05:00Z,scarperia,0.00,0.000,21,ok,2026-10-05T13:01:20Z
2026-08-10T20:00:00Z,scarperia,0.00,0.000,21,ok,2026-10-05T13:01:20Z
2026-08-10T15:05:00Z,scarperia,0.00,0.000,21,ok,2026-10-05T13:01:20Z
2026-08-10T15:00:00Z,scarperia,0.00,0.000,21,ok,2026-10-05T13:01:20Z
2026-08-10T14:55:00Z,scarperia,0.00,0.000,21,ok,2026-10-05T13:01:20Z
2026-08-10T14:50:00Z,scarperia,0.00,0.000,21,ok,2026-10-05T13:01:20Z
2026-08-10T14:45:00Z,scarperia,0.00,0.000,21,ok,2026-10-05T13:01:20Z
2026-08-10T14:40:00Z,scarperia,0.00,0.000,21,ok,2026-10-05T13:01:20Z
2026-08-10T14:35:00Z,scarperia,0.00,0.000,21,ok,2026-10-05T13:01:20Z
2026-08-10T14:30:00Z,scarperia,0.00,0.000,21,ok,2026-10-05T13:01:20Z
2026-08-10T14:25:00Z,scarperia,0.00,0.000,21,ok,2026-10-05T13:01:20Z
2026-08-10T14:20:00Z,scarperia,0.00,0.000,21,ok,2026-10-05T13:01:20Z
2026-08-10T14:15:00Z,scarperia,0.00,0.000,21,ok,2026-10-05T13:01:20Z
2026-08-10T14:10:00Z,scarperia,0.00,0.000,21,ok,2026-10-05T13:01:20Z
2026-08-10T14:05:00Z,scarperia,0.00,0.000,21,ok,2026-10-05T13:01:20Z
2026-08-10T14:00:00Z,scarperia,0.00,0.000,21,ok,2026-10-05T13:01:20Z
2026-08-10T13:55:00Z,scarperia,0.00,0.000,21,ok,2026-10-05T13:01:20Z
2026-08-10T13:50:00Z,scarperia,0.00,0.000,21,ok,2026-10-05T13:01:20Z
2026-08-10T13:45:00Z,scarperia,0.00,0.000,21,ok,2026-10-05T13:01:20Z
2026-08-10T13:40:00Z,scarperia,0.00,0.000,21,ok,2026-10-05T13:01:20Z
2026-08-10T13:35:00Z,scarperia,0.00,0.000,21,ok,2026-10-05T13:01:20Z
2026-08-10T13:30:00Z,scarperia,0.00,0.000,21,ok,2026-10-05T13:01:20Z
2026-08-10T13:25:00Z,scarperia,0.00,0.000,21,ok,2026-10-05T13:01:20Z
2026-08-10T13:20:00Z,scarperia,0.00,0.000,21,ok,2026-10-05T13:01:20Z
2026-08-10T13:15:00Z,scarperia,0.00,0.000,21,ok,2026-10-05T13:01:20Z
2026-08-10T13:10:00Z,scarperia,0.00,0.000,21,ok,2026-10-05T13:01:20Z
2026-08-10T13:05:00Z,scarperia,0.00,0.000,21,ok,2026-10-05T13:01:20Z
2026-08-10T13:00:00Z,scarperia,0.00,0.000,21,ok,2026-10-05T13:01:20Z
2026-08-10T12:55:00Z,scarperia,0.00,0.000,21,ok,2026-10-05T13:01:20Z
2026-08-10T12:50:00Z,scarperia,0.00,0.000,21,ok,2026-10-05T13:01:20Z
2026-08-09T20:45:00Z,scarperia,0.00,0.000,21,ok,2026-10-05T13:01:20Z
2026-08-09T20:40:00Z,scarperia,0.00,0.000,21,ok,2026-10-05T13:01:20Z
2026-08-09T20:35:00Z,scarperia,0.00,0.000,21,ok,2026-10-05T13:01:20Z
2026-08-09T20:30:00Z,scarperia,0.00,0.000,21,ok,2026-10-05T13:01:20Z
2026-08-09T20:25:00Z,scarperia,0.00,0.000,21,ok,2026-10-05T13:01:20Z
2026-08-09T20:20:00Z,scarperia,0.00,0.000,21,ok,2026-10-05T13:01:20Z
2026-08-09T20:15:00Z,scarperia,0.00,0.000,21,ok,2026-10-05T13:01:20Z
2026-08-09T20:10:00Z,scarperia,0.00,0.000,21,ok,2026-10-05T13:01:20Z
2026-08-09T20:05:00Z,scarperia,0.00,0.000,21,ok,2026-10-05T13:01:20Z
2026-08-09T20:00:00Z,scarperia,0.00,0.000,21,ok,2026-10-05T13:01:20Z
2026-08-09T19:55:00Z,scarperia,0.00,0.000,21,ok,2026-10-05T13:01:20Z
2026-08-09T19:50:00Z,scarperia,0.00,0.000,21,ok,2026-10-05T13:01:20Z
2026-08-09T19:45:00Z,scarperia,0.00,0.000,21,ok,2026-10-05T13:01:20Z
2026-08-09T19:40:00Z,scarperia,0.00,0.000,21,ok,2026-10-05T13:01:20Z
2026-08-09T19:35:00Z,scarperia,0.00,0.000,21,ok,2026-10-05T13:01:20Z
2026-08-09T19:30:00Z,scarperia,0.00,0.000,21,ok,2026-10-05T13:01:20Z
2026-08-09T19:25:00Z,scarperia,0.00,0.000,21,ok,2026-10-05T13:01:20Z
2026-08-09T19:20:00Z,scarperia,0.00,0.000,21,ok,2026-10-05T13:01:20Z
2026-08-09T19:15:00Z,scarperia,0.00,0.000,21,ok,2026-10-05T13:01:20Z
2026-08-09T19:10:00Z,scarperia,0.00,0.000,21,ok,2026-10-05T13:01:20Z
2026-08-09T19:05:00Z,scarperia,0.00,0.000,21,ok,2026-10-05T13:01:20Z
2026-08-09T19:00:00Z,scarperia,0.00,0.000,21,ok,2026-10-05T13:01:20Z
2026-08-09T18:55:00Z,scarperia,0.00,0.000,21,ok,2026-10-05T13:01:20Z
2026-08-09T18:50:00Z,scarperia,0.00,0.000,21,ok,2026-10-05T13:01:20Z
2026-08-09T18:45:00Z,scarperia,0.00,0.000,21,ok,2026-10-05T13:01:20Z
2026-08-09T18:40:00Z,scarperia,0.00,0.000,21,ok,2026-10-05T13:01:20Z
2026-08-09T18:35:00Z,scarperia,0.00,0.000,21,ok,2026-10-05T13:01:20Z
2026-08-09T18:30:00Z,scarperia,0.00,0.000,21,ok,2026-10-05T13:01:20Z
2026-08-09T18:25:00Z,scarperia,0.00,0.000,21,ok,2026-10-05T13:01:20Z
2026-08-09T18:20:00Z,scarperia,0.00,0.000,21,ok,2026-10-05T13:01:20Z
2026-08-09T18:15:00Z,scarperia,0.00,0.000,21,ok,2026-10-05T13:01:20Z
2026-08-09T18:10:00Z,scarperia,0.00,0.000,21,ok,2026-10-05T13:01:20Z
2026-08-09T18:05:00Z,scarperia,0.00,0.000,21,ok,2026-10-05T13:01:20Z
2026-08-09T18:00:00Z,scarperia,0.00,0.000,21,ok,2026-10-05T13:01:20Z
2026-08-09T17:55:00Z,scarperia,0.00,0.000,21,ok,2026-10-05T13:01:20Z
2026-08-09T17:50:00Z,scarperia,0.00,0.000,21,ok,2026-10-05T13:01:20Z
2026-08-09T17:45:00Z,scarperia,0.00,0.000,21,ok,2026-10-05T13:01:20Z
2026-08-09T17:40:00Z,scarperia,0.00,0.000,21,ok,2026-10-05T13:01:20Z
2026-08-09T17:35:00Z,scarperia,0.00,0.000,21,ok,2026-10-05T13:01:20Z
2026-08-09T17:30:00Z,scarperia,0.00,0.000,21,ok,2026-10-05T13:01:20Z
2026-08-09T17:25:00Z,scarperia,0.00,0.000,21,ok,2026-10-05T13:01:20Z
2026-08-09T17:20:00Z,scarperia,0.00,0.000,21,ok,2026-10-05T13:01:20Z
2026-08-09T17:15:00Z,scarperia,0.00,0.000,21,ok,2026-10-05T13:01:20Z
2026-08-09T17:10:00Z,scarperia,0.00,0.000,21,ok,2026-10-05T13:01:20Z
2026-08-09T17:05:00Z,scarperia,0.00,0.000,21,ok,2026-10-05T13:01:20Z
2026-08-09T17:00:00Z,scarperia,0.00,0.000,21,ok,2026-10-05T13:01:20Z
2026-08-09T16:55:00Z,scarperia,0.00,0.000,21,ok,2026-10-05T13:01:20Z
2026-08-09T16:50:00Z,scarperia,0.00,0.000,21,ok,2026-10-05T13:01:20Z
2026-08-09T16:45:00Z,scarperia,0.00,0.000,21,ok,2026-10-05T13:01:20Z
2026-08-09T16:40:00Z,scarperia,0.00,0.000,21,ok,2026-10-05T13:01:20Z
2026-08-09T16:35:00Z,scarperia,0.00,0.000,21,ok,2026-10-05T13:01:20Z
2026-08-09T16:30:00Z,scarperia,0.00,0.000,21,ok,2026-10-05T13:01:20Z
2026-08-09T16:25:00Z,scarperia,0.00,0.000,21,ok,2026-10-05T13:01:20Z
2026-08-09T16:20:00Z,scarperia,0.00,0.000,21,ok,2026-10-05T13:01:20Z
2026-08-09T16:15:00Z,scarperia,0.00,0.000,21,ok,2026-10-05T13:01:20Z
2026-08-08T20:15:00Z,scarperia,0.00,0.000,21,ok,2026-10-05T13:01:20Z
2026-08-08T20:10:00Z,scarperia,0.00,0.000,21,ok,2026-10-05T13:01:20Z
2026-08-08T20:05:00Z,scarperia,0.00,0.000,21,ok,2026-10-05T13:01:20Z
2026-08-08T20:00:00Z,scarperia,0.00,0.000,21,ok,2026-10-05T13:01:20Z
2026-08-08T19:55:00Z,scarperia,0.00,0.000,21,ok,2026-10-05T13:01:20Z
2026-08-08T19:50:00Z,scarperia,0.00,0.000,21,ok,2026-10-05T13:01:20Z
2026-08-08T19:45:00Z,scarperia,0.00,0.000,21,ok,2026-10-05T13:01:20Z
2026-08-08T19:40:00Z,scarperia,0.00,0.000,21,ok,2026-10-05T13:01:20Z
2026-08-08T19:35:00Z,scarperia,0.00,0.000,21,ok,2026-10-05T13:01:20Z
2026-08-08T19:30:00Z,scarperia,0.00,0.000,21,ok,2026-10-05T13:01:20Z
2026-08-08T19:25:00Z,scarperia,0.00,0.000,21,ok,2026-10-05T13:01:20Z
2026-08-08T19:20:00Z,scarperia,0.00,0.000,21,ok,2026-10-05T13:01:20Z
2026-08-08T19:15:00Z,scarperia,0.00,0.000,21,ok,2026-10-05T13:01:20Z
2026-08-08T19:10:00Z,scarperia,0.00,0.000,21,ok,2026-10-05T13:01:20Z
2026-08-08T19:05:00Z,scarperia,0.00,0.000,21,ok,2026-10-05T13:01:20Z
2026-08-08T19:00:00Z,scarperia,0.00,0.000,21,ok,2026-10-05T13:01:20Z
2026-08-08T18:55:00Z,scarperia,0.00,0.000,21,ok,2026-10-05T13:01:20Z
2026-08-08T18:50:00Z,scarperia,0.00,0.000,21,ok,2026-10-05T13:01:20Z
2026-08-08T18:45:00Z,scarperia,0.00,0.000,21,ok,2026-10-05T13:01:20Z
2026-08-08T18:40:00Z,scarperia,0.00,0.000,21,ok,2026-10-05T13:01:20Z
2026-08-08T18:35:00Z,scarperia,0.00,0.000,21,ok,2026-10-05T13:01:20Z
2026-08-08T18:30:00Z,scarperia,0.00,0.000,21,ok,2026-10-05T13:01:20Z
2026-08-08T18:25:00Z,scarperia,0.00,0.000,21,ok,2026-10-05T13:01:20Z
2026-08-08T18:20:00Z,scarperia,0.00,0.000,21,ok,2026-10-05T13:01:20Z
2026-08-08T18:15:00Z,scarperia,0.00,0.000,21,ok,2026-10-05T13:01:20Z
2026-08-08T18:10:00Z,scarperia,0.00,0.000,21,ok,2026-10-05T13:01:20Z
2026-08-08T18:05:00Z,scarperia,0.00,0.000,21,ok,2026-10-05T13:01:20Z
2026-08-08T18:00:00Z,scarperia,0.00,0.000,21,ok,2026-10-05T13:01:20Z
2026-08-08T17:55:00Z,scarperia,0.00,0.000,21,ok,2026-10-05T13:01:20Z
2026-08-08T17:50:00Z,scarperia,0.00,0.000,21,ok,2026-10-05T13:01:20Z
2026-08-08T16:00:00Z,scarperia,0.00,0.000,21,ok,2026-10-05T13:01:20Z
2026-08-08T15:55:00Z,scarperia,0.00,0.000,21,ok,2026-10-05T13:01:20Z
2026-08-08T15:50:00Z,scarperia,0.00,0.000,21,ok,2026-10-05T13:01:20Z
2026-08-08T15:45:00Z,scarperia,0.00,0.000,21,ok,2026-10-05T13:01:20Z
2026-08-08T15:40:00Z,scarperia,0.00,0.000,21,ok,2026-10-05T13:01:20Z
2026-08-08T15:35:00Z,scarperia,0.00,0.000,21,ok,2026-10-05T13:01:20Z
2026-08-08T15:30:00Z,scarperia,0.69,0.252,21,ok,2026-10-05T13:01:20Z
2026-08-08T15:25:00Z,scarperia,1.07,0.781,21,ok,2026-10-05T13:01:20Z
2026-08-08T15:20:00Z,scarperia,1.33,0.898,21,ok,2026-10-05T13:01:20Z
2026-08-08T15:15:00Z,scarperia,1.19,0.799,21,ok,2026-10-05T13:01:20Z
2026-08-08T15:10:00Z,scarperia,1.31,0.856,21,ok,2026-10-05T13:01:20Z
2026-08-08T15:05:00Z,scarperia,1.55,1.103,21,ok,2026-10-05T13:01:20Z
2026-08-08T15:00:00Z,scarperia,0.79,0.681,21,ok,2026-10-05T13:01:20Z
2026-08-08T14:55:00Z,scarperia,0.82,0.462,21,ok,2026-10-05T13:01:20Z
2026-08-08T14:50:00Z,scarperia,0.88,0.393,21,ok,2026-10-05T13:01:20Z
2026-08-08T14:45:00Z,scarperia,1.71,1.297,21,ok,2026-10-05T13:01:20Z
2026-08-08T14:40:00Z,scarperia,1.94,1.258,21,ok,2026-10-05T13:01:20Z
2026-08-08T14:35:00Z,scarperia,1.04,0.906,21,ok,2026-10-05T13:01:20Z
2026-08-08T14:30:00Z,scarperia,1.52,1.069,21,ok,2026-10-05T13:01:20Z
2026-08-08T14:25:00Z,scarperia,1.25,0.897,21,ok,2026-10-05T13:01:20Z
2026-08-08T14:20:00Z,scarperia,2.65,1.427,21,ok,2026-10-05T13:01:20Z
2026-08-08T14:15:00Z,scarperia,3.38,2.148,21,ok,2026-10-05T13:01:20Z
2026-08-08T14:10:00Z,scarperia,4.67,2.407,21,ok,2026-10-05T13:01:20Z
2026-08-08T14:05:00Z,scarperia,4.16,2.992,21,ok,2026-10-05T13:01:20Z
2026-08-08T14:00:00Z,scarperia,7.50,5.973,21,ok,2026-10-05T13:01:20Z
2026-08-08T13:55:00Z,scarperia,12.01,9.649,21,ok,2026-10-05T13:01:20Z
2026-08-08T13:50:00Z,scarperia,23.62,13.945,21,ok,2026-10-05T13:01:20Z
2026-08-08T13:45:00Z,scarperia,32.99,14.191,21,ok,2026-10-05T13:01:20Z
2026-08-08T13:40:00Z,scarperia,21.27,6.788,21,ok,2026-10-05T13:01:20Z
2026-08-08T13:35:00Z,scarperia,8.24,4.183,21,ok,2026-10-05T13:01:20Z
2026-08-08T13:30:00Z,scarperia,9.01,3.919,21,ok,2026-10-05T13:01:20Z
2026-08-08T13:25:00Z,scarperia,12.69,3.750,21,ok,2026-10-05T13:01:20Z
2026-08-08T13:20:00Z,scarperia,8.06,2.462,21,ok,2026-10-05T13:01:20Z
2026-08-08T13:15:00Z,scarperia,3.38,1.939,21,ok,2026-10-05T13:01:20Z
2026-08-08T13:10:00Z,scarperia,4.34,0.973,21,ok,2026-10-05T13:01:20Z
2026-08-08T13:05:00Z,scarperia,11.19,2.318,21,ok,2026-10-05T13:01:20Z
2026-08-08T13:00:00Z,scarperia,4.51,0.430,21,ok,2026-10-05T13:01:20Z
2026-08-08T12:55:00Z,scarperia,0.00,0.000,21,ok,2026-10-05T13:01:20Z
2026-08-08T12:50:00Z,scarperia,0.00,0.000,21,ok,2026-10-05T13:01:20Z
2026-08-08T12:45:00Z,scarperia,0.00,0.000,21,ok,2026-10-05T13:01:20Z
2026-08-08T12:40:00Z,scarperia,0.00,0.000,21,ok,2026-10-05T13:01:20Z
2026-08-08T12:35:00Z,scarperia,0.00,0.000,21,ok,2026-10-05T13:01:20Z
2026-08-08T12:30:00Z,scarperia,1.63,0.357,21,ok,2026-10-05T13:01:20Z
2026-08-08T12:25:00Z,scarperia,3.02,0.871,21,ok,2026-10-05T13:01:20Z
2026-08-08T12:20:00Z,scarperia,4.24,1.879,21,ok,2026-10-05T13:01:20Z
2026-08-08T12:15:00Z,scarperia,4.55,2.109,21,ok,2026-10-05T13:01:20Z
2026-08-08T12:10:00Z,scarperia,2.18,1.118,21,ok,2026-10-05T13:01:20Z
2026-08-08T12:05:00Z,scarperia,1.39,0.841,21,ok,2026-10-05T13:01:20Z
2026-08-08T12:00:00Z,scarperia,1.81,1.524,21,ok,2026-10-05T13:01:20Z
2026-08-08T11:55:00Z,scarperia,4.67,2.546,21,ok,2026-10-05T13:01:20Z
2026-08-08T11:50:00Z,scarperia,1.78,1.106,21,ok,2026-10-05T13:01:20Z
2026-08-08T11:45:00Z,scarperia,0.00,0.000,21,ok,2026-10-05T13:01:20Z
2026-08-08T11:40:00Z,scarperia,0.00,0.000,21,ok,2026-10-05T13:01:20Z
2026-08-08T11:35:00Z,scarperia,0.00,0.000,21,ok,2026-10-05T13:01:20Z
2026-08-08T11:30:00Z,scarperia,0.00,0.000,21,ok,2026-10-05T13:01:20Z
2026-08-08T11:25:00Z,scarperia,0.00,0.000,21,ok,2026-10-05T13:01:20Z
2026-08-08T11:20:00Z,scarperia,0.00,0.000,21,ok,2026-10-05T13:01:20Z
2026-08-08T11:15:00Z,scarperia,0.00,0.000,21,ok,2026-10-05T13:01:20Z
2026-08-08T11:10:00Z,scarperia,0.00,0.000,21,ok,2026-10-05T13:01:20Z
2026-08-08T11:05:00Z,scarperia,0.00,0.000,21,ok,2026-10-05T13:01:20Z
2026-08-08T11:00:00Z,scarperia,0.00,0.000,21,ok,2026-10-05T13:01:20Z
2026-08-07T11:15:00Z,scarperia,0.00,0.000,21,ok,2026-10-05T13:01:20Z
2026-08-07T11:10:00Z,scarperia,0.00,0.000,21,ok,2026-10-05T13:01:20Z
2026-08-07T11:05:00Z,scarperia,0.00,0.000,21,ok,2026-10-05T13:01:20Z
2026-08-07T11:00:00Z,scarperia,0.00,0.000,21,ok,2026-10-05T13:01:20Z
2026-08-07T10:55:00Z,scarperia,0.00,0.000,21,ok,2026-10-05T13:01:20Z
2026-08-07T10:50:00Z,scarperia,0.00,0.000,21,ok,2026-10-05T13:01:20Z
2026-08-07T10:45:00Z,scarperia,0.00,0.000,21,ok,2026-10-05T13:01:20Z
2026-08-07T10:40:00Z,scarperia,0.00,0.000,21,ok,2026-10-05T13:01:20Z
2026-08-07T10:35:00Z,scarperia,0.00,0.000,21,ok,2026-10-05T13:01:20Z
2026-08-07T10:30:00Z,scarperia,0.00,0.000,21,ok,2026-10-05T13:01:20Z
2026-08-07T10:25:00Z,scarperia,0.00,0.000,21,ok,2026-10-05T13:01:20Z
2026-08-07T10:20:00Z,scarperia,0.00,0.000,21,ok,2026-10-05T13:01:20Z
2026-08-07T10:15:00Z,scarperia,0.00,0.000,21,ok,2026-10-05T13:01:20Z
2026-08-07T10:10:00Z,scarperia,0.00,0.000,21,ok,2026-10-05T13:01:20Z
2026-08-07T10:05:00Z,scarperia,0.00,0.000,21,ok,2026-10-05T13:01:20Z
2026-08-07T10:00:00Z,scarperia,0.00,0.000,21,ok,2026-10-05T13:01:20Z
2026-08-07T09:55:00Z,scarperia,0.00,0.000,21,ok,2026-10-05T13:01:20Z
2026-08-07T09:50:00Z,scarperia,0.00,0.000,21,ok,2026-10-05T13:01:20Z
2026-08-07T09:45:00Z,scarperia,0.00,0.000,21,ok,2026-10-05T13:01:20Z
2026-08-07T09:40:00Z,scarperia,0.00,0.000,21,ok,2026-10-05T13:01:20Z
2026-08-07T09:35:00Z,scarperia,0.00,0.000,21,ok,2026-10-05T13:01:20Z
2026-08-07T09:30:00Z,scarperia,0.00,0.000,21,ok,2026-10-05T13:01:20Z
2026-08-07T09:25:00Z,scarperia,0.00,0.000,21,ok,2026-10-05T13:01:20Z
2026-08-07T09:20:00Z,scarperia,0.00,0.000,21,ok,2026-10-05T13:01:20Z
2026-08-07T09:15:00Z,scarperia,0.00,0.000,21,ok,2026-10-05T13:01:20Z
2026-08-07T09:10:00Z,scarperia,0.00,0.000,21,ok,2026-10-05T13:01:20Z
2026-08-07T09:05:00Z,scarperia,0.00,0.000,21,ok,2026-10-05T13:01:20Z
2026-08-07T09:00:00Z,scarperia,0.00,0.000,21,ok,2026-10-05T13:01:20Z
2026-08-07T08:55:00Z,scarperia,0.00,0.000,21,ok,2026-10-05T13:01:20Z
2026-08-07T08:50:00Z,scarperia,0.00,0.000,21,ok,2026-10-05T13:01:20Z
2026-08-07T08:45:00Z,scarperia,0.00,0.000,21,ok,2026-10-05T13:01:20Z
2026-08-07T08:40:00Z,scarperia,0.00,0.000,21,ok,2026-10-05T13:01:20Z
2026-08-07T08:35:00Z,scarperia,0.00,0.000,21,ok,2026-10-05T13:01:20Z
2026-08-07T08:30:00Z,scarperia,0.00,0.000,21,ok,2026-10-05T13:01:20Z
2026-08-07T08:25:00Z,scarperia,0.00,0.000,21,ok,2026-10-05T13:01:20Z
2026-08-07T08:20:00Z,scarperia,0.00,0.000,21,ok,2026-10-05T13:01:20Z
2026-08-07T08:15:00Z,scarperia,0.00,0.000,21,ok,2026-10-05T13:01:20Z
2026-08-07T08:10:00Z,scarperia,0.00,0.000,21,ok,2026-10-05T13:01:20Z
2026-08-07T08:05:00Z,scarperia,0.00,0.000,21,ok,2026-10-05T13:01:20Z
2026-08-07T08:00:00Z,scarperia,0.00,0.000,21,ok,2026-10-05T13:01:20Z
2026-08-07T07:55:00Z,scarperia,0.00,0.000,21,ok,2026-10-05T13:01:20Z
2026-08-07T07:50:00Z,scarperia,0.00,0.000,21,ok,2026-10-05T13:01:20Z
2026-08-07T07:45:00Z,scarperia,0.00,0.000,21,ok,2026-10-05T13:01:20Z
2026-08-07T07:40:00Z,scarperia,0.00,0.000,21,ok,2026-10-05T13:01:20Z
2026-08-06T22:50:00Z,scarperia,0.00,0.000,21,ok,2026-10-05T13:01:20Z
2026-08-06T22:45:00Z,scarperia,0.00,0.000,21,ok,2026-10-05T13:01:20Z
2026-08-06T22:40:00Z,scarperia,0.00,0.000,21,ok,2026-10-05T13:01:20Z
2026-08-06T22:35:00Z,scarperia,0.00,0.000,21,ok,2026-10-05T13:01:20Z
2026-08-06T22:30:00Z,scarperia,0.00,0.000,21,ok,2026-10-05T13:01:20Z
2026-08-06T22:25:00Z,scarperia,0.00,0.000,21,ok,2026-10-05T13:01:20Z
2026-08-06T22:20:00Z,scarperia,0.00,0.000,21,ok,2026-10-05T13:01:20Z
2026-08-06T22:15:00Z,scarperia,0.00,0.000,21,ok,2026-10-05T13:01:20Z
2026-08-06T22:10:00Z,scarperia,0.00,0.000,21,ok,2026-10-05T13:01:20Z
2026-08-06T22:05:00Z,scarperia,0.00,0.000,21,ok,2026-10-05T13:01:20Z
2026-08-06T22:00:00Z,scarperia,0.00,0.000,21,ok,2026-10-05T13:01:20Z
2026-08-06T21:55:00Z,scarperia,0.00,0.000,21,ok,2026-10-05T13:01:20Z
2026-08-06T21:50:00Z,scarperia,0.00,0.000,21,ok,2026-10-05T13:01:20Z
2026-08-06T21:45:00Z,scarperia,0.00,0.000,21,ok,2026-10-05T13:01:20Z
2026-08-06T21:40:00Z,scarperia,0.00,0.000,21,ok,2026-10-05T13:01:20Z
2026-08-06T21:35:00Z,scarperia,0.00,0.000,21,ok,2026-10-05T13:01:20Z
2026-08-06T21:30:00Z,scarperia,0.00,0.000,21,ok,2026-10-05T13:01:20Z
2026-08-06T21:25:00Z,scarperia,0.00,0.000,21,ok,2026-10-05T13:01:20Z
2026-08-06T21:20:00Z,scarperia,0.00,0.000,21,ok,2026-10-05T13:01:20Z
2026-08-06T21:15:00Z,scarperia,0.00,0.000,21,ok,2026-10-05T13:01:20Z
2026-08-06T21:10:00Z,scarperia,0.00,0.000,21,ok,2026-10-05T13:01:20Z
2026-08-06T21:05:00Z,scarperia,0.00,0.000,21,ok,2026-10-05T13:01:20Z
2026-08-06T21:00:00Z,scarperia,0.00,0.000,21,ok,2026-10-05T13:01:20Z
2026-08-06T20:55:00Z,scarperia,0.00,0.000,21,ok,2026-10-05T13:01:20Z
2026-08-06T20:50:00Z,scarperia,0.00,0.000,21,ok,2026-10-05T13:01:20Z
2026-08-06T20:45:00Z,scarperia,0.00,0.000,21,ok,2026-10-05T13:01:20Z
2026-08-06T20:40:00Z,scarperia,0.00,0.000,21,ok,2026-10-05T13:01:20Z
2026-08-06T20:35:00Z,scarperia,0.00,0.000,21,ok,2026-10-05T13:01:20Z
2026-08-06T20:30:00Z,scarperia,0.00,0.000,21,ok,2026-10-05T13:01:20Z
2026-08-06T20:25:00Z,scarperia,0.00,0.000,21,ok,2026-10-05T13:01:20Z
2026-08-06T20:20:00Z,scarperia,0.00,0.000,21,ok,2026-10-05T13:01:20Z
2026-08-06T20:15:00Z,scarperia,0.00,0.000,21,ok,2026-10-05T13:01:20Z
2026-08-06T20:10:00Z,scarperia,0.00,0.000,21,ok,2026-10-05T13:01:20Z
2026-08-06T20:05:00Z,scarperia,0.00,0.000,21,ok,2026-10-05T13:01:20Z
2026-08-06T20:00:00Z,scarperia,0.00,0.000,21,ok,2026-10-05T13:01:20Z
2026-08-06T19:55:00Z,scarperia,0.00,0.000,21,ok,2026-10-05T13:01:20Z
2026-08-06T19:50:00Z,scarperia,0.00,0.000,21,ok,2026-10-05T13:01:20Z
2026-08-06T19:45:00Z,scarperia,0.00,0.000,21,ok,2026-10-05T13:01:20Z
2026-08-06T19:40:00Z,scarperia,0.00,0.000,21,ok,2026-10-05T13:01:20Z
2026-08-06T19:35:00Z,scarperia,0.00,0.000,21,ok,2026-10-05T13:01:20Z
2026-08-06T19:30:00Z,scarperia,0.00,0.000,21,ok,2026-10-05T13:01:20Z
2026-08-06T19:25:00Z,scarperia,0.00,0.000,21,ok,2026-10-05T13:01:20Z
2026-08-06T19:20:00Z,scarperia,0.00,0.000,21,ok,2026-10-05T13:01:20Z
2026-08-06T19:15:00Z,scarperia,0.00,0.000,21,ok,2026-10-05T13:01:20Z
2026-08-06T19:10:00Z,scarperia,0.00,0.000,21,ok,2026-10-05T13:01:20Z
2026-08-06T19:05:00Z,scarperia,0.00,0.000,21,ok,2026-10-05T13:01:20Z
2026-08-06T19:00:00Z,scarperia,0.00,0.000,21,ok,2026-10-05T13:01:20Z
2026-08-06T18:55:00Z,scarperia,0.00,0.000,21,ok,2026-10-05T13:01:20Z
2026-08-06T18:50:00Z,scarperia,0.00,0.000,21,ok,2026-10-05T13:01:20Z
2026-08-06T18:45:00Z,scarperia,0.00,0.000,21,ok,2026-10-05T13:01:20Z
2026-08-06T18:40:00Z,scarperia,0.00,0.000,21,ok,2026-10-05T13:01:20Z
2026-08-06T18:35:00Z,scarperia,0.00,0.000,21,ok,2026-10-05T13:01:20Z
2026-08-06T17:05:00Z,scarperia,0.00,0.000,21,ok,2026-10-05T13:01:20Z
2026-08-06T17:00:00Z,scarperia,0.00,0.000,21,ok,2026-10-05T13:01:20Z
2026-08-06T16:55:00Z,scarperia,0.00,0.000,21,ok,2026-10-05T13:01:20Z
2026-08-06T16:50:00Z,scarperia,0.00,0.000,21,ok,2026-10-05T13:01:20Z
2026-08-06T16:45:00Z,scarperia,0.00,0.000,21,ok,2026-10-05T13:01:20Z
2026-08-06T16:40:00Z,scarperia,0.00,0.000,21,ok,2026-10-05T13:01:20Z
2026-08-06T16:35:00Z,scarperia,0.00,0.000,21,ok,2026-10-05T13:01:20Z
2026-08-06T16:30:00Z,scarperia,0.00,0.000,21,ok,2026-10-05T13:01:20Z
2026-08-06T16:25:00Z,scarperia,0.00,0.000,21,ok,2026-10-05T13:01:20Z
2026-08-06T16:20:00Z,scarperia,0.00,0.000,21,ok,2026-10-05T13:01:20Z
2026-08-06T16:15:00Z,scarperia,0.00,0.000,21,ok,2026-10-05T13:01:20Z
2026-08-06T16:10:00Z,scarperia,0.00,0.000,21,ok,2026-10-05T13:01:20Z
2026-08-06T16:05:00Z,scarperia,0.00,0.000,21,ok,2026-10-05T13:01:20Z
2026-08-06T16:00:00Z,scarperia,0.00,0.000,21,ok,2026-10-05T13:01:20Z
2026-08-06T15:55:00Z,scarperia,0.00,0.000,21,ok,2026-10-05T13:01:20Z
2026-08-06T15:50:00Z,scarperia,0.00,0.000,21,ok,2026-10-05T13:01:20Z
2026-08-06T15:45:00Z,scarperia,0.00,0.000,21,ok,2026-10-05T13:01:20Z
2026-08-06T15:40:00Z,scarperia,0.00,0.000,21,ok,2026-10-05T13:01:20Z
2026-08-06T15:35:00Z,scarperia,0.00,0.000,21,ok,2026-10-05T13:01:20Z
2026-08-06T15:30:00Z,scarperia,0.00,0.000,21,ok,2026-10-05T13:01:20Z
2026-08-06T15:25:00Z,scarperia,0.00,0.000,21,ok,2026-10-05T13:01:20Z
2026-08-06T15:20:00Z,scarperia,0.00,0.000,21,ok,2026-10-05T13:01:20Z
2026-08-06T15:15:00Z,scarperia,0.00,0.000,21,ok,2026-10-05T13:01:20Z
2026-08-06T15:10:00Z,scarperia,0.00,0.000,21,ok,2026-10-05T13:01:20Z
2026-08-06T15:05:00Z,scarperia,0.00,0.000,21,ok,2026-10-05T13:01:20Z
2026-08-06T15:00:00Z,scarperia,0.00,0.000,21,ok,2026-10-05T13:01:20Z
2026-08-06T14:55:00Z,scarperia,0.00,0.000,21,ok,2026-10-05T13:01:20Z
2026-08-06T14:50:00Z,scarperia,0.00,0.000,21,ok,2026-10-05T13:01:20Z
2026-08-06T14:45:00Z,scarperia,0.00,0.000,21,ok,2026-10-05T13:01:20Z
2026-08-06T14:40:00Z,scarperia,0.00,0.000,21,ok,2026-10-05T13:01:20Z
2026-08-06T14:35:00Z,scarperia,0.00,0.000,21,ok,2026-10-05T13:01:20Z
2026-08-06T14:30:00Z,scarperia,0.00,0.000,21,ok,2026-10-05T13:01:20Z
2026-08-06T14:25:00Z,scarperia,0.00,0.000,21,ok,2026-10-05T13:01:20Z
2026-08-06T14:20:00Z,scarperia,0.00,0.000,21,ok,2026-10-05T13:01:20Z
2026-08-06T14:15:00Z,scarperia,0.00,0.000,21,ok,2026-10-05T13:01:20Z
2026-08-06T14:10:00Z,scarperia,0.00,0.000,21,ok,2026-10-05T13:01:20Z
2026-08-06T14:05:00Z,scarperia,0.00,0.000,21,ok,2026-10-05T13:01:20Z
2026-08-06T14:00:00Z,scarperia,0.00,0.000,21,ok,2026-10-05T13:01:20Z
2026-08-06T13:55:00Z,scarperia,0.00,0.000,21,ok,2026-10-05T13:01:20Z
2026-08-06T13:50:00Z,scarperia,0.00,0.000,21,ok,2026-10-05T13:01:20Z
2026-08-06T13:45:00Z,scarperia,0.00,0.000,21,ok,2026-10-05T13:01:20Z
2026-08-02T12:35:00Z,scarperia,0.00,0.000,21,ok,2026-10-05T13:01:20Z
2026-08-02T12:30:00Z,scarperia,0.00,0.000,21,ok,2026-10-05T13:01:20Z
2026-08-02T12:25:00Z,scarperia,0.00,0.000,21,ok,2026-10-05T13:01:20Z
2026-08-02T12:20:00Z,scarperia,0.00,0.000,21,ok,2026-10-05T13:01:20Z
2026-08-02T12:15:00Z,scarperia,0.00,0.000,21,ok,2026-10-05T13:01:20Z
2026-08-02T12:10:00Z,scarperia,0.00,0.000,21,ok,2026-10-05T13:01:20Z
2026-08-02T12:05:00Z,scarperia,0.00,0.000,21,ok,2026-10-05T13:01:20Z
2026-08-02T12:00:00Z,scarperia,0.00,0.000,21,ok,2026-10-05T13:01:20Z
2026-08-02T11:55:00Z,scarperia,0.00,0.000,21,ok,2026-10-05T13:01:20Z
2026-08-02T11:50:00Z,scarperia,0.00,0.000,21,ok,2026-10-05T13:01:20Z
2026-08-02T11:45:00Z,scarperia,0.00,0.000,21,ok,2026-10-05T13:01:20Z
2026-08-02T11:40:00Z,scarperia,0.00,0.000,21,ok,2026-10-05T13:01:20Z
2026-08-02T11:35:00Z,scarperia,0.00,0.000,21,ok,2026-10-05T13:01:20Z
2026-08-02T11:30:00Z,scarperia,0.00,0.000,21,ok,2026-10-05T13:01:20Z
2026-08-02T11:25:00Z,scarperia,0.00,0.000,21,ok,2026-10-05T13:01:20Z
2026-08-02T11:20:00Z,scarperia,0.00,0.000,21,ok,2026-10-05T13:01:20Z
2026-08-02T11:15:00Z,scarperia,0.00,0.000,21,ok,2026-10-05T13:01:20Z
2026-08-02T11:10:00Z,scarperia,0.00,0.000,21,ok,2026-10-05T13:01:20Z
2026-08-02T11:05:00Z,scarperia,0.00,0.000,21,ok,2026-10-05T13:01:20Z
2026-08-02T11:00:00Z,scarperia,0.00,0.000,21,ok,2026-10-05T13:01:20Z
2026-08-02T10:55:00Z,scarperia,0.00,0.000,21,ok,2026-10-05T13:01:20Z
2026-08-02T10:50:00Z,scarperia,0.00,0.000,21,ok,2026-10-05T13:01:20Z
2026-08-02T10:45:00Z,scarperia,0.00,0.000,21,ok,2026-10-05T13:01:20Z
2026-08-02T10:40:00Z,scarperia,0.00,0.000,21,ok,2026-10-05T13:01:20Z
2026-08-02T10:35:00Z,scarperia,0.00,0.000,21,ok,2026-10-05T13:01:20Z
2026-08-02T10:30:00Z,scarperia,0.00,0.000,21,ok,2026-10-05T13:01:20Z
2026-08-02T10:25:00Z,scarperia,0.00,0.000,21,ok,2026-10-05T13:01:20Z
2026-08-02T10:20:00Z,scarperia,0.00,0.000,21,ok,2026-10-05T13:01:20Z
2026-08-02T10:15:00Z,scarperia,0.00,0.000,21,ok,2026-10-05T13:01:20Z
2026-08-02T10:10:00Z,scarperia,0.00,0.000,21,ok,2026-10-05T13:01:20Z
2026-08-02T10:05:00Z,scarperia,0.00,0.000,21,ok,2026-10-05T13:01:20Z
2026-08-02T10:00:00Z,scarperia,0.00,0.000,21,ok,2026-10-05T13:01:20Z
2026-08-02T09:55:00Z,scarperia,0.00,0.000,21,ok,2026-10-05T13:01:20Z
2026-08-02T09:50:00Z,scarperia,0.00,0.000,21,ok,2026-10-05T13:01:20Z
2026-08-02T09:45:00Z,scarperia,0.00,0.000,21,ok,2026-10-05T13:01:20Z
2026-08-02T09:40:00Z,scarperia,0.00,0.000,21,ok,2026-10-05T13:01:20Z
2026-08-02T09:35:00Z,scarperia,0.00,0.000,21,ok,2026-10-05T13:01:20Z
2026-08-02T09:30:00Z,scarperia,0.00,0.000,21,ok,2026-10-05T13:01:20Z
2026-08-02T09:25:00Z,scarperia,0.00,0.000,21,ok,2026-10-05T13:01:20Z
2026-08-02T09:20:00Z,scarperia,0.00,0.000,21,ok,2026-10-05T13:01:20Z
2026-08-02T09:15:00Z,scarperia,0.00,0.000,21,ok,2026-10-05T13:01:20Z
2026-08-02T09:10:00Z,scarperia,0.00,0.000,21,ok,2026-10-05T13:01:20Z
2026-08-02T09:05:00Z,scarperia,0.00,0.000,21,ok,2026-10-05T13:01:20Z
2026-08-02T09:00:00Z,scarperia,0.00,0.000,21,ok,2026-10-05T13:01:20Z
2026-08-02T08:55:00Z,scarperia,0.00,0.000,21,ok,2026-10-05T13:01:20Z
2026-08-02T08:50:00Z,scarperia,0.00,0.000,21,ok,2026-10-05T13:01:20Z
2026-08-02T08:45:00Z,scarperia,0.00,0.000,21,ok,2026-10-05T13:01:20Z
2026-08-02T08:40:00Z,scarperia,0.00,0.000,21,ok,2026-10-05T13:01:20Z
2026-08-02T08:35:00Z,scarperia,0.00,0.000,21,ok,2026-10-05T13:01:20Z
2026-08-02T08:30:00Z,scarperia,0.00,0.000,21,ok,2026-10-05T13:01:20Z
2026-08-02T08:25:00Z,scarperia,0.00,0.000,21,ok,2026-10-05T13:01:20Z
2026-08-02T08:20:00Z,scarperia,0.00,0.000,21,ok,2026-10-05T13:01:20Z
2026-08-02T08:15:00Z,scarperia,0.00,0.000,21,ok,2026-10-05T13:01:20Z
2026-08-02T08:10:00Z,scarperia,0.00,0.000,21,ok,2026-10-05T13:01:20Z
2026-08-02T08:05:00Z,scarperia,0.00,0.000,21,ok,2026-10-05T13:01:20Z
2026-08-02T08:00:00Z,scarperia,0.00,0.000,21,ok,2026-10-05T13:01:20Z
2026-08-02T07:55:00Z,scarperia,0.00,0.000,21,ok,2026-10-05T13:01:20Z
2026-08-02T07:50:00Z,scarperia,0.00,0.000,21,ok,2026-10-05T13:01:20Z
2026-08-02T07:45:00Z,scarperia,0.00,0.000,21,ok,2026-10-05T13:01:20Z
2026-08-02T07:40:00Z,scarperia,0.00,0.000,21,ok,2026-10-05T13:01:20Z
2026-08-02T07:35:00Z,scarperia,0.00,0.000,21,ok,2026-10-05T13:01:20Z
2026-08-02T07:30:00Z,scarperia,0.00,0.000,21,ok,2026-10-05T13:01:20Z
2026-08-02T07:25:00Z,scarperia,0.00,0.000,21,ok,2026-10-05T13:01:20Z
2026-08-02T07:20:00Z,scarperia,0.00,0.000,21,ok,2026-10-05T13:01:20Z
2026-08-02T07:15:00Z,scarperia,0.00,0.000,21,ok,2026-10-05T13:01:20Z
2026-08-02T07:10:00Z,scarperia,0.00,0.000,21,ok,2026-10-05T13:01:20Z
2026-08-02T07:05:00Z,scarperia,0.00,0.000,21,ok,2026-10-05T13:01:20Z
2026-08-02T07:00:00Z,scarperia,0.00,0.000,21,ok,2026-10-05T13:01:20Z
2026-08-02T06:55:00Z,scarperia,0.00,0.000,21,ok,2026-10-05T13:01:20Z
2026-08-02T06:50:00Z,scarperia,0.00,0.000,21,ok,2026-10-05T13:01:20Z
2026-08-01T19:20:00Z,scarperia,0.00,0.000,21,ok,2026-10-05T13:01:20Z
2026-08-01T19:15:00Z,scarperia,0.00,0.000,21,ok,2026-10-05T13:01:20Z
2026-08-01T19:10:00Z,scarperia,0.00,0.000,21,ok,2026-10-05T13:01:20Z
2026-08-01T19:05:00Z,scarperia,0.00,0.000,21,ok,2026-10-05T13:01:20Z
2026-08-01T19:00:00Z,scarperia,0.00,0.000,21,ok,2026-10-05T13:01:20Z
2026-08-01T18:55:00Z,scarperia,0.00,0.000,21,ok,2026-10-05T13:01:20Z
2026-08-01T18:50:00Z,scarperia,0.00,0.000,21,ok,2026-10-05T13:13:04Z
2026-08-01T18:45:00Z,scarperia,0.00,0.000,21,ok,2026-10-05T13:13:04Z
2026-08-01T18:40:00Z,scarperia,0.00,0.000,21,ok,2026-10-05T13:13:04Z
2026-08-01T18:35:00Z,scarperia,0.00,0.000,21,ok,2026-10-05T13:13:04Z
2026-08-01T18:30:00Z,scarperia,0.00,0.000,21,ok,2026-10-05T13:13:04Z
2026-08-01T18:25:00Z,scarperia,0.00,0.000,21,ok,2026-10-05T13:13:04Z
2026-08-01T18:20:00Z,scarperia,0.00,0.000,21,ok,2026-10-05T13:13:04Z
2026-08-01T18:15:00Z,scarperia,0.00,0.000,21,ok,2026-10-05T13:13:04Z
2026-08-01T18:10:00Z,scarperia,0.00,0.000,21,ok,2026-10-05T13:13:04Z
2026-08-01T18:05:00Z,scarperia,0.00,0.000,21,ok,2026-10-05T13:13:04Z
2026-08-01T18:00:00Z,scarperia,0.00,0.000,21,ok,2026-10-05T13:13:04Z
2026-08-01T17:55:00Z,scarperia,0.00,0.000,21,ok,2026-10-05T13:13:04Z
2026-08-01T17:50:00Z,scarperia,0.00,0.000,21,ok,2026-10-05T13:13:04Z
2026-08-01T17:45:00Z,scarperia,0.00,0.000,21,ok,2026-10-05T13:13:04Z
2026-08-01T17:40:00Z,scarperia,0.00,0.000,21,ok,2026-10-05T13:13:04Z
2026-08-01T17:35:00Z,scarperia,0.00,0.000,21,ok,2026-10-05T13:13:04Z
2026-08-01T17:30:00Z,scarperia,0.00,0.000,21,ok,2026-10-05T13:13:04Z
2026-08-01T17:25:00Z,scarperia,0.00,0.000,21,ok,2026-10-05T13:13:04Z
2026-08-01T17:20:00Z,scarperia,0.00,0.000,21,ok,2026-10-05T13:13:04Z
2026-08-01T17:15:00Z,scarperia,0.00,0.000,21,ok,2026-10-05T13:13:04Z
2026-08-01T17:10:00Z,scarperia,0.00,0.000,21,ok,2026-10-05T13:13:04Z
2026-08-01T17:05:00Z,scarperia,0.00,0.000,21,ok,2026-10-05T13:13:04Z
2026-08-01T17:00:00Z,scarperia,0.00,0.000,21,ok,2026-10-05T13:13:04Z
2026-08-01T16:55:00Z,scarperia,0.00,0.000,21,ok,2026-10-05T13:13:04Z
2026-08-01T16:50:00Z,scarperia,0.00,0.000,21,ok,2026-10-05T13:13:04Z
2026-08-01T16:45:00Z,scarperia,0.00,0.000,21,ok,2026-10-05T13:13:04Z
2026-08-01T16:40:00Z,scarperia,0.00,0.000,21,ok,2026-10-05T13:13:04Z
2026-08-01T16:35:00Z,scarperia,0.00,0.000,21,ok,2026-10-05T13:13:04Z
2026-08-01T16:30:00Z,scarperia,0.00,0.000,21,ok,2026-10-05T13:13:04Z
2026-08-01T16:25:00Z,scarperia,0.00,0.000,21,ok,2026-10-05T13:13:04Z
2026-08-01T16:20:00Z,scarperia,0.00,0.000,21,ok,2026-10-05T13:13:04Z
2026-08-01T16:15:00Z,scarperia,0.00,0.000,21,ok,2026-10-05T13:13:04Z
2026-08-01T16:10:00Z,scarperia,0.00,0.000,21,ok,2026-10-05T13:13:04Z
2026-08-01T16:05:00Z,scarperia,0.00,0.000,21,ok,2026-10-05T13:13:04Z
2026-08-01T16:00:00Z,scarperia,0.00,0.000,21,ok,2026-10-05T13:13:04Z
2026-08-01T15:55:00Z,scarperia,0.00,0.000,21,ok,2026-10-05T13:13:04Z
2026-08-01T15:50:00Z,scarperia,0.00,0.000,21,ok,2026-10-05T13:13:04Z
2026-07-31T16:35:00Z,scarperia,0.00,0.000,21,ok,2026-10-05T13:13:04Z
2026-07-31T16:30:00Z,scarperia,0.00,0.000,21,ok,2026-10-05T13:13:04Z
2026-07-31T16:25:00Z,scarperia,0.00,0.000,21,ok,2026-10-05T13:13:04Z
2026-07-31T16:20:00Z,scarperia,0.00,0.000,21,ok,2026-10-05T13:13:04Z
2026-07-31T16:15:00Z,scarperia,0.00,0.000,21,ok,2026-10-05T13:13:04Z
2026-07-31T16:10:00Z,scarperia,0.00,0.000,21,ok,2026-10-05T13:13:04Z
2026-07-31T16:05:00Z,scarperia,0.00,0.000,21,ok,2026-10-05T13:13:04Z
2026-07-31T16:00:00Z,scarperia,0.00,0.000,21,ok,2026-10-05T13:13:04Z
2026-07-31T15:55:00Z,scarperia,0.00,0.000,21,ok,2026-10-05T13:13:04Z
2026-07-31T15:50:00Z,scarperia,0.00,0.000,21,ok,2026-10-05T13:13:04Z
2026-07-31T15:45:00Z,scarperia,0.00,0.000,21,ok,2026-10-05T13:13:04Z
2026-07-31T15:40:00Z,scarperia,0.00,0.000,21,ok,2026-10-05T13:13:04Z
2026-07-31T15:35:00Z,scarperia,0.00,0.000,21,ok,2026-10-05T13:13:04Z
2026-07-31T15:30:00Z,scarperia,0.00,0.000,21,ok,2026-10-05T13:13:04Z
2026-07-31T15:25:00Z,scarperia,0.00,0.000,21,ok,2026-10-05T13:13:04Z
2026-07-31T15:20:00Z,scarperia,0.00,0.000,21,ok,2026-10-05T13:13:04Z
2026-07-31T15:15:00Z,scarperia,0.00,0.000,21,ok,2026-10-05T13:13:04Z
2026-07-31T15:10:00Z,scarperia,0.00,0.000,21,ok,2026-10-05T13:13:04Z
2026-07-31T15:05:00Z,scarperia,0.00,0.000,21,ok,2026-10-05T13:13:04Z
2026-07-31T15:00:00Z,scarperia,0.00,0.000,21,ok,2026-10-05T13:13:04Z
2026-07-31T14:55:00Z,scarperia,0.00,0.000,21,ok,2026-10-05T13:13:04Z
2026-07-31T14:50:00Z,scarperia,0.00,0.000,21,ok,2026-10-05T13:13:04Z
2026-07-31T14:45:00Z,scarperia,0.00,0.000,21,ok,2026-10-05T13:13:04Z
2026-07-31T14:40:00Z,scarperia,0.00,0.000,21,ok,2026-10-05T13:13:04Z
2026-07-31T14:35:00Z,scarperia,0.00,0.000,21,ok,2026-10-05T13:13:04Z
2026-07-31T14:30:00Z,scarperia,0.00,0.000,21,ok,2026-10-05T13:13:04Z
2026-07-31T14:25:00Z,scarperia,0.00,0.000,21,ok,2026-10-05T13:13:04Z
2026-07-31T14:20:00Z,scarperia,0.00,0.000,21,ok,2026-10-05T13:13:04Z
2026-07-31T14:15:00Z,scarperia,0.00,0.000,21,ok,2026-10-05T13:13:04Z
2026-07-31T14:10:00Z,scarperia,0.00,0.000,21,ok,2026-10-05T13:13:04Z
2026-07-31T14:05:00Z,scarperia,0.00,0.000,21,ok,2026-10-05T13:13:04Z
2026-07-31T14:00:00Z,scarperia,0.00,0.000,21,ok,2026-10-05T13:13:04Z
2026-07-31T13:55:00Z,scarperia,0.00,0.000,21,ok,2026-10-05T13:13:04Z
2026-07-31T13:50:00Z,scarperia,0.00,0.000,21,ok,2026-10-05T13:13:04Z
2026-07-31T13:45:00Z,scarperia,0.00,0.000,21,ok,2026-10-05T13:13:04Z
2026-07-31T13:40:00Z,scarperia,0.00,0.000,21,ok,2026-10-05T13:13:04Z
2026-07-31T13:35:00Z,scarperia,0.00,0.000,21,ok,2026-10-05T13:13:04Z
2026-07-31T13:30:00Z,scarperia,0.00,0.000,21,ok,2026-10-05T13:13:04Z
2026-07-31T13:25:00Z,scarperia,0.00,0.000,21,ok,2026-10-05T13:13:04Z
2026-07-31T13:20:00Z,scarperia,0.00,0.000,21,ok,2026-10-05T13:13:04Z
2026-07-31T13:15:00Z,scarperia,0.00,0.000,21,ok,2026-10-05T13:13:04Z
2026-07-31T13:10:00Z,scarperia,0.00,0.000,21,ok,2026-10-05T13:13:04Z
2026-07-31T13:05:00Z,scarperia,0.00,0.000,21,ok,2026-10-05T13:13:04Z
2026-07-31T13:00:00Z,scarperia,0.00,0.000,21,ok,2026-10-05T13:13:04Z
2026-07-31T12:55:00Z,scarperia,0.00,0.000,21,ok,2026-10-05T13:13:04Z
2026-07-31T12:50:00Z,scarperia,0.00,0.000,21,ok,2026-10-05T13:13:04Z
2026-07-31T12:45:00Z,scarperia,0.00,0.000,21,ok,2026-10-05T13:13:04Z
2026-07-31T12:40:00Z,scarperia,0.00,0.000,21,ok,2026-10-05T13:13:04Z
2026-07-31T12:35:00Z,scarperia,0.00,0.000,21,ok,2026-10-05T13:13:04Z
2026-07-31T12:30:00Z,scarperia,0.00,0.000,21,ok,2026-10-05T13:13:04Z
2026-07-31T12:25:00Z,scarperia,0.00,0.000,21,ok,2026-10-05T13:13:04Z
2026-07-31T12:20:00Z,scarperia,0.00,0.000,21,ok,2026-10-05T13:13:04Z
2026-07-31T12:15:00Z,scarperia,0.00,0.000,21,ok,2026-10-05T13:13:04Z
2026-07-31T12:10:00Z,scarperia,0.00,0.000,21,ok,2026-10-05T13:13:04Z
2026-07-31T12:05:00Z,scarperia,0.00,0.000,21,ok,2026-10-05T13:13:04Z
2026-07-31T12:00:00Z,scarperia,0.00,0.000,21,ok,2026-10-05T13:13:04Z
2026-07-29T18:50:00Z,scarperia,0.00,0.000,21,ok,2026-10-05T13:13:04Z
2026-07-29T18:45:00Z,scarperia,0.00,0.000,21,ok,2026-10-05T13:13:04Z
2026-07-29T18:40:00Z,scarperia,0.00,0.000,21,ok,2026-10-05T13:13:04Z
2026-07-29T18:35:00Z,scarperia,0.00,0.000,21,ok,2026-10-05T13:13:04Z
2026-07-29T18:30:00Z,scarperia,0.00,0.000,21,ok,2026-10-05T13:13:04Z
2026-07-29T18:25:00Z,scarperia,0.00,0.000,21,ok,2026-10-05T13:13:04Z
2026-07-29T18:20:00Z,scarperia,0.00,0.000,21,ok,2026-10-05T13:13:04Z
2026-07-29T18:15:00Z,scarperia,0.00,0.000,21,ok,2026-10-05T13:13:04Z
2026-07-29T18:10:00Z,scarperia,0.00,0.000,21,ok,2026-10-05T13:13:04Z
2026-07-29T18:05:00Z,scarperia,0.00,0.000,21,ok,2026-10-05T13:13:04Z
2026-07-29T18:00:00Z,scarperia,0.00,0.000,21,ok,2026-10-05T13:13:04Z
2026-07-29T17:55:00Z,scarperia,0.00,0.000,21,ok,2026-10-05T13:13:04Z
2026-07-29T17:50:00Z,scarperia,0.00,0.000,21,ok,2026-10-05T13:13:04Z
2026-07-29T17:45:00Z,scarperia,0.00,0.000,21,ok,2026-10-05T13:13:04Z
2026-07-29T17:40:00Z,scarperia,0.00,0.000,21,ok,2026-10-05T13:13:04Z
2026-07-29T17:35:00Z,scarperia,0.00,0.000,21,ok,2026-10-05T13:13:04Z
2026-07-29T17:30:00Z,scarperia,0.00,0.000,21,ok,2026-10-05T13:13:04Z
2026-07-29T17:25:00Z,scarperia,0.00,0.000,21,ok,2026-10-05T13:13:04Z
2026-07-29T17:20:00Z,scarperia,0.00,0.000,21,ok,2026-10-05T13:13:04Z
2026-07-29T17:15:00Z,scarperia,0.00,0.000,21,ok,2026-10-05T13:13:04Z
2026-07-29T17:10:00Z,scarperia,0.00,0.000,21,ok,2026-10-05T13:13:04Z
2026-07-29T17:05:00Z,scarperia,0.00,0.000,21,ok,2026-10-05T13:13:04Z
2026-07-29T17:00:00Z,scarperia,0.00,0.000,21,ok,2026-10-05T13:13:04Z
2026-07-29T16:55:00Z,scarperia,0.00,0.000,21,ok,2026-10-05T13:13:04Z
2026-07-29T16:50:00Z,scarperia,0.00,0.000,21,ok,2026-10-05T13:13:04Z
2026-07-29T16:45:00Z,scarperia,0.00,0.000,21,ok,2026-10-05T13:13:04Z
2026-07-29T16:40:00Z,scarperia,0.00,0.000,21,ok,2026-10-05T13:13:04Z
2026-07-29T16:35:00Z,scarperia,0.00,0.000,21,ok,2026-10-05T13:13:04Z
2026-07-29T16:30:00Z,scarperia,0.00,0.000,21,ok,2026-10-05T13:13:04Z
2026-07-29T16:25:00Z,scarperia,0.00,0.000,21,ok,2026-10-05T13:13:04Z
2026-07-29T16:20:00Z,scarperia,0.00,0.000,21,ok,2026-10-05T13:13:04Z
2026-07-29T16:15:00Z,scarperia,0.00,0.000,21,ok,2026-10-05T13:13:04Z
2026-07-29T16:10:00Z,scarperia,0.00,0.000,21,ok,2026-10-05T13:13:04Z
2026-07-29T16:05:00Z,scarperia,0.00,0.000,21,ok,2026-10-05T13:13:04Z
2026-07-29T16:00:00Z,scarperia,0.00,0.000,21,ok,2026-10-05T13:13:04Z
2026-07-29T15:55:00Z,scarperia,0.00,0.000,21,ok,2026-10-05T13:13:04Z
2026-07-29T15:50:00Z,scarperia,0.00,0.000,21,ok,2026-10-05T13:13:04Z
2026-07-29T15:45:00Z,scarperia,0.00,0.000,21,ok,2026-10-05T13:13:04Z
2026-07-29T15:40:00Z,scarperia,0.00,0.000,21,ok,2026-10-05T13:13:04Z
2026-07-29T15:35:00Z,scarperia,0.00,0.000,21,ok,2026-10-05T13:13:04Z
2026-07-29T15:30:00Z,scarperia,0.00,0.000,21,ok,2026-10-05T13:13:04Z
2026-07-29T15:25:00Z,scarperia,0.00,0.000,21,ok,2026-10-05T13:13:04Z
2026-07-29T15:20:00Z,scarperia,0.00,0.000,21,ok,2026-10-05T13:13:04Z
2026-07-26T16:10:00Z,scarperia,0.00,0.000,21,ok,2026-10-05T13:13:04Z
2026-07-26T16:05:00Z,scarperia,0.00,0.000,21,ok,2026-10-05T13:13:04Z
2026-07-26T16:00:00Z,scarperia,0.00,0.000,21,ok,2026-10-05T13:13:04Z
2026-07-26T15:55:00Z,scarperia,0.00,0.000,21,ok,2026-10-05T13:13:04Z
2026-07-26T15:50:00Z,scarperia,0.00,0.000,21,ok,2026-10-05T13:13:04Z
2026-07-26T15:45:00Z,scarperia,0.00,0.000,21,ok,2026-10-05T13:13:04Z
2026-07-26T15:40:00Z,scarperia,0.00,0.000,21,ok,2026-10-05T13:13:04Z
2026-07-26T15:35:00Z,scarperia,0.00,0.000,21,ok,2026-10-05T13:13:04Z
2026-07-26T15:30:00Z,scarperia,0.00,0.000,21,ok,2026-10-05T13:13:04Z
2026-07-26T15:25:00Z,scarperia,0.00,0.000,21,ok,2026-10-05T13:13:04Z
2026-07-26T15:20:00Z,scarperia,0.00,0.000,21,ok,2026-10-05T13:13:04Z
2026-07-26T15:15:00Z,scarperia,0.00,0.000,21,ok,2026-10-05T13:13:04Z
2026-07-26T15:10:00Z,scarperia,0.00,0.000,21,ok,2026-10-05T13:13:04Z
2026-07-26T15:05:00Z,scarperia,0.00,0.000,21,ok,2026-10-05T13:13:04Z
2026-07-26T15:00:00Z,scarperia,0.00,0.000,21,ok,2026-10-05T13:13:04Z
2026-07-26T14:55:00Z,scarperia,0.00,0.000,21,ok,2026-10-05T13:13:04Z
2026-07-26T14:50:00Z,scarperia,0.00,0.000,21,ok,2026-10-05T13:13:04Z
2026-07-26T14:45:00Z,scarperia,0.00,0.000,21,ok,2026-10-05T13:13:04Z
2026-07-26T14:40:00Z,scarperia,0.00,0.000,21,ok,2026-10-05T13:13:04Z
2026-07-26T14:35:00Z,scarperia,0.00,0.000,21,ok,2026-10-05T13:13:04Z
2026-07-26T14:30:00Z,scarperia,0.00,0.000,21,ok,2026-10-05T13:13:04Z
2026-07-26T14:25:00Z,scarperia,0.00,0.000,21,ok,2026-10-05T13:13:04Z
2026-07-26T14:20:00Z,scarperia,0.00,0.000,21,ok,2026-10-05T13:13:04Z
2026-07-26T14:15:00Z,scarperia,0.00,0.000,21,ok,2026-10-05T13:13:04Z
2026-07-26T14:10:00Z,scarperia,0.00,0.000,21,ok,2026-10-05T13:13:04Z
2026-07-26T14:05:00Z,scarperia,0.00,0.000,21,ok,2026-10-05T13:13:04Z
2026-07-26T14:00:00Z,scarperia,0.00,0.000,21,ok,2026-10-05T13:13:04Z
2026-07-26T13:55:00Z,scarperia,0.00,0.000,21,ok,2026-10-05T13:13:04Z
2026-07-26T13:50:00Z,scarperia,0.00,0.000,21,ok,2026-10-05T13:13:04Z
2026-07-26T13:45:00Z,scarperia,0.00,0.000,21,ok,2026-10-05T13:13:04Z
2026-07-26T13:40:00Z,scarperia,0.00,0.000,21,ok,2026-10-05T13:13:04Z
2026-07-26T13:35:00Z,scarperia,0.00,0.000,21,ok,2026-10-05T13:13:04Z
2026-07-26T13:30:00Z,scarperia,0.00,0.000,21,ok,2026-10-05T13:13:04Z
2026-07-26T13:25:00Z,scarperia,0.00,0.000,21,ok,2026-10-05T13:13:04Z
2026-07-26T13:20:00Z,scarperia,0.00,0.000,21,ok,2026-10-05T13:13:04Z
2026-07-26T13:15:00Z,scarperia,0.00,0.000,21,ok,2026-10-05T13:13:04Z
2026-07-26T13:10:00Z,scarperia,0.00,0.000,21,ok,2026-10-05T13:13:04Z
2026-07-26T13:05:00Z,scarperia,0.00,0.000,21,ok,2026-10-05T13:13:04Z
2026-07-26T13:00:00Z,scarperia,0.00,0.000,21,ok,2026-10-05T13:13:04Z
2026-07-26T12:55:00Z,scarperia,0.00,0.000,21,ok,2026-10-05T13:13:04Z
2026-07-26T12:50:00Z,scarperia,0.00,0.000,21,ok,2026-10-05T13:13:04Z
2026-07-26T12:45:00Z,scarperia,0.00,0.000,21,ok,2026-10-05T13:13:04Z
2026-07-26T12:40:00Z,scarperia,0.00,0.000,21,ok,2026-10-05T13:13:04Z
2026-07-26T12:35:00Z,scarperia,0.00,0.000,21,ok,2026-10-05T13:13:04Z
2026-07-26T12:30:00Z,scarperia,0.00,0.000,21,ok,2026-10-05T13:13:04Z
2026-07-26T12:25:00Z,scarperia,0.00,0.000,21,ok,2026-10-05T13:13:04Z
2026-07-26T12:20:00Z,scarperia,0.00,0.000,21,ok,2026-10-05T13:13:04Z
2026-07-26T07:00:00Z,scarperia,0.00,0.000,21,ok,2026-10-05T13:13:04Z
2026-07-26T06:55:00Z,scarperia,0.00,0.000,21,ok,2026-10-05T13:13:04Z
2026-07-26T06:50:00Z,scarperia,0.00,0.000,21,ok,2026-10-05T13:13:04Z
2026-07-26T06:45:00Z,scarperia,0.00,0.000,21,ok,2026-10-05T13:13:04Z
2026-07-26T06:40:00Z,scarperia,0.00,0.000,21,ok,2026-10-05T13:13:04Z
2026-07-26T06:35:00Z,scarperia,0.00,0.000,21,ok,2026-10-05T13:13:04Z
2026-07-26T06:30:00Z,scarperia,0.00,0.000,21,ok,2026-10-05T13:13:04Z
2026-07-26T06:25:00Z,scarperia,0.00,0.000,21,ok,2026-10-05T13:13:04Z
2026-07-26T06:20:00Z,scarperia,0.00,0.000,21,ok,2026-10-05T13:13:04Z
2026-07-26T06:15:00Z,scarperia,0.00,0.000,21,ok,2026-10-05T13:13:04Z
2026-07-26T06:10:00Z,scarperia,0.40,0.250,21,ok,2026-10-05T13:13:04Z
2026-07-26T06:05:00Z,scarperia,0.81,0.466,21,ok,2026-10-05T13:13:04Z
2026-07-26T06:00:00Z,scarperia,0.42,0.274,21,ok,2026-10-05T13:13:04Z
2026-07-26T05:55:00Z,scarperia,0.91,0.604,21,ok,2026-10-05T13:13:04Z
2026-07-26T05:50:00Z,scarperia,1.63,1.259,21,ok,2026-10-05T13:13:04Z
2026-07-26T05:45:00Z,scarperia,5.09,3.731,21,ok,2026-10-05T13:13:04Z
2026-07-26T05:40:00Z,scarperia,8.55,5.994,21,ok,2026-10-05T13:13:04Z
2026-07-26T05:35:00Z,scarperia,7.49,6.321,21,ok,2026-10-05T13:13:04Z
2026-07-26T05:30:00Z,scarperia,10.24,7.133,21,ok,2026-10-05T13:13:04Z
2026-07-26T05:25:00Z,scarperia,10.27,7.749,21,ok,2026-10-05T13:13:04Z
2026-07-26T05:20:00Z,scarperia,9.93,8.210,21,ok,2026-10-05T13:13:04Z
2026-07-26T05:15:00Z,scarperia,8.14,7.529,21,ok,2026-10-05T13:13:04Z
2026-07-26T05:10:00Z,scarperia,11.63,10.724,21,ok,2026-10-05T13:13:04Z
2026-07-26T05:05:00Z,scarperia,11.47,8.797,21,ok,2026-10-05T13:13:04Z
2026-07-26T05:00:00Z,scarperia,27.50,16.945,21,ok,2026-10-05T13:13:04Z
2026-07-26T04:55:00Z,scarperia,14.14,4.567,21,ok,2026-10-05T13:13:04Z
2026-07-26T04:50:00Z,scarperia,5.41,3.797,21,ok,2026-10-05T13:13:04Z
2026-07-26T04:45:00Z,scarperia,14.95,9.679,21,ok,2026-10-05T13:13:04Z
2026-07-26T04:40:00Z,scarperia,11.68,7.990,21,ok,2026-10-05T13:13:04Z
2026-07-26T04:35:00Z,scarperia,16.54,11.255,21,ok,2026-10-05T13:13:04Z
2026-07-26T04:30:00Z,scarperia,16.48,8.726,21,ok,2026-10-05T13:13:04Z
2026-07-26T04:25:00Z,scarperia,22.33,13.614,21,ok,2026-10-05T13:13:04Z
2026-07-26T04:20:00Z,scarperia,17.90,7.091,21,ok,2026-10-05T13:13:04Z
2026-07-26T04:15:00Z,scarperia,14.29,9.513,21,ok,2026-10-05T13:13:04Z
2026-07-26T04:10:00Z,scarperia,8.05,6.445,21,ok,2026-10-05T13:13:04Z
2026-07-26T04:05:00Z,scarperia,13.20,7.921,21,ok,2026-10-05T13:13:04Z
2026-07-26T04:00:00Z,scarperia,17.53,10.420,21,ok,2026-10-05T13:13:04Z
2026-07-26T03:55:00Z,scarperia,9.45,2.094,21,ok,2026-10-05T13:13:04Z
2026-07-26T03:50:00Z,scarperia,3.69,2.600,21,ok,2026-10-05T13:13:04Z
2026-07-26T03:45:00Z,scarperia,11.07,6.395,21,ok,2026-10-05T13:13:04Z
2026-07-26T03:40:00Z,scarperia,9.17,5.992,21,ok,2026-10-05T13:13:04Z
2026-07-26T03:35:00Z,scarperia,13.72,6.590,21,ok,2026-10-05T13:13:04Z
2026-07-26T03:30:00Z,scarperia,25.03,9.389,21,ok,2026-10-05T13:13:04Z
2026-07-26T03:25:00Z,scarperia,28.16,8.103,21,ok,2026-10-05T13:13:04Z
2026-07-26T03:20:00Z,scarperia,3.99,1.888,21,ok,2026-10-05T13:13:04Z
2026-07-26T03:15:00Z,scarperia,3.23,1.803,21,ok,2026-10-05T13:13:04Z
2026-07-26T03:10:00Z,scarperia,2.93,1.152,21,ok,2026-10-05T13:13:04Z
2026-07-26T03:05:00Z,scarperia,0.00,0.000,21,ok,2026-10-05T13:13:04Z
2026-07-26T03:00:00Z,scarperia,0.00,0.000,21,ok,2026-10-05T13:13:04Z
2026-07-26T02:55:00Z,scarperia,0.00,0.000,21,ok,2026-10-05T13:13:04Z
2026-07-26T02:50:00Z,scarperia,0.00,0.000,21,ok,2026-10-05T13:13:04Z
2026-07-26T02:45:00Z,scarperia,0.00,0.000,21,ok,2026-10-05T13:13:04Z
2026-07-26T02:40:00Z,scarperia,0.00,0.000,21,ok,2026-10-05T13:13:04Z
2026-07-26T02:35:00Z,scarperia,0.00,0.000,21,ok,2026-10-05T13:13:04Z
2026-07-26T02:30:00Z,scarperia,0.00,0.000,21,ok,2026-10-05T13:13:04Z
2026-07-26T02:25:00Z,scarperia,0.00,0.000,21,ok,2026-10-05T13:13:04Z
2026-07-26T02:20:00Z,scarperia,0.00,0.000,21,ok,2026-10-05T13:13:04Z
2026-07-26T02:15:00Z,scarperia,0.00,0.000,21,ok,2026-10-05T13:13:04Z
2026-07-26T02:10:00Z,scarperia,0.00,0.000,21,ok,2026-10-05T13:13:04Z
2026-07-26T02:05:00Z,scarperia,0.00,0.000,21,ok,2026-10-05T13:13:04Z
2026-07-26T02:00:00Z,scarperia,0.00,0.000,21,ok,2026-10-05T13:13:04Z
2026-07-26T00:15:00Z,scarperia,0.00,0.000,21,ok,2026-10-05T13:13:04Z
2026-07-26T00:10:00Z,scarperia,0.00,0.000,21,ok,2026-10-05T13:13:04Z
2026-07-26T00:05:00Z,scarperia,0.00,0.000,21,ok,2026-10-05T13:13:04Z
2026-07-26T00:00:00Z,scarperia,0.00,0.000,21,ok,2026-10-05T13:13:04Z
2026-07-25T23:55:00Z,scarperia,0.00,0.000,21,ok,2026-10-05T13:13:04Z
2026-07-25T23:50:00Z,scarperia,0.00,0.000,21,ok,2026-10-05T13:13:04Z
2026-07-25T23:45:00Z,scarperia,0.00,0.000,21,ok,2026-10-05T13:13:04Z
2026-07-25T23:40:00Z,scarperia,0.00,0.000,21,ok,2026-10-05T13:13:04Z
2026-07-25T23:35:00Z,scarperia,0.00,0.000,21,ok,2026-10-05T13:13:04Z
2026-07-25T23:30:00Z,scarperia,0.00,0.000,21,ok,2026-10-05T13:13:04Z
2026-07-25T23:25:00Z,scarperia,0.00,0.000,21,ok,2026-10-05T13:13:04Z
2026-07-25T23:20:00Z,scarperia,0.00,0.000,21,ok,2026-10-05T13:13:04Z
2026-07-25T23:15:00Z,scarperia,0.00,0.000,21,ok,2026-10-05T13:13:04Z
2026-07-25T23:10:00Z,scarperia,0.00,0.000,21,ok,2026-10-05T13:13:04Z
2026-07-25T23:05:00Z,scarperia,0.00,0.000,21,ok,2026-10-05T13:13:04Z
2026-07-25T23:00:00Z,scarperia,0.00,0.000,21,ok,2026-10-05T13:13:04Z
2026-07-25T22:55:00Z,scarperia,0.00,0.000,21,ok,2026-10-05T13:13:04Z
2026-07-25T22:50:00Z,scarperia,0.00,0.000,21,ok,2026-10-05T13:13:04Z
2026-07-25T22:45:00Z,scarperia,0.00,0.000,21,ok,2026-10-05T13:13:04Z
2026-07-25T22:40:00Z,scarperia,0.00,0.000,21,ok,2026-10-05T13:13:04Z
2026-07-25T22:35:00Z,scarperia,0.00,0.000,21,ok,2026-10-05T13:13:04Z
2026-07-25T22:30:00Z,scarperia,0.00,0.000,21,ok,2026-10-05T13:13:04Z
2026-07-25T22:25:00Z,scarperia,0.00,0.000,21,ok,2026-10-05T13:13:04Z
2026-07-25T22:20:00Z,scarperia,0.00,0.000,21,ok,2026-10-05T13:13:04Z
2026-07-25T22:15:00Z,scarperia,0.00,0.000,21,ok,2026-10-05T13:13:04Z
2026-07-25T22:10:00Z,scarperia,0.00,0.000,21,ok,2026-10-05T13:13:04Z
2026-07-25T22:05:00Z,scarperia,0.00,0.000,21,ok,2026-10-05T13:13:04Z
2026-07-25T22:00:00Z,scarperia,0.00,0.000,21,ok,2026-10-05T13:13:04Z
2026-07-25T21:55:00Z,scarperia,0.00,0.000,21,ok,2026-10-05T13:13:04Z
2026-07-25T21:50:00Z,scarperia,0.00,0.000,21,ok,2026-10-05T13:13:04Z
2026-07-25T21:45:00Z,scarperia,0.00,0.000,21,ok,2026-10-05T13:13:04Z
2026-07-25T21:40:00Z,scarperia,0.00,0.000,21,ok,2026-10-05T13:13:04Z
2026-07-25T21:35:00Z,scarperia,0.00,0.000,21,ok,2026-10-05T13:13:04Z
2026-07-25T21:30:00Z,scarperia,0.00,0.000,21,ok,2026-10-05T13:13:04Z
2026-07-21T09:05:00Z,scarperia,0.00,0.000,21,ok,2026-10-05T13:13:04Z
2026-07-21T09:00:00Z,scarperia,0.00,0.000,21,ok,2026-10-05T13:13:04Z
2026-07-21T08:55:00Z,scarperia,0.00,0.000,21,ok,2026-10-05T13:13:04Z
2026-07-21T08:50:00Z,scarperia,0.00,0.000,21,ok,2026-10-05T13:13:04Z
2026-07-21T08:45:00Z,scarperia,0.00,0.000,21,ok,2026-10-05T13:13:04Z
2026-07-21T08:40:00Z,scarperia,0.00,0.000,21,ok,2026-10-05T13:13:04Z
2026-07-21T08:35:00Z,scarperia,0.00,0.000,21,ok,2026-10-05T13:13:04Z
2026-07-21T08:30:00Z,scarperia,0.00,0.000,21,ok,2026-10-05T13:13:04Z
2026-07-21T08:25:00Z,scarperia,0.00,0.000,21,ok,2026-10-05T13:13:04Z
2026-07-21T08:20:00Z,scarperia,0.00,0.000,21,ok,2026-10-05T13:13:04Z
2026-07-21T08:15:00Z,scarperia,0.00,0.000,21,ok,2026-10-05T13:13:04Z
2026-07-21T08:10:00Z,scarperia,0.00,0.000,21,ok,2026-10-05T13:13:04Z
2026-07-21T08:05:00Z,scarperia,0.00,0.000,21,ok,2026-10-05T13:13:04Z
2026-07-21T08:00:00Z,scarperia,0.00,0.000,21,ok,2026-10-05T13:13:04Z
2026-07-21T07:55:00Z,scarperia,0.00,0.000,21,ok,2026-10-05T13:13:04Z
2026-07-21T07:50:00Z,scarperia,0.00,0.000,21,ok,2026-10-05T13:13:04Z
2026-07-21T07:45:00Z,scarperia,0.00,0.000,21,ok,2026-10-05T13:13:04Z
2026-07-21T07:40:00Z,scarperia,0.00,0.000,21,ok,2026-10-05T13:13:04Z
2026-07-21T07:35:00Z,scarperia,0.00,0.000,21,ok,2026-10-05T13:13:04Z
2026-07-21T07:30:00Z,scarperia,0.00,0.000,21,ok,2026-10-05T13:13:04Z
2026-07-21T07:25:00Z,scarperia,0.00,0.000,21,ok,2026-10-05T13:13:04Z
2026-07-21T07:20:00Z,scarperia,0.00,0.000,21,ok,2026-10-05T13:13:04Z
2026-07-21T07:15:00Z,scarperia,0.00,0.000,21,ok,2026-10-05T13:13:04Z
2026-07-21T07:10:00Z,scarperia,0.00,0.000,21,ok,2026-10-05T13:13:04Z
2026-07-21T07:05:00Z,scarperia,0.00,0.000,21,ok,2026-10-05T13:13:04Z
2026-07-21T07:00:00Z,scarperia,0.00,0.000,21,ok,2026-10-05T13:13:04Z
2026-07-21T06:55:00Z,scarperia,0.00,0.000,21,ok,2026-10-05T13:13:04Z
2026-07-21T06:50:00Z,scarperia,0.00,0.000,21,ok,2026-10-05T13:13:04Z
2026-07-21T06:45:00Z,scarperia,0.00,0.000,21,ok,2026-10-05T13:13:04Z
2026-07-21T06:40:00Z,scarperia,0.00,0.000,21,ok,2026-10-05T13:13:04Z
2026-07-21T06:35:00Z,scarperia,0.00,0.000,21,ok,2026-10-05T13:13:04Z
2026-07-21T06:30:00Z,scarperia,0.00,0.000,21,ok,2026-10-05T13:13:04Z
2026-07-21T06:25:00Z,scarperia,0.00,0.000,21,ok,2026-10-05T13:13:04Z
2026-07-21T06:20:00Z,scarperia,0.00,0.000,21,ok,2026-10-05T13:13:04Z
2026-07-21T06:15:00Z,scarperia,0.00,0.000,21,ok,2026-10-05T13:13:04Z
2026-07-21T06:10:00Z,scarperia,0.00,0.000,21,ok,2026-10-05T13:13:04Z
2026-07-20T22:50:00Z,scarperia,0.00,0.000,21,ok,2026-10-05T13:13:04Z
2026-07-20T22:45:00Z,scarperia,0.00,0.000,21,ok,2026-10-05T13:13:04Z
2026-07-20T22:40:00Z,scarperia,0.00,0.000,21,ok,2026-10-05T13:13:04Z
2026-07-20T22:35:00Z,scarperia,0.00,0.000,21,ok,2026-10-05T13:13:04Z
2026-07-20T22:30:00Z,scarperia,0.00,0.000,21,ok,2026-10-05T13:13:04Z
2026-07-20T22:25:00Z,scarperia,0.00,0.000,21,ok,2026-10-05T13:13:04Z
2026-07-20T22:20:00Z,scarperia,0.00,0.000,21,ok,2026-10-05T13:13:04Z
2026-07-20T22:15:00Z,scarperia,0.00,0.000,21,ok,2026-10-05T13:13:04Z
2026-07-20T22:10:00Z,scarperia,0.00,0.000,21,ok,2026-10-05T13:13:04Z
2026-07-20T22:05:00Z,scarperia,0.00,0.000,21,ok,2026-10-05T13:13:04Z
2026-07-20T22:00:00Z,scarperia,0.00,0.000,21,ok,2026-10-05T13:13:04Z
2026-07-20T21:55:00Z,scarperia,0.00,0.000,21,ok,2026-10-05T13:13:04Z
2026-07-20T21:50:00Z,scarperia,0.00,0.000,21,ok,2026-10-05T13:13:04Z
2026-07-20T21:45:00Z,scarperia,0.00,0.000,21,ok,2026-10-05T13:13:04Z
2026-07-20T21:40:00Z,scarperia,0.00,0.000,21,ok,2026-10-05T13:13:04Z
2026-07-20T21:35:00Z,scarperia,0.00,0.000,21,ok,2026-10-05T13:13:04Z
2026-07-20T21:30:00Z,scarperia,0.00,0.000,21,ok,2026-10-05T13:13:04Z
2026-07-20T21:25:00Z,scarperia,0.00,0.000,21,ok,2026-10-05T13:13:04Z
2026-07-20T21:20:00Z,scarperia,0.00,0.000,21,ok,2026-10-05T13:13:04Z
2026-07-20T21:15:00Z,scarperia,0.00,0.000,21,ok,2026-10-05T13:13:04Z
2026-07-20T21:10:00Z,scarperia,0.00,0.000,21,ok,2026-10-05T13:13:04Z
2026-07-20T21:05:00Z,scarperia,0.00,0.000,21,ok,2026-10-05T13:13:04Z
2026-07-20T21:00:00Z,scarperia,0.00,0.000,21,ok,2026-10-05T13:13:04Z
2026-07-20T20:55:00Z,scarperia,0.00,0.000,21,ok,2026-10-05T13:13:04Z
2026-07-20T20:50:00Z,scarperia,0.00,0.000,21,ok,2026-10-05T13:13:04Z
2026-07-20T20:45:00Z,scarperia,0.00,0.000,21,ok,2026-10-05T13:13:04Z
2026-07-20T20:40:00Z,scarperia,0.00,0.000,21,ok,2026-10-05T13:13:04Z
2026-07-20T20:35:00Z,scarperia,0.00,0.000,21,ok,2026-10-05T13:13:04Z
2026-07-20T20:30:00Z,scarperia,0.00,0.000,21,ok,2026-10-05T13:13:04Z
2026-07-20T20:25:00Z,scarperia,0.00,0.000,21,ok,2026-10-05T13:13:04Z
2026-07-20T20:20:00Z,scarperia,0.00,0.000,21,ok,2026-10-05T13:13:04Z
2026-07-20T20:15:00Z,scarperia,0.00,0.000,21,ok,2026-10-05T13:13:04Z
2026-07-20T20:10:00Z,scarperia,0.00,0.000,21,ok,2026-10-05T13:13:04Z
2026-07-20T20:05:00Z,scarperia,0.00,0.000,21,ok,2026-10-05T13:13:04Z
2026-07-20T20:00:00Z,scarperia,0.00,0.000,21,ok,2026-10-05T13:13:04Z
2026-07-20T19:55:00Z,scarperia,0.00,0.000,21,ok,2026-10-05T13:13:04Z
2026-07-20T19:50:00Z,scarperia,0.00,0.000,21,ok,2026-10-05T13:13:04Z
2026-07-20T19:45:00Z,scarperia,0.00,0.000,21,ok,2026-10-05T13:13:04Z
2026-07-20T19:40:00Z,scarperia,0.00,0.000,21,ok,2026-10-05T13:13:04Z
2026-07-20T19:35:00Z,scarperia,0.00,0.000,21,ok,2026-10-05T13:13:04Z
2026-07-20T19:30:00Z,scarperia,0.00,0.000,21,ok,2026-10-05T13:13:04Z
2026-07-20T19:25:00Z,scarperia,0.00,0.000,21,ok,2026-10-05T13:13:04Z
2026-07-20T19:20:00Z,scarperia,0.00,0.000,21,ok,2026-10-05T13:13:04Z
2026-07-20T19:15:00Z,scarperia,0.00,0.000,21,ok,2026-10-05T13:13:04Z
2026-07-20T19:10:00Z,scarperia,0.00,0.000,21,ok,2026-10-05T13:13:04Z
2026-07-20T19:05:00Z,scarperia,0.00,0.000,21,ok,2026-10-05T13:13:04Z
2026-07-20T19:00:00Z,scarperia,0.00,0.000,21,ok,2026-10-05T13:13:04Z
2026-07-20T18:55:00Z,scarperia,0.00,0.000,21,ok,2026-10-05T13:13:04Z
2026-07-20T18:50:00Z,scarperia,0.00,0.000,21,ok,2026-10-05T13:13:04Z
2026-07-20T18:45:00Z,scarperia,0.00,0.000,21,ok,2026-10-05T13:13:04Z
2026-07-20T18:40:00Z,scarperia,0.00,0.000,21,ok,2026-10-05T13:13:04Z
2026-07-20T18:35:00Z,scarperia,0.00,0.000,21,ok,2026-10-05T13:13:04Z
2026-07-20T18:30:00Z,scarperia,0.00,0.000,21,ok,2026-10-05T13:13:04Z
2026-07-20T18:25:00Z,scarperia,0.00,0.000,21,ok,2026-10-05T13:13:04Z
2026-07-20T18:20:00Z,scarperia,0.00,0.000,21,ok,2026-10-05T13:13:04Z
2026-07-20T18:15:00Z,scarperia,0.00,0.000,21,ok,2026-10-05T13:13:04Z
2026-07-20T18:10:00Z,scarperia,0.00,0.000,21,ok,2026-10-05T13:13:04Z
2026-07-20T18:05:00Z,scarperia,0.00,0.000,21,ok,2026-10-05T13:13:04Z
2026-07-20T18:00:00Z,scarperia,0.00,0.000,21,ok,2026-10-05T13:13:04Z
2026-07-20T17:55:00Z,scarperia,0.00,0.000,21,ok,2026-10-05T13:13:04Z
2026-07-20T17:50:00Z,scarperia,0.00,0.000,21,ok,2026-10-05T13:13:04Z
2026-07-20T17:45:00Z,scarperia,0.00,0.000,21,ok,2026-10-05T13:13:04Z
2026-07-20T17:40:00Z,scarperia,0.00,0.000,21,ok,2026-10-05T13:13:04Z
2026-07-20T17:35:00Z,scarperia,0.00,0.000,21,ok,2026-10-05T13:13:04Z
2026-07-20T17:30:00Z,scarperia,0.00,0.000,21,ok,2026-10-05T13:13:04Z
2026-07-20T17:25:00Z,scarperia,0.00,0.000,21,ok,2026-10-05T13:13:04Z
2026-07-20T17:20:00Z,scarperia,0.00,0.000,21,ok,2026-10-05T13:13:04Z
2026-07-20T17:15:00Z,scarperia,0.00,0.000,21,ok,2026-10-05T13:13:04Z
2026-07-20T05:10:00Z,scarperia,0.00,0.000,21,ok,2026-10-05T13:13:04Z
2026-07-20T05:05:00Z,scarperia,0.00,0.000,21,ok,2026-10-05T13:13:04Z
2026-07-20T05:00:00Z,scarperia,0.00,0.000,21,ok,2026-10-05T13:13:04Z
2026-07-20T04:55:00Z,scarperia,0.00,0.000,21,ok,2026-10-05T13:13:04Z
2026-07-20T04:50:00Z,scarperia,0.00,0.000,21,ok,2026-10-05T13:13:04Z
2026-07-20T04:45:00Z,scarperia,0.00,0.000,21,ok,2026-10-05T13:13:04Z
2026-07-20T04:40:00Z,scarperia,0.00,0.000,21,ok,2026-10-05T13:13:04Z
2026-07-20T04:35:00Z,scarperia,0.00,0.000,21,ok,2026-10-05T13:13:04Z
2026-07-20T04:30:00Z,scarperia,0.00,0.000,21,ok,2026-10-05T13:13:04Z
2026-07-20T04:25:00Z,scarperia,0.00,0.000,21,ok,2026-10-05T13:13:04Z
2026-07-20T04:20:00Z,scarperia,0.00,0.000,21,ok,2026-10-05T13:13:04Z
2026-07-20T04:15:00Z,scarperia,0.00,0.000,21,ok,2026-10-05T13:13:04Z
2026-07-20T04:10:00Z,scarperia,0.00,0.000,21,ok,2026-10-05T13:13:04Z
2026-07-20T04:05:00Z,scarperia,0.00,0.000,21,ok,2026-10-05T13:13:04Z
2026-07-20T04:00:00Z,scarperia,0.00,0.000,21,ok,2026-10-05T13:13:04Z
2026-07-20T03:55:00Z,scarperia,0.00,0.000,21,ok,2026-10-05T13:13:04Z
2026-07-20T03:50:00Z,scarperia,0.00,0.000,21,ok,2026-10-05T13:13:04Z
2026-07-20T03:45:00Z,scarperia,0.00,0.000,21,ok,2026-10-05T13:13:04Z
2026-07-20T03:40:00Z,scarperia,0.00,0.000,21,ok,2026-10-05T13:13:04Z
2026-07-20T03:35:00Z,scarperia,0.00,0.000,21,ok,2026-10-05T13:13:04Z
2026-07-20T03:30:00Z,scarperia,0.00,0.000,21,ok,2026-10-05T13:13:04Z
2026-07-20T03:25:00Z,scarperia,0.00,0.000,21,ok,2026-10-05T13:13:04Z
2026-07-20T03:20:00Z,scarperia,0.00,0.000,21,ok,2026-10-05T13:13:04Z
2026-07-20T03:15:00Z,scarperia,0.00,0.000,21,ok,2026-10-05T13:13:04Z
2026-07-20T03:10:00Z,scarperia,0.00,0.000,21,ok,2026-10-05T13:13:04Z
2026-07-20T03:05:00Z,scarperia,0.00,0.000,21,ok,2026-10-05T13:13:04Z
2026-07-20T03:00:00Z,scarperia,0.00,0.000,21,ok,2026-10-05T13:13:04Z
2026-07-20T02:55:00Z,scarperia,0.00,0.000,21,ok,2026-10-05T13:13:04Z
2026-07-20T02:50:00Z,scarperia,0.00,0.000,21,ok,2026-10-05T13:13:04Z
2026-07-20T02:45:00Z,scarperia,0.00,0.000,21,ok,2026-10-05T13:13:04Z
2026-07-20T02:40:00Z,scarperia,0.00,0.000,21,ok,2026-10-05T13:13:04Z
2026-07-20T02:35:00Z,scarperia,0.00,0.000,21,ok,2026-10-05T13:13:04Z
2026-07-20T02:30:00Z,scarperia,0.00,0.000,21,ok,2026-10-05T13:13:04Z
2026-07-20T02:25:00Z,scarperia,0.00,0.000,21,ok,2026-10-05T13:13:04Z
2026-07-20T02:20:00Z,scarperia,0.00,0.000,21,ok,2026-10-05T13:13:04Z
2026-07-20T02:15:00Z,scarperia,0.00,0.000,21,ok,2026-10-05T13:13:04Z
2026-07-20T02:10:00Z,scarperia,0.00,0.000,21,ok,2026-10-05T13:13:04Z
2026-07-20T02:05:00Z,scarperia,0.98,0.368,21,ok,2026-10-05T13:13:04Z
2026-07-20T02:00:00Z,scarperia,3.11,1.920,21,ok,2026-10-05T13:13:04Z
2026-07-20T01:55:00Z,scarperia,2.53,1.518,21,ok,2026-10-05T13:13:04Z
2026-07-20T01:50:00Z,scarperia,2.75,1.460,21,ok,2026-10-05T13:13:04Z
2026-07-20T01:45:00Z,scarperia,1.97,0.786,21,ok,2026-10-05T13:13:04Z
2026-07-20T01:40:00Z,scarperia,0.78,0.468,21,ok,2026-10-05T13:13:04Z
2026-07-20T01:35:00Z,scarperia,0.80,0.568,21,ok,2026-10-05T13:13:04Z
2026-07-20T01:30:00Z,scarperia,0.00,0.000,21,ok,2026-10-05T13:13:04Z
2026-07-20T01:25:00Z,scarperia,0.00,0.000,21,ok,2026-10-05T13:13:04Z
2026-07-20T01:20:00Z,scarperia,0.00,0.000,21,ok,2026-10-05T13:13:04Z
2026-07-20T01:15:00Z,scarperia,0.00,0.000,21,ok,2026-10-05T13:13:04Z
2026-07-20T01:10:00Z,scarperia,0.00,0.000,21,ok,2026-10-05T13:13:04Z
2026-07-20T01:05:00Z,scarperia,0.00,0.000,21,ok,2026-10-05T13:13:04Z
2026-07-20T01:00:00Z,scarperia,0.00,0.000,21,ok,2026-10-05T13:13:04Z
2026-07-20T00:55:00Z,scarperia,0.00,0.000,21,ok,2026-10-05T13:13:04Z
2026-07-20T00:50:00Z,scarperia,0.00,0.000,21,ok,2026-10-05T13:13:04Z
2026-07-20T00:45:00Z,scarperia,0.00,0.000,21,ok,2026-10-05T13:13:04Z
2026-07-20T00:40:00Z,scarperia,0.00,0.000,21,ok,2026-10-05T13:13:04Z
2026-07-20T00:35:00Z,scarperia,0.00,0.000,21,ok,2026-10-05T13:13:04Z
2026-07-20T00:30:00Z,scarperia,0.00,0.000,21,ok,2026-10-05T13:13:04Z
2026-07-20T00:25:00Z,scarperia,0.00,0.000,21,ok,2026-10-05T13:13:04Z
2026-07-20T00:20:00Z,scarperia,0.00,0.000,21,ok,2026-10-05T13:13:04Z
2026-07-20T00:15:00Z,scarperia,0.00,0.000,21,ok,2026-10-05T13:13:04Z
2026-07-20T00:10:00Z,scarperia,0.00,0.000,21,ok,2026-10-05T13:13:04Z
2026-07-20T00:05:00Z,scarperia,0.00,0.000,21,ok,2026-10-05T13:13:04Z
2026-07-20T00:00:00Z,scarperia,0.00,0.000,21,ok,2026-10-05T13:13:04Z
2026-07-19T23:55:00Z,scarperia,0.00,0.000,21,ok,2026-10-05T13:13:04Z
2026-07-19T23:50:00Z,scarperia,0.00,0.000,21,ok,2026-10-05T13:13:04Z
2026-07-19T23:45:00Z,scarperia,0.00,0.000,21,ok,2026-10-05T13:13:04Z
2026-07-19T23:40:00Z,scarperia,0.00,0.000,21,ok,2026-10-05T13:13:04Z
2026-07-19T23:35:00Z,scarperia,0.00,0.000,21,ok,2026-10-05T13:13:04Z
2026-07-18T22:25:00Z,scarperia,0.00,0.000,21,ok,2026-10-05T13:13:04Z
2026-07-18T22:20:00Z,scarperia,0.00,0.000,21,ok,2026-10-05T13:13:04Z
2026-07-18T22:15:00Z,scarperia,0.00,0.000,21,ok,2026-10-05T13:13:04Z
2026-07-18T22:10:00Z,scarperia,0.00,0.000,21,ok,2026-10-05T13:13:04Z
2026-07-18T22:05:00Z,scarperia,0.00,0.000,21,ok,2026-10-05T13:13:04Z
2026-07-18T22:00:00Z,scarperia,0.00,0.000,21,ok,2026-10-05T13:13:04Z
2026-07-18T21:55:00Z,scarperia,0.00,0.000,21,ok,2026-10-05T13:13:04Z
2026-07-18T21:50:00Z,scarperia,0.00,0.000,21,ok,2026-10-05T13:13:04Z
2026-07-18T21:45:00Z,scarperia,0.00,0.000,21,ok,2026-10-05T13:13:04Z
2026-07-18T21:40:00Z,scarperia,0.00,0.000,21,ok,2026-10-05T13:13:04Z
2026-07-18T21:35:00Z,scarperia,0.00,0.000,21,ok,2026-10-05T13:13:04Z
2026-07-18T21:30:00Z,scarperia,0.00,0.000,21,ok,2026-10-05T13:13:04Z
2026-07-18T21:25:00Z,scarperia,0.00,0.000,21,ok,2026-10-05T13:13:04Z
2026-07-18T21:20:00Z,scarperia,0.00,0.000,21,ok,2026-10-05T13:13:04Z
2026-07-18T21:15:00Z,scarperia,0.00,0.000,21,ok,2026-10-05T13:13:04Z
2026-07-18T21:10:00Z,scarperia,0.00,0.000,21,ok,2026-10-05T13:13:04Z
2026-07-18T21:05:00Z,scarperia,0.00,0.000,21,ok,2026-10-05T13:13:04Z
2026-07-18T21:00:00Z,scarperia,0.00,0.000,21,ok,2026-10-05T13:13:04Z
2026-07-18T20:55:00Z,scarperia,0.00,0.000,21,ok,2026-10-05T13:13:04Z
2026-07-18T20:50:00Z,scarperia,0.00,0.000,21,ok,2026-10-05T13:13:04Z
2026-07-18T20:45:00Z,scarperia,0.00,0.000,21,ok,2026-10-05T13:13:04Z
2026-07-18T20:40:00Z,scarperia,0.00,0.000,21,ok,2026-10-05T13:13:04Z
2026-07-18T20:35:00Z,scarperia,0.00,0.000,21,ok,2026-10-05T13:13:04Z
2026-07-18T20:30:00Z,scarperia,0.00,0.000,21,ok,2026-10-05T13:13:04Z
2026-07-18T20:25:00Z,scarperia,0.00,0.000,21,ok,2026-10-05T13:13:04Z
2026-07-18T20:20:00Z,scarperia,0.00,0.000,21,ok,2026-10-05T13:13:04Z
2026-07-18T20:15:00Z,scarperia,0.00,0.000,21,ok,2026-10-05T13:13:04Z
2026-07-18T20:10:00Z,scarperia,0.00,0.000,21,ok,2026-10-05T13:13:04Z
2026-07-18T20:05:00Z,scarperia,0.00,0.000,21,ok,2026-10-05T13:13:04Z
2026-07-18T20:00:00Z,scarperia,0.00,0.000,21,ok,2026-10-05T13:13:04Z
2026-07-18T19:55:00Z,scarperia,0.00,0.000,21,ok,2026-10-05T13:13:04Z
2026-07-18T19:50:00Z,scarperia,0.00,0.000,21,ok,2026-10-05T13:13:04Z
2026-07-18T19:45:00Z,scarperia,0.00,0.000,21,ok,2026-10-05T13:13:04Z
2026-07-18T19:40:00Z,scarperia,0.00,0.000,21,ok,2026-10-05T13:13:04Z
2026-07-18T19:35:00Z,scarperia,0.00,0.000,21,ok,2026-10-05T13:13:04Z
2026-07-18T19:30:00Z,scarperia,0.00,0.000,21,ok,2026-10-05T13:13:04Z
2026-07-18T19:25:00Z,scarperia,0.00,0.000,21,ok,2026-10-05T13:13:04Z
2026-07-18T19:20:00Z,scarperia,0.00,0.000,21,ok,2026-10-05T13:13:04Z
2026-07-18T19:15:00Z,scarperia,0.00,0.000,21,ok,2026-10-05T13:13:04Z
2026-07-18T19:10:00Z,scarperia,0.00,0.000,21,ok,2026-10-05T13:13:04Z
2026-07-18T19:05:00Z,scarperia,0.00,0.000,21,ok,2026-10-05T13:13:04Z
2026-07-18T19:00:00Z,scarperia,0.00,0.000,21,ok,2026-10-05T13:13:04Z
2026-07-18T18:55:00Z,scarperia,0.00,0.000,21,ok,2026-10-05T13:13:04Z
2026-07-18T18:50:00Z,scarperia,0.00,0.000,21,ok,2026-10-05T13:13:04Z
2026-07-18T18:45:00Z,scarperia,0.00,0.000,21,ok,2026-10-05T13:13:04Z
2026-07-18T18:40:00Z,scarperia,0.00,0.000,21,ok,2026-10-05T13:13:04Z
2026-07-18T18:35:00Z,scarperia,0.00,0.000,21,ok,2026-10-05T13:13:04Z
2026-07-18T18:30:00Z,scarperia,0.00,0.000,21,ok,2026-10-05T13:13:04Z
2026-07-18T18:25:00Z,scarperia,0.00,0.000,21,ok,2026-10-05T13:13:04Z
2026-07-18T18:20:00Z,scarperia,0.00,0.000,21,ok,2026-10-05T13:13:04Z
2026-07-18T18:15:00Z,scarperia,0.00,0.000,21,ok,2026-10-05T13:13:04Z
2026-07-18T18:10:00Z,scarperia,0.00,0.000,21,ok,2026-10-05T13:13:04Z
2026-07-18T18:05:00Z,scarperia,0.00,0.000,21,ok,2026-10-05T13:13:04Z
2026-07-18T18:00:00Z,scarperia,0.00,0.000,21,ok,2026-10-05T13:13:04Z
2026-07-18T17:55:00Z,scarperia,0.00,0.000,21,ok,2026-10-05T13:13:04Z
2026-07-18T17:50:00Z,scarperia,0.00,0.000,21,ok,2026-10-05T13:13:04Z
2026-07-18T17:45:00Z,scarperia,0.00,0.000,21,ok,2026-10-05T13:13:04Z
2026-07-18T17:40:00Z,scarperia,0.00,0.000,21,ok,2026-10-05T13:13:04Z
2026-07-18T17:35:00Z,scarperia,0.00,0.000,21,ok,2026-10-05T13:13:04Z
2026-07-18T17:30:00Z,scarperia,0.00,0.000,21,ok,2026-10-05T13:13:04Z
2026-07-18T17:25:00Z,scarperia,0.00,0.000,21,ok,2026-10-05T13:13:04Z
2026-07-18T17:20:00Z,scarperia,0.00,0.000,21,ok,2026-10-05T13:13:04Z
2026-07-18T17:15:00Z,scarperia,0.00,0.000,21,ok,2026-10-05T13:13:04Z
2026-07-18T17:10:00Z,scarperia,0.00,0.000,21,ok,2026-10-05T13:13:04Z
2026-07-18T17:05:00Z,scarperia,0.00,0.000,21,ok,2026-10-05T13:13:04Z
2026-07-18T17:00:00Z,scarperia,0.00,0.000,21,ok,2026-10-05T13:13:04Z
2026-07-18T16:55:00Z,scarperia,0.00,0.000,21,ok,2026-10-05T13:13:04Z
2026-07-18T16:50:00Z,scarperia,0.00,0.000,21,ok,2026-10-05T13:13:04Z
2026-07-18T16:45:00Z,scarperia,0.00,0.000,21,ok,2026-10-05T13:13:04Z
2026-07-18T16:40:00Z,scarperia,0.00,0.000,21,ok,2026-10-05T13:13:04Z
2026-07-18T16:35:00Z,scarperia,0.00,0.000,21,ok,2026-10-05T13:13:04Z
2026-07-18T16:30:00Z,scarperia,0.00,0.000,21,ok,2026-10-05T13:13:04Z
2026-07-18T16:25:00Z,scarperia,0.00,0.000,21,ok,2026-10-05T13:13:04Z
2026-07-18T16:20:00Z,scarperia,0.00,0.000,21,ok,2026-10-05T13:13:04Z
2026-07-18T16:15:00Z,scarperia,0.00,0.000,21,ok,2026-10-05T13:13:04Z
2026-07-18T16:10:00Z,scarperia,0.00,0.000,21,ok,2026-10-05T13:13:04Z
2026-07-18T16:05:00Z,scarperia,0.00,0.000,21,ok,2026-10-05T13:13:04Z
2026-07-18T16:00:00Z,scarperia,0.00,0.000,21,ok,2026-10-05T13:13:04Z
2026-07-18T15:55:00Z,scarperia,0.00,0.000,21,ok,2026-10-05T13:13:04Z
2026-07-18T15:50:00Z,scarperia,0.00,0.000,21,ok,2026-10-05T13:13:04Z
2026-07-18T15:45:00Z,scarperia,0.00,0.000,21,ok,2026-10-05T13:13:04Z
2026-07-18T15:40:00Z,scarperia,0.00,0.000,21,ok,2026-10-05T13:13:04Z
2026-07-18T15:35:00Z,scarperia,0.00,0.000,21,ok,2026-10-05T13:13:04Z
2026-07-18T15:30:00Z,scarperia,0.00,0.000,21,ok,2026-10-05T13:13:04Z
2026-07-18T15:25:00Z,scarperia,0.00,0.000,21,ok,2026-10-05T13:13:04Z
2026-07-18T15:20:00Z,scarperia,0.00,0.000,21,ok,2026-10-05T13:13:04Z
2026-07-18T15:15:00Z,scarperia,0.00,0.000,21,ok,2026-10-05T13:13:04Z
2026-07-18T15:10:00Z,scarperia,0.00,0.000,21,ok,2026-10-05T13:13:04Z
2026-07-18T15:05:00Z,scarperia,0.00,0.000,21,ok,2026-10-05T13:13:04Z
2026-07-18T15:00:00Z,scarperia,0.00,0.000,21,ok,2026-10-05T13:13:04Z
2026-07-18T14:55:00Z,scarperia,0.00,0.000,21,ok,2026-10-05T13:13:04Z
2026-07-18T14:50:00Z,scarperia,0.00,0.000,21,ok,2026-10-05T13:13:04Z
2026-07-18T14:45:00Z,scarperia,0.00,0.000,21,ok,2026-10-05T13:13:04Z
2026-07-18T14:40:00Z,scarperia,0.00,0.000,21,ok,2026-10-05T13:13:04Z
2026-07-18T14:35:00Z,scarperia,0.00,0.000,21,ok,2026-10-05T13:13:04Z
2026-07-18T14:30:00Z,scarperia,0.00,0.000,21,ok,2026-10-05T13:13:04Z
2026-07-18T14:25:00Z,scarperia,0.00,0.000,21,ok,2026-10-05T13:13:04Z
2026-07-18T14:20:00Z,scarperia,0.00,0.000,21,ok,2026-10-05T13:13:04Z
2026-07-18T14:15:00Z,scarperia,0.00,0.000,21,ok,2026-10-05T13:13:04Z
2026-07-18T14:10:00Z,scarperia,0.00,0.000,21,ok,2026-10-05T13:13:04Z
2026-07-18T14:05:00Z,scarperia,0.00,0.000,21,ok,2026-10-05T13:13:04Z
2026-07-18T14:00:00Z,scarperia,0.00,0.000,21,ok,2026-10-05T13:13:04Z
2026-07-18T13:55:00Z,scarperia,0.00,0.000,21,ok,2026-10-05T13:13:04Z
2026-07-18T13:50:00Z,scarperia,0.00,0.000,21,ok,2026-10-05T13:13:04Z
2026-07-18T13:45:00Z,scarperia,0.00,0.000,21,ok,2026-10-05T13:13:04Z
2026-07-18T13:40:00Z,scarperia,0.00,0.000,21,ok,2026-10-05T13:13:04Z
2026-07-18T13:35:00Z,scarperia,0.00,0.000,21,ok,2026-10-05T13:13:04Z
2026-07-18T13:30:00Z,scarperia,0.00,0.000,21,ok,2026-10-05T13:13:04Z
2026-07-18T13:25:00Z,scarperia,0.00,0.000,21,ok,2026-10-05T13:13:04Z
2026-07-18T13:20:00Z,scarperia,0.00,0.000,21,ok,2026-10-05T13:13:04Z
2026-07-18T13:15:00Z,scarperia,0.00,0.000,21,ok,2026-10-05T13:13:04Z
2026-07-18T13:10:00Z,scarperia,0.00,0.000,21,ok,2026-10-05T13:13:04Z
2026-07-18T13:05:00Z,scarperia,0.00,0.000,21,ok,2026-10-05T13:13:04Z
2026-07-18T13:00:00Z,scarperia,0.00,0.000,21,ok,2026-10-05T13:13:04Z
2026-07-18T12:55:00Z,scarperia,0.00,0.000,21,ok,2026-10-05T13:13:04Z
2026-07-18T12:50:00Z,scarperia,0.00,0.000,21,ok,2026-10-05T13:13:04Z
2026-07-18T12:45:00Z,scarperia,0.00,0.000,21,ok,2026-10-05T13:13:04Z
2026-07-18T12:40:00Z,scarperia,0.00,0.000,21,ok,2026-10-05T13:13:04Z
2026-07-18T12:35:00Z,scarperia,0.00,0.000,21,ok,2026-10-05T13:13:04Z
2026-07-18T12:30:00Z,scarperia,0.00,0.000,21,ok,2026-10-05T13:13:04Z
2026-07-18T12:25:00Z,scarperia,0.00,0.000,21,ok,2026-10-05T13:13:04Z
2026-07-18T12:20:00Z,scarperia,0.00,0.000,21,ok,2026-10-05T13:13:04Z
2026-07-18T12:15:00Z,scarperia,0.00,0.000,21,ok,2026-10-05T13:13:04Z
2026-07-18T12:10:00Z,scarperia,0.00,0.000,21,ok,2026-10-05T13:13:04Z
2026-07-18T12:05:00Z,scarperia,0.00,0.000,21,ok,2026-10-05T13:13:04Z
2026-07-18T12:00:00Z,scarperia,0.00,0.000,21,ok,2026-10-05T13:13:04Z
2026-07-18T11:55:00Z,scarperia,0.00,0.000,21,ok,2026-10-05T13:13:04Z
2026-07-18T11:50:00Z,scarperia,0.00,0.000,21,ok,2026-10-05T13:13:04Z
2026-07-18T11:45:00Z,scarperia,0.00,0.000,21,ok,2026-10-05T13:13:04Z
2026-07-18T11:40:00Z,scarperia,0.00,0.000,21,ok,2026-10-05T13:13:04Z
2026-07-18T11:35:00Z,scarperia,0.00,0.000,21,ok,2026-10-05T13:13:04Z
2026-07-18T11:30:00Z,scarperia,0.00,0.000,21,ok,2026-10-05T13:13:04Z
2026-07-18T11:25:00Z,scarperia,0.00,0.000,21,ok,2026-10-05T13:13:04Z
2026-07-18T11:20:00Z,scarperia,0.00,0.000,21,ok,2026-10-05T13:13:04Z
2026-07-17T07:00:00Z,scarperia,0.00,0.000,21,ok,2026-10-05T13:13:04Z
2026-07-17T06:55:00Z,scarperia,0.00,0.000,21,ok,2026-10-05T13:13:04Z
2026-07-17T06:50:00Z,scarperia,0.00,0.000,21,ok,2026-10-05T13:13:04Z
2026-07-17T06:45:00Z,scarperia,0.00,0.000,21,ok,2026-10-05T13:13:04Z
2026-07-17T06:40:00Z,scarperia,0.00,0.000,21,ok,2026-10-05T13:13:04Z
2026-07-17T06:35:00Z,scarperia,0.00,0.000,21,ok,2026-10-05T13:13:04Z
2026-07-17T06:30:00Z,scarperia,0.00,0.000,21,ok,2026-10-05T13:13:04Z
2026-07-17T06:25:00Z,scarperia,0.00,0.000,21,ok,2026-10-05T13:13:04Z
2026-07-17T06:20:00Z,scarperia,0.00,0.000,21,ok,2026-10-05T13:13:04Z
2026-07-17T06:15:00Z,scarperia,0.00,0.000,21,ok,2026-10-05T13:13:04Z
2026-07-17T06:10:00Z,scarperia,0.00,0.000,21,ok,2026-10-05T13:13:04Z
2026-07-17T06:05:00Z,scarperia,0.00,0.000,21,ok,2026-10-05T13:13:04Z
2026-07-17T06:00:00Z,scarperia,0.00,0.000,21,ok,2026-10-05T13:13:04Z
2026-07-17T05:55:00Z,scarperia,0.00,0.000,21,ok,2026-10-05T13:13:04Z
2026-07-17T05:50:00Z,scarperia,0.00,0.000,21,ok,2026-10-05T13:13:04Z
2026-07-17T05:45:00Z,scarperia,0.00,0.000,21,ok,2026-10-05T13:13:04Z
2026-07-17T05:40:00Z,scarperia,0.00,0.000,21,ok,2026-10-05T13:13:04Z
2026-07-17T05:35:00Z,scarperia,0.00,0.000,21,ok,2026-10-05T13:13:04Z
2026-07-17T05:30:00Z,scarperia,0.00,0.000,21,ok,2026-10-05T13:13:04Z
2026-07-17T05:25:00Z,scarperia,0.00,0.000,21,ok,2026-10-05T13:13:04Z
2026-07-17T05:20:00Z,scarperia,0.00,0.000,21,ok,2026-10-05T13:13:04Z
2026-07-17T05:15:00Z,scarperia,0.00,0.000,21,ok,2026-10-05T13:13:04Z
2026-07-17T05:10:00Z,scarperia,0.00,0.000,21,ok,2026-10-05T13:13:04Z
2026-07-17T05:05:00Z,scarperia,0.00,0.000,21,ok,2026-10-05T13:13:04Z
2026-07-17T05:00:00Z,scarperia,0.00,0.000,21,ok,2026-10-05T13:13:04Z
2026-07-17T04:55:00Z,scarperia,0.00,0.000,21,ok,2026-10-05T13:13:04Z
2026-07-17T04:50:00Z,scarperia,0.00,0.000,21,ok,2026-10-05T13:13:04Z
2026-07-17T04:45:00Z,scarperia,0.00,0.000,21,ok,2026-10-05T13:13:04Z
2026-07-17T04:40:00Z,scarperia,0.00,0.000,21,ok,2026-10-05T13:13:04Z
2026-07-17T04:35:00Z,scarperia,0.00,0.000,21,ok,2026-10-05T13:13:04Z
2026-07-17T04:30:00Z,scarperia,0.00,0.000,21,ok,2026-10-05T13:13:04Z
2026-07-17T04:25:00Z,scarperia,0.00,0.000,21,ok,2026-10-05T13:13:04Z
2026-07-17T04:20:00Z,scarperia,0.00,0.000,21,ok,2026-10-05T13:13:04Z
2026-07-17T04:15:00Z,scarperia,0.00,0.000,21,ok,2026-10-05T13:13:04Z
2026-07-17T04:10:00Z,scarperia,0.00,0.000,21,ok,2026-10-05T13:13:04Z
2026-07-17T04:05:00Z,scarperia,0.00,0.000,21,ok,2026-10-05T13:13:04Z
2026-07-17T04:00:00Z,scarperia,0.00,0.000,21,ok,2026-10-05T13:13:04Z
2026-07-17T03:55:00Z,scarperia,0.00,0.000,21,ok,2026-10-05T13:13:04Z
2026-07-17T03:50:00Z,scarperia,0.00,0.000,21,ok,2026-10-05T13:13:04Z
2026-07-17T03:45:00Z,scarperia,0.00,0.000,21,ok,2026-10-05T13:13:04Z
2026-07-17T03:40:00Z,scarperia,0.00,0.000,21,ok,2026-10-05T13:13:04Z
2026-07-17T03:35:00Z,scarperia,0.00,0.000,21,ok,2026-10-05T13:13:04Z
2026-07-17T03:30:00Z,scarperia,0.00,0.000,21,ok,2026-10-05T13:13:04Z
2026-07-17T03:25:00Z,scarperia,0.00,0.000,21,ok,2026-10-05T13:13:04Z
2026-07-17T03:20:00Z,scarperia,0.00,0.000,21,ok,2026-10-05T13:13:04Z
2026-07-17T03:15:00Z,scarperia,0.00,0.000,21,ok,2026-10-05T13:13:04Z
2026-07-17T03:10:00Z,scarperia,0.00,0.000,21,ok,2026-10-05T13:13:04Z
2026-07-17T03:05:00Z,scarperia,0.00,0.000,21,ok,2026-10-05T13:13:04Z
2026-07-17T03:00:00Z,scarperia,0.00,0.000,21,ok,2026-10-05T13:13:04Z
2026-07-17T02:55:00Z,scarperia,0.00,0.000,21,ok,2026-10-05T13:13:04Z
2026-07-17T02:50:00Z,scarperia,0.00,0.000,21,ok,2026-10-05T13:13:04Z
2026-07-17T02:45:00Z,scarperia,0.00,0.000,21,ok,2026-10-05T13:13:04Z
2026-07-17T02:40:00Z,scarperia,0.00,0.000,21,ok,2026-10-05T13:13:04Z
2026-07-17T02:35:00Z,scarperia,0.00,0.000,21,ok,2026-10-05T13:13:04Z
2026-07-17T02:30:00Z,scarperia,0.00,0.000,21,ok,2026-10-05T13:13:04Z
2026-07-17T02:25:00Z,scarperia,0.00,0.000,21,ok,2026-10-05T13:13:04Z
2026-07-17T02:20:00Z,scarperia,0.00,0.000,21,ok,2026-10-05T13:13:04Z
2026-07-17T02:15:00Z,scarperia,0.00,0.000,21,ok,2026-10-05T13:13:04Z
2026-07-17T02:10:00Z,scarperia,0.00,0.000,21,ok,2026-10-05T13:13:04Z
2026-07-17T02:05:00Z,scarperia,0.00,0.000,21,ok,2026-10-05T13:13:04Z
2026-07-17T02:00:00Z,scarperia,0.00,0.000,21,ok,2026-10-05T13:13:04Z
2026-07-17T01:55:00Z,scarperia,0.00,0.000,21,ok,2026-10-05T13:13:04Z
2026-07-17T01:50:00Z,scarperia,0.00,0.000,21,ok,2026-10-05T13:13:04Z
2026-07-17T01:45:00Z,scarperia,0.00,0.000,21,ok,2026-10-05T13:13:04Z
2026-07-17T01:40:00Z,scarperia,0.00,0.000,21,ok,2026-10-05T13:13:04Z
2026-07-17T01:35:00Z,scarperia,0.00,0.000,21,ok,2026-10-05T13:13:04Z
2026-07-17T01:30:00Z,scarperia,0.00,0.000,21,ok,2026-10-05T13:13:04Z
2026-07-17T01:25:00Z,scarperia,0.00,0.000,21,ok,2026-10-05T13:13:04Z
2026-07-17T01:20:00Z,scarperia,0.00,0.000,21,ok,2026-10-05T13:13:04Z
2026-07-17T01:15:00Z,scarperia,0.00,0.000,21,ok,2026-10-05T13:13:04Z
2026-07-17T01:10:00Z,scarperia,0.00,0.000,21,ok,2026-10-05T13:13:04Z
2026-07-17T01:05:00Z,scarperia,0.00,0.000,21,ok,2026-10-05T13:13:04Z
2026-07-17T01:00:00Z,scarperia,0.00,0.000,21,ok,2026-10-05T13:13:04Z
2026-07-17T00:55:00Z,scarperia,0.00,0.000,21,ok,2026-10-05T13:13:04Z
2026-07-17T00:50:00Z,scarperia,0.00,0.000,21,ok,2026-10-05T13:13:04Z
2026-07-17T00:45:00Z,scarperia,0.00,0.000,21,ok,2026-10-05T13:13:04Z
2026-07-17T00:40:00Z,scarperia,0.00,0.000,21,ok,2026-10-05T13:13:04Z
2026-07-17T00:35:00Z,scarperia,0.00,0.000,21,ok,2026-10-05T13:13:04Z
2026-07-17T00:30:00Z,scarperia,0.00,0.000,21,ok,2026-10-05T13:13:04Z
2026-07-17T00:25:00Z,scarperia,0.00,0.000,21,ok,2026-10-05T13:13:04Z
2026-07-17T00:20:00Z,scarperia,0.00,0.000,21,ok,2026-10-05T13:13:04Z
2026-07-17T00:15:00Z,scarperia,0.00,0.000,21,ok,2026-10-05T13:13:04Z
2026-07-17T00:10:00Z,scarperia,0.00,0.000,21,ok,2026-10-05T13:13:04Z
2026-07-17T00:05:00Z,scarperia,0.00,0.000,21,ok,2026-10-05T13:13:04Z
2026-07-17T00:00:00Z,scarperia,0.00,0.000,21,ok,2026-10-05T13:13:04Z
2026-07-16T23:55:00Z,scarperia,0.00,0.000,21,ok,2026-10-05T13:13:04Z
2026-07-16T23:50:00Z,scarperia,0.00,0.000,21,ok,2026-10-05T13:13:04Z
2026-07-16T23:45:00Z,scarperia,0.00,0.000,21,ok,2026-10-05T13:13:04Z
2026-07-16T23:40:00Z,scarperia,0.00,0.000,21,ok,2026-10-05T13:13:04Z
2026-07-16T23:35:00Z,scarperia,0.00,0.000,21,ok,2026-10-05T13:13:04Z
2026-07-16T23:30:00Z,scarperia,0.00,0.000,21,ok,2026-10-05T13:13:04Z
2026-07-16T23:25:00Z,scarperia,0.00,0.000,21,ok,2026-10-05T13:13:04Z
2026-07-16T23:20:00Z,scarperia,0.00,0.000,21,ok,2026-10-05T13:13:04Z
2026-07-16T23:15:00Z,scarperia,0.00,0.000,21,ok,2026-10-05T13:13:04Z
2026-07-16T23:10:00Z,scarperia,0.00,0.000,21,ok,2026-10-05T13:13:04Z
2026-07-16T23:05:00Z,scarperia,0.00,0.000,21,ok,2026-10-05T13:13:04Z
2026-07-16T23:00:00Z,scarperia,0.00,0.000,21,ok,2026-10-05T13:13:04Z
2026-07-16T22:55:00Z,scarperia,0.00,0.000,21,ok,2026-10-05T13:13:04Z
2026-07-16T22:50:00Z,scarperia,0.00,0.000,21,ok,2026-10-05T13:13:04Z
2026-07-16T22:45:00Z,scarperia,0.00,0.000,21,ok,2026-10-05T13:13:04Z
2026-07-16T22:40:00Z,scarperia,0.00,0.000,21,ok,2026-10-05T13:13:04Z
2026-07-16T22:35:00Z,scarperia,0.00,0.000,21,ok,2026-10-05T13:13:04Z
2026-07-16T22:30:00Z,scarperia,0.00,0.000,21,ok,2026-10-05T13:13:04Z
2026-07-16T22:25:00Z,scarperia,0.00,0.000,21,ok,2026-10-05T13:13:04Z
2026-07-16T22:20:00Z,scarperia,0.00,0.000,21,ok,2026-10-05T13:13:04Z
2026-07-16T22:15:00Z,scarperia,0.00,0.000,21,ok,2026-10-05T13:13:04Z
2026-07-16T22:10:00Z,scarperia,0.00,0.000,21,ok,2026-10-05T13:13:04Z
2026-07-16T22:05:00Z,scarperia,0.00,0.000,21,ok,2026-10-05T13:13:04Z
2026-07-16T22:00:00Z,scarperia,0.00,0.000,21,ok,2026-10-05T13:13:04Z
2026-07-16T21:55:00Z,scarperia,0.00,0.000,21,ok,2026-10-05T13:13:04Z
2026-07-16T21:50:00Z,scarperia,0.00,0.000,21,ok,2026-10-05T13:13:04Z
2026-07-16T21:45:00Z,scarperia,0.00,0.000,21,ok,2026-10-05T13:13:04Z
2026-07-16T21:40:00Z,scarperia,0.00,0.000,21,ok,2026-10-05T13:13:04Z
2026-07-16T21:35:00Z,scarperia,0.00,0.000,21,ok,2026-10-05T13:13:04Z
2026-07-16T21:30:00Z,scarperia,0.00,0.000,21,ok,2026-10-05T13:13:04Z
2026-07-16T21:25:00Z,scarperia,0.00,0.000,21,ok,2026-10-05T13:13:04Z
2026-07-16T21:20:00Z,scarperia,0.00,0.000,21,ok,2026-10-05T13:13:04Z
2026-07-16T21:15:00Z,scarperia,0.00,0.000,21,ok,2026-10-05T13:13:04Z
2026-07-16T21:10:00Z,scarperia,0.00,0.000,21,ok,2026-10-05T13:13:04Z
2026-07-16T04:00:00Z,scarperia,0.00,0.000,21,ok,2026-10-05T13:13:04Z
2026-07-16T03:55:00Z,scarperia,0.00,0.000,21,ok,2026-10-05T13:13:04Z
2026-07-16T03:50:00Z,scarperia,0.00,0.000,21,ok,2026-10-05T13:13:04Z
2026-07-16T03:45:00Z,scarperia,0.00,0.000,21,ok,2026-10-05T13:13:04Z
2026-07-16T03:40:00Z,scarperia,0.00,0.000,21,ok,2026-10-05T13:13:04Z
2026-07-16T03:35:00Z,scarperia,0.00,0.000,21,ok,2026-10-05T13:13:04Z
2026-07-16T03:30:00Z,scarperia,0.00,0.000,21,ok,2026-10-05T13:13:04Z
2026-07-16T03:25:00Z,scarperia,0.00,0.000,21,ok,2026-10-05T13:13:04Z
2026-07-16T03:20:00Z,scarperia,0.00,0.000,21,ok,2026-10-05T13:13:04Z
2026-07-16T03:15:00Z,scarperia,0.00,0.000,21,ok,2026-10-05T13:13:04Z
2026-07-16T03:10:00Z,scarperia,0.00,0.000,21,ok,2026-10-05T13:13:04Z
2026-07-16T03:05:00Z,scarperia,0.00,0.000,21,ok,2026-10-05T13:13:04Z
2026-07-16T03:00:00Z,scarperia,0.00,0.000,21,ok,2026-10-05T13:13:04Z
2026-07-16T02:55:00Z,scarperia,0.00,0.000,21,ok,2026-10-05T13:13:04Z
2026-07-16T02:50:00Z,scarperia,0.00,0.000,21,ok,2026-10-05T13:13:04Z
2026-07-16T02:45:00Z,scarperia,0.00,0.000,21,ok,2026-10-05T13:13:04Z
2026-07-16T02:40:00Z,scarperia,0.00,0.000,21,ok,2026-10-05T13:13:04Z
2026-07-16T02:35:00Z,scarperia,0.00,0.000,21,ok,2026-10-05T13:13:04Z
2026-07-16T02:30:00Z,scarperia,0.00,0.000,21,ok,2026-10-05T13:13:04Z
2026-07-16T02:25:00Z,scarperia,0.00,0.000,21,ok,2026-10-05T13:13:04Z
2026-07-16T02:20:00Z,scarperia,0.00,0.000,21,ok,2026-10-05T13:13:04Z
2026-07-16T02:15:00Z,scarperia,0.00,0.000,21,ok,2026-10-05T13:13:04Z
2026-07-16T02:10:00Z,scarperia,0.00,0.000,21,ok,2026-10-05T13:13:04Z
2026-07-16T02:05:00Z,scarperia,0.00,0.000,21,ok,2026-10-05T13:13:04Z
2026-07-16T02:00:00Z,scarperia,0.00,0.000,21,ok,2026-10-05T13:13:04Z
2026-07-16T01:55:00Z,scarperia,0.00,0.000,21,ok,2026-10-05T13:13:04Z
2026-07-16T01:50:00Z,scarperia,0.00,0.000,21,ok,2026-10-05T13:13:04Z
2026-07-16T01:45:00Z,scarperia,0.00,0.000,21,ok,2026-10-05T13:13:04Z
2026-07-16T01:40:00Z,scarperia,0.00,0.000,21,ok,2026-10-05T13:13:04Z
2026-07-16T01:35:00Z,scarperia,0.00,0.000,21,ok,2026-10-05T13:13:04Z
2026-07-16T01:30:00Z,scarperia,0.00,0.000,21,ok,2026-10-05T13:13:04Z
2026-07-16T01:25:00Z,scarperia,0.00,0.000,21,ok,2026-10-05T13:13:04Z
2026-07-16T01:20:00Z,scarperia,0.00,0.000,21,ok,2026-10-05T13:13:04Z
2026-07-16T01:15:00Z,scarperia,0.00,0.000,21,ok,2026-10-05T13:13:04Z
2026-07-16T01:10:00Z,scarperia,0.00,0.000,21,ok,2026-10-05T13:13:04Z
2026-07-16T01:05:00Z,scarperia,0.00,0.000,21,ok,2026-10-05T13:13:04Z
2026-07-16T01:00:00Z,scarperia,0.00,0.000,21,ok,2026-10-05T13:13:04Z
2026-07-16T00:55:00Z,scarperia,0.00,0.000,21,ok,2026-10-05T13:13:04Z
2026-07-16T00:50:00Z,scarperia,0.00,0.000,21,ok,2026-10-05T13:13:04Z
2026-07-16T00:45:00Z,scarperia,0.00,0.000,21,ok,2026-10-05T13:13:04Z
2026-07-16T00:40:00Z,scarperia,0.00,0.000,21,ok,2026-10-05T13:13:04Z
2026-07-16T00:35:00Z,scarperia,0.00,0.000,21,ok,2026-10-05T13:13:04Z
2026-07-16T00:30:00Z,scarperia,0.00,0.000,21,ok,2026-10-05T13:13:04Z
2026-07-16T00:25:00Z,scarperia,0.00,0.000,21,ok,2026-10-05T13:13:04Z
2026-07-16T00:20:00Z,scarperia,0.00,0.000,21,ok,2026-10-05T13:13:04Z
2026-07-16T00:15:00Z,scarperia,0.00,0.000,21,ok,2026-10-05T13:13:04Z
2026-07-16T00:10:00Z,scarperia,0.00,0.000,21,ok,2026-10-05T13:13:04Z
2026-07-16T00:05:00Z,scarperia,0.00,0.000,21,ok,2026-10-05T13:13:04Z
2026-07-16T00:00:00Z,scarperia,0.00,0.000,21,ok,2026-10-05T13:13:04Z
2026-07-15T23:55:00Z,scarperia,0.00,0.000,21,ok,2026-10-05T13:13:04Z
2026-07-15T23:50:00Z,scarperia,0.00,0.000,21,ok,2026-10-05T13:13:04Z
2026-07-15T23:45:00Z,scarperia,0.00,0.000,21,ok,2026-10-05T13:13:04Z
2026-07-15T23:40:00Z,scarperia,0.00,0.000,21,ok,2026-10-05T13:13:04Z
2026-07-15T23:35:00Z,scarperia,0.00,0.000,21,ok,2026-10-05T13:13:04Z
2026-07-15T23:30:00Z,scarperia,0.00,0.000,21,ok,2026-10-05T13:13:04Z
2026-07-15T23:25:00Z,scarperia,0.00,0.000,21,ok,2026-10-05T13:13:04Z
2026-07-15T23:20:00Z,scarperia,0.00,0.000,21,ok,2026-10-05T13:13:04Z
2026-07-15T23:15:00Z,scarperia,0.00,0.000,21,ok,2026-10-05T13:13:04Z
2026-07-15T23:10:00Z,scarperia,0.00,0.000,21,ok,2026-10-05T13:13:04Z
2026-07-15T23:05:00Z,scarperia,0.00,0.000,21,ok,2026-10-05T13:13:04Z
2026-07-15T23:00:00Z,scarperia,0.00,0.000,21,ok,2026-10-05T13:13:04Z
2026-07-15T16:45:00Z,scarperia,2.35,1.124,21,ok,2026-10-05T13:13:04Z
2026-07-15T16:40:00Z,scarperia,1.75,1.669,21,ok,2026-10-05T13:13:04Z
2026-07-15T16:35:00Z,scarperia,1.83,1.564,21,ok,2026-10-05T13:13:04Z
2026-07-15T16:30:00Z,scarperia,3.26,2.391,21,ok,2026-10-05T13:13:04Z
2026-07-15T16:25:00Z,scarperia,10.68,6.339,21,ok,2026-10-05T13:13:04Z
2026-07-15T16:20:00Z,scarperia,5.86,3.616,21,ok,2026-10-05T13:13:04Z
2026-07-15T16:15:00Z,scarperia,2.55,1.815,21,ok,2026-10-05T13:13:04Z
2026-07-15T16:10:00Z,scarperia,1.93,1.188,21,ok,2026-10-05T13:13:04Z
2026-07-15T16:05:00Z,scarperia,1.26,0.608,21,ok,2026-10-05T13:13:04Z
2026-07-15T16:00:00Z,scarperia,0.00,0.000,21,ok,2026-10-05T13:13:04Z
2026-07-15T15:55:00Z,scarperia,0.00,0.000,21,ok,2026-10-05T13:13:04Z
2026-07-15T15:50:00Z,scarperia,0.00,0.000,21,ok,2026-10-05T13:13:04Z
2026-07-15T15:45:00Z,scarperia,0.00,0.000,21,ok,2026-10-05T13:13:04Z
2026-07-15T15:40:00Z,scarperia,0.00,0.000,21,ok,2026-10-05T13:13:04Z
2026-07-15T15:35:00Z,scarperia,0.00,0.000,21,ok,2026-10-05T13:13:04Z
2026-07-15T15:30:00Z,scarperia,0.00,0.000,21,ok,2026-10-05T13:13:04Z
2026-07-15T15:25:00Z,scarperia,0.00,0.000,21,ok,2026-10-05T13:13:04Z
2026-07-15T15:20:00Z,scarperia,0.00,0.000,21,ok,2026-10-05T13:13:04Z
2026-07-15T15:15:00Z,scarperia,0.00,0.000,21,ok,2026-10-05T13:13:04Z
2026-07-15T15:10:00Z,scarperia,0.00,0.000,21,ok,2026-10-05T13:13:04Z
2026-07-15T15:05:00Z,scarperia,0.00,0.000,21,ok,2026-10-05T13:13:04Z
2026-07-15T15:00:00Z,scarperia,0.00,0.000,21,ok,2026-10-05T13:13:04Z
2026-07-15T14:55:00Z,scarperia,0.00,0.000,21,ok,2026-10-05T13:13:04Z
2026-07-15T14:50:00Z,scarperia,0.00,0.000,21,ok,2026-10-05T13:13:04Z
2026-07-15T14:45:00Z,scarperia,0.00,0.000,21,ok,2026-10-05T13:13:04Z
2026-07-15T14:40:00Z,scarperia,0.00,0.000,21,ok,2026-10-05T13:13:04Z
2026-07-15T14:35:00Z,scarperia,0.00,0.000,21,ok,2026-10-05T13:13:04Z
2026-07-15T14:30:00Z,scarperia,0.00,0.000,21,ok,2026-10-05T13:13:04Z
2026-07-15T14:25:00Z,scarperia,0.00,0.000,21,ok,2026-10-05T13:13:04Z
2026-07-15T14:20:00Z,scarperia,0.00,0.000,21,ok,2026-10-05T13:13:04Z
2026-07-15T14:15:00Z,scarperia,0.00,0.000,21,ok,2026-10-05T13:13:04Z
2026-07-15T14:10:00Z,scarperia,0.00,0.000,21,ok,2026-10-05T13:13:04Z
2026-07-15T14:05:00Z,scarperia,0.00,0.000,21,ok,2026-10-05T13:13:04Z
2026-07-15T14:00:00Z,scarperia,0.00,0.000,21,ok,2026-10-05T13:13:04Z
2026-07-15T13:55:00Z,scarperia,0.00,0.000,21,ok,2026-10-05T13:13:04Z
2026-07-15T13:50:00Z,scarperia,0.00,0.000,21,ok,2026-10-05T13:13:04Z
2026-07-15T13:45:00Z,scarperia,0.00,0.000,21,ok,2026-10-05T13:21:14Z
2026-07-15T13:40:00Z,scarperia,0.00,0.000,21,ok,2026-10-05T13:21:14Z
2026-07-15T13:35:00Z,scarperia,0.00,0.000,21,ok,2026-10-05T13:21:14Z
2026-07-15T13:30:00Z,scarperia,0.00,0.000,21,ok,2026-10-05T13:21:14Z
2026-07-15T13:25:00Z,scarperia,0.00,0.000,21,ok,2026-10-05T13:21:14Z
2026-07-15T13:20:00Z,scarperia,0.00,0.000,21,ok,2026-10-05T13:21:14Z
2026-07-15T13:15:00Z,scarperia,0.00,0.000,21,ok,2026-10-05T13:21:14Z
2026-07-15T13:10:00Z,scarperia,0.00,0.000,21,ok,2026-10-05T13:21:14Z
2026-07-15T13:05:00Z,scarperia,0.00,0.000,21,ok,2026-10-05T13:21:14Z
2026-07-15T13:00:00Z,scarperia,0.00,0.000,21,ok,2026-10-05T13:21:14Z
2026-07-15T12:55:00Z,scarperia,0.00,0.000,21,ok,2026-10-05T13:21:14Z
2026-07-15T12:50:00Z,scarperia,0.00,0.000,21,ok,2026-10-05T13:21:14Z
2026-07-15T12:45:00Z,scarperia,0.00,0.000,21,ok,2026-10-05T13:21:14Z
2026-07-15T12:40:00Z,scarperia,0.00,0.000,21,ok,2026-10-05T13:21:14Z
2026-07-15T12:35:00Z,scarperia,0.00,0.000,21,ok,2026-10-05T13:21:14Z
2026-07-15T12:30:00Z,scarperia,0.00,0.000,21,ok,2026-10-05T13:21:14Z
2026-07-15T12:25:00Z,scarperia,0.00,0.000,21,ok,2026-10-05T13:21:14Z
2026-07-15T12:20:00Z,scarperia,0.00,0.000,21,ok,2026-10-05T13:21:14Z
2026-07-15T12:15:00Z,scarperia,0.00,0.000,21,ok,2026-10-05T13:21:14Z
2026-07-15T12:10:00Z,scarperia,0.00,0.000,21,ok,2026-10-05T13:21:14Z
2026-07-15T12:05:00Z,scarperia,0.00,0.000,21,ok,2026-10-05T13:21:14Z
2026-07-15T12:00:00Z,scarperia,0.00,0.000,21,ok,2026-10-05T13:21:14Z
2026-07-15T11:55:00Z,scarperia,0.00,0.000,21,ok,2026-10-05T13:21:14Z
2026-07-15T11:50:00Z,scarperia,0.00,0.000,21,ok,2026-10-05T13:21:14Z
2026-07-15T11:45:00Z,scarperia,0.00,0.000,21,ok,2026-10-05T13:21:14Z
2026-07-15T11:40:00Z,scarperia,0.00,0.000,21,ok,2026-10-05T13:21:14Z
2026-07-15T11:35:00Z,scarperia,0.00,0.000,21,ok,2026-10-05T13:21:14Z
2026-07-15T11:30:00Z,scarperia,0.00,0.000,21,ok,2026-10-05T13:21:14Z
2026-07-15T11:25:00Z,scarperia,0.00,0.000,21,ok,2026-10-05T13:21:14Z
2026-07-15T11:20:00Z,scarperia,0.00,0.000,21,ok,2026-10-05T13:21:14Z
2026-07-15T11:15:00Z,scarperia,0.00,0.000,21,ok,2026-10-05T13:21:14Z
2026-07-15T11:10:00Z,scarperia,0.00,0.000,21,ok,2026-10-05T13:21:14Z
2026-07-15T11:05:00Z,scarperia,0.00,0.000,21,ok,2026-10-05T13:21:14Z
2026-07-15T11:00:00Z,scarperia,0.00,0.000,21,ok,2026-10-05T13:21:14Z
2026-07-15T10:55:00Z,scarperia,0.00,0.000,21,ok,2026-10-05T13:21:14Z
2026-07-15T10:50:00Z,scarperia,0.00,0.000,21,ok,2026-10-05T13:21:14Z
2026-07-15T10:45:00Z,scarperia,0.00,0.000,21,ok,2026-10-05T13:21:14Z
2026-07-15T10:40:00Z,scarperia,0.00,0.000,21,ok,2026-10-05T13:21:14Z
2026-07-15T10:35:00Z,scarperia,0.00,0.000,21,ok,2026-10-05T13:21:14Z
2026-07-15T10:30:00Z,scarperia,0.00,0.000,21,ok,2026-10-05T13:21:14Z
2026-07-15T10:25:00Z,scarperia,0.00,0.000,21,ok,2026-10-05T13:21:14Z
2026-07-15T10:20:00Z,scarperia,0.00,0.000,21,ok,2026-10-05T13:21:14Z
2026-07-15T10:15:00Z,scarperia,0.00,0.000,21,ok,2026-10-05T13:21:14Z
2026-07-15T10:10:00Z,scarperia,0.00,0.000,21,ok,2026-10-05T13:21:14Z
2026-07-15T10:05:00Z,scarperia,0.00,0.000,21,ok,2026-10-05T13:21:14Z
2026-07-15T10:00:00Z,scarperia,0.00,0.000,21,ok,2026-10-05T13:21:14Z
2026-07-15T09:55:00Z,scarperia,,,0,no_pixels,2026-10-05T13:21:14Z
2026-07-15T09:50:00Z,scarperia,0.00,0.000,21,ok,2026-10-05T13:21:14Z
2026-07-15T09:45:00Z,scarperia,0.00,0.000,21,ok,2026-10-05T13:21:14Z
2026-07-15T09:40:00Z,scarperia,0.00,0.000,21,ok,2026-10-05T13:21:14Z
2026-07-15T09:35:00Z,scarperia,0.00,0.000,21,ok,2026-10-05T13:21:14Z
2026-07-15T09:30:00Z,scarperia,0.00,0.000,21,ok,2026-10-05T13:21:14Z
2026-07-15T09:25:00Z,scarperia,0.00,0.000,21,ok,2026-10-05T13:21:14Z
2026-07-15T09:20:00Z,scarperia,0.00,0.000,21,ok,2026-10-05T13:21:14Z
2026-07-15T09:15:00Z,scarperia,0.00,0.000,21,ok,2026-10-05T13:21:14Z
2026-07-15T07:00:00Z,scarperia,0.00,0.000,21,ok,2026-10-05T13:21:14Z
2026-07-15T06:55:00Z,scarperia,0.00,0.000,21,ok,2026-10-05T13:21:14Z
2026-07-15T06:50:00Z,scarperia,0.00,0.000,21,ok,2026-10-05T13:21:14Z
2026-07-15T06:45:00Z,scarperia,0.00,0.000,21,ok,2026-10-05T13:21:14Z
2026-07-15T06:40:00Z,scarperia,0.00,0.000,21,ok,2026-10-05T13:21:14Z
2026-07-15T06:35:00Z,scarperia,0.00,0.000,21,ok,2026-10-05T13:21:14Z
2026-07-15T06:30:00Z,scarperia,0.00,0.000,21,ok,2026-10-05T13:21:14Z
2026-07-15T06:25:00Z,scarperia,0.00,0.000,21,ok,2026-10-05T13:21:14Z
2026-07-15T06:20:00Z,scarperia,0.00,0.000,21,ok,2026-10-05T13:21:14Z
2026-07-15T06:15:00Z,scarperia,0.00,0.000,21,ok,2026-10-05T13:21:14Z
2026-07-15T06:10:00Z,scarperia,0.00,0.000,21,ok,2026-10-05T13:21:14Z
2026-07-15T06:05:00Z,scarperia,0.00,0.000,21,ok,2026-10-05T13:21:14Z
2026-07-15T06:00:00Z,scarperia,0.00,0.000,21,ok,2026-10-05T13:21:14Z
2026-07-15T05:55:00Z,scarperia,0.00,0.000,21,ok,2026-10-05T13:21:14Z
2026-07-15T05:50:00Z,scarperia,0.00,0.000,21,ok,2026-10-05T13:21:14Z
2026-07-15T05:45:00Z,scarperia,0.00,0.000,21,ok,2026-10-05T13:21:14Z
2026-07-15T05:40:00Z,scarperia,0.00,0.000,21,ok,2026-10-05T13:21:14Z
2026-07-15T05:35:00Z,scarperia,0.00,0.000,21,ok,2026-10-05T13:21:14Z
2026-07-15T05:30:00Z,scarperia,0.00,0.000,21,ok,2026-10-05T13:21:14Z
2026-07-15T05:25:00Z,scarperia,0.00,0.000,21,ok,2026-10-05T13:21:14Z
2026-07-15T05:20:00Z,scarperia,0.00,0.000,21,ok,2026-10-05T13:21:14Z
2026-07-15T05:15:00Z,scarperia,0.00,0.000,21,ok,2026-10-05T13:21:14Z
2026-07-15T05:10:00Z,scarperia,0.00,0.000,21,ok,2026-10-05T13:21:14Z
2026-07-15T05:05:00Z,scarperia,0.00,0.000,21,ok,2026-10-05T13:21:14Z
2026-07-15T05:00:00Z,scarperia,0.00,0.000,21,ok,2026-10-05T13:21:14Z
2026-07-15T04:55:00Z,scarperia,0.00,0.000,21,ok,2026-10-05T13:21:14Z
2026-07-15T04:50:00Z,scarperia,0.00,0.000,21,ok,2026-10-05T13:21:14Z
2026-07-15T04:45:00Z,scarperia,0.00,0.000,21,ok,2026-10-05T13:21:14Z
2026-07-15T04:40:00Z,scarperia,0.00,0.000,21,ok,2026-10-05T13:21:14Z
2026-07-15T04:35:00Z,scarperia,0.00,0.000,21,ok,2026-10-05T13:21:14Z
2026-07-15T04:30:00Z,scarperia,0.00,0.000,21,ok,2026-10-05T13:21:14Z
2026-07-15T04:25:00Z,scarperia,0.00,0.000,21,ok,2026-10-05T13:21:14Z
2026-07-15T04:20:00Z,scarperia,0.00,0.000,21,ok,2026-10-05T13:21:14Z
2026-07-15T04:15:00Z,scarperia,0.00,0.000,21,ok,2026-10-05T13:21:14Z
2026-07-15T04:10:00Z,scarperia,0.00,0.000,21,ok,2026-10-05T13:21:14Z
2026-07-15T04:05:00Z,scarperia,0.00,0.000,21,ok,2026-10-05T13:21:14Z
2026-07-15T04:00:00Z,scarperia,0.00,0.000,21,ok,2026-10-05T13:21:14Z
2026-07-15T03:55:00Z,scarperia,0.00,0.000,21,ok,2026-10-05T13:21:14Z
2026-07-15T03:50:00Z,scarperia,0.00,0.000,21,ok,2026-10-05T13:21:14Z
2026-07-15T03:45:00Z,scarperia,0.00,0.000,21,ok,2026-10-05T13:21:14Z
2026-07-15T03:40:00Z,scarperia,0.00,0.000,21,ok,2026-10-05T13:21:14Z
2026-07-15T03:35:00Z,scarperia,0.00,0.000,21,ok,2026-10-05T13:21:14Z
2026-07-15T03:30:00Z,scarperia,0.00,0.000,21,ok,2026-10-05T13:21:14Z
2026-07-15T03:25:00Z,scarperia,0.00,0.000,21,ok,2026-10-05T13:21:14Z
2026-07-15T03:20:00Z,scarperia,0.00,0.000,21,ok,2026-10-05T13:21:14Z
2026-07-15T03:15:00Z,scarperia,0.00,0.000,21,ok,2026-10-05T13:21:14Z
2026-07-15T03:10:00Z,scarperia,0.00,0.000,21,ok,2026-10-05T13:21:14Z
2026-07-15T03:05:00Z,scarperia,0.00,0.000,21,ok,2026-10-05T13:21:14Z
2026-07-15T03:00:00Z,scarperia,0.00,0.000,21,ok,2026-10-05T13:21:14Z
2026-07-15T02:55:00Z,scarperia,0.00,0.000,21,ok,2026-10-05T13:21:14Z
2026-07-15T02:50:00Z,scarperia,0.00,0.000,21,ok,2026-10-05T13:21:14Z
2026-07-15T02:45:00Z,scarperia,0.00,0.000,21,ok,2026-10-05T13:21:14Z
2026-07-15T02:40:00Z,scarperia,0.00,0.000,21,ok,2026-10-05T13:21:14Z
2026-07-15T02:35:00Z,scarperia,0.00,0.000,21,ok,2026-10-05T13:21:14Z
2026-07-15T02:30:00Z,scarperia,0.00,0.000,21,ok,2026-10-05T13:21:14Z
2026-07-15T02:25:00Z,scarperia,0.00,0.000,21,ok,2026-10-05T13:21:14Z
2026-07-15T02:20:00Z,scarperia,0.00,0.000,21,ok,2026-10-05T13:21:14Z
2026-07-15T02:15:00Z,scarperia,0.00,0.000,21,ok,2026-10-05T13:21:14Z
2026-07-15T02:10:00Z,scarperia,0.00,0.000,21,ok,2026-10-05T13:21:14Z
2026-07-15T02:05:00Z,scarperia,0.00,0.000,21,ok,2026-10-05T13:21:14Z
2026-07-15T02:00:00Z,scarperia,0.00,0.000,21,ok,2026-10-05T13:21:14Z
2026-07-15T00:40:00Z,scarperia,0.00,0.000,21,ok,2026-10-05T13:21:14Z
2026-07-15T00:35:00Z,scarperia,0.00,0.000,21,ok,2026-10-05T13:21:14Z
2026-07-15T00:30:00Z,scarperia,0.00,0.000,21,ok,2026-10-05T13:21:14Z
2026-07-15T00:25:00Z,scarperia,0.00,0.000,21,ok,2026-10-05T13:21:14Z
2026-07-15T00:20:00Z,scarperia,0.00,0.000,21,ok,2026-10-05T13:21:14Z
2026-07-15T00:15:00Z,scarperia,0.00,0.000,21,ok,2026-10-05T13:21:14Z
2026-07-15T00:10:00Z,scarperia,0.00,0.000,21,ok,2026-10-05T13:21:14Z
2026-07-15T00:05:00Z,scarperia,0.00,0.000,21,ok,2026-10-05T13:21:14Z
2026-07-15T00:00:00Z,scarperia,0.00,0.000,21,ok,2026-10-05T13:21:14Z
2026-07-14T23:55:00Z,scarperia,0.00,0.000,21,ok,2026-10-05T13:21:14Z
2026-07-14T23:50:00Z,scarperia,0.00,0.000,21,ok,2026-10-05T13:21:14Z
2026-07-14T23:45:00Z,scarperia,0.00,0.000,21,ok,2026-10-05T13:21:14Z
2026-07-14T23:40:00Z,scarperia,0.00,0.000,21,ok,2026-10-05T13:21:14Z
2026-07-14T23:35:00Z,scarperia,0.00,0.000,21,ok,2026-10-05T13:21:14Z
2026-07-14T23:30:00Z,scarperia,0.00,0.000,21,ok,2026-10-05T13:21:14Z
2026-07-14T23:25:00Z,scarperia,0.00,0.000,21,ok,2026-10-05T13:21:14Z
2026-07-14T23:20:00Z,scarperia,0.00,0.000,21,ok,2026-10-05T13:21:14Z
2026-07-14T23:15:00Z,scarperia,0.00,0.000,21,ok,2026-10-05T13:21:14Z
2026-07-14T23:10:00Z,scarperia,0.00,0.000,21,ok,2026-10-05T13:21:14Z
2026-07-14T23:05:00Z,scarperia,0.00,0.000,21,ok,2026-10-05T13:21:14Z
2026-07-14T23:00:00Z,scarperia,0.00,0.000,21,ok,2026-10-05T13:21:14Z
2026-07-14T22:55:00Z,scarperia,0.00,0.000,21,ok,2026-10-05T13:21:14Z
2026-07-14T22:50:00Z,scarperia,0.00,0.000,21,ok,2026-10-05T13:21:14Z
2026-07-14T22:45:00Z,scarperia,0.00,0.000,21,ok,2026-10-05T13:21:14Z
2026-07-14T22:40:00Z,scarperia,0.00,0.000,21,ok,2026-10-05T13:21:14Z
2026-07-14T22:35:00Z,scarperia,0.00,0.000,21,ok,2026-10-05T13:21:14Z
2026-07-14T22:30:00Z,scarperia,0.00,0.000,21,ok,2026-10-05T13:21:14Z
2026-07-14T22:25:00Z,scarperia,0.00,0.000,21,ok,2026-10-05T13:21:14Z
2026-07-14T22:20:00Z,scarperia,0.00,0.000,21,ok,2026-10-05T13:21:14Z
2026-07-14T22:15:00Z,scarperia,0.00,0.000,21,ok,2026-10-05T13:21:14Z
2026-07-14T22:10:00Z,scarperia,0.00,0.000,21,ok,2026-10-05T13:21:14Z
2026-07-14T22:05:00Z,scarperia,0.00,0.000,21,ok,2026-10-05T13:21:14Z
2026-07-14T22:00:00Z,scarperia,0.00,0.000,21,ok,2026-10-05T13:21:14Z
2026-07-14T21:55:00Z,scarperia,0.00,0.000,21,ok,2026-10-05T13:21:14Z
2026-07-14T21:50:00Z,scarperia,0.00,0.000,21,ok,2026-10-05T13:21:14Z
2026-07-14T21:45:00Z,scarperia,0.00,0.000,21,ok,2026-10-05T13:21:14Z
2026-07-14T21:40:00Z,scarperia,0.00,0.000,21,ok,2026-10-05T13:21:14Z
2026-07-14T21:35:00Z,scarperia,0.00,0.000,21,ok,2026-10-05T13:21:14Z
2026-07-14T21:30:00Z,scarperia,0.00,0.000,21,ok,2026-10-05T13:21:14Z
2026-07-14T21:25:00Z,scarperia,0.00,0.000,21,ok,2026-10-05T13:21:14Z
2026-07-14T21:20:00Z,scarperia,0.00,0.000,21,ok,2026-10-05T13:21:14Z
2026-07-14T21:15:00Z,scarperia,0.00,0.000,21,ok,2026-10-05T13:21:14Z
2026-07-14T21:10:00Z,scarperia,0.00,0.000,21,ok,2026-10-05T13:21:14Z
2026-07-14T21:05:00Z,scarperia,0.00,0.000,21,ok,2026-10-05T13:21:14Z
2026-07-14T21:00:00Z,scarperia,0.00,0.000,21,ok,2026-10-05T13:21:14Z
2026-07-14T20:55:00Z,scarperia,0.00,0.000,21,ok,2026-10-05T13:21:14Z
2026-07-14T20:50:00Z,scarperia,0.00,0.000,21,ok,2026-10-05T13:21:14Z
2026-07-14T20:45:00Z,scarperia,0.00,0.000,21,ok,2026-10-05T13:21:14Z
2026-07-14T20:40:00Z,scarperia,0.00,0.000,21,ok,2026-10-05T13:21:14Z
2026-07-14T20:35:00Z,scarperia,0.00,0.000,21,ok,2026-10-05T13:21:14Z
2026-07-14T20:30:00Z,scarperia,0.00,0.000,21,ok,2026-10-05T13:21:14Z
2026-07-14T20:25:00Z,scarperia,0.00,0.000,21,ok,2026-10-05T13:21:14Z
2026-07-14T20:20:00Z,scarperia,0.00,0.000,21,ok,2026-10-05T13:21:14Z
2026-07-14T20:15:00Z,scarperia,0.00,0.000,21,ok,2026-10-05T13:21:14Z
2026-07-14T20:10:00Z,scarperia,0.00,0.000,21,ok,2026-10-05T13:21:14Z
2026-07-14T20:05:00Z,scarperia,0.00,0.000,21,ok,2026-10-05T13:21:14Z
2026-07-14T20:00:00Z,scarperia,0.00,0.000,21,ok,2026-10-05T13:21:14Z
2026-07-14T19:55:00Z,scarperia,0.00,0.000,21,ok,2026-10-05T13:21:14Z
2026-07-14T19:50:00Z,scarperia,0.00,0.000,21,ok,2026-10-05T13:21:14Z
2026-07-14T19:45:00Z,scarperia,0.00,0.000,21,ok,2026-10-05T13:21:14Z
2026-07-14T19:40:00Z,scarperia,0.00,0.000,21,ok,2026-10-05T13:21:14Z
2026-07-14T19:35:00Z,scarperia,0.00,0.000,21,ok,2026-10-05T13:21:14Z
2026-07-14T19:30:00Z,scarperia,0.00,0.000,21,ok,2026-10-05T13:21:14Z
2026-07-14T19:25:00Z,scarperia,0.00,0.000,21,ok,2026-10-05T13:21:14Z
2026-07-14T19:20:00Z,scarperia,0.00,0.000,21,ok,2026-10-05T13:21:14Z
2026-07-14T19:15:00Z,scarperia,0.00,0.000,21,ok,2026-10-05T13:21:14Z
2026-07-14T19:10:00Z,scarperia,0.00,0.000,21,ok,2026-10-05T13:21:14Z
2026-07-14T19:05:00Z,scarperia,0.00,0.000,21,ok,2026-10-05T13:21:14Z
2026-07-14T19:00:00Z,scarperia,0.00,0.000,21,ok,2026-10-05T13:21:14Z
2026-07-14T18:55:00Z,scarperia,0.00,0.000,21,ok,2026-10-05T13:21:14Z
2026-07-14T18:50:00Z,scarperia,0.00,0.000,21,ok,2026-10-05T13:21:14Z
2026-07-14T18:45:00Z,scarperia,0.00,0.000,21,ok,2026-10-05T13:21:14Z
2026-07-14T18:40:00Z,scarperia,0.00,0.000,21,ok,2026-10-05T13:21:14Z
2026-07-14T18:35:00Z,scarperia,0.00,0.000,21,ok,2026-10-05T13:21:14Z
2026-07-14T18:30:00Z,scarperia,0.00,0.000,21,ok,2026-10-05T13:21:14Z
2026-07-14T18:25:00Z,scarperia,0.00,0.000,21,ok,2026-10-05T13:21:14Z
2026-07-14T18:20:00Z,scarperia,0.00,0.000,21,ok,2026-10-05T13:21:14Z
2026-07-14T18:15:00Z,scarperia,0.00,0.000,21,ok,2026-10-05T13:21:14Z
2026-07-14T16:40:00Z,scarperia,0.00,0.000,21,ok,2026-10-05T13:21:14Z
2026-07-14T16:35:00Z,scarperia,0.00,0.000,21,ok,2026-10-05T13:21:14Z
2026-07-14T16:30:00Z,scarperia,0.00,0.000,21,ok,2026-10-05T13:21:14Z
2026-07-14T16:25:00Z,scarperia,0.00,0.000,21,ok,2026-10-05T13:21:14Z
2026-07-14T16:20:00Z,scarperia,0.00,0.000,21,ok,2026-10-05T13:21:14Z
2026-07-14T16:15:00Z,scarperia,0.00,0.000,21,ok,2026-10-05T13:21:14Z
2026-07-14T16:10:00Z,scarperia,0.00,0.000,21,ok,2026-10-05T13:21:14Z
2026-07-14T16:05:00Z,scarperia,0.00,0.000,21,ok,2026-10-05T13:21:14Z
2026-07-14T16:00:00Z,scarperia,0.00,0.000,21,ok,2026-10-05T13:21:14Z
2026-07-14T15:55:00Z,scarperia,0.00,0.000,21,ok,2026-10-05T13:21:14Z
2026-07-14T15:50:00Z,scarperia,0.00,0.000,21,ok,2026-10-05T13:21:14Z
2026-07-14T15:45:00Z,scarperia,0.00,0.000,21,ok,2026-10-05T13:21:14Z
2026-07-14T15:40:00Z,scarperia,0.00,0.000,21,ok,2026-10-05T13:21:14Z
2026-07-14T15:35:00Z,scarperia,0.00,0.000,21,ok,2026-10-05T13:21:14Z
2026-07-14T15:30:00Z,scarperia,0.00,0.000,21,ok,2026-10-05T13:21:14Z
2026-07-14T15:25:00Z,scarperia,0.00,0.000,21,ok,2026-10-05T13:21:14Z
2026-07-14T15:20:00Z,scarperia,0.00,0.000,21,ok,2026-10-05T13:21:14Z
2026-07-14T15:15:00Z,scarperia,0.00,0.000,21,ok,2026-10-05T13:21:14Z
2026-07-14T15:10:00Z,scarperia,0.00,0.000,21,ok,2026-10-05T13:21:14Z
2026-07-14T15:05:00Z,scarperia,0.00,0.000,21,ok,2026-10-05T13:21:14Z
2026-07-14T15:00:00Z,scarperia,0.00,0.000,21,ok,2026-10-05T13:21:14Z
2026-07-14T14:55:00Z,scarperia,0.00,0.000,21,ok,2026-10-05T13:21:14Z
2026-07-14T14:50:00Z,scarperia,0.00,0.000,21,ok,2026-10-05T13:21:14Z
2026-07-14T14:45:00Z,scarperia,0.00,0.000,21,ok,2026-10-05T13:21:14Z
2026-07-14T14:40:00Z,scarperia,0.00,0.000,21,ok,2026-10-05T13:21:14Z
2026-07-14T14:35:00Z,scarperia,0.00,0.000,21,ok,2026-10-05T13:21:14Z
2026-07-14T14:30:00Z,scarperia,0.00,0.000,21,ok,2026-10-05T13:21:14Z
2026-07-14T14:25:00Z,scarperia,0.00,0.000,21,ok,2026-10-05T13:21:14Z
2026-07-14T14:20:00Z,scarperia,0.00,0.000,21,ok,2026-10-05T13:21:14Z
2026-07-14T14:15:00Z,scarperia,0.00,0.000,21,ok,2026-10-05T13:21:14Z
2026-07-14T14:10:00Z,scarperia,0.00,0.000,21,ok,2026-10-05T13:21:14Z
2026-07-11T21:40:00Z,scarperia,0.00,0.000,21,ok,2026-10-05T13:21:14Z
2026-07-11T21:35:00Z,scarperia,0.00,0.000,21,ok,2026-10-05T13:21:14Z
2026-07-11T21:30:00Z,scarperia,0.00,0.000,21,ok,2026-10-05T13:21:14Z
2026-07-11T21:25:00Z,scarperia,0.00,0.000,21,ok,2026-10-05T13:21:14Z
2026-07-11T21:20:00Z,scarperia,0.00,0.000,21,ok,2026-10-05T13:21:14Z
2026-07-11T21:15:00Z,scarperia,0.00,0.000,21,ok,2026-10-05T13:21:14Z
2026-07-11T21:10:00Z,scarperia,0.00,0.000,21,ok,2026-10-05T13:21:14Z
2026-07-11T21:05:00Z,scarperia,0.00,0.000,21,ok,2026-10-05T13:21:14Z
2026-07-11T21:00:00Z,scarperia,0.00,0.000,21,ok,2026-10-05T13:21:14Z
2026-07-11T20:55:00Z,scarperia,0.00,0.000,21,ok,2026-10-05T13:21:14Z
2026-07-11T20:50:00Z,scarperia,0.00,0.000,21,ok,2026-10-05T13:21:14Z
2026-07-11T20:45:00Z,scarperia,0.00,0.000,21,ok,2026-10-05T13:21:14Z
2026-07-11T20:40:00Z,scarperia,0.00,0.000,21,ok,2026-10-05T13:21:14Z
2026-07-11T20:35:00Z,scarperia,0.00,0.000,21,ok,2026-10-05T13:21:14Z
2026-07-11T20:30:00Z,scarperia,0.00,0.000,21,ok,2026-10-05T13:21:14Z
2026-07-11T20:25:00Z,scarperia,0.00,0.000,21,ok,2026-10-05T13:21:14Z
2026-07-11T20:20:00Z,scarperia,0.00,0.000,21,ok,2026-10-05T13:21:14Z
2026-07-11T20:15:00Z,scarperia,0.00,0.000,21,ok,2026-10-05T13:21:14Z
2026-07-11T20:10:00Z,scarperia,0.00,0.000,21,ok,2026-10-05T13:21:14Z
2026-07-11T20:05:00Z,scarperia,0.00,0.000,21,ok,2026-10-05T13:21:14Z
2026-07-11T20:00:00Z,scarperia,0.00,0.000,21,ok,2026-10-05T13:21:14Z
2026-07-11T19:55:00Z,scarperia,0.00,0.000,21,ok,2026-10-05T13:21:14Z
2026-07-11T19:50:00Z,scarperia,0.00,0.000,21,ok,2026-10-05T13:21:14Z
2026-07-11T19:45:00Z,scarperia,0.00,0.000,21,ok,2026-10-05T13:21:14Z
2026-07-11T19:40:00Z,scarperia,0.00,0.000,21,ok,2026-10-05T13:21:14Z
2026-07-11T19:35:00Z,scarperia,0.00,0.000,21,ok,2026-10-05T13:21:14Z
2026-07-11T19:30:00Z,scarperia,0.00,0.000,21,ok,2026-10-05T13:21:14Z
2026-07-11T19:25:00Z,scarperia,0.00,0.000,21,ok,2026-10-05T13:21:14Z
2026-07-11T19:20:00Z,scarperia,0.00,0.000,21,ok,2026-10-05T13:21:14Z
2026-07-11T19:15:00Z,scarperia,0.00,0.000,21,ok,2026-10-05T13:21:14Z
2026-07-11T19:10:00Z,scarperia,0.00,0.000,21,ok,2026-10-05T13:21:14Z
2026-07-11T19:05:00Z,scarperia,0.00,0.000,21,ok,2026-10-05T13:21:14Z
2026-07-11T19:00:00Z,scarperia,0.00,0.000,21,ok,2026-10-05T13:21:14Z
2026-07-11T18:55:00Z,scarperia,0.00,0.000,21,ok,2026-10-05T13:21:14Z
2026-07-11T18:50:00Z,scarperia,0.00,0.000,21,ok,2026-10-05T13:21:14Z
2026-07-11T18:45:00Z,scarperia,0.00,0.000,21,ok,2026-10-05T13:21:14Z
2026-07-11T18:40:00Z,scarperia,0.00,0.000,21,ok,2026-10-05T13:21:14Z
2026-07-11T18:35:00Z,scarperia,0.00,0.000,21,ok,2026-10-05T13:21:14Z
2026-07-11T18:30:00Z,scarperia,0.00,0.000,21,ok,2026-10-05T13:21:14Z
2026-07-11T18:25:00Z,scarperia,0.00,0.000,21,ok,2026-10-05T13:21:14Z
2026-07-11T18:20:00Z,scarperia,0.00,0.000,21,ok,2026-10-05T13:21:14Z
2026-07-11T18:15:00Z,scarperia,0.00,0.000,21,ok,2026-10-05T13:21:14Z
2026-07-11T18:10:00Z,scarperia,0.00,0.000,21,ok,2026-10-05T13:21:14Z
2026-07-11T18:05:00Z,scarperia,0.00,0.000,21,ok,2026-10-05T13:21:14Z
2026-07-11T18:00:00Z,scarperia,0.00,0.000,21,ok,2026-10-05T13:21:14Z
2026-07-11T17:55:00Z,scarperia,0.00,0.000,21,ok,2026-10-05T13:21:14Z
2026-07-11T17:50:00Z,scarperia,0.00,0.000,21,ok,2026-10-05T13:21:14Z
2026-07-11T17:45:00Z,scarperia,0.00,0.000,21,ok,2026-10-05T13:21:14Z
2026-07-11T17:40:00Z,scarperia,0.00,0.000,21,ok,2026-10-05T13:21:14Z
2026-07-11T17:35:00Z,scarperia,0.00,0.000,21,ok,2026-10-05T13:21:14Z
2026-07-11T17:30:00Z,scarperia,0.00,0.000,21,ok,2026-10-05T13:21:14Z
2026-07-11T17:25:00Z,scarperia,0.00,0.000,21,ok,2026-10-05T13:21:14Z
2026-07-11T17:20:00Z,scarperia,0.00,0.000,21,ok,2026-10-05T13:21:14Z
2026-07-11T17:15:00Z,scarperia,0.00,0.000,21,ok,2026-10-05T13:21:14Z
2026-07-11T17:10:00Z,scarperia,0.00,0.000,21,ok,2026-10-05T13:21:14Z
2026-07-11T17:05:00Z,scarperia,0.00,0.000,21,ok,2026-10-05T13:21:14Z
2026-07-11T17:00:00Z,scarperia,0.00,0.000,21,ok,2026-10-05T13:21:14Z
2026-07-11T16:55:00Z,scarperia,0.00,0.000,21,ok,2026-10-05T13:21:14Z
2026-07-11T16:50:00Z,scarperia,0.00,0.000,21,ok,2026-10-05T13:21:14Z
2026-07-11T16:45:00Z,scarperia,0.00,0.000,21,ok,2026-10-05T13:21:14Z
2026-07-11T16:40:00Z,scarperia,0.00,0.000,21,ok,2026-10-05T13:21:14Z
2026-07-11T16:35:00Z,scarperia,0.00,0.000,21,ok,2026-10-05T13:21:14Z
2026-07-11T16:30:00Z,scarperia,0.00,0.000,21,ok,2026-10-05T13:21:14Z
2026-07-11T16:25:00Z,scarperia,0.00,0.000,21,ok,2026-10-05T13:21:14Z
2026-07-11T16:20:00Z,scarperia,0.00,0.000,21,ok,2026-10-05T13:21:14Z
2026-07-11T16:15:00Z,scarperia,0.00,0.000,21,ok,2026-10-05T13:21:14Z
2026-07-11T16:10:00Z,scarperia,0.00,0.000,21,ok,2026-10-05T13:21:14Z
2026-07-11T16:05:00Z,scarperia,0.00,0.000,21,ok,2026-10-05T13:21:14Z
2026-07-11T16:00:00Z,scarperia,0.00,0.000,21,ok,2026-10-05T13:21:14Z
2026-07-11T15:55:00Z,scarperia,0.00,0.000,21,ok,2026-10-05T13:21:14Z
2026-07-11T15:50:00Z,scarperia,0.00,0.000,21,ok,2026-10-05T13:21:14Z
2026-07-11T15:45:00Z,scarperia,0.00,0.000,21,ok,2026-10-05T13:21:14Z
2026-07-11T15:40:00Z,scarperia,0.00,0.000,21,ok,2026-10-05T13:21:14Z
2026-07-11T15:35:00Z,scarperia,0.00,0.000,21,ok,2026-10-05T13:21:14Z
2026-07-11T15:30:00Z,scarperia,0.00,0.000,21,ok,2026-10-05T13:21:14Z
2026-07-11T15:25:00Z,scarperia,0.00,0.000,21,ok,2026-10-05T13:21:14Z
2026-07-11T15:20:00Z,scarperia,0.00,0.000,21,ok,2026-10-05T13:21:14Z
2026-07-11T15:15:00Z,scarperia,0.00,0.000,21,ok,2026-10-05T13:21:14Z
2026-07-11T15:10:00Z,scarperia,0.00,0.000,21,ok,2026-10-05T13:21:14Z
2026-07-11T15:05:00Z,scarperia,0.00,0.000,21,ok,2026-10-05T13:21:14Z
2026-07-11T15:00:00Z,scarperia,0.00,0.000,21,ok,2026-10-05T13:21:14Z
2026-07-11T14:55:00Z,scarperia,0.00,0.000,21,ok,2026-10-05T13:21:14Z
2026-07-11T14:50:00Z,scarperia,0.00,0.000,21,ok,2026-10-05T13:21:14Z
2026-07-11T14:45:00Z,scarperia,0.00,0.000,21,ok,2026-10-05T13:21:14Z
2026-07-11T14:40:00Z,scarperia,0.00,0.000,21,ok,2026-10-05T13:21:14Z
2026-07-11T14:35:00Z,scarperia,0.00,0.000,21,ok,2026-10-05T13:21:14Z
2026-07-11T14:30:00Z,scarperia,0.00,0.000,21,ok,2026-10-05T13:21:14Z
2026-07-11T14:25:00Z,scarperia,0.00,0.000,21,ok,2026-10-05T13:21:14Z
2026-07-11T14:20:00Z,scarperia,0.00,0.000,21,ok,2026-10-05T13:21:14Z
2026-07-11T14:15:00Z,scarperia,0.00,0.000,21,ok,2026-10-05T13:21:14Z
2026-07-11T14:10:00Z,scarperia,0.00,0.000,21,ok,2026-10-05T13:21:14Z
2026-07-11T14:05:00Z,scarperia,0.00,0.000,21,ok,2026-10-05T13:21:14Z
2026-07-11T14:00:00Z,scarperia,0.00,0.000,21,ok,2026-10-05T13:21:14Z
2026-07-11T13:55:00Z,scarperia,0.00,0.000,21,ok,2026-10-05T13:21:14Z
2026-07-11T13:50:00Z,scarperia,0.00,0.000,21,ok,2026-10-05T13:21:14Z
2026-07-11T13:45:00Z,scarperia,0.00,0.000,21,ok,2026-10-05T13:21:14Z
2026-07-11T13:40:00Z,scarperia,0.00,0.000,21,ok,2026-10-05T13:21:14Z
2026-07-11T13:35:00Z,scarperia,0.00,0.000,21,ok,2026-10-05T13:21:14Z
2026-07-11T13:30:00Z,scarperia,0.00,0.000,21,ok,2026-10-05T13:21:14Z
2026-07-11T13:25:00Z,scarperia,0.00,0.000,21,ok,2026-10-05T13:21:14Z
2026-07-11T13:20:00Z,scarperia,0.00,0.000,21,ok,2026-10-05T13:21:14Z
2026-07-11T13:15:00Z,scarperia,0.00,0.000,21,ok,2026-10-05T13:21:14Z
2026-07-11T13:10:00Z,scarperia,0.00,0.000,21,ok,2026-10-05T13:21:14Z
2026-07-11T13:05:00Z,scarperia,0.00,0.000,21,ok,2026-10-05T13:21:14Z
2026-07-11T13:00:00Z,scarperia,0.00,0.000,21,ok,2026-10-05T13:21:14Z
2026-07-11T12:55:00Z,scarperia,0.00,0.000,21,ok,2026-10-05T13:21:14Z
2026-07-11T12:50:00Z,scarperia,0.00,0.000,21,ok,2026-10-05T13:21:14Z
2026-07-11T12:45:00Z,scarperia,0.00,0.000,21,ok,2026-10-05T13:21:14Z
2026-07-11T12:40:00Z,scarperia,0.00,0.000,21,ok,2026-10-05T13:21:14Z
2026-07-11T12:35:00Z,scarperia,0.00,0.000,21,ok,2026-10-05T13:21:14Z
2026-07-11T12:30:00Z,scarperia,0.00,0.000,21,ok,2026-10-05T13:21:14Z
2026-07-11T12:25:00Z,scarperia,0.00,0.000,21,ok,2026-10-05T13:21:14Z
2026-07-11T12:20:00Z,scarperia,0.00,0.000,21,ok,2026-10-05T13:21:14Z
2026-07-10T23:30:00Z,scarperia,0.00,0.000,21,ok,2026-10-05T13:21:14Z
2026-07-10T23:25:00Z,scarperia,0.00,0.000,21,ok,2026-10-05T13:21:14Z
2026-07-10T23:20:00Z,scarperia,0.00,0.000,21,ok,2026-10-05T13:21:14Z
2026-07-10T23:15:00Z,scarperia,0.00,0.000,21,ok,2026-10-05T13:21:14Z
2026-07-10T23:10:00Z,scarperia,0.00,0.000,21,ok,2026-10-05T13:21:14Z
2026-07-10T23:05:00Z,scarperia,0.00,0.000,21,ok,2026-10-05T13:21:14Z
2026-07-10T23:00:00Z,scarperia,0.00,0.000,21,ok,2026-10-05T13:21:14Z
2026-07-10T22:55:00Z,scarperia,0.00,0.000,21,ok,2026-10-05T13:21:14Z
2026-07-10T22:50:00Z,scarperia,0.00,0.000,21,ok,2026-10-05T13:21:14Z
2026-07-10T22:45:00Z,scarperia,0.00,0.000,21,ok,2026-10-05T13:21:14Z
2026-07-10T22:40:00Z,scarperia,0.00,0.000,21,ok,2026-10-05T13:21:14Z
2026-07-10T22:35:00Z,scarperia,0.00,0.000,21,ok,2026-10-05T13:21:14Z
2026-07-10T22:30:00Z,scarperia,0.00,0.000,21,ok,2026-10-05T13:21:14Z
2026-07-10T22:25:00Z,scarperia,0.00,0.000,21,ok,2026-10-05T13:21:14Z
2026-07-10T22:20:00Z,scarperia,0.00,0.000,21,ok,2026-10-05T13:21:14Z
2026-07-10T22:15:00Z,scarperia,0.00,0.000,21,ok,2026-10-05T13:21:14Z
2026-07-10T22:10:00Z,scarperia,0.00,0.000,21,ok,2026-10-05T13:21:14Z
2026-07-10T22:05:00Z,scarperia,0.00,0.000,21,ok,2026-10-05T13:21:14Z
2026-07-10T22:00:00Z,scarperia,0.00,0.000,21,ok,2026-10-05T13:21:14Z
2026-07-10T21:55:00Z,scarperia,0.00,0.000,21,ok,2026-10-05T13:21:14Z
2026-07-10T21:50:00Z,scarperia,0.00,0.000,21,ok,2026-10-05T13:21:14Z
2026-07-10T21:45:00Z,scarperia,0.00,0.000,21,ok,2026-10-05T13:21:14Z
2026-07-10T21:40:00Z,scarperia,0.00,0.000,21,ok,2026-10-05T13:21:14Z
2026-07-10T21:35:00Z,scarperia,0.00,0.000,21,ok,2026-10-05T13:21:14Z
2026-07-10T21:30:00Z,scarperia,0.00,0.000,21,ok,2026-10-05T13:21:14Z
2026-07-10T21:25:00Z,scarperia,0.00,0.000,21,ok,2026-10-05T13:21:14Z
2026-07-10T21:20:00Z,scarperia,0.00,0.000,21,ok,2026-10-05T13:21:14Z
2026-07-10T21:15:00Z,scarperia,0.00,0.000,21,ok,2026-10-05T13:21:14Z
2026-07-10T21:10:00Z,scarperia,0.00,0.000,21,ok,2026-10-05T13:21:14Z
2026-07-10T21:05:00Z,scarperia,0.00,0.000,21,ok,2026-10-05T13:21:14Z
2026-07-10T21:00:00Z,scarperia,0.00,0.000,21,ok,2026-10-05T13:21:14Z
2026-07-10T20:55:00Z,scarperia,0.00,0.000,21,ok,2026-10-05T13:21:14Z
2026-07-10T20:50:00Z,scarperia,0.00,0.000,21,ok,2026-10-05T13:21:14Z
2026-07-10T20:45:00Z,scarperia,0.00,0.000,21,ok,2026-10-05T13:21:14Z
2026-07-10T20:40:00Z,scarperia,0.00,0.000,21,ok,2026-10-05T13:21:14Z
2026-07-10T20:35:00Z,scarperia,0.00,0.000,21,ok,2026-10-05T13:21:14Z
2026-07-10T20:30:00Z,scarperia,0.00,0.000,21,ok,2026-10-05T13:21:14Z
2026-07-10T20:25:00Z,scarperia,0.00,0.000,21,ok,2026-10-05T13:21:14Z
2026-07-10T20:20:00Z,scarperia,0.00,0.000,21,ok,2026-10-05T13:21:14Z
2026-07-10T20:15:00Z,scarperia,0.00,0.000,21,ok,2026-10-05T13:21:14Z
2026-07-10T20:10:00Z,scarperia,0.00,0.000,21,ok,2026-10-05T13:21:14Z
2026-07-10T20:05:00Z,scarperia,0.00,0.000,21,ok,2026-10-05T13:21:14Z
2026-07-10T20:00:00Z,scarperia,0.00,0.000,21,ok,2026-10-05T13:21:14Z
2026-07-10T19:55:00Z,scarperia,0.00,0.000,21,ok,2026-10-05T13:21:14Z
2026-07-10T19:50:00Z,scarperia,0.00,0.000,21,ok,2026-10-05T13:21:14Z
2026-07-10T19:45:00Z,scarperia,0.00,0.000,21,ok,2026-10-05T13:21:14Z
2026-07-10T19:40:00Z,scarperia,0.00,0.000,21,ok,2026-10-05T13:21:14Z
2026-07-10T19:35:00Z,scarperia,0.00,0.000,21,ok,2026-10-05T13:21:14Z
2026-07-10T19:30:00Z,scarperia,0.00,0.000,21,ok,2026-10-05T13:21:14Z
2026-07-10T19:25:00Z,scarperia,0.00,0.000,21,ok,2026-10-05T13:21:14Z
2026-07-10T19:20:00Z,scarperia,0.00,0.000,21,ok,2026-10-05T13:21:14Z
2026-07-10T19:15:00Z,scarperia,0.00,0.000,21,ok,2026-10-05T13:21:14Z
2026-07-10T19:10:00Z,scarperia,0.00,0.000,21,ok,2026-10-05T13:21:14Z
2026-07-10T19:05:00Z,scarperia,0.00,0.000,21,ok,2026-10-05T13:21:14Z
2026-07-10T19:00:00Z,scarperia,0.00,0.000,21,ok,2026-10-05T13:21:14Z
2026-07-10T18:55:00Z,scarperia,0.00,0.000,21,ok,2026-10-05T13:21:14Z
2026-07-10T18:50:00Z,scarperia,0.00,0.000,21,ok,2026-10-05T13:21:14Z
2026-07-10T18:45:00Z,scarperia,0.00,0.000,21,ok,2026-10-05T13:21:14Z
2026-07-10T18:40:00Z,scarperia,0.00,0.000,21,ok,2026-10-05T13:21:14Z
2026-07-10T18:35:00Z,scarperia,0.00,0.000,21,ok,2026-10-05T13:21:14Z
2026-07-10T18:30:00Z,scarperia,0.00,0.000,21,ok,2026-10-05T13:21:14Z
2026-07-10T18:25:00Z,scarperia,0.00,0.000,21,ok,2026-10-05T13:21:14Z
2026-07-10T18:20:00Z,scarperia,0.00,0.000,21,ok,2026-10-05T13:21:14Z
2026-07-10T18:15:00Z,scarperia,0.00,0.000,21,ok,2026-10-05T13:21:14Z
2026-07-10T18:10:00Z,scarperia,0.00,0.000,21,ok,2026-10-05T13:21:14Z
2026-07-10T18:05:00Z,scarperia,0.00,0.000,21,ok,2026-10-05T13:21:14Z
2026-07-10T18:00:00Z,scarperia,0.00,0.000,21,ok,2026-10-05T13:21:14Z
2026-07-10T17:55:00Z,scarperia,0.00,0.000,21,ok,2026-10-05T13:21:14Z
2026-07-10T17:50:00Z,scarperia,0.00,0.000,21,ok,2026-10-05T13:21:14Z
2026-07-10T17:45:00Z,scarperia,0.00,0.000,21,ok,2026-10-05T13:21:14Z
2026-07-10T17:40:00Z,scarperia,0.00,0.000,21,ok,2026-10-05T13:21:14Z
2026-07-10T17:35:00Z,scarperia,0.00,0.000,21,ok,2026-10-05T13:21:14Z
2026-07-10T17:30:00Z,scarperia,0.00,0.000,21,ok,2026-10-05T13:21:14Z
2026-07-10T17:25:00Z,scarperia,0.00,0.000,21,ok,2026-10-05T13:21:14Z
2026-07-10T17:20:00Z,scarperia,0.00,0.000,21,ok,2026-10-05T13:21:14Z
2026-07-10T17:15:00Z,scarperia,0.00,0.000,21,ok,2026-10-05T13:21:14Z
2026-07-10T17:10:00Z,scarperia,0.88,0.042,21,ok,2026-10-05T13:21:14Z
2026-07-10T17:05:00Z,scarperia,2.58,0.895,21,ok,2026-10-05T13:21:14Z
2026-07-10T17:00:00Z,scarperia,5.75,2.912,21,ok,2026-10-05T13:21:14Z
2026-07-10T16:55:00Z,scarperia,8.43,5.417,21,ok,2026-10-05T13:21:14Z
2026-07-10T16:50:00Z,scarperia,16.24,9.143,21,ok,2026-10-05T13:21:14Z
2026-07-10T16:45:00Z,scarperia,26.30,17.641,21,ok,2026-10-05T13:21:14Z
2026-07-10T16:40:00Z,scarperia,24.27,10.640,21,ok,2026-10-05T13:21:14Z
2026-07-10T16:35:00Z,scarperia,13.18,8.496,21,ok,2026-10-05T13:21:14Z
2026-07-10T16:30:00Z,scarperia,19.40,15.035,21,ok,2026-10-05T13:21:14Z
2026-07-10T16:25:00Z,scarperia,30.88,23.453,21,ok,2026-10-05T13:21:14Z
2026-07-10T16:20:00Z,scarperia,35.90,29.381,21,ok,2026-10-05T13:21:14Z
2026-07-10T16:15:00Z,scarperia,36.88,31.594,21,ok,2026-10-05T13:21:14Z
2026-07-10T16:10:00Z,scarperia,40.47,29.877,21,ok,2026-10-05T13:21:14Z
2026-07-10T16:05:00Z,scarperia,67.56,28.928,21,ok,2026-10-05T13:21:14Z
2026-07-10T16:00:00Z,scarperia,24.93,13.014,21,ok,2026-10-05T13:21:14Z
2026-07-10T15:55:00Z,scarperia,6.96,2.367,21,ok,2026-10-05T13:21:14Z
2026-07-10T15:50:00Z,scarperia,2.32,0.620,21,ok,2026-10-05T13:21:14Z
2026-07-10T15:45:00Z,scarperia,0.00,0.000,21,ok,2026-10-05T13:21:14Z
2026-07-10T15:40:00Z,scarperia,0.00,0.000,21,ok,2026-10-05T13:21:14Z
2026-07-10T15:35:00Z,scarperia,0.00,0.000,21,ok,2026-10-05T13:21:14Z
2026-07-10T15:30:00Z,scarperia,0.00,0.000,21,ok,2026-10-05T13:21:14Z
2026-07-10T15:25:00Z,scarperia,0.00,0.000,21,ok,2026-10-05T13:21:14Z
2026-07-10T15:20:00Z,scarperia,0.00,0.000,21,ok,2026-10-05T13:21:14Z
2026-07-10T15:15:00Z,scarperia,0.00,0.000,21,ok,2026-10-05T13:21:14Z
2026-07-10T15:10:00Z,scarperia,0.00,0.000,21,ok,2026-10-05T13:21:14Z
2026-07-10T15:05:00Z,scarperia,0.00,0.000,21,ok,2026-10-05T13:21:14Z
2026-07-10T15:00:00Z,scarperia,0.00,0.000,21,ok,2026-10-05T13:21:14Z
2026-07-10T14:55:00Z,scarperia,0.00,0.000,21,ok,2026-10-05T13:21:14Z
2026-07-10T14:50:00Z,scarperia,0.00,0.000,21,ok,2026-10-05T13:21:14Z
2026-07-10T14:45:00Z,scarperia,0.00,0.000,21,ok,2026-10-05T13:21:14Z
2026-07-10T14:40:00Z,scarperia,0.00,0.000,21,ok,2026-10-05T13:21:14Z
2026-07-10T14:35:00Z,scarperia,0.00,0.000,21,ok,2026-10-05T13:21:14Z
2026-07-10T14:30:00Z,scarperia,0.00,0.000,21,ok,2026-10-05T13:21:14Z
2026-07-10T14:25:00Z,scarperia,0.00,0.000,21,ok,2026-10-05T13:21:14Z
2026-07-10T14:20:00Z,scarperia,0.00,0.000,21,ok,2026-10-05T13:21:14Z
2026-07-10T14:15:00Z,scarperia,0.00,0.000,21,ok,2026-10-05T13:21:14Z
2026-07-10T14:10:00Z,scarperia,0.00,0.000,21,ok,2026-10-05T13:21:14Z
2026-07-10T14:05:00Z,scarperia,0.00,0.000,21,ok,2026-10-05T13:21:14Z
2026-07-10T14:00:00Z,scarperia,0.00,0.000,21,ok,2026-10-05T13:21:14Z
2026-07-10T13:55:00Z,scarperia,0.00,0.000,21,ok,2026-10-05T13:21:14Z
2026-07-10T13:50:00Z,scarperia,0.00,0.000,21,ok,2026-10-05T13:21:14Z
2026-07-02T10:00:00Z,scarperia,0.00,0.000,21,ok,2026-10-05T13:21:14Z
2026-07-02T09:55:00Z,scarperia,0.00,0.000,21,ok,2026-10-05T13:21:14Z
2026-07-02T09:50:00Z,scarperia,0.00,0.000,21,ok,2026-10-05T13:21:14Z
2026-07-02T09:45:00Z,scarperia,0.00,0.000,21,ok,2026-10-05T13:21:14Z
2026-07-02T09:40:00Z,scarperia,0.00,0.000,21,ok,2026-10-05T13:21:14Z
2026-07-02T09:35:00Z,scarperia,0.00,0.000,21,ok,2026-10-05T13:21:14Z
2026-07-02T09:30:00Z,scarperia,0.00,0.000,21,ok,2026-10-05T13:21:14Z
2026-07-02T09:25:00Z,scarperia,0.00,0.000,21,ok,2026-10-05T13:21:14Z
2026-07-02T09:20:00Z,scarperia,0.00,0.000,21,ok,2026-10-05T13:21:14Z
2026-07-02T09:15:00Z,scarperia,0.00,0.000,21,ok,2026-10-05T13:21:14Z
2026-07-02T09:10:00Z,scarperia,0.00,0.000,21,ok,2026-10-05T13:21:14Z
2026-07-02T09:05:00Z,scarperia,0.00,0.000,21,ok,2026-10-05T13:21:14Z
2026-07-02T09:00:00Z,scarperia,0.00,0.000,21,ok,2026-10-05T13:21:14Z
2026-07-02T08:55:00Z,scarperia,0.00,0.000,21,ok,2026-10-05T13:21:14Z
2026-07-02T08:50:00Z,scarperia,0.00,0.000,21,ok,2026-10-05T13:21:14Z
2026-07-02T08:45:00Z,scarperia,0.00,0.000,21,ok,2026-10-05T13:21:14Z
2026-07-02T08:40:00Z,scarperia,0.00,0.000,21,ok,2026-10-05T13:21:14Z
2026-07-02T08:35:00Z,scarperia,0.00,0.000,21,ok,2026-10-05T13:21:14Z
2026-07-02T08:30:00Z,scarperia,0.00,0.000,21,ok,2026-10-05T13:21:14Z
2026-07-02T08:25:00Z,scarperia,0.00,0.000,21,ok,2026-10-05T13:21:14Z
2026-07-02T08:20:00Z,scarperia,0.00,0.000,21,ok,2026-10-05T13:21:14Z
2026-07-02T08:15:00Z,scarperia,0.00,0.000,21,ok,2026-10-05T13:21:14Z
2026-07-02T08:10:00Z,scarperia,0.00,0.000,21,ok,2026-10-05T13:21:14Z
2026-07-02T08:05:00Z,scarperia,0.00,0.000,21,ok,2026-10-05T13:21:14Z
2026-07-02T08:00:00Z,scarperia,0.00,0.000,21,ok,2026-10-05T13:21:14Z
2026-07-02T07:55:00Z,scarperia,0.00,0.000,21,ok,2026-10-05T13:21:14Z
2026-07-02T07:50:00Z,scarperia,0.00,0.000,21,ok,2026-10-05T13:21:14Z
2026-07-02T07:45:00Z,scarperia,0.00,0.000,21,ok,2026-10-05T13:21:14Z
2026-07-02T07:40:00Z,scarperia,0.00,0.000,21,ok,2026-10-05T13:21:14Z
2026-07-02T07:35:00Z,scarperia,0.00,0.000,21,ok,2026-10-05T13:21:14Z
2026-07-02T07:30:00Z,scarperia,0.00,0.000,21,ok,2026-10-05T13:21:14Z
2026-07-02T07:25:00Z,scarperia,0.00,0.000,21,ok,2026-10-05T13:21:14Z
2026-07-02T07:20:00Z,scarperia,0.00,0.000,21,ok,2026-10-05T13:21:14Z
2026-07-02T07:15:00Z,scarperia,0.00,0.000,21,ok,2026-10-05T13:21:14Z
2026-07-02T07:10:00Z,scarperia,0.00,0.000,21,ok,2026-10-05T13:21:14Z
2026-07-02T07:05:00Z,scarperia,0.00,0.000,21,ok,2026-10-05T13:21:14Z
2026-07-02T07:00:00Z,scarperia,4.70,1.090,21,ok,2026-10-05T13:21:14Z
2026-07-02T06:55:00Z,scarperia,10.05,3.003,21,ok,2026-10-05T13:21:14Z
2026-07-02T06:50:00Z,scarperia,11.81,4.286,21,ok,2026-10-05T13:21:14Z
2026-07-02T06:45:00Z,scarperia,9.59,5.061,21,ok,2026-10-05T13:21:14Z
2026-07-02T06:40:00Z,scarperia,9.05,4.160,21,ok,2026-10-05T13:21:14Z
2026-07-02T06:35:00Z,scarperia,6.13,3.545,21,ok,2026-10-05T13:21:14Z
2026-07-02T06:30:00Z,scarperia,3.74,2.964,21,ok,2026-10-05T13:21:14Z
2026-07-02T06:25:00Z,scarperia,5.80,4.052,21,ok,2026-10-05T13:21:14Z
2026-07-02T06:20:00Z,scarperia,4.76,3.250,21,ok,2026-10-05T13:21:14Z
2026-07-02T06:15:00Z,scarperia,1.81,0.499,21,ok,2026-10-05T13:21:14Z
2026-07-02T06:10:00Z,scarperia,0.52,0.071,21,ok,2026-10-05T13:21:14Z
2026-07-02T06:05:00Z,scarperia,0.92,0.426,21,ok,2026-10-05T13:21:14Z
2026-07-02T06:00:00Z,scarperia,0.82,0.528,21,ok,2026-10-05T13:21:14Z
2026-07-02T05:55:00Z,scarperia,1.00,0.505,21,ok,2026-10-05T13:21:14Z
2026-07-02T05:50:00Z,scarperia,0.00,0.000,21,ok,2026-10-05T13:21:14Z
2026-07-02T05:45:00Z,scarperia,0.00,0.000,21,ok,2026-10-05T13:21:14Z
2026-07-02T05:40:00Z,scarperia,0.00,0.000,21,ok,2026-10-05T13:21:14Z
2026-07-02T05:35:00Z,scarperia,0.00,0.000,21,ok,2026-10-05T13:21:14Z
2026-07-02T05:30:00Z,scarperia,0.00,0.000,21,ok,2026-10-05T13:21:14Z
2026-07-02T05:25:00Z,scarperia,0.00,0.000,21,ok,2026-10-05T13:21:14Z
2026-07-02T05:20:00Z,scarperia,0.00,0.000,21,ok,2026-10-05T13:21:14Z
2026-07-02T05:15:00Z,scarperia,0.00,0.000,21,ok,2026-10-05T13:21:14Z
2026-07-02T05:10:00Z,scarperia,0.00,0.000,21,ok,2026-10-05T13:21:14Z
2026-07-02T05:05:00Z,scarperia,0.00,0.000,21,ok,2026-10-05T13:21:14Z
2026-07-02T05:00:00Z,scarperia,0.00,0.000,21,ok,2026-10-05T13:21:14Z
2026-07-01T16:25:00Z,scarperia,0.00,0.000,21,ok,2026-10-05T13:21:14Z
2026-07-01T16:20:00Z,scarperia,0.00,0.000,21,ok,2026-10-05T13:21:14Z
2026-07-01T16:15:00Z,scarperia,0.00,0.000,21,ok,2026-10-05T13:21:14Z
2026-07-01T16:10:00Z,scarperia,0.00,0.000,21,ok,2026-10-05T13:21:14Z
2026-07-01T16:05:00Z,scarperia,0.00,0.000,21,ok,2026-10-05T13:21:14Z
2026-07-01T16:00:00Z,scarperia,0.00,0.000,21,ok,2026-10-05T13:21:14Z
2026-07-01T15:55:00Z,scarperia,0.00,0.000,21,ok,2026-10-05T13:21:14Z
2026-07-01T15:50:00Z,scarperia,0.00,0.000,21,ok,2026-10-05T13:21:14Z
2026-07-01T15:45:00Z,scarperia,0.00,0.000,21,ok,2026-10-05T13:21:14Z
2026-07-01T15:40:00Z,scarperia,0.00,0.000,21,ok,2026-10-05T13:21:14Z
2026-07-01T15:35:00Z,scarperia,0.00,0.000,21,ok,2026-10-05T13:21:14Z
2026-07-01T15:30:00Z,scarperia,0.00,0.000,21,ok,2026-10-05T13:21:14Z
2026-07-01T15:25:00Z,scarperia,0.00,0.000,21,ok,2026-10-05T13:21:14Z
2026-07-01T15:20:00Z,scarperia,0.00,0.000,21,ok,2026-10-05T13:21:14Z
2026-07-01T15:15:00Z,scarperia,0.00,0.000,21,ok,2026-10-05T13:21:14Z
2026-07-01T15:10:00Z,scarperia,0.00,0.000,21,ok,2026-10-05T13:21:14Z
2026-07-01T15:05:00Z,scarperia,0.00,0.000,21,ok,2026-10-05T13:21:14Z
2026-07-01T15:00:00Z,scarperia,0.00,0.000,21,ok,2026-10-05T13:21:14Z
2026-07-01T14:55:00Z,scarperia,0.00,0.000,21,ok,2026-10-05T13:21:14Z
2026-07-01T14:50:00Z,scarperia,0.00,0.000,21,ok,2026-10-05T13:21:14Z
2026-07-01T14:45:00Z,scarperia,0.00,0.000,21,ok,2026-10-05T13:21:14Z
2026-07-01T14:40:00Z,scarperia,0.00,0.000,21,ok,2026-10-05T13:21:14Z
2026-07-01T14:35:00Z,scarperia,0.00,0.000,21,ok,2026-10-05T13:21:14Z
2026-07-01T14:30:00Z,scarperia,0.00,0.000,21,ok,2026-10-05T13:21:14Z
2026-07-01T14:25:00Z,scarperia,0.00,0.000,21,ok,2026-10-05T13:21:14Z
2026-07-01T14:20:00Z,scarperia,0.00,0.000,21,ok,2026-10-05T13:21:14Z
2026-07-01T14:15:00Z,scarperia,0.00,0.000,21,ok,2026-10-05T13:21:14Z
2026-07-01T14:10:00Z,scarperia,0.00,0.000,21,ok,2026-10-05T13:21:14Z
2026-07-01T14:05:00Z,scarperia,0.00,0.000,21,ok,2026-10-05T13:21:14Z
2026-07-01T14:00:00Z,scarperia,0.00,0.000,21,ok,2026-10-05T13:21:14Z
2026-07-01T13:55:00Z,scarperia,0.00,0.000,21,ok,2026-10-05T13:21:14Z
2026-07-01T13:50:00Z,scarperia,0.00,0.000,21,ok,2026-10-05T13:21:14Z
2026-07-01T13:45:00Z,scarperia,0.00,0.000,21,ok,2026-10-05T13:21:14Z
2026-07-01T13:40:00Z,scarperia,0.00,0.000,21,ok,2026-10-05T13:21:14Z
2026-07-01T13:35:00Z,scarperia,0.00,0.000,21,ok,2026-10-05T13:21:14Z
2026-07-01T13:30:00Z,scarperia,0.00,0.000,21,ok,2026-10-05T13:21:14Z
2026-07-01T13:25:00Z,scarperia,0.00,0.000,21,ok,2026-10-05T13:21:14Z
2026-07-01T13:20:00Z,scarperia,0.00,0.000,21,ok,2026-10-05T13:21:14Z
2026-07-01T13:15:00Z,scarperia,0.00,0.000,21,ok,2026-10-05T13:21:14Z
2026-07-01T13:10:00Z,scarperia,0.00,0.000,21,ok,2026-10-05T13:21:14Z
2026-07-01T13:05:00Z,scarperia,0.00,0.000,21,ok,2026-10-05T13:21:14Z
2026-07-01T13:00:00Z,scarperia,0.00,0.000,21,ok,2026-10-05T13:21:14Z
2026-07-01T12:55:00Z,scarperia,0.00,0.000,21,ok,2026-10-05T13:21:14Z
2026-07-01T12:50:00Z,scarperia,0.00,0.000,21,ok,2026-10-05T13:21:14Z
2026-07-01T12:45:00Z,scarperia,0.00,0.000,21,ok,2026-10-05T13:21:14Z
2026-07-01T12:40:00Z,scarperia,0.00,0.000,21,ok,2026-10-05T13:21:14Z
2026-07-01T12:35:00Z,scarperia,0.00,0.000,21,ok,2026-10-05T13:21:14Z
2026-07-01T12:30:00Z,scarperia,0.00,0.000,21,ok,2026-10-05T13:21:14Z
2026-07-01T12:25:00Z,scarperia,0.00,0.000,21,ok,2026-10-05T13:21:14Z
2026-07-01T12:20:00Z,scarperia,0.00,0.000,21,ok,2026-10-05T13:21:14Z
2026-07-01T12:15:00Z,scarperia,0.00,0.000,21,ok,2026-10-05T13:21:14Z
2026-07-01T12:10:00Z,scarperia,0.00,0.000,21,ok,2026-10-05T13:21:14Z
2026-07-01T12:05:00Z,scarperia,0.00,0.000,21,ok,2026-10-05T13:21:14Z
2026-07-01T12:00:00Z,scarperia,0.00,0.000,21,ok,2026-10-05T13:21:14Z
2026-07-01T11:55:00Z,scarperia,0.00,0.000,21,ok,2026-10-05T13:21:14Z
2026-07-01T11:50:00Z,scarperia,0.00,0.000,21,ok,2026-10-05T13:21:14Z
2026-07-01T11:45:00Z,scarperia,0.00,0.000,21,ok,2026-10-05T13:21:14Z
2026-07-01T11:40:00Z,scarperia,0.00,0.000,21,ok,2026-10-05T13:21:14Z
2026-07-01T11:35:00Z,scarperia,0.00,0.000,21,ok,2026-10-05T13:21:14Z
2026-07-01T11:30:00Z,scarperia,0.00,0.000,21,ok,2026-10-05T13:21:14Z
2026-07-01T11:25:00Z,scarperia,0.00,0.000,21,ok,2026-10-05T13:21:14Z
2026-07-01T11:20:00Z,scarperia,0.00,0.000,21,ok,2026-10-05T13:21:14Z
2026-07-01T11:15:00Z,scarperia,0.00,0.000,21,ok,2026-10-05T13:21:14Z
2026-07-01T11:10:00Z,scarperia,0.00,0.000,21,ok,2026-10-05T13:21:14Z
2026-07-01T11:05:00Z,scarperia,0.00,0.000,21,ok,2026-10-05T13:21:14Z
2026-07-01T11:00:00Z,scarperia,0.00,0.000,21,ok,2026-10-05T13:21:14Z
2026-07-01T10:55:00Z,scarperia,0.00,0.000,21,ok,2026-10-05T13:21:14Z
2026-07-01T10:50:00Z,scarperia,0.00,0.000,21,ok,2026-10-05T13:21:14Z
2026-07-01T10:45:00Z,scarperia,0.00,0.000,21,ok,2026-10-05T13:21:14Z
2026-07-01T10:40:00Z,scarperia,0.00,0.000,21,ok,2026-10-05T13:21:14Z
2026-07-01T10:35:00Z,scarperia,0.00,0.000,21,ok,2026-10-05T13:21:14Z
2026-07-01T10:30:00Z,scarperia,0.00,0.000,21,ok,2026-10-05T13:21:14Z
2026-07-01T10:25:00Z,scarperia,0.00,0.000,21,ok,2026-10-05T13:21:14Z
2026-07-01T10:20:00Z,scarperia,0.00,0.000,21,ok,2026-10-05T13:21:14Z
2026-07-01T10:15:00Z,scarperia,0.00,0.000,21,ok,2026-10-05T13:21:14Z
2026-07-01T10:10:00Z,scarperia,0.00,0.000,21,ok,2026-10-05T13:21:14Z
2026-07-01T10:05:00Z,scarperia,0.00,0.000,21,ok,2026-10-05T13:21:14Z
2026-07-01T10:00:00Z,scarperia,0.00,0.000,21,ok,2026-10-05T13:21:14Z
2026-07-01T09:55:00Z,scarperia,0.00,0.000,21,ok,2026-10-05T13:21:14Z
2026-07-01T09:50:00Z,scarperia,0.00,0.000,21,ok,2026-10-05T13:21:14Z
2026-07-01T09:45:00Z,scarperia,0.00,0.000,21,ok,2026-10-05T13:21:14Z
2026-07-01T09:40:00Z,scarperia,0.00,0.000,21,ok,2026-10-05T13:21:14Z
2026-07-01T09:35:00Z,scarperia,0.00,0.000,21,ok,2026-10-05T13:21:14Z
2026-07-01T09:30:00Z,scarperia,0.00,0.000,21,ok,2026-10-05T13:21:14Z
2026-07-01T09:25:00Z,scarperia,0.00,0.000,21,ok,2026-10-05T13:21:14Z
2026-07-01T09:20:00Z,scarperia,0.00,0.000,21,ok,2026-10-05T13:21:14Z
2026-07-01T09:15:00Z,scarperia,0.00,0.000,21,ok,2026-10-05T13:21:14Z
2026-07-01T09:10:00Z,scarperia,0.00,0.000,21,ok,2026-10-05T13:21:14Z
2026-07-01T09:05:00Z,scarperia,0.00,0.000,21,ok,2026-10-05T13:21:14Z
2026-07-01T09:00:00Z,scarperia,0.00,0.000,21,ok,2026-10-05T13:21:14Z
2026-07-01T08:55:00Z,scarperia,0.00,0.000,21,ok,2026-10-05T13:21:14Z
2026-07-01T08:50:00Z,scarperia,0.00,0.000,21,ok,2026-10-05T13:21:14Z
2026-07-01T08:45:00Z,scarperia,0.00,0.000,21,ok,2026-10-05T13:21:14Z
2026-07-01T08:40:00Z,scarperia,0.00,0.000,21,ok,2026-10-05T13:21:14Z
2026-07-01T08:35:00Z,scarperia,0.00,0.000,21,ok,2026-10-05T13:21:14Z
2026-07-01T08:30:00Z,scarperia,0.00,0.000,21,ok,2026-10-05T13:21:14Z
2026-07-01T08:25:00Z,scarperia,0.00,0.000,21,ok,2026-10-05T13:21:14Z
2026-07-01T08:20:00Z,scarperia,0.00,0.000,21,ok,2026-10-05T13:21:14Z
2026-07-01T08:15:00Z,scarperia,0.00,0.000,21,ok,2026-10-05T13:21:14Z
2026-07-01T08:10:00Z,scarperia,0.00,0.000,21,ok,2026-10-05T13:21:14Z
2026-07-01T08:05:00Z,scarperia,0.00,0.000,21,ok,2026-10-05T13:21:14Z
2026-07-01T08:00:00Z,scarperia,0.00,0.000,21,ok,2026-10-05T13:21:14Z
2026-06-30T12:30:00Z,scarperia,0.00,0.000,21,ok,2026-10-05T13:21:14Z
2026-06-30T12:25:00Z,scarperia,0.00,0.000,21,ok,2026-10-05T13:21:14Z
2026-06-30T12:20:00Z,scarperia,0.00,0.000,21,ok,2026-10-05T13:21:14Z
2026-06-30T12:15:00Z,scarperia,0.00,0.000,21,ok,2026-10-05T13:21:14Z
2026-06-30T12:10:00Z,scarperia,0.00,0.000,21,ok,2026-10-05T13:21:14Z
2026-06-30T12:05:00Z,scarperia,0.00,0.000,21,ok,2026-10-05T13:21:14Z
2026-06-30T12:00:00Z,scarperia,0.00,0.000,21,ok,2026-10-05T13:21:14Z
2026-06-30T11:55:00Z,scarperia,0.00,0.000,21,ok,2026-10-05T13:21:14Z
2026-06-30T11:50:00Z,scarperia,0.00,0.000,21,ok,2026-10-05T13:21:14Z
2026-06-30T11:45:00Z,scarperia,0.00,0.000,21,ok,2026-10-05T13:21:14Z
2026-06-30T11:40:00Z,scarperia,0.00,0.000,21,ok,2026-10-05T13:21:14Z
2026-06-30T11:35:00Z,scarperia,0.00,0.000,21,ok,2026-10-05T13:21:14Z
2026-06-30T11:30:00Z,scarperia,0.00,0.000,21,ok,2026-10-05T13:21:14Z
2026-06-30T11:25:00Z,scarperia,0.00,0.000,21,ok,2026-10-05T13:21:14Z
2026-06-30T11:20:00Z,scarperia,0.00,0.000,21,ok,2026-10-05T13:21:14Z
2026-06-30T11:15:00Z,scarperia,0.00,0.000,21,ok,2026-10-05T13:21:14Z
2026-06-30T11:10:00Z,scarperia,0.00,0.000,21,ok,2026-10-05T13:21:14Z
2026-06-30T11:05:00Z,scarperia,0.00,0.000,21,ok,2026-10-05T13:21:14Z
2026-06-30T11:00:00Z,scarperia,0.00,0.000,21,ok,2026-10-05T13:21:14Z
2026-06-30T10:55:00Z,scarperia,0.00,0.000,21,ok,2026-10-05T13:21:14Z
2026-06-30T10:50:00Z,scarperia,0.00,0.000,21,ok,2026-10-05T13:21:14Z
2026-06-30T10:45:00Z,scarperia,0.00,0.000,21,ok,2026-10-05T13:21:14Z
2026-06-30T10:40:00Z,scarperia,0.00,0.000,21,ok,2026-10-05T13:21:14Z
2026-06-30T10:35:00Z,scarperia,0.00,0.000,21,ok,2026-10-05T13:21:14Z
2026-06-30T10:30:00Z,scarperia,0.00,0.000,21,ok,2026-10-05T13:21:14Z
2026-06-30T10:25:00Z,scarperia,0.00,0.000,21,ok,2026-10-05T13:21:14Z
2026-06-30T10:20:00Z,scarperia,0.00,0.000,21,ok,2026-10-05T13:21:14Z
2026-06-30T10:15:00Z,scarperia,0.00,0.000,21,ok,2026-10-05T13:21:14Z
2026-06-30T10:10:00Z,scarperia,0.00,0.000,21,ok,2026-10-05T13:21:14Z
2026-06-30T10:05:00Z,scarperia,0.00,0.000,21,ok,2026-10-05T13:21:14Z
2026-06-30T10:00:00Z,scarperia,0.00,0.000,21,ok,2026-10-05T13:21:14Z
2026-06-30T09:55:00Z,scarperia,0.00,0.000,21,ok,2026-10-05T13:21:14Z
2026-06-30T09:50:00Z,scarperia,0.00,0.000,21,ok,2026-10-05T13:21:14Z
2026-06-30T09:45:00Z,scarperia,0.00,0.000,21,ok,2026-10-05T13:21:14Z
2026-06-30T09:40:00Z,scarperia,0.00,0.000,21,ok,2026-10-05T13:21:14Z
2026-06-30T09:35:00Z,scarperia,0.00,0.000,21,ok,2026-10-05T13:21:14Z
2026-06-30T09:30:00Z,scarperia,0.00,0.000,21,ok,2026-10-05T13:21:14Z
2026-06-30T09:25:00Z,scarperia,0.00,0.000,21,ok,2026-10-05T13:21:14Z
2026-06-30T09:20:00Z,scarperia,0.00,0.000,21,ok,2026-10-05T13:21:14Z
2026-06-30T09:15:00Z,scarperia,0.00,0.000,21,ok,2026-10-05T13:21:14Z
2026-06-30T09:10:00Z,scarperia,0.00,0.000,21,ok,2026-10-05T13:21:14Z
2026-06-30T09:05:00Z,scarperia,0.00,0.000,21,ok,2026-10-05T13:21:14Z
2026-06-30T09:00:00Z,scarperia,0.00,0.000,21,ok,2026-10-05T13:21:14Z
2026-06-30T08:55:00Z,scarperia,0.00,0.000,21,ok,2026-10-05T13:21:14Z
2026-06-30T08:50:00Z,scarperia,0.00,0.000,21,ok,2026-10-05T13:21:14Z
2026-06-30T08:45:00Z,scarperia,0.00,0.000,21,ok,2026-10-05T13:21:14Z
2026-06-30T08:40:00Z,scarperia,0.00,0.000,21,ok,2026-10-05T13:21:14Z
2026-06-30T08:35:00Z,scarperia,0.00,0.000,21,ok,2026-10-05T13:21:14Z
2026-06-30T08:30:00Z,scarperia,0.00,0.000,21,ok,2026-10-05T13:21:14Z
2026-06-30T08:25:00Z,scarperia,0.00,0.000,21,ok,2026-10-05T13:21:14Z
2026-06-30T08:20:00Z,scarperia,0.00,0.000,21,ok,2026-10-05T13:21:14Z
2026-06-30T08:15:00Z,scarperia,0.00,0.000,21,ok,2026-10-05T13:21:14Z
2026-06-30T08:10:00Z,scarperia,0.00,0.000,21,ok,2026-10-05T13:21:14Z
2026-06-30T08:05:00Z,scarperia,0.00,0.000,21,ok,2026-10-05T13:21:14Z
2026-06-30T08:00:00Z,scarperia,0.00,0.000,21,ok,2026-10-05T13:21:14Z
2026-06-30T07:55:00Z,scarperia,0.00,0.000,21,ok,2026-10-05T13:21:14Z
2026-06-30T07:50:00Z,scarperia,0.00,0.000,21,ok,2026-10-05T13:21:14Z
2026-06-30T07:45:00Z,scarperia,0.00,0.000,21,ok,2026-10-05T13:21:14Z
2026-06-30T07:40:00Z,scarperia,0.00,0.000,21,ok,2026-10-05T13:21:14Z
2026-06-30T07:35:00Z,scarperia,0.00,0.000,21,ok,2026-10-05T13:21:14Z
2026-06-30T07:30:00Z,scarperia,0.00,0.000,21,ok,2026-10-05T13:21:14Z
2026-06-30T07:25:00Z,scarperia,0.00,0.000,21,ok,2026-10-05T13:21:14Z
2026-06-30T07:20:00Z,scarperia,0.00,0.000,21,ok,2026-10-05T13:21:14Z
2026-06-30T07:15:00Z,scarperia,0.00,0.000,21,ok,2026-10-05T13:21:14Z
2026-06-30T07:10:00Z,scarperia,0.00,0.000,21,ok,2026-10-05T13:21:14Z
2026-06-30T07:05:00Z,scarperia,0.00,0.000,21,ok,2026-10-05T13:21:14Z
2026-06-30T07:00:00Z,scarperia,0.00,0.000,21,ok,2026-10-05T13:21:14Z
2026-06-30T06:55:00Z,scarperia,0.00,0.000,21,ok,2026-10-05T13:21:14Z
2026-06-30T06:50:00Z,scarperia,0.00,0.000,21,ok,2026-10-05T13:21:14Z
2026-06-30T06:45:00Z,scarperia,0.00,0.000,21,ok,2026-10-05T13:21:14Z
2026-06-30T06:40:00Z,scarperia,0.00,0.000,21,ok,2026-10-05T13:21:14Z
2026-06-30T06:35:00Z,scarperia,0.00,0.000,21,ok,2026-10-05T13:21:14Z
2026-06-30T06:30:00Z,scarperia,0.00,0.000,21,ok,2026-10-05T13:21:14Z
2026-06-30T06:25:00Z,scarperia,0.00,0.000,21,ok,2026-10-05T13:21:14Z
2026-06-30T06:20:00Z,scarperia,0.00,0.000,21,ok,2026-10-05T13:21:14Z
2026-06-30T06:15:00Z,scarperia,0.00,0.000,21,ok,2026-10-05T13:21:14Z
2026-06-30T06:10:00Z,scarperia,0.00,0.000,21,ok,2026-10-05T13:21:14Z
2026-06-30T06:05:00Z,scarperia,0.00,0.000,21,ok,2026-10-05T13:21:14Z
2026-06-30T06:00:00Z,scarperia,0.00,0.000,21,ok,2026-10-05T13:21:14Z
2026-06-30T05:55:00Z,scarperia,0.00,0.000,21,ok,2026-10-05T13:21:14Z
2026-06-30T05:50:00Z,scarperia,0.00,0.000,21,ok,2026-10-05T13:21:14Z
2026-06-30T05:45:00Z,scarperia,0.00,0.000,21,ok,2026-10-05T13:21:14Z
2026-06-30T05:40:00Z,scarperia,0.00,0.000,21,ok,2026-10-05T13:21:14Z
2026-06-30T05:35:00Z,scarperia,0.00,0.000,21,ok,2026-10-05T13:21:14Z
2026-06-30T05:30:00Z,scarperia,0.00,0.000,21,ok,2026-10-05T13:21:14Z
2026-06-30T05:25:00Z,scarperia,0.00,0.000,21,ok,2026-10-05T13:21:14Z
2026-06-30T05:20:00Z,scarperia,0.00,0.000,21,ok,2026-10-05T13:21:14Z
2026-06-30T05:15:00Z,scarperia,0.00,0.000,21,ok,2026-10-05T13:21:14Z
2026-06-30T05:10:00Z,scarperia,0.00,0.000,21,ok,2026-10-05T13:21:14Z
2026-06-30T05:05:00Z,scarperia,0.00,0.000,21,ok,2026-10-05T13:21:14Z
2026-06-30T05:00:00Z,scarperia,0.00,0.000,21,ok,2026-10-05T13:21:14Z
2026-06-29T21:35:00Z,scarperia,7.23,4.188,21,ok,2026-10-05T13:21:14Z
2026-06-29T21:30:00Z,scarperia,16.88,8.422,21,ok,2026-10-05T13:21:14Z
2026-06-29T21:25:00Z,scarperia,20.07,12.870,21,ok,2026-10-05T13:21:14Z
2026-06-29T21:20:00Z,scarperia,29.34,14.124,21,ok,2026-10-05T13:21:14Z
2026-06-29T21:15:00Z,scarperia,34.88,17.135,21,ok,2026-10-05T13:21:14Z
2026-06-29T21:10:00Z,scarperia,33.62,23.182,21,ok,2026-10-05T13:21:14Z
2026-06-29T21:05:00Z,scarperia,40.09,34.255,21,ok,2026-10-05T13:21:14Z
2026-06-29T21:00:00Z,scarperia,48.94,38.352,21,ok,2026-10-05T13:21:14Z
2026-06-29T20:55:00Z,scarperia,40.47,31.753,21,ok,2026-10-05T13:21:14Z
2026-06-29T20:50:00Z,scarperia,33.29,15.696,21,ok,2026-10-05T13:21:14Z
2026-06-29T20:45:00Z,scarperia,16.56,11.202,21,ok,2026-10-05T13:21:14Z
2026-06-29T20:40:00Z,scarperia,11.32,7.396,21,ok,2026-10-05T13:21:14Z
2026-06-29T20:35:00Z,scarperia,8.47,6.800,21,ok,2026-10-05T13:21:14Z
2026-06-29T20:30:00Z,scarperia,16.20,9.254,21,ok,2026-10-05T13:21:14Z
2026-06-29T20:25:00Z,scarperia,18.58,9.358,21,ok,2026-10-05T13:21:14Z
2026-06-29T20:20:00Z,scarperia,5.25,3.613,21,ok,2026-10-05T13:21:14Z
2026-06-29T20:15:00Z,scarperia,4.01,2.804,21,ok,2026-10-05T13:21:14Z
2026-06-29T20:10:00Z,scarperia,3.12,2.500,21,ok,2026-10-05T13:21:14Z
2026-06-29T20:05:00Z,scarperia,3.54,2.613,21,ok,2026-10-05T13:21:14Z
2026-06-29T20:00:00Z,scarperia,2.48,1.248,21,ok,2026-10-05T13:21:14Z
2026-06-29T19:55:00Z,scarperia,1.71,1.151,21,ok,2026-10-05T13:21:14Z
2026-06-29T19:50:00Z,scarperia,0.80,0.534,21,ok,2026-10-05T13:21:14Z
2026-06-29T19:45:00Z,scarperia,0.68,0.192,21,ok,2026-10-05T13:21:14Z
2026-06-29T19:40:00Z,scarperia,0.71,0.137,21,ok,2026-10-05T13:21:14Z
2026-06-29T19:35:00Z,scarperia,0.70,0.067,21,ok,2026-10-05T13:21:14Z
2026-06-29T19:30:00Z,scarperia,0.00,0.000,21,ok,2026-10-05T13:21:14Z
2026-06-29T19:25:00Z,scarperia,0.00,0.000,21,ok,2026-10-05T13:21:14Z
2026-06-29T19:20:00Z,scarperia,0.00,0.000,21,ok,2026-10-05T13:21:14Z
2026-06-29T19:15:00Z,scarperia,0.00,0.000,21,ok,2026-10-05T13:21:14Z
2026-06-29T19:10:00Z,scarperia,0.00,0.000,21,ok,2026-10-05T13:21:14Z
2026-06-29T19:05:00Z,scarperia,0.00,0.000,21,ok,2026-10-05T13:21:14Z
2026-06-29T19:00:00Z,scarperia,0.00,0.000,21,ok,2026-10-05T13:21:14Z
2026-06-29T18:55:00Z,scarperia,0.00,0.000,21,ok,2026-10-05T13:21:14Z
2026-06-29T18:50:00Z,scarperia,0.00,0.000,21,ok,2026-10-05T13:21:14Z
2026-06-29T18:45:00Z,scarperia,0.00,0.000,21,ok,2026-10-05T13:21:14Z
2026-06-29T18:40:00Z,scarperia,0.00,0.000,21,ok,2026-10-05T13:21:14Z
2026-06-29T18:35:00Z,scarperia,0.00,0.000,21,ok,2026-10-05T13:21:14Z
2026-06-29T18:30:00Z,scarperia,0.00,0.000,21,ok,2026-10-05T13:21:14Z
2026-06-29T18:25:00Z,scarperia,0.00,0.000,21,ok,2026-10-05T13:21:14Z
2026-06-29T18:20:00Z,scarperia,0.00,0.000,21,ok,2026-10-05T13:21:14Z
2026-06-29T18:15:00Z,scarperia,0.00,0.000,21,ok,2026-10-05T13:21:14Z
2026-06-29T18:10:00Z,scarperia,0.00,0.000,21,ok,2026-10-05T13:21:14Z
2026-06-29T18:05:00Z,scarperia,0.00,0.000,21,ok,2026-10-05T13:21:14Z
2026-06-29T18:00:00Z,scarperia,0.00,0.000,21,ok,2026-10-05T13:21:14Z
2026-06-29T17:55:00Z,scarperia,0.00,0.000,21,ok,2026-10-05T13:21:14Z
2026-06-29T17:50:00Z,scarperia,0.00,0.000,21,ok,2026-10-05T13:21:14Z
2026-06-29T17:45:00Z,scarperia,0.00,0.000,21,ok,2026-10-05T13:21:14Z
2026-06-29T17:40:00Z,scarperia,0.00,0.000,21,ok,2026-10-05T13:21:14Z
2026-06-29T17:35:00Z,scarperia,0.00,0.000,21,ok,2026-10-05T13:21:14Z
2026-06-29T17:30:00Z,scarperia,0.00,0.000,21,ok,2026-10-05T13:21:14Z
2026-06-29T17:25:00Z,scarperia,0.00,0.000,21,ok,2026-10-05T13:21:14Z
2026-06-29T17:20:00Z,scarperia,0.00,0.000,21,ok,2026-10-05T13:21:14Z
2026-06-29T17:15:00Z,scarperia,0.00,0.000,21,ok,2026-10-05T13:21:14Z
2026-06-29T17:10:00Z,scarperia,0.00,0.000,21,ok,2026-10-05T13:21:14Z
2026-06-29T17:05:00Z,scarperia,0.00,0.000,21,ok,2026-10-05T13:21:14Z
2026-06-29T17:00:00Z,scarperia,0.00,0.000,21,ok,2026-10-05T13:21:14Z
2026-06-29T16:55:00Z,scarperia,0.00,0.000,21,ok,2026-10-05T13:21:14Z
2026-06-29T16:50:00Z,scarperia,0.00,0.000,21,ok,2026-10-05T13:21:14Z
2026-06-29T16:45:00Z,scarperia,0.00,0.000,21,ok,2026-10-05T13:21:14Z
2026-06-29T16:40:00Z,scarperia,0.00,0.000,21,ok,2026-10-05T13:21:14Z
2026-06-29T16:35:00Z,scarperia,0.00,0.000,21,ok,2026-10-05T13:21:14Z
2026-06-29T16:30:00Z,scarperia,0.00,0.000,21,ok,2026-10-05T13:21:14Z
2026-06-29T16:25:00Z,scarperia,0.00,0.000,21,ok,2026-10-05T13:21:14Z
2026-06-29T16:20:00Z,scarperia,0.00,0.000,21,ok,2026-10-05T13:21:14Z
2026-06-29T16:15:00Z,scarperia,0.00,0.000,21,ok,2026-10-05T13:21:14Z
2026-06-29T16:10:00Z,scarperia,0.00,0.000,21,ok,2026-10-05T13:21:14Z
2026-06-29T16:05:00Z,scarperia,0.00,0.000,21,ok,2026-10-05T13:21:14Z
2026-06-29T16:00:00Z,scarperia,0.00,0.000,21,ok,2026-10-05T13:21:14Z
2026-06-29T15:55:00Z,scarperia,0.00,0.000,21,ok,2026-10-05T13:21:14Z
2026-06-29T15:50:00Z,scarperia,0.00,0.000,21,ok,2026-10-05T13:21:14Z
2026-06-29T15:45:00Z,scarperia,0.00,0.000,21,ok,2026-10-05T13:21:14Z
2026-06-29T15:40:00Z,scarperia,0.00,0.000,21,ok,2026-10-05T13:21:14Z
2026-06-29T15:35:00Z,scarperia,0.00,0.000,21,ok,2026-10-05T13:21:14Z
2026-06-29T15:30:00Z,scarperia,0.00,0.000,21,ok,2026-10-05T13:21:14Z
2026-06-29T15:25:00Z,scarperia,0.00,0.000,21,ok,2026-10-05T13:21:14Z
2026-06-29T15:20:00Z,scarperia,0.00,0.000,21,ok,2026-10-05T13:21:14Z
2026-06-29T15:15:00Z,scarperia,0.00,0.000,21,ok,2026-10-05T13:21:14Z
2026-06-29T15:10:00Z,scarperia,0.00,0.000,21,ok,2026-10-05T13:21:14Z
2026-06-29T15:05:00Z,scarperia,0.00,0.000,21,ok,2026-10-05T13:21:14Z
2026-06-29T15:00:00Z,scarperia,0.00,0.000,21,ok,2026-10-05T13:21:14Z
2026-06-29T14:55:00Z,scarperia,0.00,0.000,21,ok,2026-10-05T13:21:14Z
2026-06-29T14:50:00Z,scarperia,0.00,0.000,21,ok,2026-10-05T13:21:14Z
2026-06-29T14:45:00Z,scarperia,0.00,0.000,21,ok,2026-10-05T13:21:14Z
2026-06-29T14:40:00Z,scarperia,0.00,0.000,21,ok,2026-10-05T13:21:14Z
2026-06-29T14:35:00Z,scarperia,0.00,0.000,21,ok,2026-10-05T13:21:14Z
2026-06-29T14:30:00Z,scarperia,0.00,0.000,21,ok,2026-10-05T13:21:14Z
2026-06-29T14:25:00Z,scarperia,0.00,0.000,21,ok,2026-10-05T13:21:14Z
2026-06-29T14:20:00Z,scarperia,0.00,0.000,21,ok,2026-10-05T13:21:14Z
2026-06-29T14:15:00Z,scarperia,0.00,0.000,21,ok,2026-10-05T13:21:14Z
2026-06-29T14:10:00Z,scarperia,0.00,0.000,21,ok,2026-10-05T13:21:14Z
2026-06-29T14:05:00Z,scarperia,0.00,0.000,21,ok,2026-10-05T13:21:14Z
2026-06-29T14:00:00Z,scarperia,0.00,0.000,21,ok,2026-10-05T13:27:20Z
2026-06-29T13:55:00Z,scarperia,0.00,0.000,21,ok,2026-10-05T13:27:20Z
2026-06-29T13:50:00Z,scarperia,0.00,0.000,21,ok,2026-10-05T13:27:20Z
2026-06-29T13:45:00Z,scarperia,0.00,0.000,21,ok,2026-10-05T13:27:20Z
2026-06-29T13:40:00Z,scarperia,0.00,0.000,21,ok,2026-10-05T13:27:20Z
2026-06-29T13:35:00Z,scarperia,0.00,0.000,21,ok,2026-10-05T13:27:20Z
2026-06-29T13:30:00Z,scarperia,0.00,0.000,21,ok,2026-10-05T13:27:20Z
2026-06-29T13:25:00Z,scarperia,0.00,0.000,21,ok,2026-10-05T13:27:20Z
2026-06-29T13:20:00Z,scarperia,0.00,0.000,21,ok,2026-10-05T13:27:20Z
2026-06-29T13:15:00Z,scarperia,0.00,0.000,21,ok,2026-10-05T13:27:20Z
2026-06-29T13:10:00Z,scarperia,0.00,0.000,21,ok,2026-10-05T13:27:20Z
2026-06-29T13:05:00Z,scarperia,0.00,0.000,21,ok,2026-10-05T13:27:20Z
2026-06-29T13:00:00Z,scarperia,0.00,0.000,21,ok,2026-10-05T13:27:20Z
2026-06-29T12:55:00Z,scarperia,0.00,0.000,21,ok,2026-10-05T13:27:20Z
2026-06-29T12:50:00Z,scarperia,0.00,0.000,21,ok,2026-10-05T13:27:20Z
2026-06-29T12:45:00Z,scarperia,0.00,0.000,21,ok,2026-10-05T13:27:20Z
2026-06-29T12:40:00Z,scarperia,0.00,0.000,21,ok,2026-10-05T13:27:20Z
2026-06-29T12:35:00Z,scarperia,0.00,0.000,21,ok,2026-10-05T13:27:20Z
2026-06-29T12:30:00Z,scarperia,0.00,0.000,21,ok,2026-10-05T13:27:20Z
2026-06-29T12:25:00Z,scarperia,0.00,0.000,21,ok,2026-10-05T13:27:20Z
2026-06-29T12:20:00Z,scarperia,0.00,0.000,21,ok,2026-10-05T13:27:20Z
2026-06-29T12:15:00Z,scarperia,0.00,0.000,21,ok,2026-10-05T13:27:20Z
2026-06-29T12:10:00Z,scarperia,0.00,0.000,21,ok,2026-10-05T13:27:20Z
2026-06-29T12:05:00Z,scarperia,0.00,0.000,21,ok,2026-10-05T13:27:20Z
2026-06-29T12:00:00Z,scarperia,0.00,0.000,21,ok,2026-10-05T13:27:20Z
2026-06-29T11:55:00Z,scarperia,0.00,0.000,21,ok,2026-10-05T13:27:20Z
2026-06-29T11:50:00Z,scarperia,0.00,0.000,21,ok,2026-10-05T13:27:20Z
2026-06-29T11:45:00Z,scarperia,0.00,0.000,21,ok,2026-10-05T13:27:20Z
2026-06-29T11:40:00Z,scarperia,0.00,0.000,21,ok,2026-10-05T13:27:20Z
2026-06-29T11:35:00Z,scarperia,0.00,0.000,21,ok,2026-10-05T13:27:20Z
2026-06-29T11:30:00Z,scarperia,0.00,0.000,21,ok,2026-10-05T13:27:20Z
2026-06-29T11:25:00Z,scarperia,0.00,0.000,21,ok,2026-10-05T13:27:20Z
2026-06-29T11:20:00Z,scarperia,0.00,0.000,21,ok,2026-10-05T13:27:20Z
2026-06-29T11:15:00Z,scarperia,0.00,0.000,21,ok,2026-10-05T13:27:20Z
2026-06-29T11:10:00Z,scarperia,0.00,0.000,21,ok,2026-10-05T13:27:20Z
2026-06-29T11:05:00Z,scarperia,0.00,0.000,21,ok,2026-10-05T13:27:20Z
2026-06-29T11:00:00Z,scarperia,0.00,0.000,21,ok,2026-10-05T13:27:20Z
2026-06-29T10:55:00Z,scarperia,0.00,0.000,21,ok,2026-10-05T13:27:20Z
2026-06-29T10:50:00Z,scarperia,0.00,0.000,21,ok,2026-10-05T13:27:20Z
2026-06-29T10:45:00Z,scarperia,0.00,0.000,21,ok,2026-10-05T13:27:20Z
2026-06-29T10:40:00Z,scarperia,0.00,0.000,21,ok,2026-10-05T13:27:20Z
2026-06-29T10:35:00Z,scarperia,0.00,0.000,21,ok,2026-10-05T13:27:20Z
2026-06-29T10:30:00Z,scarperia,0.00,0.000,21,ok,2026-10-05T13:27:20Z
2026-06-29T10:25:00Z,scarperia,0.00,0.000,21,ok,2026-10-05T13:27:20Z
2026-06-29T10:20:00Z,scarperia,0.00,0.000,21,ok,2026-10-05T13:27:20Z
2026-06-29T10:15:00Z,scarperia,0.00,0.000,21,ok,2026-10-05T13:27:20Z
2026-06-29T10:10:00Z,scarperia,0.00,0.000,21,ok,2026-10-05T13:27:20Z
2026-06-29T10:05:00Z,scarperia,0.00,0.000,21,ok,2026-10-05T13:27:20Z
2026-06-29T10:00:00Z,scarperia,0.00,0.000,21,ok,2026-10-05T13:27:20Z
2026-06-29T09:55:00Z,scarperia,0.00,0.000,21,ok,2026-10-05T13:27:20Z
2026-06-29T09:50:00Z,scarperia,0.00,0.000,21,ok,2026-10-05T13:27:20Z
2026-06-29T09:45:00Z,scarperia,0.00,0.000,21,ok,2026-10-05T13:27:20Z
2026-06-29T09:40:00Z,scarperia,0.00,0.000,21,ok,2026-10-05T13:27:20Z
2026-06-29T09:35:00Z,scarperia,0.00,0.000,21,ok,2026-10-05T13:27:20Z
2026-06-29T09:30:00Z,scarperia,0.00,0.000,21,ok,2026-10-05T13:27:20Z
2026-06-29T09:25:00Z,scarperia,0.00,0.000,21,ok,2026-10-05T13:27:20Z
2026-06-29T09:20:00Z,scarperia,0.00,0.000,21,ok,2026-10-05T13:27:20Z
2026-06-29T09:15:00Z,scarperia,0.00,0.000,21,ok,2026-10-05T13:27:20Z
2026-06-29T09:10:00Z,scarperia,0.00,0.000,21,ok,2026-10-05T13:27:20Z
2026-06-29T09:05:00Z,scarperia,0.00,0.000,21,ok,2026-10-05T13:27:20Z
2026-06-29T09:00:00Z,scarperia,0.00,0.000,21,ok,2026-10-05T13:27:20Z
2026-06-29T08:55:00Z,scarperia,0.00,0.000,21,ok,2026-10-05T13:27:20Z
2026-06-29T08:50:00Z,scarperia,0.00,0.000,21,ok,2026-10-05T13:27:20Z
2026-06-29T08:45:00Z,scarperia,0.00,0.000,21,ok,2026-10-05T13:27:20Z
2026-06-29T08:40:00Z,scarperia,0.00,0.000,21,ok,2026-10-05T13:27:20Z
2026-06-29T08:35:00Z,scarperia,0.00,0.000,21,ok,2026-10-05T13:27:20Z
2026-06-29T08:30:00Z,scarperia,0.00,0.000,21,ok,2026-10-05T13:27:20Z
2026-06-29T08:25:00Z,scarperia,0.00,0.000,21,ok,2026-10-05T13:27:20Z
2026-06-29T08:20:00Z,scarperia,0.00,0.000,21,ok,2026-10-05T13:27:20Z
2026-06-29T08:15:00Z,scarperia,0.00,0.000,21,ok,2026-10-05T13:27:20Z
2026-06-29T08:10:00Z,scarperia,0.00,0.000,21,ok,2026-10-05T13:27:20Z
2026-06-29T08:05:00Z,scarperia,0.00,0.000,21,ok,2026-10-05T13:27:20Z
2026-06-29T08:00:00Z,scarperia,0.00,0.000,21,ok,2026-10-05T13:27:20Z
2026-06-29T04:00:00Z,scarperia,0.00,0.000,21,ok,2026-10-05T13:27:20Z
2026-06-29T03:55:00Z,scarperia,0.00,0.000,21,ok,2026-10-05T13:27:20Z
2026-06-29T03:50:00Z,scarperia,0.00,0.000,21,ok,2026-10-05T13:27:20Z
2026-06-29T03:45:00Z,scarperia,0.00,0.000,21,ok,2026-10-05T13:27:20Z
2026-06-29T03:40:00Z,scarperia,0.00,0.000,21,ok,2026-10-05T13:27:20Z
2026-06-29T03:35:00Z,scarperia,0.00,0.000,21,ok,2026-10-05T13:27:20Z
2026-06-29T03:30:00Z,scarperia,0.00,0.000,21,ok,2026-10-05T13:27:20Z
2026-06-29T03:25:00Z,scarperia,0.00,0.000,21,ok,2026-10-05T13:27:20Z
2026-06-29T03:20:00Z,scarperia,0.00,0.000,21,ok,2026-10-05T13:27:20Z
2026-06-29T03:15:00Z,scarperia,0.00,0.000,21,ok,2026-10-05T13:27:20Z
2026-06-29T03:10:00Z,scarperia,0.00,0.000,21,ok,2026-10-05T13:27:20Z
2026-06-29T03:05:00Z,scarperia,0.00,0.000,21,ok,2026-10-05T13:27:20Z
2026-06-29T03:00:00Z,scarperia,0.00,0.000,21,ok,2026-10-05T13:27:20Z
2026-06-29T02:55:00Z,scarperia,0.00,0.000,21,ok,2026-10-05T13:27:20Z
2026-06-29T02:50:00Z,scarperia,0.00,0.000,21,ok,2026-10-05T13:27:20Z
2026-06-29T02:45:00Z,scarperia,0.00,0.000,21,ok,2026-10-05T13:27:20Z
2026-06-29T02:40:00Z,scarperia,0.00,0.000,21,ok,2026-10-05T13:27:20Z
2026-06-29T02:35:00Z,scarperia,0.00,0.000,21,ok,2026-10-05T13:27:20Z
2026-06-29T02:30:00Z,scarperia,0.00,0.000,21,ok,2026-10-05T13:27:20Z
2026-06-29T02:25:00Z,scarperia,0.00,0.000,21,ok,2026-10-05T13:27:20Z
2026-06-29T02:20:00Z,scarperia,0.00,0.000,21,ok,2026-10-05T13:27:20Z
2026-06-29T02:15:00Z,scarperia,0.00,0.000,21,ok,2026-10-05T13:27:20Z
2026-06-29T02:10:00Z,scarperia,0.00,0.000,21,ok,2026-10-05T13:27:20Z
2026-06-29T02:05:00Z,scarperia,0.00,0.000,21,ok,2026-10-05T13:27:20Z
2026-06-29T02:00:00Z,scarperia,0.00,0.000,21,ok,2026-10-05T13:27:20Z
2026-06-29T01:55:00Z,scarperia,0.00,0.000,21,ok,2026-10-05T13:27:20Z
2026-06-29T01:50:00Z,scarperia,0.00,0.000,21,ok,2026-10-05T13:27:20Z
2026-06-29T01:45:00Z,scarperia,0.00,0.000,21,ok,2026-10-05T13:27:20Z
2026-06-29T01:40:00Z,scarperia,0.00,0.000,21,ok,2026-10-05T13:27:20Z
2026-06-29T01:35:00Z,scarperia,0.00,0.000,21,ok,2026-10-05T13:27:20Z
2026-06-29T01:30:00Z,scarperia,0.00,0.000,21,ok,2026-10-05T13:27:20Z
2026-06-29T01:25:00Z,scarperia,0.00,0.000,21,ok,2026-10-05T13:27:20Z
2026-06-29T01:20:00Z,scarperia,0.00,0.000,21,ok,2026-10-05T13:27:20Z
2026-06-29T01:15:00Z,scarperia,0.00,0.000,21,ok,2026-10-05T13:27:20Z
2026-06-29T01:10:00Z,scarperia,0.00,0.000,21,ok,2026-10-05T13:27:20Z
2026-06-29T01:05:00Z,scarperia,0.00,0.000,21,ok,2026-10-05T13:27:20Z
2026-06-29T01:00:00Z,scarperia,0.00,0.000,21,ok,2026-10-05T13:27:20Z
2026-06-29T00:55:00Z,scarperia,0.00,0.000,21,ok,2026-10-05T13:27:20Z
2026-06-29T00:50:00Z,scarperia,0.00,0.000,21,ok,2026-10-05T13:27:20Z
2026-06-29T00:45:00Z,scarperia,0.00,0.000,21,ok,2026-10-05T13:27:20Z
2026-06-29T00:40:00Z,scarperia,0.00,0.000,21,ok,2026-10-05T13:27:20Z
2026-06-29T00:35:00Z,scarperia,0.00,0.000,21,ok,2026-10-05T13:27:20Z
2026-06-29T00:30:00Z,scarperia,0.00,0.000,21,ok,2026-10-05T13:27:20Z
2026-06-29T00:25:00Z,scarperia,0.00,0.000,21,ok,2026-10-05T13:27:20Z
2026-06-29T00:20:00Z,scarperia,0.00,0.000,21,ok,2026-10-05T13:27:20Z
2026-06-29T00:15:00Z,scarperia,0.00,0.000,21,ok,2026-10-05T13:27:20Z
2026-06-29T00:10:00Z,scarperia,0.00,0.000,21,ok,2026-10-05T13:27:20Z
2026-06-29T00:05:00Z,scarperia,0.00,0.000,21,ok,2026-10-05T13:27:20Z
2026-06-29T00:00:00Z,scarperia,0.00,0.000,21,ok,2026-10-05T13:27:20Z
2026-06-28T23:55:00Z,scarperia,0.00,0.000,21,ok,2026-10-05T13:27:20Z
2026-06-28T23:50:00Z,scarperia,0.00,0.000,21,ok,2026-10-05T13:27:20Z
2026-06-28T23:45:00Z,scarperia,0.00,0.000,21,ok,2026-10-05T13:27:20Z
2026-06-28T23:40:00Z,scarperia,0.00,0.000,21,ok,2026-10-05T13:27:20Z
2026-06-28T23:35:00Z,scarperia,0.00,0.000,21,ok,2026-10-05T13:27:20Z
2026-06-28T23:30:00Z,scarperia,0.00,0.000,21,ok,2026-10-05T13:27:20Z
2026-06-28T23:25:00Z,scarperia,0.00,0.000,21,ok,2026-10-05T13:27:20Z
2026-06-28T23:20:00Z,scarperia,0.00,0.000,21,ok,2026-10-05T13:27:20Z
2026-06-28T23:15:00Z,scarperia,0.00,0.000,21,ok,2026-10-05T13:27:20Z
2026-06-28T23:10:00Z,scarperia,0.00,0.000,21,ok,2026-10-05T13:27:20Z
2026-06-28T23:05:00Z,scarperia,0.00,0.000,21,ok,2026-10-05T13:27:20Z
2026-06-28T23:00:00Z,scarperia,0.00,0.000,21,ok,2026-10-05T13:27:20Z
2026-06-28T16:25:00Z,scarperia,0.00,0.000,21,ok,2026-10-05T13:27:20Z
2026-06-28T16:20:00Z,scarperia,0.00,0.000,21,ok,2026-10-05T13:27:20Z
2026-06-28T16:15:00Z,scarperia,0.00,0.000,21,ok,2026-10-05T13:27:20Z
2026-06-28T16:10:00Z,scarperia,0.00,0.000,21,ok,2026-10-05T13:27:20Z
2026-06-28T16:05:00Z,scarperia,0.00,0.000,21,ok,2026-10-05T13:27:20Z
2026-06-28T16:00:00Z,scarperia,0.00,0.000,21,ok,2026-10-05T13:27:20Z
2026-06-28T15:55:00Z,scarperia,0.00,0.000,21,ok,2026-10-05T13:27:20Z
2026-06-28T15:50:00Z,scarperia,0.00,0.000,21,ok,2026-10-05T13:27:20Z
2026-06-28T15:45:00Z,scarperia,0.00,0.000,21,ok,2026-10-05T13:27:20Z
2026-06-28T15:40:00Z,scarperia,0.00,0.000,21,ok,2026-10-05T13:27:20Z
2026-06-28T15:35:00Z,scarperia,0.00,0.000,21,ok,2026-10-05T13:27:20Z
2026-06-28T15:30:00Z,scarperia,0.00,0.000,21,ok,2026-10-05T13:27:20Z
2026-06-28T15:25:00Z,scarperia,0.00,0.000,21,ok,2026-10-05T13:27:20Z
2026-06-28T15:20:00Z,scarperia,0.00,0.000,21,ok,2026-10-05T13:27:20Z
2026-06-28T15:15:00Z,scarperia,0.00,0.000,21,ok,2026-10-05T13:27:20Z
2026-06-28T15:10:00Z,scarperia,0.00,0.000,21,ok,2026-10-05T13:27:20Z
2026-06-28T15:05:00Z,scarperia,0.00,0.000,21,ok,2026-10-05T13:27:20Z
2026-06-28T15:00:00Z,scarperia,0.00,0.000,21,ok,2026-10-05T13:27:20Z
2026-06-28T14:55:00Z,scarperia,0.00,0.000,21,ok,2026-10-05T13:27:20Z
2026-06-28T14:50:00Z,scarperia,0.00,0.000,21,ok,2026-10-05T13:27:20Z
2026-06-28T14:45:00Z,scarperia,0.00,0.000,21,ok,2026-10-05T13:27:20Z
2026-06-28T14:40:00Z,scarperia,0.00,0.000,21,ok,2026-10-05T13:27:20Z
2026-06-28T14:35:00Z,scarperia,0.00,0.000,21,ok,2026-10-05T13:27:20Z
2026-06-28T14:30:00Z,scarperia,0.00,0.000,21,ok,2026-10-05T13:27:20Z
2026-06-28T14:25:00Z,scarperia,0.00,0.000,21,ok,2026-10-05T13:27:20Z
2026-06-28T14:20:00Z,scarperia,0.00,0.000,21,ok,2026-10-05T13:27:20Z
2026-06-28T14:15:00Z,scarperia,0.00,0.000,21,ok,2026-10-05T13:27:20Z
2026-06-28T14:10:00Z,scarperia,0.00,0.000,21,ok,2026-10-05T13:27:20Z
2026-06-28T14:05:00Z,scarperia,0.00,0.000,21,ok,2026-10-05T13:27:20Z
2026-06-28T14:00:00Z,scarperia,0.00,0.000,21,ok,2026-10-05T13:27:20Z
2026-06-28T13:55:00Z,scarperia,0.00,0.000,21,ok,2026-10-05T13:27:20Z
2026-06-28T13:50:00Z,scarperia,0.00,0.000,21,ok,2026-10-05T13:27:20Z
2026-06-28T13:45:00Z,scarperia,0.00,0.000,21,ok,2026-10-05T13:27:20Z
2026-06-28T13:40:00Z,scarperia,0.00,0.000,21,ok,2026-10-05T13:27:20Z
2026-06-28T13:35:00Z,scarperia,0.00,0.000,21,ok,2026-10-05T13:27:20Z
2026-06-28T13:30:00Z,scarperia,0.00,0.000,21,ok,2026-10-05T13:27:20Z
2026-06-28T13:25:00Z,scarperia,0.00,0.000,21,ok,2026-10-05T13:27:20Z
2026-06-28T13:20:00Z,scarperia,0.00,0.000,21,ok,2026-10-05T13:27:20Z
2026-06-28T13:15:00Z,scarperia,0.00,0.000,21,ok,2026-10-05T13:27:20Z
2026-06-28T13:10:00Z,scarperia,0.00,0.000,21,ok,2026-10-05T13:27:20Z
2026-06-28T13:05:00Z,scarperia,0.00,0.000,21,ok,2026-10-05T13:27:20Z
2026-06-28T13:00:00Z,scarperia,0.00,0.000,21,ok,2026-10-05T13:27:20Z
2026-06-28T12:55:00Z,scarperia,0.00,0.000,21,ok,2026-10-05T13:27:20Z
2026-06-28T12:50:00Z,scarperia,0.00,0.000,21,ok,2026-10-05T13:27:20Z
2026-06-28T12:45:00Z,scarperia,0.00,0.000,21,ok,2026-10-05T13:27:20Z
2026-06-28T12:40:00Z,scarperia,0.00,0.000,21,ok,2026-10-05T13:27:20Z
2026-06-28T12:35:00Z,scarperia,0.00,0.000,21,ok,2026-10-05T13:27:20Z
2026-06-28T12:30:00Z,scarperia,0.00,0.000,21,ok,2026-10-05T13:27:20Z
2026-06-28T12:25:00Z,scarperia,0.00,0.000,21,ok,2026-10-05T13:27:20Z
2026-06-28T12:20:00Z,scarperia,0.00,0.000,21,ok,2026-10-05T13:27:20Z
2026-06-28T12:15:00Z,scarperia,0.00,0.000,21,ok,2026-10-05T13:27:20Z
2026-06-28T12:10:00Z,scarperia,0.00,0.000,21,ok,2026-10-05T13:27:20Z
2026-06-28T12:05:00Z,scarperia,0.00,0.000,21,ok,2026-10-05T13:27:20Z
2026-06-28T12:00:00Z,scarperia,0.00,0.000,21,ok,2026-10-05T13:27:20Z
2026-06-28T11:55:00Z,scarperia,0.00,0.000,21,ok,2026-10-05T13:27:20Z
2026-06-28T11:50:00Z,scarperia,0.00,0.000,21,ok,2026-10-05T13:27:20Z
2026-06-28T11:45:00Z,scarperia,0.00,0.000,21,ok,2026-10-05T13:27:20Z
2026-06-28T11:40:00Z,scarperia,0.00,0.000,21,ok,2026-10-05T13:27:20Z
2026-06-28T11:35:00Z,scarperia,0.00,0.000,21,ok,2026-10-05T13:27:20Z
2026-06-28T11:30:00Z,scarperia,0.00,0.000,21,ok,2026-10-05T13:27:20Z
2026-06-28T11:25:00Z,scarperia,0.00,0.000,21,ok,2026-10-05T13:27:20Z
2026-06-28T11:20:00Z,scarperia,0.00,0.000,21,ok,2026-10-05T13:27:20Z
2026-06-28T11:15:00Z,scarperia,0.00,0.000,21,ok,2026-10-05T13:27:20Z
2026-06-28T11:10:00Z,scarperia,0.00,0.000,21,ok,2026-10-05T13:27:20Z
2026-06-28T11:05:00Z,scarperia,0.00,0.000,21,ok,2026-10-05T13:27:20Z
2026-06-28T11:00:00Z,scarperia,0.00,0.000,21,ok,2026-10-05T13:27:20Z
2026-06-28T10:55:00Z,scarperia,0.00,0.000,21,ok,2026-10-05T13:27:20Z
2026-06-28T10:50:00Z,scarperia,0.00,0.000,21,ok,2026-10-05T13:27:20Z
2026-06-28T10:45:00Z,scarperia,0.00,0.000,21,ok,2026-10-05T13:27:20Z
2026-06-28T10:40:00Z,scarperia,0.00,0.000,21,ok,2026-10-05T13:27:20Z
2026-06-28T10:35:00Z,scarperia,0.00,0.000,21,ok,2026-10-05T13:27:20Z
2026-06-28T10:30:00Z,scarperia,0.00,0.000,21,ok,2026-10-05T13:27:20Z
2026-06-28T10:25:00Z,scarperia,0.00,0.000,21,ok,2026-10-05T13:27:20Z
2026-06-28T10:20:00Z,scarperia,0.00,0.000,21,ok,2026-10-05T13:27:20Z
2026-06-28T10:15:00Z,scarperia,0.00,0.000,21,ok,2026-10-05T13:27:20Z
2026-06-28T10:10:00Z,scarperia,0.00,0.000,21,ok,2026-10-05T13:27:20Z
2026-06-28T10:05:00Z,scarperia,0.00,0.000,21,ok,2026-10-05T13:27:20Z
2026-06-28T10:00:00Z,scarperia,0.00,0.000,21,ok,2026-10-05T13:27:20Z
2026-06-28T09:55:00Z,scarperia,0.00,0.000,21,ok,2026-10-05T13:27:20Z
2026-06-28T09:50:00Z,scarperia,0.00,0.000,21,ok,2026-10-05T13:27:20Z
2026-06-28T09:45:00Z,scarperia,0.00,0.000,21,ok,2026-10-05T13:27:20Z
2026-06-28T09:40:00Z,scarperia,0.00,0.000,21,ok,2026-10-05T13:27:20Z
2026-06-28T09:35:00Z,scarperia,0.00,0.000,21,ok,2026-10-05T13:27:20Z
2026-06-28T09:30:00Z,scarperia,0.00,0.000,21,ok,2026-10-05T13:27:20Z
2026-06-28T09:25:00Z,scarperia,0.00,0.000,21,ok,2026-10-05T13:27:20Z
2026-06-28T09:20:00Z,scarperia,0.00,0.000,21,ok,2026-10-05T13:27:20Z
2026-06-28T09:15:00Z,scarperia,0.00,0.000,21,ok,2026-10-05T13:27:20Z
2026-06-28T09:10:00Z,scarperia,0.00,0.000,21,ok,2026-10-05T13:27:20Z
2026-06-28T09:05:00Z,scarperia,0.00,0.000,21,ok,2026-10-05T13:27:20Z
2026-06-28T09:00:00Z,scarperia,0.00,0.000,21,ok,2026-10-05T13:27:20Z
2026-06-28T08:55:00Z,scarperia,0.00,0.000,21,ok,2026-10-05T13:27:20Z
2026-06-28T08:50:00Z,scarperia,0.00,0.000,21,ok,2026-10-05T13:27:20Z
2026-06-28T08:45:00Z,scarperia,0.00,0.000,21,ok,2026-10-05T13:27:20Z
2026-06-28T08:40:00Z,scarperia,0.00,0.000,21,ok,2026-10-05T13:27:20Z
2026-06-28T08:35:00Z,scarperia,0.00,0.000,21,ok,2026-10-05T13:27:20Z
2026-06-28T08:30:00Z,scarperia,0.00,0.000,21,ok,2026-10-05T13:27:20Z
2026-06-28T08:25:00Z,scarperia,0.00,0.000,21,ok,2026-10-05T13:27:20Z
2026-06-28T08:20:00Z,scarperia,0.00,0.000,21,ok,2026-10-05T13:27:20Z
2026-06-28T08:15:00Z,scarperia,0.00,0.000,21,ok,2026-10-05T13:27:20Z
2026-06-28T08:10:00Z,scarperia,0.00,0.000,21,ok,2026-10-05T13:27:20Z
2026-06-28T08:05:00Z,scarperia,0.00,0.000,21,ok,2026-10-05T13:27:20Z
2026-06-28T08:00:00Z,scarperia,0.00,0.000,21,ok,2026-10-05T13:27:20Z
2026-06-26T19:00:00Z,scarperia,0.00,0.000,21,ok,2026-10-05T13:27:20Z
2026-06-26T18:55:00Z,scarperia,0.00,0.000,21,ok,2026-10-05T13:27:20Z
2026-06-26T18:50:00Z,scarperia,0.00,0.000,21,ok,2026-10-05T13:27:20Z
2026-06-26T18:45:00Z,scarperia,0.00,0.000,21,ok,2026-10-05T13:27:20Z
2026-06-26T18:40:00Z,scarperia,0.00,0.000,21,ok,2026-10-05T13:27:20Z
2026-06-26T18:35:00Z,scarperia,0.00,0.000,21,ok,2026-10-05T13:27:20Z
2026-06-26T18:30:00Z,scarperia,0.00,0.000,21,ok,2026-10-05T13:27:20Z
2026-06-26T18:25:00Z,scarperia,0.00,0.000,21,ok,2026-10-05T13:27:20Z
2026-06-26T18:20:00Z,scarperia,0.00,0.000,21,ok,2026-10-05T13:27:20Z
2026-06-26T18:15:00Z,scarperia,0.00,0.000,21,ok,2026-10-05T13:27:20Z
2026-06-26T18:10:00Z,scarperia,0.00,0.000,21,ok,2026-10-05T13:27:20Z
2026-06-26T18:05:00Z,scarperia,0.00,0.000,21,ok,2026-10-05T13:27:20Z
2026-06-26T18:00:00Z,scarperia,0.00,0.000,21,ok,2026-10-05T13:27:20Z
2026-06-26T17:55:00Z,scarperia,0.00,0.000,21,ok,2026-10-05T13:27:20Z
2026-06-26T17:50:00Z,scarperia,0.00,0.000,21,ok,2026-10-05T13:27:20Z
2026-06-26T17:45:00Z,scarperia,0.00,0.000,21,ok,2026-10-05T13:27:20Z
2026-06-26T17:40:00Z,scarperia,0.00,0.000,21,ok,2026-10-05T13:27:20Z
2026-06-26T17:35:00Z,scarperia,0.00,0.000,21,ok,2026-10-05T13:27:20Z
2026-06-26T17:30:00Z,scarperia,0.00,0.000,21,ok,2026-10-05T13:27:20Z
2026-06-26T17:25:00Z,scarperia,0.00,0.000,21,ok,2026-10-05T13:27:20Z
2026-06-26T17:20:00Z,scarperia,0.00,0.000,21,ok,2026-10-05T13:27:20Z
2026-06-26T17:15:00Z,scarperia,0.00,0.000,21,ok,2026-10-05T13:27:20Z
2026-06-26T17:10:00Z,scarperia,0.00,0.000,21,ok,2026-10-05T13:27:20Z
2026-06-26T17:05:00Z,scarperia,0.00,0.000,21,ok,2026-10-05T13:27:20Z
2026-06-26T17:00:00Z,scarperia,0.00,0.000,21,ok,2026-10-05T13:27:20Z
2026-06-26T16:55:00Z,scarperia,0.00,0.000,21,ok,2026-10-05T13:27:20Z
2026-06-26T16:50:00Z,scarperia,0.00,0.000,21,ok,2026-10-05T13:27:20Z
2026-06-26T16:45:00Z,scarperia,0.00,0.000,21,ok,2026-10-05T13:27:20Z
2026-06-26T16:40:00Z,scarperia,0.00,0.000,21,ok,2026-10-05T13:27:20Z
2026-06-26T16:35:00Z,scarperia,0.00,0.000,21,ok,2026-10-05T13:27:20Z
2026-06-26T16:30:00Z,scarperia,0.00,0.000,21,ok,2026-10-05T13:27:20Z
2026-06-26T16:25:00Z,scarperia,0.00,0.000,21,ok,2026-10-05T13:27:20Z
2026-06-26T16:20:00Z,scarperia,0.00,0.000,21,ok,2026-10-05T13:27:20Z
2026-06-26T16:15:00Z,scarperia,0.00,0.000,21,ok,2026-10-05T13:27:20Z
2026-06-26T16:10:00Z,scarperia,0.00,0.000,21,ok,2026-10-05T13:27:20Z
2026-06-26T16:05:00Z,scarperia,0.00,0.000,21,ok,2026-10-05T13:27:20Z
2026-06-26T16:00:00Z,scarperia,0.00,0.000,21,ok,2026-10-05T13:27:20Z
2026-06-26T15:55:00Z,scarperia,0.00,0.000,21,ok,2026-10-05T13:27:20Z
2026-06-26T15:50:00Z,scarperia,0.00,0.000,21,ok,2026-10-05T13:27:20Z
2026-06-26T15:45:00Z,scarperia,0.00,0.000,21,ok,2026-10-05T13:27:20Z
2026-06-26T15:40:00Z,scarperia,0.00,0.000,21,ok,2026-10-05T13:27:20Z
2026-06-26T15:35:00Z,scarperia,0.00,0.000,21,ok,2026-10-05T13:27:20Z
2026-06-26T15:30:00Z,scarperia,0.00,0.000,21,ok,2026-10-05T13:27:20Z
2026-06-26T15:25:00Z,scarperia,0.00,0.000,21,ok,2026-10-05T13:27:20Z
2026-06-26T15:20:00Z,scarperia,0.00,0.000,21,ok,2026-10-05T13:27:20Z
2026-06-26T15:15:00Z,scarperia,0.00,0.000,21,ok,2026-10-05T13:27:20Z
2026-06-26T15:10:00Z,scarperia,0.00,0.000,21,ok,2026-10-05T13:27:20Z
2026-06-26T15:05:00Z,scarperia,0.00,0.000,21,ok,2026-10-05T13:27:20Z
2026-06-26T15:00:00Z,scarperia,0.00,0.000,21,ok,2026-10-05T13:27:20Z
2026-06-26T14:55:00Z,scarperia,0.00,0.000,21,ok,2026-10-05T13:27:20Z
2026-06-26T14:50:00Z,scarperia,0.00,0.000,21,ok,2026-10-05T13:27:20Z
2026-06-26T14:45:00Z,scarperia,0.00,0.000,21,ok,2026-10-05T13:27:20Z
2026-06-26T14:40:00Z,scarperia,0.00,0.000,21,ok,2026-10-05T13:27:20Z
2026-06-26T14:35:00Z,scarperia,0.00,0.000,21,ok,2026-10-05T13:27:20Z
2026-06-26T14:30:00Z,scarperia,0.00,0.000,21,ok,2026-10-05T13:27:20Z
2026-06-26T14:25:00Z,scarperia,0.00,0.000,21,ok,2026-10-05T13:27:20Z
2026-06-26T14:20:00Z,scarperia,0.00,0.000,21,ok,2026-10-05T13:27:20Z
2026-06-26T14:15:00Z,scarperia,0.00,0.000,21,ok,2026-10-05T13:27:20Z
2026-06-26T14:10:00Z,scarperia,0.00,0.000,21,ok,2026-10-05T13:27:20Z
2026-06-26T14:05:00Z,scarperia,0.00,0.000,21,ok,2026-10-05T13:27:20Z
2026-06-26T14:00:00Z,scarperia,0.00,0.000,21,ok,2026-10-05T13:27:20Z
2026-06-26T01:20:00Z,scarperia,0.00,0.000,21,ok,2026-10-05T13:27:20Z
2026-06-26T01:15:00Z,scarperia,0.00,0.000,21,ok,2026-10-05T13:27:20Z
2026-06-26T01:10:00Z,scarperia,0.00,0.000,21,ok,2026-10-05T13:27:20Z
2026-06-26T01:05:00Z,scarperia,0.00,0.000,21,ok,2026-10-05T13:27:20Z
2026-06-26T01:00:00Z,scarperia,0.00,0.000,21,ok,2026-10-05T13:27:20Z
2026-06-26T00:55:00Z,scarperia,0.00,0.000,21,ok,2026-10-05T13:27:20Z
2026-06-26T00:50:00Z,scarperia,0.00,0.000,21,ok,2026-10-05T13:27:20Z
2026-06-26T00:45:00Z,scarperia,0.00,0.000,21,ok,2026-10-05T13:27:20Z
2026-06-26T00:40:00Z,scarperia,0.00,0.000,21,ok,2026-10-05T13:27:20Z
2026-06-26T00:35:00Z,scarperia,0.00,0.000,21,ok,2026-10-05T13:27:20Z
2026-06-26T00:30:00Z,scarperia,0.00,0.000,21,ok,2026-10-05T13:27:20Z
2026-06-26T00:25:00Z,scarperia,0.00,0.000,21,ok,2026-10-05T13:27:20Z
2026-06-26T00:20:00Z,scarperia,0.00,0.000,21,ok,2026-10-05T13:27:20Z
2026-06-26T00:15:00Z,scarperia,0.00,0.000,21,ok,2026-10-05T13:27:20Z
2026-06-26T00:10:00Z,scarperia,0.00,0.000,21,ok,2026-10-05T13:27:20Z
2026-06-26T00:05:00Z,scarperia,0.00,0.000,21,ok,2026-10-05T13:27:20Z
2026-06-26T00:00:00Z,scarperia,0.00,0.000,21,ok,2026-10-05T13:27:20Z
2026-06-25T23:55:00Z,scarperia,0.00,0.000,21,ok,2026-10-05T13:27:20Z
2026-06-25T23:50:00Z,scarperia,0.00,0.000,21,ok,2026-10-05T13:27:20Z
2026-06-25T23:45:00Z,scarperia,0.00,0.000,21,ok,2026-10-05T13:27:20Z
2026-06-25T23:40:00Z,scarperia,0.00,0.000,21,ok,2026-10-05T13:27:20Z
2026-06-25T23:35:00Z,scarperia,0.00,0.000,21,ok,2026-10-05T13:27:20Z
2026-06-25T23:30:00Z,scarperia,0.00,0.000,21,ok,2026-10-05T13:27:20Z
2026-06-25T23:25:00Z,scarperia,0.00,0.000,21,ok,2026-10-05T13:27:20Z
2026-06-25T23:20:00Z,scarperia,0.00,0.000,21,ok,2026-10-05T13:27:20Z
2026-06-25T23:15:00Z,scarperia,0.00,0.000,21,ok,2026-10-05T13:27:20Z
2026-06-25T23:10:00Z,scarperia,0.00,0.000,21,ok,2026-10-05T13:27:20Z
2026-06-25T23:05:00Z,scarperia,0.00,0.000,21,ok,2026-10-05T13:27:20Z
2026-06-25T23:00:00Z,scarperia,0.00,0.000,21,ok,2026-10-05T13:27:20Z
2026-06-25T22:55:00Z,scarperia,0.00,0.000,21,ok,2026-10-05T13:27:20Z
2026-06-25T22:50:00Z,scarperia,0.00,0.000,21,ok,2026-10-05T13:27:20Z
2026-06-25T22:45:00Z,scarperia,0.00,0.000,21,ok,2026-10-05T13:27:20Z
2026-06-25T22:40:00Z,scarperia,0.00,0.000,21,ok,2026-10-05T13:27:20Z
2026-06-25T22:35:00Z,scarperia,0.00,0.000,21,ok,2026-10-05T13:27:20Z
2026-06-25T22:30:00Z,scarperia,0.00,0.000,21,ok,2026-10-05T13:27:20Z
2026-06-25T22:25:00Z,scarperia,0.00,0.000,21,ok,2026-10-05T13:27:20Z
2026-06-25T22:20:00Z,scarperia,0.00,0.000,21,ok,2026-10-05T13:27:20Z
2026-06-25T22:15:00Z,scarperia,0.00,0.000,21,ok,2026-10-05T13:27:20Z
2026-06-25T22:10:00Z,scarperia,0.00,0.000,21,ok,2026-10-05T13:27:20Z
2026-06-25T22:05:00Z,scarperia,0.00,0.000,21,ok,2026-10-05T13:27:20Z
2026-06-25T22:00:00Z,scarperia,0.00,0.000,21,ok,2026-10-05T13:27:20Z
2026-06-25T21:55:00Z,scarperia,0.00,0.000,21,ok,2026-10-05T13:27:20Z
2026-06-25T21:50:00Z,scarperia,0.00,0.000,21,ok,2026-10-05T13:27:20Z
2026-06-25T21:45:00Z,scarperia,0.00,0.000,21,ok,2026-10-05T13:27:20Z
2026-06-25T21:40:00Z,scarperia,0.00,0.000,21,ok,2026-10-05T13:27:20Z
2026-06-25T21:35:00Z,scarperia,0.00,0.000,21,ok,2026-10-05T13:27:20Z
2026-06-25T21:30:00Z,scarperia,0.00,0.000,21,ok,2026-10-05T13:27:20Z
2026-06-25T21:25:00Z,scarperia,0.00,0.000,21,ok,2026-10-05T13:27:20Z
2026-06-25T21:20:00Z,scarperia,0.00,0.000,21,ok,2026-10-05T13:27:20Z
2026-06-25T21:15:00Z,scarperia,0.00,0.000,21,ok,2026-10-05T13:27:20Z
2026-06-25T21:10:00Z,scarperia,0.00,0.000,21,ok,2026-10-05T13:27:20Z
2026-06-25T21:05:00Z,scarperia,0.00,0.000,21,ok,2026-10-05T13:27:20Z
2026-06-25T21:00:00Z,scarperia,0.00,0.000,21,ok,2026-10-05T13:27:20Z
2026-06-25T20:55:00Z,scarperia,0.00,0.000,21,ok,2026-10-05T13:27:20Z
2026-06-25T20:50:00Z,scarperia,0.00,0.000,21,ok,2026-10-05T13:27:20Z
2026-06-25T20:45:00Z,scarperia,0.00,0.000,21,ok,2026-10-05T13:27:20Z
2026-06-25T20:40:00Z,scarperia,0.00,0.000,21,ok,2026-10-05T13:27:20Z
2026-06-25T20:35:00Z,scarperia,0.00,0.000,21,ok,2026-10-05T13:27:20Z
2026-06-23T04:00:00Z,scarperia,0.00,0.000,21,ok,2026-10-05T13:27:20Z
2026-06-23T03:55:00Z,scarperia,0.00,0.000,21,ok,2026-10-05T13:27:20Z
2026-06-23T03:50:00Z,scarperia,0.00,0.000,21,ok,2026-10-05T13:27:20Z
2026-06-23T03:45:00Z,scarperia,0.00,0.000,21,ok,2026-10-05T13:27:20Z
2026-06-23T03:40:00Z,scarperia,0.00,0.000,21,ok,2026-10-05T13:27:20Z
2026-06-23T03:35:00Z,scarperia,0.00,0.000,21,ok,2026-10-05T13:27:20Z
2026-06-23T03:30:00Z,scarperia,0.00,0.000,21,ok,2026-10-05T13:27:20Z
2026-06-23T03:25:00Z,scarperia,0.00,0.000,21,ok,2026-10-05T13:27:20Z
2026-06-23T03:20:00Z,scarperia,0.00,0.000,21,ok,2026-10-05T13:27:20Z
2026-06-23T03:15:00Z,scarperia,0.00,0.000,21,ok,2026-10-05T13:27:20Z
2026-06-23T03:10:00Z,scarperia,0.00,0.000,21,ok,2026-10-05T13:27:20Z
2026-06-23T03:05:00Z,scarperia,0.00,0.000,21,ok,2026-10-05T13:27:20Z
2026-06-23T03:00:00Z,scarperia,0.00,0.000,21,ok,2026-10-05T13:27:20Z
2026-06-23T02:55:00Z,scarperia,0.00,0.000,21,ok,2026-10-05T13:27:20Z
2026-06-23T02:50:00Z,scarperia,0.00,0.000,21,ok,2026-10-05T13:27:20Z
2026-06-23T02:45:00Z,scarperia,0.00,0.000,21,ok,2026-10-05T13:27:20Z
2026-06-23T02:40:00Z,scarperia,0.00,0.000,21,ok,2026-10-05T13:27:20Z
2026-06-23T02:35:00Z,scarperia,0.00,0.000,21,ok,2026-10-05T13:27:20Z
2026-06-23T02:30:00Z,scarperia,0.00,0.000,21,ok,2026-10-05T13:27:20Z
2026-06-23T02:25:00Z,scarperia,0.00,0.000,21,ok,2026-10-05T13:27:20Z
2026-06-23T02:20:00Z,scarperia,0.00,0.000,21,ok,2026-10-05T13:27:20Z
2026-06-23T02:15:00Z,scarperia,0.00,0.000,21,ok,2026-10-05T13:27:20Z
2026-06-23T02:10:00Z,scarperia,0.00,0.000,21,ok,2026-10-05T13:27:20Z
2026-06-23T02:05:00Z,scarperia,0.00,0.000,21,ok,2026-10-05T13:27:20Z
2026-06-23T02:00:00Z,scarperia,0.00,0.000,21,ok,2026-10-05T13:27:20Z
2026-06-23T01:55:00Z,scarperia,0.00,0.000,21,ok,2026-10-05T13:27:20Z
2026-06-23T01:50:00Z,scarperia,0.00,0.000,21,ok,2026-10-05T13:27:20Z
2026-06-23T01:45:00Z,scarperia,0.00,0.000,21,ok,2026-10-05T13:27:20Z
2026-06-23T01:40:00Z,scarperia,0.00,0.000,21,ok,2026-10-05T13:27:20Z
2026-06-23T01:35:00Z,scarperia,0.00,0.000,21,ok,2026-10-05T13:27:20Z
2026-06-23T01:30:00Z,scarperia,0.00,0.000,21,ok,2026-10-05T13:27:20Z
2026-06-23T01:25:00Z,scarperia,0.00,0.000,21,ok,2026-10-05T13:27:20Z
2026-06-23T01:20:00Z,scarperia,0.00,0.000,21,ok,2026-10-05T13:27:20Z
2026-06-23T01:15:00Z,scarperia,0.00,0.000,21,ok,2026-10-05T13:27:20Z
2026-06-23T01:10:00Z,scarperia,0.00,0.000,21,ok,2026-10-05T13:27:20Z
2026-06-23T01:05:00Z,scarperia,0.00,0.000,21,ok,2026-10-05T13:27:20Z
2026-06-23T01:00:00Z,scarperia,0.00,0.000,21,ok,2026-10-05T13:27:20Z
2026-06-23T00:55:00Z,scarperia,0.00,0.000,21,ok,2026-10-05T13:27:20Z
2026-06-23T00:50:00Z,scarperia,0.00,0.000,21,ok,2026-10-05T13:27:20Z
2026-06-23T00:45:00Z,scarperia,0.00,0.000,21,ok,2026-10-05T13:27:20Z
2026-06-23T00:40:00Z,scarperia,0.00,0.000,21,ok,2026-10-05T13:27:20Z
2026-06-23T00:35:00Z,scarperia,0.00,0.000,21,ok,2026-10-05T13:27:20Z
2026-06-23T00:30:00Z,scarperia,0.00,0.000,21,ok,2026-10-05T13:27:20Z
2026-06-23T00:25:00Z,scarperia,0.00,0.000,21,ok,2026-10-05T13:27:20Z
2026-06-23T00:20:00Z,scarperia,0.00,0.000,21,ok,2026-10-05T13:27:20Z
2026-06-23T00:15:00Z,scarperia,0.00,0.000,21,ok,2026-10-05T13:27:20Z
2026-06-23T00:10:00Z,scarperia,0.00,0.000,21,ok,2026-10-05T13:27:20Z
2026-06-23T00:05:00Z,scarperia,0.00,0.000,21,ok,2026-10-05T13:27:20Z
2026-06-23T00:00:00Z,scarperia,0.00,0.000,21,ok,2026-10-05T13:27:20Z
2026-06-22T23:55:00Z,scarperia,0.00,0.000,21,ok,2026-10-05T13:27:20Z
2026-06-22T23:50:00Z,scarperia,0.00,0.000,21,ok,2026-10-05T13:27:20Z
2026-06-22T23:45:00Z,scarperia,0.00,0.000,21,ok,2026-10-05T13:27:20Z
2026-06-22T23:40:00Z,scarperia,0.00,0.000,21,ok,2026-10-05T13:27:20Z
2026-06-22T23:35:00Z,scarperia,0.00,0.000,21,ok,2026-10-05T13:27:20Z
2026-06-22T23:30:00Z,scarperia,0.00,0.000,21,ok,2026-10-05T13:27:20Z
2026-06-22T23:25:00Z,scarperia,0.00,0.000,21,ok,2026-10-05T13:27:20Z
2026-06-22T23:20:00Z,scarperia,0.00,0.000,21,ok,2026-10-05T13:27:20Z
2026-06-22T23:15:00Z,scarperia,0.00,0.000,21,ok,2026-10-05T13:27:20Z
2026-06-22T23:10:00Z,scarperia,0.00,0.000,21,ok,2026-10-05T13:27:20Z
2026-06-22T23:05:00Z,scarperia,0.00,0.000,21,ok,2026-10-05T13:27:20Z
2026-06-22T23:00:00Z,scarperia,0.00,0.000,21,ok,2026-10-05T13:27:20Z
2026-06-22T19:00:00Z,scarperia,0.00,0.000,21,ok,2026-10-05T13:27:20Z
2026-06-22T18:55:00Z,scarperia,0.00,0.000,21,ok,2026-10-05T13:27:20Z
2026-06-22T18:50:00Z,scarperia,0.00,0.000,21,ok,2026-10-05T13:27:20Z
2026-06-22T18:45:00Z,scarperia,0.00,0.000,21,ok,2026-10-05T13:27:20Z
2026-06-22T18:40:00Z,scarperia,0.00,0.000,21,ok,2026-10-05T13:27:20Z
2026-06-22T18:35:00Z,scarperia,0.00,0.000,21,ok,2026-10-05T13:27:20Z
2026-06-22T18:30:00Z,scarperia,0.00,0.000,21,ok,2026-10-05T13:27:20Z
2026-06-22T18:25:00Z,scarperia,0.00,0.000,21,ok,2026-10-05T13:27:20Z
2026-06-22T18:20:00Z,scarperia,0.00,0.000,21,ok,2026-10-05T13:27:20Z
2026-06-22T18:15:00Z,scarperia,0.00,0.000,21,ok,2026-10-05T13:27:20Z
2026-06-22T18:10:00Z,scarperia,0.00,0.000,21,ok,2026-10-05T13:27:20Z
2026-06-22T18:05:00Z,scarperia,0.00,0.000,21,ok,2026-10-05T13:27:20Z
2026-06-22T18:00:00Z,scarperia,0.00,0.000,21,ok,2026-10-05T13:27:20Z
2026-06-22T17:55:00Z,scarperia,0.00,0.000,21,ok,2026-10-05T13:27:20Z
2026-06-22T17:50:00Z,scarperia,0.00,0.000,21,ok,2026-10-05T13:27:20Z
2026-06-22T17:45:00Z,scarperia,0.00,0.000,21,ok,2026-10-05T13:27:20Z
2026-06-22T17:40:00Z,scarperia,0.00,0.000,21,ok,2026-10-05T13:27:20Z
2026-06-22T17:35:00Z,scarperia,0.00,0.000,21,ok,2026-10-05T13:27:20Z
2026-06-22T17:30:00Z,scarperia,0.00,0.000,21,ok,2026-10-05T13:27:20Z
2026-06-22T17:25:00Z,scarperia,0.00,0.000,21,ok,2026-10-05T13:27:20Z
2026-06-22T17:20:00Z,scarperia,0.00,0.000,21,ok,2026-10-05T13:27:20Z
2026-06-22T17:15:00Z,scarperia,0.00,0.000,21,ok,2026-10-05T13:27:20Z
2026-06-22T17:10:00Z,scarperia,0.00,0.000,21,ok,2026-10-05T13:27:20Z
2026-06-22T17:05:00Z,scarperia,0.00,0.000,21,ok,2026-10-05T13:27:20Z
2026-06-22T17:00:00Z,scarperia,0.00,0.000,21,ok,2026-10-05T13:27:20Z
2026-06-22T16:55:00Z,scarperia,0.00,0.000,21,ok,2026-10-05T13:27:20Z
2026-06-22T16:50:00Z,scarperia,0.00,0.000,21,ok,2026-10-05T13:27:20Z
2026-06-22T16:45:00Z,scarperia,0.00,0.000,21,ok,2026-10-05T13:27:20Z
2026-06-22T16:40:00Z,scarperia,0.00,0.000,21,ok,2026-10-05T13:27:20Z
2026-06-22T16:35:00Z,scarperia,0.00,0.000,21,ok,2026-10-05T13:27:20Z
2026-06-22T16:30:00Z,scarperia,0.00,0.000,21,ok,2026-10-05T13:27:20Z
2026-06-22T16:25:00Z,scarperia,0.00,0.000,21,ok,2026-10-05T13:27:20Z
2026-06-22T16:20:00Z,scarperia,0.00,0.000,21,ok,2026-10-05T13:27:20Z
2026-06-22T16:15:00Z,scarperia,0.00,0.000,21,ok,2026-10-05T13:27:20Z
2026-06-22T16:10:00Z,scarperia,0.00,0.000,21,ok,2026-10-05T13:27:20Z
2026-06-22T16:05:00Z,scarperia,0.00,0.000,21,ok,2026-10-05T13:27:20Z
2026-06-22T16:00:00Z,scarperia,0.00,0.000,21,ok,2026-10-05T13:27:20Z
2026-06-22T15:55:00Z,scarperia,0.00,0.000,21,ok,2026-10-05T13:27:20Z
2026-06-22T15:50:00Z,scarperia,0.00,0.000,21,ok,2026-10-05T13:27:20Z
2026-06-22T15:45:00Z,scarperia,0.00,0.000,21,ok,2026-10-05T13:27:20Z
2026-06-22T15:40:00Z,scarperia,0.00,0.000,21,ok,2026-10-05T13:27:20Z
2026-06-22T15:35:00Z,scarperia,0.00,0.000,21,ok,2026-10-05T13:27:20Z
2026-06-22T15:30:00Z,scarperia,0.00,0.000,21,ok,2026-10-05T13:27:20Z
2026-06-22T15:25:00Z,scarperia,0.00,0.000,21,ok,2026-10-05T13:27:20Z
2026-06-22T15:20:00Z,scarperia,0.00,0.000,21,ok,2026-10-05T13:27:20Z
2026-06-22T15:15:00Z,scarperia,0.00,0.000,21,ok,2026-10-05T13:27:20Z
2026-06-22T15:10:00Z,scarperia,0.00,0.000,21,ok,2026-10-05T13:27:20Z
2026-06-22T15:05:00Z,scarperia,0.00,0.000,21,ok,2026-10-05T13:27:20Z
2026-06-22T15:00:00Z,scarperia,0.00,0.000,21,ok,2026-10-05T13:27:20Z
2026-06-22T14:55:00Z,scarperia,0.00,0.000,21,ok,2026-10-05T13:27:20Z
2026-06-22T14:50:00Z,scarperia,0.00,0.000,21,ok,2026-10-05T13:27:20Z
2026-06-22T14:45:00Z,scarperia,0.00,0.000,21,ok,2026-10-05T13:27:20Z
2026-06-22T14:40:00Z,scarperia,0.00,0.000,21,ok,2026-10-05T13:27:20Z
2026-06-22T14:35:00Z,scarperia,0.00,0.000,21,ok,2026-10-05T13:27:20Z
2026-06-22T14:30:00Z,scarperia,0.00,0.000,21,ok,2026-10-05T13:27:20Z
2026-06-22T14:25:00Z,scarperia,0.00,0.000,21,ok,2026-10-05T13:27:20Z
2026-06-22T14:20:00Z,scarperia,0.00,0.000,21,ok,2026-10-05T13:27:20Z
2026-06-22T14:15:00Z,scarperia,0.00,0.000,21,ok,2026-10-05T13:27:20Z
2026-06-22T14:10:00Z,scarperia,0.00,0.000,21,ok,2026-10-05T13:27:20Z
2026-06-22T14:05:00Z,scarperia,0.00,0.000,21,ok,2026-10-05T13:27:20Z
2026-06-22T14:00:00Z,scarperia,0.00,0.000,21,ok,2026-10-05T13:27:20Z
2026-06-21T20:45:00Z,scarperia,0.00,0.000,21,ok,2026-10-05T13:27:20Z
2026-06-21T20:40:00Z,scarperia,0.00,0.000,21,ok,2026-10-05T13:27:20Z
2026-06-21T20:35:00Z,scarperia,0.00,0.000,21,ok,2026-10-05T13:27:20Z
2026-06-21T20:30:00Z,scarperia,0.00,0.000,21,ok,2026-10-05T13:27:20Z
2026-06-21T20:25:00Z,scarperia,0.00,0.000,21,ok,2026-10-05T13:27:20Z
2026-06-21T20:20:00Z,scarperia,0.00,0.000,21,ok,2026-10-05T13:27:20Z
2026-06-21T20:15:00Z,scarperia,0.00,0.000,21,ok,2026-10-05T13:27:20Z
2026-06-21T20:10:00Z,scarperia,0.00,0.000,21,ok,2026-10-05T13:27:20Z
2026-06-21T20:05:00Z,scarperia,0.00,0.000,21,ok,2026-10-05T13:27:20Z
2026-06-21T20:00:00Z,scarperia,0.00,0.000,21,ok,2026-10-05T13:27:20Z
2026-06-21T19:55:00Z,scarperia,0.00,0.000,21,ok,2026-10-05T13:27:20Z
2026-06-21T19:50:00Z,scarperia,0.00,0.000,21,ok,2026-10-05T13:27:20Z
2026-06-21T19:45:00Z,scarperia,0.00,0.000,21,ok,2026-10-05T13:27:20Z
2026-06-21T19:40:00Z,scarperia,0.00,0.000,21,ok,2026-10-05T13:27:20Z
2026-06-21T19:35:00Z,scarperia,0.00,0.000,21,ok,2026-10-05T13:27:20Z
2026-06-21T19:30:00Z,scarperia,0.00,0.000,21,ok,2026-10-05T13:27:20Z
2026-06-21T19:25:00Z,scarperia,0.00,0.000,21,ok,2026-10-05T13:27:20Z
2026-06-21T19:20:00Z,scarperia,0.00,0.000,21,ok,2026-10-05T13:27:20Z
2026-06-21T19:15:00Z,scarperia,0.00,0.000,21,ok,2026-10-05T13:27:20Z
2026-06-21T19:10:00Z,scarperia,0.00,0.000,21,ok,2026-10-05T13:27:20Z
2026-06-21T19:05:00Z,scarperia,0.00,0.000,21,ok,2026-10-05T13:27:20Z
2026-06-21T19:00:00Z,scarperia,0.00,0.000,21,ok,2026-10-05T13:27:20Z
2026-06-21T18:55:00Z,scarperia,0.00,0.000,21,ok,2026-10-05T13:27:20Z
2026-06-21T18:50:00Z,scarperia,0.00,0.000,21,ok,2026-10-05T13:27:20Z
2026-06-21T18:45:00Z,scarperia,0.00,0.000,21,ok,2026-10-05T13:27:20Z
2026-06-21T18:40:00Z,scarperia,0.00,0.000,21,ok,2026-10-05T13:27:20Z
2026-06-21T18:35:00Z,scarperia,0.00,0.000,21,ok,2026-10-05T13:27:20Z
2026-06-21T18:30:00Z,scarperia,0.00,0.000,21,ok,2026-10-05T13:27:20Z
2026-06-21T18:25:00Z,scarperia,0.00,0.000,21,ok,2026-10-05T13:27:20Z
2026-06-21T18:20:00Z,scarperia,0.00,0.000,21,ok,2026-10-05T13:27:20Z
2026-06-21T18:15:00Z,scarperia,0.00,0.000,21,ok,2026-10-05T13:27:20Z
2026-06-21T18:10:00Z,scarperia,0.00,0.000,21,ok,2026-10-05T13:27:20Z
2026-06-21T18:05:00Z,scarperia,0.00,0.000,21,ok,2026-10-05T13:27:20Z
2026-06-21T18:00:00Z,scarperia,0.00,0.000,21,ok,2026-10-05T13:27:20Z
2026-06-21T13:00:00Z,scarperia,0.00,0.000,21,ok,2026-10-05T13:27:20Z
2026-06-21T12:55:00Z,scarperia,0.00,0.000,21,ok,2026-10-05T13:27:20Z
2026-06-21T12:50:00Z,scarperia,0.00,0.000,21,ok,2026-10-05T13:27:20Z
2026-06-21T12:45:00Z,scarperia,0.00,0.000,21,ok,2026-10-05T13:27:20Z
2026-06-21T12:40:00Z,scarperia,0.00,0.000,21,ok,2026-10-05T13:27:20Z
2026-06-21T12:35:00Z,scarperia,0.00,0.000,21,ok,2026-10-05T13:27:20Z
2026-06-21T12:30:00Z,scarperia,0.00,0.000,21,ok,2026-10-05T13:27:20Z
2026-06-21T12:25:00Z,scarperia,0.00,0.000,21,ok,2026-10-05T13:27:20Z
2026-06-21T12:20:00Z,scarperia,0.00,0.000,21,ok,2026-10-05T13:27:20Z
2026-06-21T12:15:00Z,scarperia,0.00,0.000,21,ok,2026-10-05T13:27:20Z
2026-06-21T12:10:00Z,scarperia,0.00,0.000,21,ok,2026-10-05T13:27:20Z
2026-06-21T12:05:00Z,scarperia,0.00,0.000,21,ok,2026-10-05T13:27:20Z
2026-06-21T12:00:00Z,scarperia,0.00,0.000,21,ok,2026-10-05T13:27:20Z
2026-06-21T11:55:00Z,scarperia,0.00,0.000,21,ok,2026-10-05T13:27:20Z
2026-06-21T11:50:00Z,scarperia,2.91,0.478,21,ok,2026-10-05T13:27:20Z
2026-06-21T11:45:00Z,scarperia,7.10,2.476,21,ok,2026-10-05T13:27:20Z
2026-06-21T11:40:00Z,scarperia,12.28,6.895,21,ok,2026-10-05T13:27:20Z
2026-06-21T11:35:00Z,scarperia,25.76,12.670,21,ok,2026-10-05T13:27:20Z
2026-06-21T11:30:00Z,scarperia,32.71,10.339,21,ok,2026-10-05T13:27:20Z
2026-06-21T11:25:00Z,scarperia,13.84,4.512,21,ok,2026-10-05T13:27:20Z
2026-06-21T11:20:00Z,scarperia,3.15,1.181,21,ok,2026-10-05T13:27:20Z
2026-06-21T11:15:00Z,scarperia,0.53,0.112,21,ok,2026-10-05T13:27:20Z
2026-06-21T11:10:00Z,scarperia,0.00,0.000,21,ok,2026-10-05T13:27:20Z
2026-06-21T11:05:00Z,scarperia,0.00,0.000,21,ok,2026-10-05T13:27:20Z
2026-06-21T11:00:00Z,scarperia,0.00,0.000,21,ok,2026-10-05T13:27:20Z
2026-06-21T10:55:00Z,scarperia,0.00,0.000,21,ok,2026-10-05T13:27:20Z
2026-06-21T10:50:00Z,scarperia,0.00,0.000,21,ok,2026-10-05T13:27:20Z
2026-06-21T10:45:00Z,scarperia,0.00,0.000,21,ok,2026-10-05T13:27:20Z
2026-06-21T10:40:00Z,scarperia,0.00,0.000,21,ok,2026-10-05T13:27:20Z
2026-06-21T10:35:00Z,scarperia,0.00,0.000,21,ok,2026-10-05T13:27:20Z
2026-06-21T10:30:00Z,scarperia,0.00,0.000,21,ok,2026-10-05T13:27:20Z
2026-06-21T10:25:00Z,scarperia,0.00,0.000,21,ok,2026-10-05T13:27:20Z
2026-06-21T10:20:00Z,scarperia,0.00,0.000,21,ok,2026-10-05T13:27:20Z
2026-06-21T10:15:00Z,scarperia,0.00,0.000,21,ok,2026-10-05T13:27:20Z
2026-06-21T10:10:00Z,scarperia,0.00,0.000,21,ok,2026-10-05T13:27:20Z
2026-06-21T10:05:00Z,scarperia,0.00,0.000,21,ok,2026-10-05T13:27:20Z
2026-06-21T10:00:00Z,scarperia,0.00,0.000,21,ok,2026-10-05T13:27:20Z
2026-06-21T09:55:00Z,scarperia,0.00,0.000,21,ok,2026-10-05T13:27:20Z
2026-06-21T09:50:00Z,scarperia,0.00,0.000,21,ok,2026-10-05T13:27:20Z
2026-06-21T09:45:00Z,scarperia,0.00,0.000,21,ok,2026-10-05T13:27:20Z
2026-06-21T09:40:00Z,scarperia,0.00,0.000,21,ok,2026-10-05T13:27:20Z
2026-06-21T09:35:00Z,scarperia,0.00,0.000,21,ok,2026-10-05T13:27:20Z
2026-06-21T09:30:00Z,scarperia,0.00,0.000,21,ok,2026-10-05T13:27:20Z
2026-06-21T09:25:00Z,scarperia,0.00,0.000,21,ok,2026-10-05T13:27:20Z
2026-06-21T09:20:00Z,scarperia,0.00,0.000,21,ok,2026-10-05T13:27:20Z
2026-06-21T09:15:00Z,scarperia,0.00,0.000,21,ok,2026-10-05T13:27:20Z
2026-06-21T09:10:00Z,scarperia,0.00,0.000,21,ok,2026-10-05T13:27:20Z
2026-06-21T09:05:00Z,scarperia,0.00,0.000,21,ok,2026-10-05T13:27:20Z
2026-06-21T09:00:00Z,scarperia,0.00,0.000,21,ok,2026-10-05T13:27:20Z
2026-06-21T08:55:00Z,scarperia,0.00,0.000,21,ok,2026-10-05T13:27:20Z
2026-06-21T08:50:00Z,scarperia,0.00,0.000,21,ok,2026-10-05T13:27:20Z
2026-06-21T08:45:00Z,scarperia,0.00,0.000,21,ok,2026-10-05T13:27:20Z
2026-06-21T08:40:00Z,scarperia,0.00,0.000,21,ok,2026-10-05T13:27:20Z
2026-06-21T08:35:00Z,scarperia,0.00,0.000,21,ok,2026-10-05T13:27:20Z
2026-06-21T08:30:00Z,scarperia,0.00,0.000,21,ok,2026-10-05T13:27:20Z
2026-06-21T08:25:00Z,scarperia,0.00,0.000,21,ok,2026-10-05T13:27:20Z
2026-06-21T08:20:00Z,scarperia,0.00,0.000,21,ok,2026-10-05T13:27:20Z
2026-06-21T08:15:00Z,scarperia,0.00,0.000,21,ok,2026-10-05T13:27:20Z
2026-06-21T08:10:00Z,scarperia,0.00,0.000,21,ok,2026-10-05T13:27:20Z
2026-06-21T08:05:00Z,scarperia,0.00,0.000,21,ok,2026-10-05T13:27:20Z
2026-06-21T08:00:00Z,scarperia,0.00,0.000,21,ok,2026-10-05T13:27:20Z
2026-06-20T19:55:00Z,scarperia,0.00,0.000,21,ok,2026-10-05T13:27:20Z
2026-06-20T19:50:00Z,scarperia,0.00,0.000,21,ok,2026-10-05T13:27:20Z
2026-06-20T19:45:00Z,scarperia,0.00,0.000,21,ok,2026-10-05T13:27:20Z
2026-06-20T19:40:00Z,scarperia,0.00,0.000,21,ok,2026-10-05T13:27:20Z
2026-06-20T19:35:00Z,scarperia,0.00,0.000,21,ok,2026-10-05T13:27:20Z
2026-06-20T19:30:00Z,scarperia,0.00,0.000,21,ok,2026-10-05T13:27:20Z
2026-06-20T19:25:00Z,scarperia,0.00,0.000,21,ok,2026-10-05T13:27:20Z
2026-06-20T19:20:00Z,scarperia,0.00,0.000,21,ok,2026-10-05T13:27:20Z
2026-06-20T19:15:00Z,scarperia,0.00,0.000,21,ok,2026-10-05T13:27:20Z
2026-06-20T19:10:00Z,scarperia,0.00,0.000,21,ok,2026-10-05T13:27:20Z
2026-06-20T19:05:00Z,scarperia,0.00,0.000,21,ok,2026-10-05T13:27:20Z
2026-06-20T19:00:00Z,scarperia,0.00,0.000,21,ok,2026-10-05T13:27:20Z
2026-06-20T18:55:00Z,scarperia,0.00,0.000,21,ok,2026-10-05T13:27:20Z
2026-06-20T18:50:00Z,scarperia,0.00,0.000,21,ok,2026-10-05T13:27:20Z
2026-06-20T18:45:00Z,scarperia,0.00,0.000,21,ok,2026-10-05T13:27:20Z
2026-06-20T18:40:00Z,scarperia,0.00,0.000,21,ok,2026-10-05T13:27:20Z
2026-06-20T18:35:00Z,scarperia,0.00,0.000,21,ok,2026-10-05T13:27:20Z
2026-06-20T18:30:00Z,scarperia,0.00,0.000,21,ok,2026-10-05T13:27:20Z
2026-06-20T18:25:00Z,scarperia,0.00,0.000,21,ok,2026-10-05T13:27:20Z
2026-06-20T18:20:00Z,scarperia,0.00,0.000,21,ok,2026-10-05T13:27:20Z
2026-06-20T18:15:00Z,scarperia,0.00,0.000,21,ok,2026-10-05T13:27:20Z
2026-06-20T18:10:00Z,scarperia,0.00,0.000,21,ok,2026-10-05T13:27:20Z
2026-06-20T18:05:00Z,scarperia,0.00,0.000,21,ok,2026-10-05T13:27:20Z
2026-06-20T18:00:00Z,scarperia,0.00,0.000,21,ok,2026-10-05T13:27:20Z
2026-06-20T17:55:00Z,scarperia,0.00,0.000,21,ok,2026-10-05T13:27:20Z
2026-06-20T17:50:00Z,scarperia,0.00,0.000,21,ok,2026-10-05T13:27:20Z
2026-06-20T17:45:00Z,scarperia,0.00,0.000,21,ok,2026-10-05T13:27:20Z
2026-06-20T17:40:00Z,scarperia,0.00,0.000,21,ok,2026-10-05T13:27:20Z
2026-06-20T17:35:00Z,scarperia,0.00,0.000,21,ok,2026-10-05T13:27:20Z
2026-06-20T17:30:00Z,scarperia,0.00,0.000,21,ok,2026-10-05T13:27:20Z
2026-06-20T17:25:00Z,scarperia,0.00,0.000,21,ok,2026-10-05T13:27:20Z
2026-06-20T17:20:00Z,scarperia,0.00,0.000,21,ok,2026-10-05T13:27:20Z
2026-06-20T17:15:00Z,scarperia,0.00,0.000,21,ok,2026-10-05T13:27:20Z
2026-06-20T17:10:00Z,scarperia,0.00,0.000,21,ok,2026-10-05T13:27:20Z
2026-06-20T17:05:00Z,scarperia,0.00,0.000,21,ok,2026-10-05T13:27:20Z
2026-06-20T17:00:00Z,scarperia,0.00,0.000,21,ok,2026-10-05T13:27:20Z
2026-06-20T16:55:00Z,scarperia,0.00,0.000,21,ok,2026-10-05T13:27:20Z
2026-06-20T16:50:00Z,scarperia,0.00,0.000,21,ok,2026-10-05T13:27:20Z
2026-06-20T16:45:00Z,scarperia,0.00,0.000,21,ok,2026-10-05T13:27:20Z
2026-06-20T16:40:00Z,scarperia,0.00,0.000,21,ok,2026-10-05T13:27:20Z
2026-06-20T16:35:00Z,scarperia,0.00,0.000,21,ok,2026-10-05T13:27:20Z
2026-06-20T16:30:00Z,scarperia,0.00,0.000,21,ok,2026-10-05T13:27:20Z
2026-06-20T16:25:00Z,scarperia,0.00,0.000,21,ok,2026-10-05T13:27:20Z
2026-06-20T16:20:00Z,scarperia,0.00,0.000,21,ok,2026-10-05T13:27:20Z
2026-06-20T16:15:00Z,scarperia,0.00,0.000,21,ok,2026-10-05T13:27:20Z
2026-06-20T16:10:00Z,scarperia,0.00,0.000,21,ok,2026-10-05T13:27:20Z
2026-06-20T16:05:00Z,scarperia,0.00,0.000,21,ok,2026-10-05T13:27:20Z
2026-06-20T16:00:00Z,scarperia,0.00,0.000,21,ok,2026-10-05T13:27:20Z
2026-06-20T15:55:00Z,scarperia,0.00,0.000,21,ok,2026-10-05T13:27:20Z
2026-06-20T15:50:00Z,scarperia,0.00,0.000,21,ok,2026-10-05T13:27:20Z
2026-06-20T15:45:00Z,scarperia,0.00,0.000,21,ok,2026-10-05T13:27:20Z
2026-06-20T15:40:00Z,scarperia,0.00,0.000,21,ok,2026-10-05T13:27:20Z
2026-06-20T15:35:00Z,scarperia,0.00,0.000,21,ok,2026-10-05T13:27:20Z
2026-06-20T15:30:00Z,scarperia,0.00,0.000,21,ok,2026-10-05T13:27:20Z
2026-06-20T15:25:00Z,scarperia,0.00,0.000,21,ok,2026-10-05T13:27:20Z
2026-06-20T15:20:00Z,scarperia,0.00,0.000,21,ok,2026-10-05T13:27:20Z
2026-06-20T15:15:00Z,scarperia,0.00,0.000,21,ok,2026-10-05T13:27:20Z
2026-06-20T15:10:00Z,scarperia,0.00,0.000,21,ok,2026-10-05T13:27:20Z
2026-06-20T15:05:00Z,scarperia,0.00,0.000,21,ok,2026-10-05T13:27:20Z
2026-06-20T15:00:00Z,scarperia,0.00,0.000,21,ok,2026-10-05T13:27:20Z
2026-06-20T14:55:00Z,scarperia,0.00,0.000,21,ok,2026-10-05T13:27:20Z
2026-06-20T14:50:00Z,scarperia,0.00,0.000,21,ok,2026-10-05T13:27:20Z
2026-06-20T14:45:00Z,scarperia,0.00,0.000,21,ok,2026-10-05T13:27:20Z
2026-06-20T14:40:00Z,scarperia,0.00,0.000,21,ok,2026-10-05T13:27:20Z
2026-06-20T14:35:00Z,scarperia,0.00,0.000,21,ok,2026-10-05T13:27:20Z
2026-06-20T14:30:00Z,scarperia,0.00,0.000,21,ok,2026-10-05T13:27:20Z
2026-06-20T14:25:00Z,scarperia,0.00,0.000,21,ok,2026-10-05T13:27:20Z
2026-06-20T14:20:00Z,scarperia,0.00,0.000,21,ok,2026-10-05T13:27:20Z
2026-06-20T14:15:00Z,scarperia,0.00,0.000,21,ok,2026-10-05T13:27:20Z
2026-06-20T14:10:00Z,scarperia,0.00,0.000,21,ok,2026-10-05T13:27:20Z
2026-06-20T14:05:00Z,scarperia,0.00,0.000,21,ok,2026-10-05T13:27:20Z
2026-06-20T14:00:00Z,scarperia,0.00,0.000,21,ok,2026-10-05T13:27:20Z
2026-06-11T10:00:00Z,scarperia,0.00,0.000,21,ok,2026-10-05T13:27:20Z
2026-06-11T09:55:00Z,scarperia,0.00,0.000,21,ok,2026-10-05T13:27:20Z
2026-06-11T09:50:00Z,scarperia,0.00,0.000,21,ok,2026-10-05T13:27:20Z
2026-06-11T09:45:00Z,scarperia,0.00,0.000,21,ok,2026-10-05T13:27:20Z
2026-06-11T09:40:00Z,scarperia,0.00,0.000,21,ok,2026-10-05T13:27:20Z
2026-06-11T09:35:00Z,scarperia,0.00,0.000,21,ok,2026-10-05T13:27:20Z
2026-06-11T09:30:00Z,scarperia,0.00,0.000,21,ok,2026-10-05T13:27:20Z
2026-06-11T09:25:00Z,scarperia,0.00,0.000,21,ok,2026-10-05T13:27:20Z
2026-06-11T09:20:00Z,scarperia,0.00,0.000,21,ok,2026-10-05T13:27:20Z
2026-06-11T09:15:00Z,scarperia,0.00,0.000,21,ok,2026-10-05T13:27:20Z
2026-06-11T09:10:00Z,scarperia,0.00,0.000,21,ok,2026-10-05T13:27:20Z
2026-06-11T09:05:00Z,scarperia,0.00,0.000,21,ok,2026-10-05T13:27:20Z
2026-06-11T09:00:00Z,scarperia,0.00,0.000,21,ok,2026-10-05T13:27:20Z
2026-06-11T08:55:00Z,scarperia,0.00,0.000,21,ok,2026-10-05T13:27:20Z
2026-06-11T08:50:00Z,scarperia,0.00,0.000,21,ok,2026-10-05T13:27:20Z
2026-06-11T08:45:00Z,scarperia,0.00,0.000,21,ok,2026-10-05T13:27:20Z
2026-06-11T08:40:00Z,scarperia,0.00,0.000,21,ok,2026-10-05T13:27:20Z
2026-06-11T08:35:00Z,scarperia,0.00,0.000,21,ok,2026-10-05T13:27:20Z
2026-06-11T08:30:00Z,scarperia,0.00,0.000,21,ok,2026-10-05T13:27:20Z
2026-06-11T08:25:00Z,scarperia,0.00,0.000,21,ok,2026-10-05T13:27:20Z
2026-06-11T08:20:00Z,scarperia,0.00,0.000,21,ok,2026-10-05T13:27:20Z
2026-06-11T08:15:00Z,scarperia,0.00,0.000,21,ok,2026-10-05T13:27:20Z
2026-06-11T08:10:00Z,scarperia,0.00,0.000,21,ok,2026-10-05T13:27:20Z
2026-06-11T08:05:00Z,scarperia,0.00,0.000,21,ok,2026-10-05T13:27:20Z
2026-06-11T08:00:00Z,scarperia,0.00,0.000,21,ok,2026-10-05T13:27:20Z
2026-06-11T07:55:00Z,scarperia,0.00,0.000,21,ok,2026-10-05T13:27:20Z
2026-06-11T07:50:00Z,scarperia,0.00,0.000,21,ok,2026-10-05T13:27:20Z
2026-06-11T07:45:00Z,scarperia,0.00,0.000,21,ok,2026-10-05T13:27:20Z
2026-06-11T07:40:00Z,scarperia,0.00,0.000,21,ok,2026-10-05T13:27:20Z
2026-06-11T07:35:00Z,scarperia,0.00,0.000,21,ok,2026-10-05T13:27:20Z
2026-06-11T07:30:00Z,scarperia,0.00,0.000,21,ok,2026-10-05T13:27:20Z
2026-06-11T07:25:00Z,scarperia,0.00,0.000,21,ok,2026-10-05T13:27:20Z
2026-06-11T07:20:00Z,scarperia,0.00,0.000,21,ok,2026-10-05T13:27:20Z
2026-06-11T07:15:00Z,scarperia,0.00,0.000,21,ok,2026-10-05T13:27:20Z
2026-06-11T07:10:00Z,scarperia,0.00,0.000,21,ok,2026-10-05T13:27:20Z
2026-06-11T07:05:00Z,scarperia,0.00,0.000,21,ok,2026-10-05T13:27:20Z
2026-06-11T07:00:00Z,scarperia,0.00,0.000,21,ok,2026-10-05T13:27:20Z
2026-06-11T06:55:00Z,scarperia,0.00,0.000,21,ok,2026-10-05T13:27:20Z
2026-06-11T06:50:00Z,scarperia,0.00,0.000,21,ok,2026-10-05T13:27:20Z
2026-06-11T06:45:00Z,scarperia,0.00,0.000,21,ok,2026-10-05T13:27:20Z
2026-06-11T06:40:00Z,scarperia,0.00,0.000,21,ok,2026-10-05T13:27:20Z
2026-06-11T06:35:00Z,scarperia,0.00,0.000,21,ok,2026-10-05T13:27:20Z
2026-06-11T06:30:00Z,scarperia,0.00,0.000,21,ok,2026-10-05T13:27:20Z
2026-06-11T06:25:00Z,scarperia,0.00,0.000,21,ok,2026-10-05T13:27:20Z
2026-06-11T06:20:00Z,scarperia,0.00,0.000,21,ok,2026-10-05T13:27:20Z
2026-06-11T06:15:00Z,scarperia,0.00,0.000,21,ok,2026-10-05T13:27:20Z
2026-06-11T06:10:00Z,scarperia,0.00,0.000,21,ok,2026-10-05T13:27:20Z
2026-06-11T06:05:00Z,scarperia,0.00,0.000,21,ok,2026-10-05T13:27:20Z
2026-06-11T06:00:00Z,scarperia,0.00,0.000,21,ok,2026-10-05T13:27:20Z
2026-06-11T05:55:00Z,scarperia,0.00,0.000,21,ok,2026-10-05T13:27:20Z
2026-06-11T05:50:00Z,scarperia,0.00,0.000,21,ok,2026-10-05T13:27:20Z
2026-06-11T05:45:00Z,scarperia,0.00,0.000,21,ok,2026-10-05T13:27:20Z
2026-06-11T05:40:00Z,scarperia,0.00,0.000,21,ok,2026-10-05T13:27:20Z
2026-06-11T05:35:00Z,scarperia,0.00,0.000,21,ok,2026-10-05T13:27:20Z
2026-06-11T05:30:00Z,scarperia,0.00,0.000,21,ok,2026-10-05T13:27:20Z
2026-06-11T05:25:00Z,scarperia,0.00,0.000,21,ok,2026-10-05T13:27:20Z
2026-06-11T05:20:00Z,scarperia,0.00,0.000,21,ok,2026-10-05T13:27:20Z
2026-06-11T05:15:00Z,scarperia,0.00,0.000,21,ok,2026-10-05T13:27:20Z
2026-06-11T05:10:00Z,scarperia,0.00,0.000,21,ok,2026-10-05T13:27:20Z
2026-06-11T05:05:00Z,scarperia,0.00,0.000,21,ok,2026-10-05T13:27:20Z
2026-06-11T05:00:00Z,scarperia,0.00,0.000,21,ok,2026-10-05T13:27:20Z
2026-06-10T19:00:00Z,scarperia,0.00,0.000,21,ok,2026-10-05T13:27:20Z
2026-06-10T18:55:00Z,scarperia,0.00,0.000,21,ok,2026-10-05T13:27:20Z
2026-06-10T18:50:00Z,scarperia,0.00,0.000,21,ok,2026-10-05T13:27:20Z
2026-06-10T18:45:00Z,scarperia,0.00,0.000,21,ok,2026-10-05T13:27:20Z
2026-06-10T18:40:00Z,scarperia,0.00,0.000,21,ok,2026-10-05T13:27:20Z
2026-06-10T18:35:00Z,scarperia,0.00,0.000,21,ok,2026-10-05T13:27:20Z
2026-06-10T18:30:00Z,scarperia,0.00,0.000,21,ok,2026-10-05T13:27:20Z
2026-06-10T18:25:00Z,scarperia,0.00,0.000,21,ok,2026-10-05T13:27:20Z
2026-06-10T18:20:00Z,scarperia,0.00,0.000,21,ok,2026-10-05T13:27:20Z
2026-06-10T18:15:00Z,scarperia,0.00,0.000,21,ok,2026-10-05T13:27:20Z
2026-06-10T18:10:00Z,scarperia,0.00,0.000,21,ok,2026-10-05T13:27:20Z
2026-06-10T18:05:00Z,scarperia,0.00,0.000,21,ok,2026-10-05T13:27:20Z
2026-06-10T18:00:00Z,scarperia,0.00,0.000,21,ok,2026-10-05T13:27:20Z
2026-06-10T17:55:00Z,scarperia,0.00,0.000,21,ok,2026-10-05T13:27:20Z
2026-06-10T17:50:00Z,scarperia,0.00,0.000,21,ok,2026-10-05T13:27:20Z
2026-06-10T17:45:00Z,scarperia,0.00,0.000,21,ok,2026-10-05T13:27:20Z
2026-06-10T17:40:00Z,scarperia,0.00,0.000,21,ok,2026-10-05T13:27:20Z
2026-06-10T17:35:00Z,scarperia,0.00,0.000,21,ok,2026-10-05T13:27:20Z
2026-06-10T17:30:00Z,scarperia,0.00,0.000,21,ok,2026-10-05T13:27:20Z
2026-06-10T17:25:00Z,scarperia,0.00,0.000,21,ok,2026-10-05T13:27:20Z
2026-06-10T17:20:00Z,scarperia,0.00,0.000,21,ok,2026-10-05T13:27:20Z
2026-06-10T17:15:00Z,scarperia,0.00,0.000,21,ok,2026-10-05T13:27:20Z
2026-06-10T17:10:00Z,scarperia,0.00,0.000,21,ok,2026-10-05T13:27:20Z
2026-06-10T17:05:00Z,scarperia,0.00,0.000,21,ok,2026-10-05T13:27:20Z
2026-06-10T17:00:00Z,scarperia,0.00,0.000,21,ok,2026-10-05T13:27:20Z
2026-06-10T16:55:00Z,scarperia,0.00,0.000,21,ok,2026-10-05T13:27:20Z
2026-06-10T16:50:00Z,scarperia,0.00,0.000,21,ok,2026-10-05T13:27:20Z
2026-06-10T16:45:00Z,scarperia,0.00,0.000,21,ok,2026-10-05T13:27:20Z
2026-06-10T16:40:00Z,scarperia,0.00,0.000,21,ok,2026-10-05T13:27:20Z
2026-06-10T16:35:00Z,scarperia,0.00,0.000,21,ok,2026-10-05T13:27:20Z
2026-06-10T16:30:00Z,scarperia,0.00,0.000,21,ok,2026-10-05T13:27:20Z
2026-06-10T16:25:00Z,scarperia,0.00,0.000,21,ok,2026-10-05T13:27:20Z
2026-06-10T16:20:00Z,scarperia,0.00,0.000,21,ok,2026-10-05T13:27:20Z
2026-06-10T16:15:00Z,scarperia,0.00,0.000,21,ok,2026-10-05T13:27:20Z
2026-06-10T16:10:00Z,scarperia,0.00,0.000,21,ok,2026-10-05T13:27:20Z
2026-06-10T16:05:00Z,scarperia,0.00,0.000,21,ok,2026-10-05T13:27:20Z
2026-06-10T16:00:00Z,scarperia,0.00,0.000,21,ok,2026-10-05T13:27:20Z
2026-06-10T15:55:00Z,scarperia,0.00,0.000,21,ok,2026-10-05T13:27:20Z
2026-06-10T15:50:00Z,scarperia,0.00,0.000,21,ok,2026-10-05T13:27:20Z
2026-06-10T15:45:00Z,scarperia,0.00,0.000,21,ok,2026-10-05T13:27:20Z
2026-06-10T15:40:00Z,scarperia,0.00,0.000,21,ok,2026-10-05T13:27:20Z
2026-06-10T15:35:00Z,scarperia,0.00,0.000,21,ok,2026-10-05T13:27:20Z
2026-06-10T15:30:00Z,scarperia,0.00,0.000,21,ok,2026-10-05T13:27:20Z
2026-06-10T15:25:00Z,scarperia,0.00,0.000,21,ok,2026-10-05T13:27:20Z
2026-06-10T15:20:00Z,scarperia,0.00,0.000,21,ok,2026-10-05T13:27:20Z
2026-06-10T15:15:00Z,scarperia,0.00,0.000,21,ok,2026-10-05T13:27:20Z
2026-06-10T15:10:00Z,scarperia,0.00,0.000,21,ok,2026-10-05T13:27:20Z
2026-06-10T15:05:00Z,scarperia,0.00,0.000,21,ok,2026-10-05T13:27:20Z
2026-06-10T15:00:00Z,scarperia,0.00,0.000,21,ok,2026-10-05T13:27:20Z
2026-06-10T14:55:00Z,scarperia,0.00,0.000,21,ok,2026-10-05T13:27:20Z
2026-06-10T14:50:00Z,scarperia,0.00,0.000,21,ok,2026-10-05T13:27:20Z
2026-06-10T14:45:00Z,scarperia,0.00,0.000,21,ok,2026-10-05T13:27:20Z
2026-06-10T14:40:00Z,scarperia,0.00,0.000,21,ok,2026-10-05T13:27:20Z
2026-06-10T14:35:00Z,scarperia,0.00,0.000,21,ok,2026-10-05T13:27:20Z
2026-06-10T14:30:00Z,scarperia,0.00,0.000,21,ok,2026-10-05T13:27:20Z
2026-06-10T14:25:00Z,scarperia,0.00,0.000,21,ok,2026-10-05T13:27:20Z
2026-06-10T14:20:00Z,scarperia,0.00,0.000,21,ok,2026-10-05T13:27:20Z
2026-06-10T14:15:00Z,scarperia,0.00,0.000,21,ok,2026-10-05T13:27:20Z
2026-06-10T14:10:00Z,scarperia,0.00,0.000,21,ok,2026-10-05T13:27:20Z
2026-06-10T14:05:00Z,scarperia,0.00,0.000,21,ok,2026-10-05T13:27:20Z
2026-06-10T14:00:00Z,scarperia,0.00,0.000,21,ok,2026-10-05T13:27:20Z
2026-06-10T13:55:00Z,scarperia,0.00,0.000,21,ok,2026-10-05T13:27:20Z
2026-06-10T13:50:00Z,scarperia,0.00,0.000,21,ok,2026-10-05T13:27:20Z
2026-06-10T13:45:00Z,scarperia,0.00,0.000,21,ok,2026-10-05T13:27:20Z
2026-06-10T13:40:00Z,scarperia,0.00,0.000,21,ok,2026-10-05T13:27:20Z
2026-06-10T13:35:00Z,scarperia,0.00,0.000,21,ok,2026-10-05T13:27:20Z
2026-06-10T13:30:00Z,scarperia,0.00,0.000,21,ok,2026-10-05T13:27:20Z
2026-06-10T13:25:00Z,scarperia,0.00,0.000,21,ok,2026-10-05T13:27:20Z
2026-06-10T13:20:00Z,scarperia,0.00,0.000,21,ok,2026-10-05T13:27:20Z
2026-06-10T13:15:00Z,scarperia,0.00,0.000,21,ok,2026-10-05T13:27:20Z
2026-06-10T13:10:00Z,scarperia,0.00,0.000,21,ok,2026-10-05T13:27:20Z
2026-06-10T13:05:00Z,scarperia,0.00,0.000,21,ok,2026-10-05T13:27:20Z
2026-06-10T13:00:00Z,scarperia,0.00,0.000,21,ok,2026-10-05T13:27:20Z
2026-06-10T12:55:00Z,scarperia,0.00,0.000,21,ok,2026-10-05T13:27:20Z
2026-06-10T12:50:00Z,scarperia,0.00,0.000,21,ok,2026-10-05T13:27:20Z
2026-06-10T12:45:00Z,scarperia,0.00,0.000,21,ok,2026-10-05T13:27:20Z
2026-06-10T12:40:00Z,scarperia,0.00,0.000,21,ok,2026-10-05T13:27:20Z
2026-06-10T12:35:00Z,scarperia,0.00,0.000,21,ok,2026-10-05T13:27:20Z
2026-06-10T12:30:00Z,scarperia,0.00,0.000,21,ok,2026-10-05T13:27:20Z
2026-06-10T12:25:00Z,scarperia,0.00,0.000,21,ok,2026-10-05T13:27:20Z
2026-06-10T12:20:00Z,scarperia,0.00,0.000,21,ok,2026-10-05T13:27:20Z
2026-06-10T12:15:00Z,scarperia,0.00,0.000,21,ok,2026-10-05T13:27:20Z
2026-06-10T12:10:00Z,scarperia,0.00,0.000,21,ok,2026-10-05T13:27:20Z
2026-06-10T12:05:00Z,scarperia,0.00,0.000,21,ok,2026-10-05T13:27:20Z
2026-06-10T12:00:00Z,scarperia,0.00,0.000,21,ok,2026-10-05T13:27:20Z
2026-06-10T11:55:00Z,scarperia,0.00,0.000,21,ok,2026-10-05T13:27:20Z
2026-06-10T11:50:00Z,scarperia,0.00,0.000,21,ok,2026-10-05T13:27:20Z
2026-06-10T11:45:00Z,scarperia,0.00,0.000,21,ok,2026-10-05T13:27:20Z
2026-06-10T11:40:00Z,scarperia,0.00,0.000,21,ok,2026-10-05T13:27:20Z
2026-06-10T11:35:00Z,scarperia,0.00,0.000,21,ok,2026-10-05T13:27:20Z
2026-06-10T11:30:00Z,scarperia,0.00,0.000,21,ok,2026-10-05T13:27:20Z
2026-06-10T11:25:00Z,scarperia,0.00,0.000,21,ok,2026-10-05T13:27:20Z
2026-06-10T11:20:00Z,scarperia,0.95,0.133,21,ok,2026-10-05T13:27:20Z
2026-06-10T11:15:00Z,scarperia,0.78,0.074,21,ok,2026-10-05T13:27:20Z
2026-06-10T11:10:00Z,scarperia,0.00,0.000,21,ok,2026-10-05T13:27:20Z
2026-09-18T10:55:00Z,scarperia,0.00,0.000,21,ok,2026-10-05T13:45:07Z
2026-09-18T10:50:00Z,scarperia,0.00,0.000,21,ok,2026-10-05T13:45:07Z
2026-09-18T10:45:00Z,scarperia,0.00,0.000,21,ok,2026-10-05T13:45:07Z
2026-09-18T10:40:00Z,scarperia,0.00,0.000,21,ok,2026-10-05T13:45:07Z
2026-09-18T10:35:00Z,scarperia,0.00,0.000,21,ok,2026-10-05T13:45:07Z
2026-09-18T10:30:00Z,scarperia,0.00,0.000,21,ok,2026-10-05T13:45:07Z
2026-09-18T10:25:00Z,scarperia,0.00,0.000,21,ok,2026-10-05T13:45:07Z
2026-09-18T10:20:00Z,scarperia,0.00,0.000,21,ok,2026-10-05T13:45:07Z
2026-09-18T10:15:00Z,scarperia,0.00,0.000,21,ok,2026-10-05T13:45:07Z
2026-09-18T10:10:00Z,scarperia,0.00,0.000,21,ok,2026-10-05T13:45:07Z
2026-09-18T10:05:00Z,scarperia,0.00,0.000,21,ok,2026-10-05T13:45:07Z
2026-09-17T13:45:00Z,scarperia,0.00,0.000,21,ok,2026-10-05T13:45:07Z
2026-09-17T13:40:00Z,scarperia,0.00,0.000,21,ok,2026-10-05T13:45:07Z
2026-09-17T13:35:00Z,scarperia,0.00,0.000,21,ok,2026-10-05T13:45:07Z
2026-09-17T13:30:00Z,scarperia,0.00,0.000,21,ok,2026-10-05T13:45:07Z
2026-09-17T13:25:00Z,scarperia,0.00,0.000,21,ok,2026-10-05T13:45:07Z
2026-09-17T13:20:00Z,scarperia,0.00,0.000,21,ok,2026-10-05T13:45:07Z
2026-09-17T13:15:00Z,scarperia,0.00,0.000,21,ok,2026-10-05T13:45:07Z
2026-09-17T13:10:00Z,scarperia,0.00,0.000,21,ok,2026-10-05T13:45:07Z
2026-09-17T13:05:00Z,scarperia,0.00,0.000,21,ok,2026-10-05T13:45:07Z
2026-09-17T07:55:00Z,scarperia,0.70,0.574,21,ok,2026-10-05T13:45:07Z
2026-09-17T07:50:00Z,scarperia,0.62,0.459,21,ok,2026-10-05T13:45:07Z
2026-09-17T07:45:00Z,scarperia,0.38,0.167,21,ok,2026-10-05T13:45:07Z
2026-09-17T07:40:00Z,scarperia,0.00,0.000,21,ok,2026-10-05T13:45:07Z
2026-09-09T08:50:00Z,scarperia,0.00,0.000,21,ok,2026-10-05T13:45:07Z
2026-09-09T08:45:00Z,scarperia,0.00,0.000,21,ok,2026-10-05T13:45:07Z
2026-09-09T08:40:00Z,scarperia,0.00,0.000,21,ok,2026-10-05T13:45:07Z
2026-09-09T08:35:00Z,scarperia,0.00,0.000,21,ok,2026-10-05T13:45:07Z
2026-09-09T08:30:00Z,scarperia,0.00,0.000,21,ok,2026-10-05T13:45:07Z
2026-08-21T04:35:00Z,scarperia,0.00,0.000,21,ok,2026-10-05T13:45:07Z
2026-08-21T04:30:00Z,scarperia,0.00,0.000,21,ok,2026-10-05T13:45:07Z
2026-08-21T04:25:00Z,scarperia,0.00,0.000,21,ok,2026-10-05T13:45:07Z
2026-08-21T04:20:00Z,scarperia,0.00,0.000,21,ok,2026-10-05T13:45:07Z
2026-08-21T04:15:00Z,scarperia,0.00,0.000,21,ok,2026-10-05T13:45:07Z
2026-08-15T19:10:00Z,scarperia,0.00,0.000,21,ok,2026-10-05T13:45:07Z
2026-08-10T15:10:00Z,scarperia,0.00,0.000,21,ok,2026-10-05T13:45:07Z
2026-08-08T16:35:00Z,scarperia,0.00,0.000,21,ok,2026-10-05T13:45:07Z
2026-08-08T16:30:00Z,scarperia,0.00,0.000,21,ok,2026-10-05T13:45:07Z
2026-08-08T16:25:00Z,scarperia,0.00,0.000,21,ok,2026-10-05T13:45:07Z
2026-08-08T16:20:00Z,scarperia,0.00,0.000,21,ok,2026-10-05T13:45:07Z
2026-08-08T16:15:00Z,scarperia,0.00,0.000,21,ok,2026-10-05T13:45:07Z
2026-08-08T16:10:00Z,scarperia,0.00,0.000,21,ok,2026-10-05T13:45:07Z
2026-08-08T16:05:00Z,scarperia,0.00,0.000,21,ok,2026-10-05T13:45:07Z
2026-08-08T10:55:00Z,scarperia,0.00,0.000,21,ok,2026-10-05T13:45:07Z
2026-08-08T10:50:00Z,scarperia,0.00,0.000,21,ok,2026-10-05T13:45:07Z
2026-08-07T07:35:00Z,scarperia,0.00,0.000,21,ok,2026-10-05T13:45:07Z
2026-08-07T07:30:00Z,scarperia,0.00,0.000,21,ok,2026-10-05T13:45:07Z
2026-08-07T07:25:00Z,scarperia,0.00,0.000,21,ok,2026-10-05T13:45:07Z
2026-08-07T07:20:00Z,scarperia,0.00,0.000,21,ok,2026-10-05T13:45:07Z
2026-08-07T07:15:00Z,scarperia,0.00,0.000,21,ok,2026-10-05T13:45:07Z
2026-08-07T07:10:00Z,scarperia,0.00,0.000,21,ok,2026-10-05T13:45:07Z
2026-08-07T07:05:00Z,scarperia,0.00,0.000,21,ok,2026-10-05T13:45:07Z
2026-08-07T07:00:00Z,scarperia,0.00,0.000,21,ok,2026-10-05T13:45:07Z
2026-08-07T06:55:00Z,scarperia,0.00,0.000,21,ok,2026-10-05T13:45:07Z
2026-08-07T06:50:00Z,scarperia,0.00,0.000,21,ok,2026-10-05T13:45:07Z
2026-08-07T06:45:00Z,scarperia,0.00,0.000,21,ok,2026-10-05T13:45:07Z
2026-08-07T06:40:00Z,scarperia,0.00,0.000,21,ok,2026-10-05T13:45:07Z
2026-08-07T06:35:00Z,scarperia,0.00,0.000,21,ok,2026-10-05T13:45:07Z
2026-08-07T06:30:00Z,scarperia,0.00,0.000,21,ok,2026-10-05T13:45:07Z
2026-08-07T06:25:00Z,scarperia,0.00,0.000,21,ok,2026-10-05T13:45:07Z
2026-07-26T07:10:00Z,scarperia,0.00,0.000,21,ok,2026-10-05T13:45:07Z
2026-07-26T07:05:00Z,scarperia,0.00,0.000,21,ok,2026-10-05T13:45:07Z
2026-07-15T17:50:00Z,scarperia,0.00,0.000,21,ok,2026-10-05T13:45:07Z
2026-07-15T17:45:00Z,scarperia,0.00,0.000,21,ok,2026-10-05T13:45:07Z
2026-07-15T17:40:00Z,scarperia,0.00,0.000,21,ok,2026-10-05T13:45:07Z
2026-07-15T17:35:00Z,scarperia,0.00,0.000,21,ok,2026-10-05T13:45:07Z
2026-07-15T17:30:00Z,scarperia,0.00,0.000,21,ok,2026-10-05T13:45:07Z
2026-07-15T17:25:00Z,scarperia,0.00,0.000,21,ok,2026-10-05T13:45:07Z
2026-07-15T17:20:00Z,scarperia,0.58,0.304,21,ok,2026-10-05T13:45:07Z
2026-07-15T17:15:00Z,scarperia,0.32,0.015,21,ok,2026-10-05T13:45:07Z
2026-07-15T17:10:00Z,scarperia,0.58,0.055,21,ok,2026-10-05T13:45:07Z
2026-07-15T17:05:00Z,scarperia,0.62,0.258,21,ok,2026-10-05T13:45:07Z
2026-07-15T17:00:00Z,scarperia,0.58,0.055,21,ok,2026-10-05T13:45:07Z
2026-07-15T16:55:00Z,scarperia,0.17,0.016,21,ok,2026-10-05T13:45:07Z
2026-07-15T16:50:00Z,scarperia,2.33,0.950,21,ok,2026-10-05T13:45:07Z
2026-07-14T18:10:00Z,scarperia,0.00,0.000,21,ok,2026-10-05T13:45:07Z
2026-07-14T18:05:00Z,scarperia,0.00,0.000,21,ok,2026-10-05T13:45:07Z
2026-07-14T18:00:00Z,scarperia,0.00,0.000,21,ok,2026-10-05T13:45:07Z
2026-07-14T17:55:00Z,scarperia,0.00,0.000,21,ok,2026-10-05T13:45:07Z
2026-07-14T17:50:00Z,scarperia,0.00,0.000,21,ok,2026-10-05T13:45:07Z
2026-07-14T17:45:00Z,scarperia,0.00,0.000,21,ok,2026-10-05T13:45:07Z
2026-07-14T17:40:00Z,scarperia,0.00,0.000,21,ok,2026-10-05T13:45:07Z
2026-07-14T17:35:00Z,scarperia,0.00,0.000,21,ok,2026-10-05T13:45:07Z
2026-07-14T17:30:00Z,scarperia,0.00,0.000,21,ok,2026-10-05T13:45:07Z
2026-07-14T17:25:00Z,scarperia,0.00,0.000,21,ok,2026-10-05T13:45:07Z
2026-07-14T17:20:00Z,scarperia,0.00,0.000,21,ok,2026-10-05T13:45:07Z
2026-07-14T17:15:00Z,scarperia,0.00,0.000,21,ok,2026-10-05T13:45:07Z
2026-07-14T17:10:00Z,scarperia,0.00,0.000,21,ok,2026-10-05T13:45:07Z
2026-07-14T17:05:00Z,scarperia,0.00,0.000,21,ok,2026-10-05T13:45:07Z
2026-07-14T17:00:00Z,scarperia,0.00,0.000,21,ok,2026-10-05T13:45:07Z
2026-07-14T16:55:00Z,scarperia,0.00,0.000,21,ok,2026-10-05T13:45:07Z
2026-07-14T16:50:00Z,scarperia,0.00,0.000,21,ok,2026-10-05T13:45:07Z
2026-07-14T16:45:00Z,scarperia,0.00,0.000,21,ok,2026-10-05T13:45:07Z
2026-07-11T00:35:00Z,scarperia,0.00,0.000,21,ok,2026-10-05T13:45:07Z
2026-07-11T00:30:00Z,scarperia,0.00,0.000,21,ok,2026-10-05T13:45:07Z
2026-07-11T00:25:00Z,scarperia,0.00,0.000,21,ok,2026-10-05T13:45:07Z
2026-07-11T00:20:00Z,scarperia,0.00,0.000,21,ok,2026-10-05T13:45:07Z
2026-07-11T00:15:00Z,scarperia,0.00,0.000,21,ok,2026-10-05T13:45:07Z
2026-07-11T00:10:00Z,scarperia,0.00,0.000,21,ok,2026-10-05T13:45:07Z
2026-07-11T00:05:00Z,scarperia,0.00,0.000,21,ok,2026-10-05T13:45:07Z
2026-07-11T00:00:00Z,scarperia,0.00,0.000,21,ok,2026-10-05T13:45:07Z
2026-07-10T23:55:00Z,scarperia,0.00,0.000,21,ok,2026-10-05T13:45:07Z
2026-07-10T23:50:00Z,scarperia,0.00,0.000,21,ok,2026-10-05T13:45:07Z
2026-07-10T23:45:00Z,scarperia,0.00,0.000,21,ok,2026-10-05T13:45:07Z
2026-07-10T23:40:00Z,scarperia,0.00,0.000,21,ok,2026-10-05T13:45:07Z
2026-07-10T23:35:00Z,scarperia,0.00,0.000,21,ok,2026-10-05T13:45:07Z
2026-07-10T13:45:00Z,scarperia,0.00,0.000,21,ok,2026-10-05T13:45:07Z
2026-07-10T13:40:00Z,scarperia,0.00,0.000,21,ok,2026-10-05T13:45:07Z
2026-07-10T13:35:00Z,scarperia,0.00,0.000,21,ok,2026-10-05T13:45:07Z
2026-07-10T13:30:00Z,scarperia,0.00,0.000,21,ok,2026-10-05T13:45:07Z
2026-07-10T13:25:00Z,scarperia,0.00,0.000,21,ok,2026-10-05T13:45:07Z
2026-07-10T13:20:00Z,scarperia,0.00,0.000,21,ok,2026-10-05T13:45:07Z
2026-07-10T13:15:00Z,scarperia,0.00,0.000,21,ok,2026-10-05T13:45:07Z
2026-07-10T13:10:00Z,scarperia,0.00,0.000,21,ok,2026-10-05T13:45:07Z
2026-07-10T13:05:00Z,scarperia,0.00,0.000,21,ok,2026-10-05T13:45:07Z
2026-07-10T13:00:00Z,scarperia,0.00,0.000,21,ok,2026-10-05T13:45:07Z
2026-07-10T12:55:00Z,scarperia,0.00,0.000,21,ok,2026-10-05T13:45:07Z
2026-07-10T12:50:00Z,scarperia,0.00,0.000,21,ok,2026-10-05T13:45:07Z
2026-07-02T04:55:00Z,scarperia,0.00,0.000,21,ok,2026-10-05T13:45:07Z
2026-07-01T17:25:00Z,scarperia,0.00,0.000,21,ok,2026-10-05T13:45:07Z
2026-07-01T17:20:00Z,scarperia,0.00,0.000,21,ok,2026-10-05T13:45:07Z
2026-07-01T17:15:00Z,scarperia,0.00,0.000,21,ok,2026-10-05T13:45:07Z
2026-07-01T17:10:00Z,scarperia,0.00,0.000,21,ok,2026-10-05T13:45:07Z
2026-07-01T17:05:00Z,scarperia,0.00,0.000,21,ok,2026-10-05T13:45:07Z
2026-07-01T17:00:00Z,scarperia,0.00,0.000,21,ok,2026-10-05T13:45:07Z
2026-07-01T16:55:00Z,scarperia,0.00,0.000,21,ok,2026-10-05T13:45:07Z
2026-07-01T16:50:00Z,scarperia,0.00,0.000,21,ok,2026-10-05T13:45:07Z
2026-07-01T16:45:00Z,scarperia,0.00,0.000,21,ok,2026-10-05T13:45:07Z
2026-07-01T16:40:00Z,scarperia,0.00,0.000,21,ok,2026-10-05T13:45:07Z
2026-07-01T16:35:00Z,scarperia,0.00,0.000,21,ok,2026-10-05T13:45:07Z
2026-07-01T16:30:00Z,scarperia,0.00,0.000,21,ok,2026-10-05T13:45:07Z
2026-06-30T13:20:00Z,scarperia,0.00,0.000,21,ok,2026-10-05T13:45:07Z
2026-06-30T13:15:00Z,scarperia,0.00,0.000,21,ok,2026-10-05T13:45:07Z
2026-06-30T13:10:00Z,scarperia,0.00,0.000,21,ok,2026-10-05T13:45:07Z
2026-06-30T13:05:00Z,scarperia,0.00,0.000,21,ok,2026-10-05T13:45:07Z
2026-06-30T13:00:00Z,scarperia,0.00,0.000,21,ok,2026-10-05T13:45:07Z
2026-06-30T12:55:00Z,scarperia,0.00,0.000,21,ok,2026-10-05T13:45:07Z
2026-06-30T12:50:00Z,scarperia,0.00,0.000,21,ok,2026-10-05T13:45:07Z
2026-06-30T12:45:00Z,scarperia,0.00,0.000,21,ok,2026-10-05T13:45:07Z
2026-06-30T12:40:00Z,scarperia,0.00,0.000,21,ok,2026-10-05T13:45:07Z
2026-06-30T12:35:00Z,scarperia,0.00,0.000,21,ok,2026-10-05T13:45:07Z
2026-06-29T22:40:00Z,scarperia,1.68,1.047,21,ok,2026-10-05T13:45:07Z
2026-06-29T22:35:00Z,scarperia,2.54,1.533,21,ok,2026-10-05T13:45:07Z
2026-06-29T22:30:00Z,scarperia,2.97,1.698,21,ok,2026-10-05T13:45:07Z
2026-06-29T22:25:00Z,scarperia,2.67,1.750,21,ok,2026-10-05T13:45:07Z
2026-06-29T22:20:00Z,scarperia,7.42,6.933,21,ok,2026-10-05T13:45:07Z
2026-06-29T22:15:00Z,scarperia,5.08,4.821,21,ok,2026-10-05T13:45:07Z
2026-06-29T22:10:00Z,scarperia,4.79,4.392,21,ok,2026-10-05T13:45:07Z
2026-06-29T22:05:00Z,scarperia,3.77,3.321,21,ok,2026-10-05T13:45:07Z
2026-06-29T22:00:00Z,scarperia,5.09,4.049,21,ok,2026-10-05T13:45:07Z
2026-06-29T21:55:00Z,scarperia,4.02,3.280,21,ok,2026-10-05T13:45:07Z
2026-06-29T21:50:00Z,scarperia,4.36,3.723,21,ok,2026-10-05T13:45:07Z
2026-06-29T21:45:00Z,scarperia,4.03,3.903,21,ok,2026-10-05T13:45:07Z
2026-06-29T21:40:00Z,scarperia,4.17,3.033,21,ok,2026-10-05T13:45:07Z
2026-06-10T11:05:00Z,scarperia,0.00,0.000,21,ok,2026-10-05T13:45:07Z
2026-06-10T11:00:00Z,scarperia,0.00,0.000,21,ok,2026-10-05T13:45:07Z
2026-06-10T10:55:00Z,scarperia,0.00,0.000,21,ok,2026-10-05T13:45:07Z
2026-06-10T10:50:00Z,scarperia,0.00,0.000,21,ok,2026-10-05T13:45:07Z
2026-06-10T10:45:00Z,scarperia,0.00,0.000,21,ok,2026-10-05T13:45:07Z
2026-06-10T10:40:00Z,scarperia,0.00,0.000,21,ok,2026-10-05T13:45:07Z
2026-06-10T10:35:00Z,scarperia,0.00,0.000,21,ok,2026-10-05T13:45:07Z
2026-06-10T10:30:00Z,scarperia,0.00,0.000,21,ok,2026-10-05T13:45:07Z
2026-06-10T10:25:00Z,scarperia,0.00,0.000,21,ok,2026-10-05T13:45:07Z
2026-06-10T10:20:00Z,scarperia,0.00,0.000,21,ok,2026-10-05T13:45:07Z
2026-06-10T10:15:00Z,scarperia,0.00,0.000,21,ok,2026-10-05T13:45:07Z
2026-06-10T10:10:00Z,scarperia,0.00,0.000,21,ok,2026-10-05T13:45:07Z
2026-06-10T10:05:00Z,scarperia,0.00,0.000,21,ok,2026-10-05T13:45:07Z
2026-06-10T10:00:00Z,scarperia,0.00,0.000,21,ok,2026-10-05T13:45:07Z
2026-06-10T09:55:00Z,scarperia,0.00,0.000,21,ok,2026-10-05T13:45:07Z
2026-06-10T09:50:00Z,scarperia,0.00,0.000,21,ok,2026-10-05T13:45:07Z
2026-06-10T09:45:00Z,scarperia,0.00,0.000,21,ok,2026-10-05T13:45:07Z
2026-06-10T09:40:00Z,scarperia,0.00,0.000,21,ok,2026-10-05T13:45:07Z
2026-06-10T09:35:00Z,scarperia,0.00,0.000,21,ok,2026-10-05T13:45:07Z
2026-06-10T09:30:00Z,scarperia,0.00,0.000,21,ok,2026-10-05T13:45:07Z
2026-06-10T09:25:00Z,scarperia,0.00,0.000,21,ok,2026-10-05T13:45:07Z
2026-06-10T09:20:00Z,scarperia,0.00,0.000,21,ok,2026-10-05T13:45:07Z
2026-06-10T09:15:00Z,scarperia,0.00,0.000,21,ok,2026-10-05T13:45:07Z
2026-06-10T09:10:00Z,scarperia,0.00,0.000,21,ok,2026-10-05T13:45:07Z
2026-06-10T09:05:00Z,scarperia,0.00,0.000,21,ok,2026-10-05T13:45:07Z
2026-06-10T09:00:00Z,scarperia,0.00,0.000,21,ok,2026-10-05T13:45:07Z
2026-06-10T08:55:00Z,scarperia,0.00,0.000,21,ok,2026-10-05T13:45:07Z
2026-06-10T08:50:00Z,scarperia,0.00,0.000,21,ok,2026-10-05T13:45:07Z
2026-06-10T08:45:00Z,scarperia,0.00,0.000,21,ok,2026-10-05T13:45:07Z
2026-06-10T08:40:00Z,scarperia,0.00,0.000,21,ok,2026-10-05T13:45:07Z
2026-06-10T08:35:00Z,scarperia,0.00,0.000,21,ok,2026-10-05T13:45:07Z
2026-06-10T08:30:00Z,scarperia,0.00,0.000,21,ok,2026-10-05T13:45:07Z
2026-06-10T08:25:00Z,scarperia,0.00,0.000,21,ok,2026-10-05T13:45:07Z
2026-06-10T08:20:00Z,scarperia,0.00,0.000,21,ok,2026-10-05T13:45:07Z
2026-06-10T08:15:00Z,scarperia,0.00,0.000,21,ok,2026-10-05T13:45:07Z
2026-06-10T08:10:00Z,scarperia,0.00,0.000,21,ok,2026-10-05T13:45:07Z
2026-06-10T08:05:00Z,scarperia,0.00,0.000,21,ok,2026-10-05T13:45:07Z
2026-06-10T08:00:00Z,scarperia,0.00,0.000,21,ok,2026-10-05T13:45:07Z
2026-06-10T07:55:00Z,scarperia,0.00,0.000,21,ok,2026-10-05T13:45:07Z
2026-06-10T07:50:00Z,scarperia,0.00,0.000,21,ok,2026-10-05T13:45:07Z
2026-06-10T07:45:00Z,scarperia,0.00,0.000,21,ok,2026-10-05T13:45:07Z
2026-06-10T07:40:00Z,scarperia,0.00,0.000,21,ok,2026-10-05T13:45:07Z
2026-06-10T07:35:00Z,scarperia,0.00,0.000,21,ok,2026-10-05T13:45:07Z
2026-06-10T07:30:00Z,scarperia,0.00,0.000,21,ok,2026-10-05T13:45:07Z
2026-06-10T07:25:00Z,scarperia,0.00,0.000,21,ok,2026-10-05T13:45:07Z
2026-06-10T07:20:00Z,scarperia,0.00,0.000,21,ok,2026-10-05T13:45:07Z
2026-06-10T07:15:00Z,scarperia,0.00,0.000,21,ok,2026-10-05T13:45:07Z
2026-06-10T07:10:00Z,scarperia,0.00,0.000,21,ok,2026-10-05T13:45:07Z
2026-06-10T07:05:00Z,scarperia,0.00,0.000,21,ok,2026-10-05T13:45:07Z
2026-06-10T07:00:00Z,scarperia,0.00,0.000,21,ok,2026-10-05T13:45:07Z
2026-06-10T06:55:00Z,scarperia,0.00,0.000,21,ok,2026-10-05T13:45:07Z
2026-06-10T06:50:00Z,scarperia,0.00,0.000,21,ok,2026-10-05T13:45:07Z
2026-06-10T06:45:00Z,scarperia,0.00,0.000,21,ok,2026-10-05T13:45:07Z
2026-06-10T06:40:00Z,scarperia,0.00,0.000,21,ok,2026-10-05T13:45:07Z
2026-06-10T06:35:00Z,scarperia,0.00,0.000,21,ok,2026-10-05T13:45:07Z
2026-06-10T06:30:00Z,scarperia,0.00,0.000,21,ok,2026-10-05T13:45:07Z
2026-06-10T06:25:00Z,scarperia,0.00,0.000,21,ok,2026-10-05T13:45:07Z
2026-06-10T06:20:00Z,scarperia,0.00,0.000,21,ok,2026-10-05T13:45:07Z
2026-06-10T06:15:00Z,scarperia,0.00,0.000,21,ok,2026-10-05T13:45:07Z
2026-06-10T06:10:00Z,scarperia,0.00,0.000,21,ok,2026-10-05T13:45:07Z
2026-06-10T06:05:00Z,scarperia,0.00,0.000,21,ok,2026-10-05T13:45:07Z
2026-06-10T06:00:00Z,scarperia,0.00,0.000,21,ok,2026-10-05T13:45:07Z
2026-06-10T05:55:00Z,scarperia,0.00,0.000,21,ok,2026-10-05T13:45:07Z
2026-06-10T05:50:00Z,scarperia,0.00,0.000,21,ok,2026-10-05T13:45:07Z
2026-06-10T05:45:00Z,scarperia,0.00,0.000,21,ok,2026-10-05T13:45:07Z
2026-06-10T05:40:00Z,scarperia,0.00,0.000,21,ok,2026-10-05T13:45:07Z
2026-06-10T05:35:00Z,scarperia,0.00,0.000,21,ok,2026-10-05T13:45:07Z
2026-06-10T05:30:00Z,scarperia,0.00,0.000,21,ok,2026-10-05T13:45:07Z
2026-06-10T05:25:00Z,scarperia,0.00,0.000,21,ok,2026-10-05T13:45:07Z
2026-06-10T05:20:00Z,scarperia,0.00,0.000,21,ok,2026-10-05T13:45:07Z
2026-06-10T05:15:00Z,scarperia,0.00,0.000,21,ok,2026-10-05T13:45:07Z
2026-06-10T05:10:00Z,scarperia,0.00,0.000,21,ok,2026-10-05T13:45:07Z
2026-06-10T05:05:00Z,scarperia,0.00,0.000,21,ok,2026-10-05T13:45:07Z
2026-06-10T05:00:00Z,scarperia,0.00,0.000,21,ok,2026-10-05T13:45:07Z
2026-06-10T04:55:00Z,scarperia,0.00,0.000,21,ok,2026-10-05T13:45:07Z
2026-06-10T04:50:00Z,scarperia,0.00,0.000,21,ok,2026-10-05T13:45:07Z
2026-06-10T04:45:00Z,scarperia,0.00,0.000,21,ok,2026-10-05T13:45:07Z
2026-06-10T04:40:00Z,scarperia,0.00,0.000,21,ok,2026-10-05T13:45:07Z
2026-06-10T04:35:00Z,scarperia,0.00,0.000,21,ok,2026-10-05T13:45:07Z
2026-06-10T04:30:00Z,scarperia,0.00,0.000,21,ok,2026-10-05T13:45:07Z
2026-06-10T04:25:00Z,scarperia,0.00,0.000,21,ok,2026-10-05T13:45:07Z
2026-06-10T04:20:00Z,scarperia,0.00,0.000,21,ok,2026-10-05T13:45:07Z
2026-06-10T04:15:00Z,scarperia,0.00,0.000,21,ok,2026-10-05T13:45:07Z
2026-06-10T04:10:00Z,scarperia,0.00,0.000,21,ok,2026-10-05T13:45:07Z
2026-06-10T04:05:00Z,scarperia,0.00,0.000,21,ok,2026-10-05T13:45:07Z
2026-06-10T04:00:00Z,scarperia,0.00,0.000,21,ok,2026-10-05T13:45:07Z
2026-06-10T03:55:00Z,scarperia,0.00,0.000,21,ok,2026-10-05T13:45:07Z
2026-06-10T03:50:00Z,scarperia,0.00,0.000,21,ok,2026-10-05T13:45:07Z
2026-06-10T03:45:00Z,scarperia,0.00,0.000,21,ok,2026-10-05T13:45:07Z
2026-06-10T03:40:00Z,scarperia,0.00,0.000,21,ok,2026-10-05T13:45:07Z
2026-06-10T03:35:00Z,scarperia,0.00,0.000,21,ok,2026-10-05T13:45:07Z
2026-06-10T03:30:00Z,scarperia,0.00,0.000,21,ok,2026-10-05T13:45:07Z
2026-06-10T03:25:00Z,scarperia,0.00,0.000,21,ok,2026-10-05T13:45:07Z
2026-06-10T03:20:00Z,scarperia,0.00,0.000,21,ok,2026-10-05T13:45:07Z
2026-06-10T03:15:00Z,scarperia,0.00,0.000,21,ok,2026-10-05T13:45:07Z
2026-06-10T03:10:00Z,scarperia,0.00,0.000,21,ok,2026-10-05T13:45:07Z
2026-06-10T03:05:00Z,scarperia,0.00,0.000,21,ok,2026-10-05T13:45:07Z
2026-06-10T03:00:00Z,scarperia,0.00,0.000,21,ok,2026-10-05T13:45:07Z
2026-06-10T02:55:00Z,scarperia,0.00,0.000,21,ok,2026-10-05T13:45:07Z
2026-06-10T02:50:00Z,scarperia,0.00,0.000,21,ok,2026-10-05T13:45:07Z
2026-06-10T02:45:00Z,scarperia,0.00,0.000,21,ok,2026-10-05T13:45:07Z
2026-06-10T02:40:00Z,scarperia,0.00,0.000,21,ok,2026-10-05T13:45:07Z
2026-06-10T02:35:00Z,scarperia,0.00,0.000,21,ok,2026-10-05T13:45:07Z
2026-06-10T02:30:00Z,scarperia,0.00,0.000,21,ok,2026-10-05T13:45:07Z
2026-06-10T02:25:00Z,scarperia,0.00,0.000,21,ok,2026-10-05T13:45:07Z
2026-06-10T02:20:00Z,scarperia,0.00,0.000,21,ok,2026-10-05T13:45:07Z
2026-06-10T02:15:00Z,scarperia,0.00,0.000,21,ok,2026-10-05T13:45:07Z
2026-06-10T02:10:00Z,scarperia,0.00,0.000,21,ok,2026-10-05T13:45:07Z
2026-06-10T02:05:00Z,scarperia,0.00,0.000,21,ok,2026-10-05T13:45:07Z
2026-06-10T02:00:00Z,scarperia,0.00,0.000,21,ok,2026-10-05T13:45:07Z
2026-06-10T01:55:00Z,scarperia,0.00,0.000,21,ok,2026-10-05T13:45:07Z
2026-06-10T01:50:00Z,scarperia,0.00,0.000,21,ok,2026-10-05T13:45:07Z
2026-06-10T01:45:00Z,scarperia,0.00,0.000,21,ok,2026-10-05T13:45:07Z
2026-06-10T01:40:00Z,scarperia,0.00,0.000,21,ok,2026-10-05T13:45:07Z
2026-06-10T01:35:00Z,scarperia,0.00,0.000,21,ok,2026-10-05T13:45:07Z
2026-06-10T01:30:00Z,scarperia,0.00,0.000,21,ok,2026-10-05T13:45:07Z
2026-06-10T01:25:00Z,scarperia,0.00,0.000,21,ok,2026-10-05T13:45:07Z
2026-06-10T01:20:00Z,scarperia,0.00,0.000,21,ok,2026-10-05T13:45:07Z
2026-06-10T01:15:00Z,scarperia,0.00,0.000,21,ok,2026-10-05T13:45:07Z
2026-06-10T01:10:00Z,scarperia,0.00,0.000,21,ok,2026-10-05T13:45:07Z
2026-06-10T01:05:00Z,scarperia,0.00,0.000,21,ok,2026-10-05T13:45:07Z
2026-06-10T01:00:00Z,scarperia,0.00,0.000,21,ok,2026-10-05T13:45:07Z
2026-06-10T00:55:00Z,scarperia,0.00,0.000,21,ok,2026-10-05T13:45:07Z
2026-06-10T00:50:00Z,scarperia,0.00,0.000,21,ok,2026-10-05T13:45:07Z
2026-06-10T00:45:00Z,scarperia,0.00,0.000,21,ok,2026-10-05T13:45:07Z
2026-06-10T00:40:00Z,scarperia,0.00,0.000,21,ok,2026-10-05T13:45:07Z
2026-06-10T00:35:00Z,scarperia,0.00,0.000,21,ok,2026-10-05T13:45:07Z
2026-06-10T00:30:00Z,scarperia,0.00,0.000,21,ok,2026-10-05T13:45:07Z
2026-06-10T00:25:00Z,scarperia,0.00,0.000,21,ok,2026-10-05T13:45:07Z
2026-06-10T00:20:00Z,scarperia,0.00,0.000,21,ok,2026-10-05T13:45:07Z
2026-06-10T00:15:00Z,scarperia,0.00,0.000,21,ok,2026-10-05T13:45:07Z
2026-06-10T00:10:00Z,scarperia,0.00,0.000,21,ok,2026-10-05T13:45:07Z
2026-06-10T00:05:00Z,scarperia,0.00,0.000,21,ok,2026-10-05T13:45:07Z
2026-06-10T00:00:00Z,scarperia,0.00,0.000,21,ok,2026-10-05T13:45:07Z
2026-06-09T23:55:00Z,scarperia,0.00,0.000,21,ok,2026-10-05T13:45:07Z
2026-06-09T23:50:00Z,scarperia,0.00,0.000,21,ok,2026-10-05T13:45:07Z
2026-06-09T23:45:00Z,scarperia,0.00,0.000,21,ok,2026-10-05T13:45:07Z
2026-06-09T23:40:00Z,scarperia,0.00,0.000,21,ok,2026-10-05T13:45:07Z
2026-06-09T23:35:00Z,scarperia,0.00,0.000,21,ok,2026-10-05T13:45:07Z
2026-06-09T23:30:00Z,scarperia,0.00,0.000,21,ok,2026-10-05T13:45:07Z
2026-06-09T23:25:00Z,scarperia,0.00,0.000,21,ok,2026-10-05T13:45:07Z
2026-06-09T23:20:00Z,scarperia,0.00,0.000,21,ok,2026-10-05T13:45:07Z
2026-06-09T23:15:00Z,scarperia,0.00,0.000,21,ok,2026-10-05T13:45:07Z
2026-06-09T23:10:00Z,scarperia,0.00,0.000,21,ok,2026-10-05T13:45:07Z
2026-06-09T23:05:00Z,scarperia,0.00,0.000,21,ok,2026-10-05T13:45:07Z
2026-06-09T23:00:00Z,scarperia,0.00,0.000,21,ok,2026-10-05T13:45:07Z
2026-06-09T19:00:00Z,scarperia,0.00,0.000,21,ok,2026-10-05T13:45:07Z
2026-06-09T18:55:00Z,scarperia,0.00,0.000,21,ok,2026-10-05T13:45:07Z
2026-06-09T18:50:00Z,scarperia,0.00,0.000,21,ok,2026-10-05T13:45:07Z
2026-06-09T18:45:00Z,scarperia,0.00,0.000,21,ok,2026-10-05T13:45:07Z
2026-06-09T18:40:00Z,scarperia,0.00,0.000,21,ok,2026-10-05T13:45:07Z
2026-06-09T18:35:00Z,scarperia,0.00,0.000,21,ok,2026-10-05T13:45:07Z
2026-06-09T18:30:00Z,scarperia,0.00,0.000,21,ok,2026-10-05T13:45:07Z
2026-06-09T18:25:00Z,scarperia,0.00,0.000,21,ok,2026-10-05T13:45:07Z
2026-06-09T18:20:00Z,scarperia,0.00,0.000,21,ok,2026-10-05T13:45:07Z
2026-06-09T18:15:00Z,scarperia,0.00,0.000,21,ok,2026-10-05T13:45:07Z
2026-06-09T18:10:00Z,scarperia,0.00,0.000,21,ok,2026-10-05T13:45:07Z
2026-06-09T18:05:00Z,scarperia,0.00,0.000,21,ok,2026-10-05T13:45:07Z
2026-06-09T18:00:00Z,scarperia,0.00,0.000,21,ok,2026-10-05T13:45:07Z
2026-06-09T17:55:00Z,scarperia,0.00,0.000,21,ok,2026-10-05T13:45:07Z
2026-06-09T17:50:00Z,scarperia,0.00,0.000,21,ok,2026-10-05T13:45:07Z
2026-06-09T17:45:00Z,scarperia,0.00,0.000,21,ok,2026-10-05T13:45:07Z
2026-06-09T17:40:00Z,scarperia,0.00,0.000,21,ok,2026-10-05T13:45:07Z
2026-06-09T17:35:00Z,scarperia,0.00,0.000,21,ok,2026-10-05T13:45:07Z
2026-06-09T17:30:00Z,scarperia,0.00,0.000,21,ok,2026-10-05T13:45:07Z
2026-06-09T17:25:00Z,scarperia,0.00,0.000,21,ok,2026-10-05T13:45:07Z
2026-06-09T17:20:00Z,scarperia,0.00,0.000,21,ok,2026-10-05T13:45:07Z
2026-06-09T17:15:00Z,scarperia,0.00,0.000,21,ok,2026-10-05T13:45:07Z
2026-06-09T17:10:00Z,scarperia,0.00,0.000,21,ok,2026-10-05T13:45:07Z
2026-06-09T17:05:00Z,scarperia,0.00,0.000,21,ok,2026-10-05T13:45:07Z
2026-06-09T17:00:00Z,scarperia,0.00,0.000,21,ok,2026-10-05T13:45:07Z
2026-06-09T16:55:00Z,scarperia,0.00,0.000,21,ok,2026-10-05T13:45:07Z
2026-06-09T16:50:00Z,scarperia,0.00,0.000,21,ok,2026-10-05T13:45:07Z
2026-06-09T16:45:00Z,scarperia,0.00,0.000,21,ok,2026-10-05T13:45:07Z
2026-06-09T16:40:00Z,scarperia,0.00,0.000,21,ok,2026-10-05T13:45:07Z
2026-06-09T16:35:00Z,scarperia,0.00,0.000,21,ok,2026-10-05T13:45:07Z
2026-06-09T16:30:00Z,scarperia,0.00,0.000,21,ok,2026-10-05T13:45:07Z
2026-06-09T16:25:00Z,scarperia,0.00,0.000,21,ok,2026-10-05T13:45:07Z
2026-06-09T16:20:00Z,scarperia,0.00,0.000,21,ok,2026-10-05T13:45:07Z
2026-06-09T16:15:00Z,scarperia,0.00,0.000,21,ok,2026-10-05T13:45:07Z
2026-06-09T16:10:00Z,scarperia,0.00,0.000,21,ok,2026-10-05T13:45:07Z
2026-06-09T16:05:00Z,scarperia,0.00,0.000,21,ok,2026-10-05T13:45:07Z
2026-06-09T16:00:00Z,scarperia,0.00,0.000,21,ok,2026-10-05T13:45:07Z
2026-06-09T15:55:00Z,scarperia,0.00,0.000,21,ok,2026-10-05T13:45:07Z
2026-06-09T15:50:00Z,scarperia,0.00,0.000,21,ok,2026-10-05T13:45:07Z
2026-06-09T15:45:00Z,scarperia,0.00,0.000,21,ok,2026-10-05T13:45:07Z
2026-06-09T15:40:00Z,scarperia,0.00,0.000,21,ok,2026-10-05T13:45:07Z
2026-06-09T15:35:00Z,scarperia,0.00,0.000,21,ok,2026-10-05T13:45:07Z
2026-06-09T15:30:00Z,scarperia,0.00,0.000,21,ok,2026-10-05T13:45:07Z
2026-06-09T15:25:00Z,scarperia,0.00,0.000,21,ok,2026-10-05T13:45:07Z
2026-06-09T15:20:00Z,scarperia,0.00,0.000,21,ok,2026-10-05T13:45:07Z
2026-06-09T15:15:00Z,scarperia,0.00,0.000,21,ok,2026-10-05T13:45:07Z
2026-06-09T15:10:00Z,scarperia,0.00,0.000,21,ok,2026-10-05T13:45:07Z
2026-06-09T15:05:00Z,scarperia,0.00,0.000,21,ok,2026-10-05T13:45:07Z
2026-06-09T15:00:00Z,scarperia,0.00,0.000,21,ok,2026-10-05T13:45:07Z
2026-06-09T14:55:00Z,scarperia,0.00,0.000,21,ok,2026-10-05T13:45:07Z
2026-06-09T14:50:00Z,scarperia,0.00,0.000,21,ok,2026-10-05T13:45:07Z
2026-06-09T14:45:00Z,scarperia,0.00,0.000,21,ok,2026-10-05T13:45:07Z
2026-06-09T14:40:00Z,scarperia,0.00,0.000,21,ok,2026-10-05T13:45:07Z
2026-06-09T14:35:00Z,scarperia,0.00,0.000,21,ok,2026-10-05T13:45:07Z
2026-06-09T14:30:00Z,scarperia,0.00,0.000,21,ok,2026-10-05T13:45:07Z
2026-06-09T14:25:00Z,scarperia,0.00,0.000,21,ok,2026-10-05T13:45:07Z
2026-06-09T14:20:00Z,scarperia,0.00,0.000,21,ok,2026-10-05T13:45:07Z
2026-06-09T14:15:00Z,scarperia,0.00,0.000,21,ok,2026-10-05T13:45:07Z
2026-06-09T14:10:00Z,scarperia,0.00,0.000,21,ok,2026-10-05T13:45:07Z
2026-06-09T14:05:00Z,scarperia,0.00,0.000,21,ok,2026-10-05T13:45:07Z
2026-06-09T14:00:00Z,scarperia,0.00,0.000,21,ok,2026-10-05T13:45:07Z
2026-06-09T13:55:00Z,scarperia,0.00,0.000,21,ok,2026-10-05T13:45:07Z
2026-06-09T13:50:00Z,scarperia,0.00,0.000,21,ok,2026-10-05T13:45:07Z
2026-06-09T13:45:00Z,scarperia,0.00,0.000,21,ok,2026-10-05T13:45:07Z
2026-06-09T13:40:00Z,scarperia,0.00,0.000,21,ok,2026-10-05T13:45:07Z
2026-06-09T13:35:00Z,scarperia,0.00,0.000,21,ok,2026-10-05T13:45:07Z
2026-06-09T13:30:00Z,scarperia,0.00,0.000,21,ok,2026-10-05T13:45:07Z
2026-06-09T13:25:00Z,scarperia,0.00,0.000,21,ok,2026-10-05T13:45:07Z
2026-06-09T13:20:00Z,scarperia,0.00,0.000,21,ok,2026-10-05T13:45:07Z
2026-06-09T13:15:00Z,scarperia,0.00,0.000,21,ok,2026-10-05T13:45:07Z
2026-06-09T13:10:00Z,scarperia,0.00,0.000,21,ok,2026-10-05T13:45:07Z
2026-06-09T13:05:00Z,scarperia,0.00,0.000,21,ok,2026-10-05T13:45:07Z
2026-06-09T13:00:00Z,scarperia,0.00,0.000,21,ok,2026-10-05T13:45:07Z
2026-06-09T12:55:00Z,scarperia,0.00,0.000,21,ok,2026-10-05T13:45:07Z
2026-06-09T12:50:00Z,scarperia,0.00,0.000,21,ok,2026-10-05T13:45:07Z
2026-06-09T12:45:00Z,scarperia,0.00,0.000,21,ok,2026-10-05T13:45:07Z
2026-06-09T12:40:00Z,scarperia,0.00,0.000,21,ok,2026-10-05T13:45:07Z
2026-06-09T12:35:00Z,scarperia,0.00,0.000,21,ok,2026-10-05T13:45:07Z
2026-06-09T12:30:00Z,scarperia,0.00,0.000,21,ok,2026-10-05T13:45:07Z
2026-06-09T12:25:00Z,scarperia,0.00,0.000,21,ok,2026-10-05T13:45:07Z
2026-06-09T12:20:00Z,scarperia,0.00,0.000,21,ok,2026-10-05T13:45:07Z
2026-06-09T12:15:00Z,scarperia,0.00,0.000,21,ok,2026-10-05T13:45:07Z
2026-06-09T12:10:00Z,scarperia,0.00,0.000,21,ok,2026-10-05T13:45:07Z
2026-06-09T12:05:00Z,scarperia,0.00,0.000,21,ok,2026-10-05T13:45:07Z
2026-06-09T12:00:00Z,scarperia,0.00,0.000,21,ok,2026-10-05T13:45:07Z
2026-06-09T11:55:00Z,scarperia,0.00,0.000,21,ok,2026-10-05T13:45:07Z
2026-06-09T11:50:00Z,scarperia,0.00,0.000,21,ok,2026-10-05T13:45:07Z
2026-06-09T11:45:00Z,scarperia,0.00,0.000,21,ok,2026-10-05T13:45:07Z
2026-06-09T11:40:00Z,scarperia,0.00,0.000,21,ok,2026-10-05T13:45:07Z
2026-06-09T11:35:00Z,scarperia,0.00,0.000,21,ok,2026-10-05T13:45:07Z
2026-06-09T11:30:00Z,scarperia,0.00,0.000,21,ok,2026-10-05T13:45:07Z
2026-06-09T11:25:00Z,scarperia,0.00,0.000,21,ok,2026-10-05T13:45:07Z
2026-06-09T11:20:00Z,scarperia,0.00,0.000,21,ok,2026-10-05T13:45:07Z
2026-06-09T11:15:00Z,scarperia,0.00,0.000,21,ok,2026-10-05T13:45:07Z
2026-06-09T11:10:00Z,scarperia,0.00,0.000,21,ok,2026-10-05T13:45:07Z
2026-06-09T11:05:00Z,scarperia,0.00,0.000,21,ok,2026-10-05T13:45:07Z
2026-06-09T11:00:00Z,scarperia,0.00,0.000,21,ok,2026-10-05T13:45:07Z
2026-06-06T13:00:00Z,scarperia,0.00,0.000,21,ok,2026-10-05T13:45:07Z
2026-06-06T12:55:00Z,scarperia,0.00,0.000,21,ok,2026-10-05T13:45:07Z
2026-06-06T12:50:00Z,scarperia,0.00,0.000,21,ok,2026-10-05T13:45:07Z
2026-06-06T12:45:00Z,scarperia,0.00,0.000,21,ok,2026-10-05T13:45:07Z
2026-06-06T12:40:00Z,scarperia,0.00,0.000,21,ok,2026-10-05T13:45:07Z
2026-06-06T12:35:00Z,scarperia,0.00,0.000,21,ok,2026-10-05T13:45:07Z
2026-06-06T12:30:00Z,scarperia,0.00,0.000,21,ok,2026-10-05T13:45:07Z
2026-06-06T12:25:00Z,scarperia,0.00,0.000,21,ok,2026-10-05T13:45:07Z
2026-06-06T12:20:00Z,scarperia,0.00,0.000,21,ok,2026-10-05T13:45:07Z
2026-06-06T12:15:00Z,scarperia,0.00,0.000,21,ok,2026-10-05T13:45:07Z
2026-06-06T12:10:00Z,scarperia,0.00,0.000,21,ok,2026-10-05T13:45:07Z
2026-06-06T12:05:00Z,scarperia,0.00,0.000,21,ok,2026-10-05T13:45:07Z
2026-06-06T12:00:00Z,scarperia,0.00,0.000,21,ok,2026-10-05T13:45:07Z
2026-06-06T11:55:00Z,scarperia,0.00,0.000,21,ok,2026-10-05T13:45:07Z
2026-06-06T11:50:00Z,scarperia,0.00,0.000,21,ok,2026-10-05T13:45:07Z
2026-06-06T11:45:00Z,scarperia,0.00,0.000,21,ok,2026-10-05T13:45:07Z
2026-06-06T11:40:00Z,scarperia,0.00,0.000,21,ok,2026-10-05T13:45:07Z
2026-06-06T11:35:00Z,scarperia,0.00,0.000,21,ok,2026-10-05T13:45:07Z
2026-06-06T11:30:00Z,scarperia,0.00,0.000,21,ok,2026-10-05T13:45:07Z
2026-06-06T11:25:00Z,scarperia,0.00,0.000,21,ok,2026-10-05T13:45:07Z
2026-06-06T11:20:00Z,scarperia,0.00,0.000,21,ok,2026-10-05T13:45:07Z
2026-06-06T11:15:00Z,scarperia,0.00,0.000,21,ok,2026-10-05T13:45:07Z
2026-06-06T11:10:00Z,scarperia,0.00,0.000,21,ok,2026-10-05T13:45:07Z
2026-06-06T11:05:00Z,scarperia,0.00,0.000,21,ok,2026-10-05T13:45:07Z
2026-06-06T11:00:00Z,scarperia,0.00,0.000,21,ok,2026-10-05T13:45:07Z
2026-06-06T10:55:00Z,scarperia,0.00,0.000,21,ok,2026-10-05T13:45:07Z
2026-06-06T10:50:00Z,scarperia,0.00,0.000,21,ok,2026-10-05T13:45:07Z
2026-06-06T10:45:00Z,scarperia,0.00,0.000,21,ok,2026-10-05T13:45:07Z
2026-06-06T10:40:00Z,scarperia,0.00,0.000,21,ok,2026-10-05T13:45:07Z
2026-06-06T10:35:00Z,scarperia,0.00,0.000,21,ok,2026-10-05T13:45:07Z
2026-06-06T10:30:00Z,scarperia,0.00,0.000,21,ok,2026-10-05T13:45:07Z
2026-06-06T10:25:00Z,scarperia,0.00,0.000,21,ok,2026-10-05T13:45:07Z
2026-06-06T10:20:00Z,scarperia,0.00,0.000,21,ok,2026-10-05T13:45:07Z
2026-06-06T10:15:00Z,scarperia,0.00,0.000,21,ok,2026-10-05T13:45:07Z
2026-06-06T10:10:00Z,scarperia,0.00,0.000,21,ok,2026-10-05T13:45:07Z
2026-06-06T10:05:00Z,scarperia,0.00,0.000,21,ok,2026-10-05T13:45:07Z
2026-06-06T10:00:00Z,scarperia,0.00,0.000,21,ok,2026-10-05T13:45:07Z
2026-06-06T09:55:00Z,scarperia,0.00,0.000,21,ok,2026-10-05T13:45:07Z
2026-06-06T09:50:00Z,scarperia,0.00,0.000,21,ok,2026-10-05T13:45:07Z
2026-06-06T09:45:00Z,scarperia,0.00,0.000,21,ok,2026-10-05T13:45:07Z
2026-06-06T09:40:00Z,scarperia,0.00,0.000,21,ok,2026-10-05T13:45:07Z
2026-06-06T09:35:00Z,scarperia,0.00,0.000,21,ok,2026-10-05T13:45:07Z
2026-06-06T09:30:00Z,scarperia,0.00,0.000,21,ok,2026-10-05T13:45:07Z
2026-06-06T09:25:00Z,scarperia,0.00,0.000,21,ok,2026-10-05T13:45:07Z
2026-06-06T09:20:00Z,scarperia,0.00,0.000,21,ok,2026-10-05T13:45:07Z
2026-06-06T09:15:00Z,scarperia,0.00,0.000,21,ok,2026-10-05T13:45:07Z
2026-06-06T09:10:00Z,scarperia,0.00,0.000,21,ok,2026-10-05T13:45:07Z
2026-06-06T09:05:00Z,scarperia,0.00,0.000,21,ok,2026-10-05T13:45:07Z
2026-06-06T09:00:00Z,scarperia,0.00,0.000,21,ok,2026-10-05T13:45:07Z
2026-06-06T08:55:00Z,scarperia,0.00,0.000,21,ok,2026-10-05T13:45:07Z
2026-06-06T08:50:00Z,scarperia,0.00,0.000,21,ok,2026-10-05T13:45:07Z
2026-06-06T08:45:00Z,scarperia,0.00,0.000,21,ok,2026-10-05T13:45:07Z
2026-06-06T08:40:00Z,scarperia,0.00,0.000,21,ok,2026-10-05T13:45:07Z
2026-06-06T08:35:00Z,scarperia,0.00,0.000,21,ok,2026-10-05T13:45:07Z
2026-06-06T08:30:00Z,scarperia,0.00,0.000,21,ok,2026-10-05T13:45:07Z
2026-06-06T08:25:00Z,scarperia,0.00,0.000,21,ok,2026-10-05T13:45:07Z
2026-06-06T08:20:00Z,scarperia,0.00,0.000,21,ok,2026-10-05T13:45:07Z
2026-06-06T08:15:00Z,scarperia,0.00,0.000,21,ok,2026-10-05T13:45:07Z
2026-06-06T08:10:00Z,scarperia,0.00,0.000,21,ok,2026-10-05T13:45:07Z
2026-06-06T08:05:00Z,scarperia,0.00,0.000,21,ok,2026-10-05T13:45:07Z
2026-06-06T08:00:00Z,scarperia,0.00,0.000,21,ok,2026-10-05T13:45:07Z
2026-06-06T07:55:00Z,scarperia,0.00,0.000,21,ok,2026-10-05T13:45:07Z
2026-06-06T07:50:00Z,scarperia,0.00,0.000,21,ok,2026-10-05T13:45:07Z
2026-06-06T07:45:00Z,scarperia,0.00,0.000,21,ok,2026-10-05T13:45:07Z
2026-06-06T07:40:00Z,scarperia,0.00,0.000,21,ok,2026-10-05T13:45:07Z
2026-06-06T07:35:00Z,scarperia,0.00,0.000,21,ok,2026-10-05T13:45:07Z
2026-06-06T07:30:00Z,scarperia,0.00,0.000,21,ok,2026-10-05T13:45:07Z
2026-06-06T07:25:00Z,scarperia,0.00,0.000,21,ok,2026-10-05T13:45:07Z
2026-06-06T07:20:00Z,scarperia,0.00,0.000,21,ok,2026-10-05T13:45:07Z
2026-06-06T07:15:00Z,scarperia,0.00,0.000,21,ok,2026-10-05T13:45:07Z
2026-06-06T07:10:00Z,scarperia,0.00,0.000,21,ok,2026-10-05T13:45:07Z
2026-06-06T07:05:00Z,scarperia,0.00,0.000,21,ok,2026-10-05T13:45:07Z
2026-06-06T07:00:00Z,scarperia,0.00,0.000,21,ok,2026-10-05T13:45:07Z
2026-06-06T06:55:00Z,scarperia,0.00,0.000,21,ok,2026-10-05T13:45:07Z
2026-06-06T06:50:00Z,scarperia,0.00,0.000,21,ok,2026-10-05T13:45:07Z
2026-06-06T06:45:00Z,scarperia,0.00,0.000,21,ok,2026-10-05T13:45:07Z
2026-06-06T06:40:00Z,scarperia,0.00,0.000,21,ok,2026-10-05T13:45:07Z
2026-06-06T06:35:00Z,scarperia,0.00,0.000,21,ok,2026-10-05T13:45:07Z
2026-06-06T06:30:00Z,scarperia,0.00,0.000,21,ok,2026-10-05T13:45:07Z
2026-06-06T06:25:00Z,scarperia,0.00,0.000,21,ok,2026-10-05T13:45:07Z
2026-06-06T06:20:00Z,scarperia,0.00,0.000,21,ok,2026-10-05T13:45:07Z
2026-06-06T06:15:00Z,scarperia,0.00,0.000,21,ok,2026-10-05T13:45:07Z
2026-06-06T06:10:00Z,scarperia,0.00,0.000,21,ok,2026-10-05T13:45:07Z
2026-06-06T06:05:00Z,scarperia,0.00,0.000,21,ok,2026-10-05T13:45:07Z
2026-06-06T06:00:00Z,scarperia,0.00,0.000,21,ok,2026-10-05T13:45:07Z
2026-06-06T05:55:00Z,scarperia,0.00,0.000,21,ok,2026-10-05T13:45:07Z
2026-06-06T05:50:00Z,scarperia,0.00,0.000,21,ok,2026-10-05T13:45:07Z
2026-06-06T05:45:00Z,scarperia,0.00,0.000,21,ok,2026-10-05T13:45:07Z
2026-06-06T05:40:00Z,scarperia,0.00,0.000,21,ok,2026-10-05T13:45:07Z
2026-06-06T05:35:00Z,scarperia,0.00,0.000,21,ok,2026-10-05T13:45:07Z
2026-06-06T05:30:00Z,scarperia,0.00,0.000,21,ok,2026-10-05T13:45:07Z
2026-06-06T05:25:00Z,scarperia,0.00,0.000,21,ok,2026-10-05T13:45:07Z
2026-06-06T05:20:00Z,scarperia,0.00,0.000,21,ok,2026-10-05T13:45:07Z
2026-06-06T05:15:00Z,scarperia,0.00,0.000,21,ok,2026-10-05T13:45:07Z
2026-06-06T05:10:00Z,scarperia,0.00,0.000,21,ok,2026-10-05T13:45:07Z
2026-06-06T05:05:00Z,scarperia,0.00,0.000,21,ok,2026-10-05T13:45:07Z
2026-06-06T05:00:00Z,scarperia,0.00,0.000,21,ok,2026-10-05T13:45:07Z
2026-06-06T04:55:00Z,scarperia,0.00,0.000,21,ok,2026-10-05T13:45:07Z
2026-06-06T04:50:00Z,scarperia,0.00,0.000,21,ok,2026-10-05T13:45:07Z
2026-06-06T04:45:00Z,scarperia,0.00,0.000,21,ok,2026-10-05T13:45:07Z
2026-06-06T04:40:00Z,scarperia,0.00,0.000,21,ok,2026-10-05T13:45:07Z
2026-06-06T04:35:00Z,scarperia,0.00,0.000,21,ok,2026-10-05T13:45:07Z
2026-06-06T04:30:00Z,scarperia,0.00,0.000,21,ok,2026-10-05T13:45:07Z
2026-06-06T04:25:00Z,scarperia,0.00,0.000,21,ok,2026-10-05T13:45:07Z
2026-06-06T04:20:00Z,scarperia,0.00,0.000,21,ok,2026-10-05T13:45:07Z
2026-06-06T04:15:00Z,scarperia,0.00,0.000,21,ok,2026-10-05T13:45:07Z
2026-06-06T04:10:00Z,scarperia,0.00,0.000,21,ok,2026-10-05T13:45:07Z
2026-06-06T04:05:00Z,scarperia,0.00,0.000,21,ok,2026-10-05T13:45:07Z
2026-06-06T04:00:00Z,scarperia,0.00,0.000,21,ok,2026-10-05T13:45:07Z
2026-06-06T03:55:00Z,scarperia,0.00,0.000,21,ok,2026-10-05T13:45:07Z
2026-06-06T03:50:00Z,scarperia,0.00,0.000,21,ok,2026-10-05T13:45:07Z
2026-06-06T03:45:00Z,scarperia,0.00,0.000,21,ok,2026-10-05T13:45:07Z
2026-06-06T03:40:00Z,scarperia,0.00,0.000,21,ok,2026-10-05T13:45:07Z
2026-06-06T03:35:00Z,scarperia,0.00,0.000,21,ok,2026-10-05T13:45:07Z
2026-06-06T03:30:00Z,scarperia,0.00,0.000,21,ok,2026-10-05T13:45:07Z
2026-06-06T03:25:00Z,scarperia,0.00,0.000,21,ok,2026-10-05T13:45:07Z
2026-06-06T03:20:00Z,scarperia,0.00,0.000,21,ok,2026-10-05T13:45:07Z
2026-06-06T03:15:00Z,scarperia,0.00,0.000,21,ok,2026-10-05T13:45:07Z
2026-06-06T03:10:00Z,scarperia,0.00,0.000,21,ok,2026-10-05T13:45:07Z
2026-06-06T03:05:00Z,scarperia,0.00,0.000,21,ok,2026-10-05T13:45:07Z
2026-06-06T03:00:00Z,scarperia,0.00,0.000,21,ok,2026-10-05T13:45:07Z
2026-06-06T02:55:00Z,scarperia,0.00,0.000,21,ok,2026-10-05T13:45:07Z
2026-06-06T02:50:00Z,scarperia,0.00,0.000,21,ok,2026-10-05T13:45:07Z
2026-06-06T02:45:00Z,scarperia,0.00,0.000,21,ok,2026-10-05T13:45:07Z
2026-06-06T02:40:00Z,scarperia,0.00,0.000,21,ok,2026-10-05T13:45:07Z
2026-06-06T02:35:00Z,scarperia,0.00,0.000,21,ok,2026-10-05T13:45:07Z
2026-06-06T02:30:00Z,scarperia,0.00,0.000,21,ok,2026-10-05T13:45:07Z
2026-06-06T02:25:00Z,scarperia,0.00,0.000,21,ok,2026-10-05T13:45:07Z
2026-06-06T02:20:00Z,scarperia,0.00,0.000,21,ok,2026-10-05T13:45:07Z
2026-06-06T02:15:00Z,scarperia,0.00,0.000,21,ok,2026-10-05T13:45:07Z
2026-06-06T02:10:00Z,scarperia,0.00,0.000,21,ok,2026-10-05T13:45:07Z
2026-06-06T02:05:00Z,scarperia,0.00,0.000,21,ok,2026-10-05T13:45:07Z
2026-06-06T02:00:00Z,scarperia,0.00,0.000,21,ok,2026-10-05T13:45:07Z
2026-06-06T01:55:00Z,scarperia,0.00,0.000,21,ok,2026-10-05T13:45:07Z
2026-06-06T01:50:00Z,scarperia,0.00,0.000,21,ok,2026-10-05T13:45:07Z
2026-06-06T01:45:00Z,scarperia,0.00,0.000,21,ok,2026-10-05T13:45:07Z
2026-06-06T01:40:00Z,scarperia,0.00,0.000,21,ok,2026-10-05T13:45:07Z
2026-06-06T01:35:00Z,scarperia,0.00,0.000,21,ok,2026-10-05T13:45:07Z
2026-06-06T01:30:00Z,scarperia,0.00,0.000,21,ok,2026-10-05T13:45:07Z
2026-06-06T01:25:00Z,scarperia,0.00,0.000,21,ok,2026-10-05T13:45:07Z
2026-06-06T01:20:00Z,scarperia,0.00,0.000,21,ok,2026-10-05T13:45:07Z
2026-06-06T01:15:00Z,scarperia,0.00,0.000,21,ok,2026-10-05T13:45:07Z
2026-06-06T01:10:00Z,scarperia,0.00,0.000,21,ok,2026-10-05T13:45:07Z
2026-06-06T01:05:00Z,scarperia,0.00,0.000,21,ok,2026-10-05T13:45:07Z
2026-06-06T01:00:00Z,scarperia,0.00,0.000,21,ok,2026-10-05T13:45:07Z
2026-06-06T00:55:00Z,scarperia,0.00,0.000,21,ok,2026-10-05T13:45:07Z
2026-06-06T00:50:00Z,scarperia,0.00,0.000,21,ok,2026-10-05T13:45:07Z
2026-06-06T00:45:00Z,scarperia,0.00,0.000,21,ok,2026-10-05T13:45:07Z
2026-06-06T00:40:00Z,scarperia,0.00,0.000,21,ok,2026-10-05T13:45:07Z
2026-06-06T00:35:00Z,scarperia,0.00,0.000,21,ok,2026-10-05T13:45:07Z
2026-06-06T00:30:00Z,scarperia,0.00,0.000,21,ok,2026-10-05T13:45:07Z
2026-06-06T00:25:00Z,scarperia,0.00,0.000,21,ok,2026-10-05T13:45:07Z
2026-06-06T00:20:00Z,scarperia,0.00,0.000,21,ok,2026-10-05T13:45:07Z
2026-06-06T00:15:00Z,scarperia,0.00,0.000,21,ok,2026-10-05T13:45:07Z
2026-06-06T00:10:00Z,scarperia,0.00,0.000,21,ok,2026-10-05T13:45:07Z
2026-06-06T00:05:00Z,scarperia,0.00,0.000,21,ok,2026-10-05T13:45:07Z
2026-06-06T00:00:00Z,scarperia,0.00,0.000,21,ok,2026-10-05T13:45:07Z
2026-06-05T23:55:00Z,scarperia,0.00,0.000,21,ok,2026-10-05T13:45:07Z
2026-06-05T23:50:00Z,scarperia,0.00,0.000,21,ok,2026-10-05T13:45:07Z
2026-06-05T23:45:00Z,scarperia,0.00,0.000,21,ok,2026-10-05T13:45:07Z
2026-06-05T23:40:00Z,scarperia,0.00,0.000,21,ok,2026-10-05T13:45:07Z
2026-06-05T23:35:00Z,scarperia,0.00,0.000,21,ok,2026-10-05T13:45:07Z
2026-06-05T23:30:00Z,scarperia,0.00,0.000,21,ok,2026-10-05T13:45:07Z
2026-06-05T23:25:00Z,scarperia,0.00,0.000,21,ok,2026-10-05T13:45:07Z
2026-06-05T23:20:00Z,scarperia,0.00,0.000,21,ok,2026-10-05T13:45:07Z
2026-06-05T23:15:00Z,scarperia,0.00,0.000,21,ok,2026-10-05T13:45:07Z
2026-06-05T23:10:00Z,scarperia,0.00,0.000,21,ok,2026-10-05T13:45:07Z
2026-06-05T23:05:00Z,scarperia,0.00,0.000,21,ok,2026-10-05T13:45:07Z
2026-06-05T23:00:00Z,scarperia,0.00,0.000,21,ok,2026-10-05T13:45:07Z
2026-06-05T10:00:00Z,scarperia,0.00,0.000,21,ok,2026-10-05T13:45:07Z
2026-06-05T09:55:00Z,scarperia,0.00,0.000,21,ok,2026-10-05T13:45:07Z
2026-06-05T09:50:00Z,scarperia,0.00,0.000,21,ok,2026-10-05T13:45:07Z
2026-06-05T09:45:00Z,scarperia,0.00,0.000,21,ok,2026-10-05T13:45:07Z
2026-06-05T09:40:00Z,scarperia,0.00,0.000,21,ok,2026-10-05T13:45:07Z
2026-06-05T09:35:00Z,scarperia,0.00,0.000,21,ok,2026-10-05T13:45:07Z
2026-06-05T09:30:00Z,scarperia,0.00,0.000,21,ok,2026-10-05T13:45:07Z
2026-06-05T09:25:00Z,scarperia,0.00,0.000,21,ok,2026-10-05T13:45:07Z
2026-06-05T09:20:00Z,scarperia,0.00,0.000,21,ok,2026-10-05T13:45:07Z
2026-06-05T09:15:00Z,scarperia,0.00,0.000,21,ok,2026-10-05T13:45:07Z
2026-06-05T09:10:00Z,scarperia,0.00,0.000,21,ok,2026-10-05T13:45:07Z
2026-06-05T09:05:00Z,scarperia,0.00,0.000,21,ok,2026-10-05T13:45:07Z
2026-06-05T09:00:00Z,scarperia,0.00,0.000,21,ok,2026-10-05T13:45:07Z
2026-06-05T08:55:00Z,scarperia,0.00,0.000,21,ok,2026-10-05T13:45:07Z
2026-06-05T08:50:00Z,scarperia,1.25,0.117,21,ok,2026-10-05T13:45:07Z
2026-06-05T08:45:00Z,scarperia,2.15,0.720,21,ok,2026-10-05T13:45:07Z
2026-06-05T08:40:00Z,scarperia,0.00,0.000,21,ok,2026-10-05T13:45:07Z
2026-06-05T08:35:00Z,scarperia,0.00,0.000,21,ok,2026-10-05T13:45:07Z
2026-06-05T08:30:00Z,scarperia,0.00,0.000,21,ok,2026-10-05T13:45:07Z
2026-06-05T08:25:00Z,scarperia,0.00,0.000,21,ok,2026-10-05T13:45:07Z
2026-06-05T08:20:00Z,scarperia,0.00,0.000,21,ok,2026-10-05T13:45:07Z
2026-06-05T08:15:00Z,scarperia,0.00,0.000,21,ok,2026-10-05T13:45:07Z
2026-06-05T08:10:00Z,scarperia,0.00,0.000,21,ok,2026-10-05T13:45:07Z
2026-06-05T08:05:00Z,scarperia,0.00,0.000,21,ok,2026-10-05T13:45:07Z
2026-06-05T08:00:00Z,scarperia,0.00,0.000,21,ok,2026-10-05T13:45:07Z
2026-06-05T07:55:00Z,scarperia,0.00,0.000,21,ok,2026-10-05T13:45:07Z
2026-06-05T07:50:00Z,scarperia,0.00,0.000,21,ok,2026-10-05T13:45:07Z
2026-06-05T07:45:00Z,scarperia,0.00,0.000,21,ok,2026-10-05T13:45:07Z
2026-06-05T07:40:00Z,scarperia,0.00,0.000,21,ok,2026-10-05T13:45:07Z
2026-06-05T07:35:00Z,scarperia,0.00,0.000,21,ok,2026-10-05T13:45:07Z
2026-06-05T07:30:00Z,scarperia,0.00,0.000,21,ok,2026-10-05T13:45:07Z
2026-06-05T07:25:00Z,scarperia,0.00,0.000,21,ok,2026-10-05T13:45:07Z
2026-06-05T07:20:00Z,scarperia,0.00,0.000,21,ok,2026-10-05T13:45:07Z
2026-06-05T07:15:00Z,scarperia,0.00,0.000,21,ok,2026-10-05T13:45:07Z
2026-06-05T07:10:00Z,scarperia,0.00,0.000,21,ok,2026-10-05T13:45:07Z
2026-06-05T07:05:00Z,scarperia,0.00,0.000,21,ok,2026-10-05T13:45:07Z
2026-06-05T07:00:00Z,scarperia,0.00,0.000,21,ok,2026-10-05T13:45:07Z
2026-06-05T06:55:00Z,scarperia,0.00,0.000,21,ok,2026-10-05T13:45:07Z
2026-06-05T06:50:00Z,scarperia,0.00,0.000,21,ok,2026-10-05T13:45:07Z
2026-06-05T06:45:00Z,scarperia,0.00,0.000,21,ok,2026-10-05T13:45:07Z
2026-06-05T06:40:00Z,scarperia,0.00,0.000,21,ok,2026-10-05T13:45:07Z
2026-06-05T06:35:00Z,scarperia,0.00,0.000,21,ok,2026-10-05T13:45:07Z
2026-06-05T06:30:00Z,scarperia,0.00,0.000,21,ok,2026-10-05T13:45:07Z
2026-06-05T06:25:00Z,scarperia,0.00,0.000,21,ok,2026-10-05T13:45:07Z
2026-06-05T06:20:00Z,scarperia,0.00,0.000,21,ok,2026-10-05T13:45:07Z
2026-06-05T06:15:00Z,scarperia,0.00,0.000,21,ok,2026-10-05T13:45:07Z
2026-06-05T06:10:00Z,scarperia,0.00,0.000,21,ok,2026-10-05T13:45:07Z
2026-06-05T06:05:00Z,scarperia,0.00,0.000,21,ok,2026-10-05T13:45:07Z
2026-06-05T06:00:00Z,scarperia,0.00,0.000,21,ok,2026-10-05T13:45:07Z
2026-06-05T05:55:00Z,scarperia,0.00,0.000,21,ok,2026-10-05T13:45:07Z
2026-06-05T05:50:00Z,scarperia,0.00,0.000,21,ok,2026-10-05T13:45:07Z
2026-06-05T05:45:00Z,scarperia,0.00,0.000,21,ok,2026-10-05T13:45:07Z
2026-06-05T05:40:00Z,scarperia,0.00,0.000,21,ok,2026-10-05T13:45:07Z
2026-06-05T05:35:00Z,scarperia,0.00,0.000,21,ok,2026-10-05T13:45:07Z
2026-06-05T05:30:00Z,scarperia,0.00,0.000,21,ok,2026-10-05T13:45:07Z
2026-06-05T05:25:00Z,scarperia,0.00,0.000,21,ok,2026-10-05T13:45:07Z
2026-06-05T05:20:00Z,scarperia,0.00,0.000,21,ok,2026-10-05T13:45:07Z
2026-06-05T05:15:00Z,scarperia,0.00,0.000,21,ok,2026-10-05T13:45:07Z
2026-06-05T05:10:00Z,scarperia,0.00,0.000,21,ok,2026-10-05T13:45:07Z
2026-06-05T05:05:00Z,scarperia,0.00,0.000,21,ok,2026-10-05T13:45:07Z
2026-06-05T05:00:00Z,scarperia,0.00,0.000,21,ok,2026-10-05T13:45:07Z
2026-06-05T04:55:00Z,scarperia,0.00,0.000,21,ok,2026-10-05T13:45:07Z
2026-06-05T04:50:00Z,scarperia,0.00,0.000,21,ok,2026-10-05T13:45:07Z
2026-06-05T04:45:00Z,scarperia,0.00,0.000,21,ok,2026-10-05T13:45:07Z
2026-06-05T04:40:00Z,scarperia,0.00,0.000,21,ok,2026-10-05T13:45:07Z
2026-06-05T04:35:00Z,scarperia,0.00,0.000,21,ok,2026-10-05T13:45:07Z
2026-06-05T04:30:00Z,scarperia,0.70,0.159,21,ok,2026-10-05T13:45:07Z
2026-06-05T04:25:00Z,scarperia,0.00,0.000,21,ok,2026-10-05T13:45:07Z
2026-06-05T04:20:00Z,scarperia,0.58,0.107,21,ok,2026-10-05T13:45:07Z
2026-06-05T04:15:00Z,scarperia,0.00,0.000,21,ok,2026-10-05T13:45:07Z
2026-06-05T04:10:00Z,scarperia,0.00,0.000,21,ok,2026-10-05T13:45:07Z
2026-06-05T04:05:00Z,scarperia,0.00,0.000,21,ok,2026-10-05T13:45:07Z
2026-06-05T04:00:00Z,scarperia,1.10,0.733,21,ok,2026-10-05T13:45:07Z
2026-06-05T03:55:00Z,scarperia,3.76,2.692,21,ok,2026-10-05T13:45:07Z
2026-06-05T03:50:00Z,scarperia,12.09,8.473,21,ok,2026-10-05T13:45:07Z
2026-06-05T03:45:00Z,scarperia,11.26,10.265,21,ok,2026-10-05T13:45:07Z
2026-06-05T03:40:00Z,scarperia,8.26,7.622,21,ok,2026-10-05T13:45:07Z
2026-06-05T03:35:00Z,scarperia,8.65,6.830,21,ok,2026-10-05T13:45:07Z
2026-06-05T03:30:00Z,scarperia,4.48,3.921,21,ok,2026-10-05T13:45:07Z
2026-06-05T03:25:00Z,scarperia,4.29,3.770,21,ok,2026-10-05T13:45:07Z
2026-06-05T03:20:00Z,scarperia,5.84,5.652,21,ok,2026-10-05T13:45:07Z
2026-06-05T03:15:00Z,scarperia,6.47,5.383,21,ok,2026-10-05T13:45:07Z
2026-06-05T03:10:00Z,scarperia,7.02,6.645,21,ok,2026-10-05T13:45:07Z
2026-06-05T03:05:00Z,scarperia,9.64,7.986,21,ok,2026-10-05T13:45:07Z
2026-06-05T03:00:00Z,scarperia,12.43,7.723,21,ok,2026-10-05T13:45:07Z
2026-06-05T02:55:00Z,scarperia,4.51,3.719,21,ok,2026-10-05T13:45:07Z
2026-06-05T02:50:00Z,scarperia,5.96,5.126,21,ok,2026-10-05T13:45:07Z
2026-06-05T02:45:00Z,scarperia,6.05,5.075,21,ok,2026-10-05T13:45:07Z
2026-06-05T02:40:00Z,scarperia,5.93,5.252,21,ok,2026-10-05T13:45:07Z
2026-06-05T02:35:00Z,scarperia,7.12,5.509,21,ok,2026-10-05T13:45:07Z
2026-06-05T02:30:00Z,scarperia,6.18,3.738,21,ok,2026-10-05T13:45:07Z
2026-06-05T02:25:00Z,scarperia,5.26,2.745,21,ok,2026-10-05T13:45:07Z
2026-06-05T02:20:00Z,scarperia,2.74,2.670,21,ok,2026-10-05T13:45:07Z
2026-06-05T02:15:00Z,scarperia,2.77,2.544,21,ok,2026-10-05T13:45:07Z
2026-06-05T02:10:00Z,scarperia,2.95,2.138,21,ok,2026-10-05T13:45:07Z
2026-06-05T02:05:00Z,scarperia,3.64,2.759,21,ok,2026-10-05T13:45:07Z
2026-06-05T02:00:00Z,scarperia,3.90,2.415,21,ok,2026-10-05T13:45:07Z
2026-06-05T01:55:00Z,scarperia,4.48,3.538,21,ok,2026-10-05T13:45:07Z
2026-06-05T01:50:00Z,scarperia,2.58,1.325,21,ok,2026-10-05T13:45:07Z
2026-06-05T01:45:00Z,scarperia,1.78,1.012,21,ok,2026-10-05T13:45:07Z
2026-06-05T01:40:00Z,scarperia,1.62,0.927,21,ok,2026-10-05T13:45:07Z
2026-06-05T01:35:00Z,scarperia,1.41,0.504,21,ok,2026-10-05T13:45:07Z
2026-06-05T01:30:00Z,scarperia,0.66,0.094,21,ok,2026-10-05T13:45:07Z
2026-06-05T01:25:00Z,scarperia,0.00,0.000,21,ok,2026-10-05T13:45:07Z
2026-06-05T01:20:00Z,scarperia,0.00,0.000,21,ok,2026-10-05T13:45:07Z
2026-06-05T01:15:00Z,scarperia,0.00,0.000,21,ok,2026-10-05T13:45:07Z
2026-06-05T01:10:00Z,scarperia,0.00,0.000,21,ok,2026-10-05T13:45:07Z
2026-06-05T01:05:00Z,scarperia,0.00,0.000,21,ok,2026-10-05T13:45:07Z
2026-06-05T01:00:00Z,scarperia,0.00,0.000,21,ok,2026-10-05T13:45:07Z
2026-06-05T00:55:00Z,scarperia,0.00,0.000,21,ok,2026-10-05T13:45:07Z
2026-06-05T00:50:00Z,scarperia,0.00,0.000,21,ok,2026-10-05T13:45:07Z
2026-06-05T00:45:00Z,scarperia,0.00,0.000,21,ok,2026-10-05T13:45:07Z
2026-06-05T00:40:00Z,scarperia,0.00,0.000,21,ok,2026-10-05T13:45:07Z
2026-06-05T00:35:00Z,scarperia,0.00,0.000,21,ok,2026-10-05T13:45:07Z
2026-06-05T00:30:00Z,scarperia,0.00,0.000,21,ok,2026-10-05T13:45:07Z
2026-06-05T00:25:00Z,scarperia,0.00,0.000,21,ok,2026-10-05T13:45:07Z
2026-06-05T00:20:00Z,scarperia,0.00,0.000,21,ok,2026-10-05T13:45:07Z
2026-06-05T00:15:00Z,scarperia,0.00,0.000,21,ok,2026-10-05T13:45:07Z
2026-06-05T00:10:00Z,scarperia,0.00,0.000,21,ok,2026-10-05T13:45:07Z
2026-06-05T00:05:00Z,scarperia,0.00,0.000,21,ok,2026-10-05T13:45:07Z
2026-06-05T00:00:00Z,scarperia,0.00,0.000,21,ok,2026-10-05T13:45:07Z
2026-06-04T23:55:00Z,scarperia,0.00,0.000,21,ok,2026-10-05T13:45:07Z
2026-06-04T23:50:00Z,scarperia,0.00,0.000,21,ok,2026-10-05T13:45:07Z
2026-06-04T23:45:00Z,scarperia,0.00,0.000,21,ok,2026-10-05T13:45:07Z
2026-06-04T23:40:00Z,scarperia,0.00,0.000,21,ok,2026-10-05T13:45:07Z
2026-06-04T23:35:00Z,scarperia,0.00,0.000,21,ok,2026-10-05T13:45:07Z
2026-06-04T23:30:00Z,scarperia,0.00,0.000,21,ok,2026-10-05T13:45:07Z
2026-06-04T23:25:00Z,scarperia,0.00,0.000,21,ok,2026-10-05T13:45:07Z
2026-06-04T23:20:00Z,scarperia,0.00,0.000,21,ok,2026-10-05T13:45:07Z
2026-06-04T23:15:00Z,scarperia,0.00,0.000,21,ok,2026-10-05T13:45:07Z
2026-06-04T23:10:00Z,scarperia,0.00,0.000,21,ok,2026-10-05T13:45:07Z
2026-06-04T23:05:00Z,scarperia,0.00,0.000,21,ok,2026-10-05T13:45:07Z
2026-06-04T23:00:00Z,scarperia,0.00,0.000,21,ok,2026-10-05T13:45:07Z
2026-06-03T07:00:00Z,scarperia,0.00,0.000,21,ok,2026-10-05T13:45:07Z
2026-06-03T06:55:00Z,scarperia,0.00,0.000,21,ok,2026-10-05T13:45:07Z
2026-06-03T06:50:00Z,scarperia,0.00,0.000,21,ok,2026-10-05T13:45:07Z
2026-06-03T06:45:00Z,scarperia,0.00,0.000,21,ok,2026-10-05T13:45:07Z
2026-06-03T06:40:00Z,scarperia,0.00,0.000,21,ok,2026-10-05T13:45:07Z
2026-06-03T06:35:00Z,scarperia,0.00,0.000,21,ok,2026-10-05T13:45:07Z
2026-06-03T06:30:00Z,scarperia,0.00,0.000,21,ok,2026-10-05T13:45:07Z
2026-06-03T06:25:00Z,scarperia,0.00,0.000,21,ok,2026-10-05T13:45:07Z
2026-06-03T06:20:00Z,scarperia,0.00,0.000,21,ok,2026-10-05T13:45:07Z
2026-06-03T06:15:00Z,scarperia,0.00,0.000,21,ok,2026-10-05T13:45:07Z
2026-06-03T06:10:00Z,scarperia,0.00,0.000,21,ok,2026-10-05T13:45:07Z
2026-06-03T06:05:00Z,scarperia,0.00,0.000,21,ok,2026-10-05T13:45:07Z
2026-06-03T06:00:00Z,scarperia,0.00,0.000,21,ok,2026-10-05T13:45:07Z
2026-06-03T05:55:00Z,scarperia,0.00,0.000,21,ok,2026-10-05T13:45:07Z
2026-06-03T05:50:00Z,scarperia,0.00,0.000,21,ok,2026-10-05T13:45:07Z
2026-06-03T05:45:00Z,scarperia,0.00,0.000,21,ok,2026-10-05T13:45:07Z
2026-06-03T05:40:00Z,scarperia,0.00,0.000,21,ok,2026-10-05T13:45:07Z
2026-06-03T05:35:00Z,scarperia,0.00,0.000,21,ok,2026-10-05T13:45:07Z
2026-06-03T05:30:00Z,scarperia,0.00,0.000,21,ok,2026-10-05T13:45:07Z
2026-06-03T05:25:00Z,scarperia,0.00,0.000,21,ok,2026-10-05T13:45:07Z
2026-06-03T05:20:00Z,scarperia,0.00,0.000,21,ok,2026-10-05T13:45:07Z
2026-06-03T05:15:00Z,scarperia,0.00,0.000,21,ok,2026-10-05T13:45:07Z
2026-06-03T05:10:00Z,scarperia,0.00,0.000,21,ok,2026-10-05T13:45:07Z
2026-06-03T05:05:00Z,scarperia,0.00,0.000,21,ok,2026-10-05T13:45:07Z
2026-06-03T05:00:00Z,scarperia,0.00,0.000,21,ok,2026-10-05T13:45:07Z
2026-06-03T04:55:00Z,scarperia,0.00,0.000,21,ok,2026-10-05T13:45:07Z
2026-06-03T04:50:00Z,scarperia,0.00,0.000,21,ok,2026-10-05T13:45:07Z
2026-06-03T04:45:00Z,scarperia,0.00,0.000,21,ok,2026-10-05T13:45:07Z
2026-06-03T04:40:00Z,scarperia,0.00,0.000,21,ok,2026-10-05T13:45:07Z
2026-06-03T04:35:00Z,scarperia,0.00,0.000,21,ok,2026-10-05T13:45:07Z
2026-06-03T04:30:00Z,scarperia,0.00,0.000,21,ok,2026-10-05T13:45:07Z
2026-06-03T04:25:00Z,scarperia,0.00,0.000,21,ok,2026-10-05T13:45:07Z
2026-06-03T04:20:00Z,scarperia,0.00,0.000,21,ok,2026-10-05T13:45:07Z
2026-06-03T04:15:00Z,scarperia,0.00,0.000,21,ok,2026-10-05T13:45:07Z
2026-06-03T04:10:00Z,scarperia,0.00,0.000,21,ok,2026-10-05T13:45:07Z
2026-06-03T04:05:00Z,scarperia,0.00,0.000,21,ok,2026-10-05T13:45:07Z
2026-06-03T04:00:00Z,scarperia,0.00,0.000,21,ok,2026-10-05T13:45:07Z
2026-06-03T03:55:00Z,scarperia,0.00,0.000,21,ok,2026-10-05T13:45:07Z
2026-06-03T03:50:00Z,scarperia,0.00,0.000,21,ok,2026-10-05T13:45:07Z
2026-06-03T03:45:00Z,scarperia,0.00,0.000,21,ok,2026-10-05T13:45:07Z
2026-06-03T03:40:00Z,scarperia,0.00,0.000,21,ok,2026-10-05T13:45:07Z
2026-06-03T03:35:00Z,scarperia,0.00,0.000,21,ok,2026-10-05T13:45:07Z
2026-06-03T03:30:00Z,scarperia,0.00,0.000,21,ok,2026-10-05T13:45:07Z
2026-06-03T03:25:00Z,scarperia,0.00,0.000,21,ok,2026-10-05T13:45:07Z
2026-06-03T03:20:00Z,scarperia,0.89,0.120,21,ok,2026-10-05T13:45:07Z
2026-06-03T03:15:00Z,scarperia,0.00,0.000,21,ok,2026-10-05T13:45:07Z
2026-06-03T03:10:00Z,scarperia,1.16,0.161,21,ok,2026-10-05T13:45:07Z
2026-06-03T03:05:00Z,scarperia,3.01,0.480,21,ok,2026-10-05T13:45:07Z
2026-06-03T03:00:00Z,scarperia,0.00,0.000,21,ok,2026-10-05T13:45:07Z
2026-06-03T02:55:00Z,scarperia,0.00,0.000,21,ok,2026-10-05T13:45:07Z
2026-06-03T02:50:00Z,scarperia,0.00,0.000,21,ok,2026-10-05T13:45:07Z
2026-06-03T02:45:00Z,scarperia,0.00,0.000,21,ok,2026-10-05T13:45:07Z
2026-06-03T02:40:00Z,scarperia,0.43,0.080,21,ok,2026-10-05T13:45:07Z
2026-06-03T02:35:00Z,scarperia,1.05,0.566,21,ok,2026-10-05T13:45:07Z
2026-06-03T02:30:00Z,scarperia,2.28,1.971,21,ok,2026-10-05T13:45:07Z
2026-06-03T02:25:00Z,scarperia,5.19,2.408,21,ok,2026-10-05T13:45:07Z
2026-06-03T02:20:00Z,scarperia,10.08,4.605,21,ok,2026-10-05T13:45:07Z
2026-06-03T02:15:00Z,scarperia,11.09,6.237,21,ok,2026-10-05T13:45:07Z
2026-06-03T02:10:00Z,scarperia,14.52,7.379,21,ok,2026-10-05T13:45:07Z
2026-06-03T02:05:00Z,scarperia,11.38,5.508,21,ok,2026-10-05T13:45:07Z
2026-06-03T02:00:00Z,scarperia,7.26,3.328,21,ok,2026-10-05T13:45:07Z
2026-06-03T01:55:00Z,scarperia,27.36,11.452,21,ok,2026-10-05T13:45:07Z
2026-06-03T01:50:00Z,scarperia,32.28,24.645,21,ok,2026-10-05T13:45:07Z
2026-06-03T01:45:00Z,scarperia,24.72,19.771,21,ok,2026-10-05T13:45:07Z
2026-06-03T01:40:00Z,scarperia,25.48,19.708,21,ok,2026-10-05T13:45:07Z
2026-06-03T01:35:00Z,scarperia,31.81,25.029,21,ok,2026-10-05T13:45:07Z
2026-06-03T01:30:00Z,scarperia,32.51,26.374,21,ok,2026-10-05T13:45:07Z
2026-06-03T01:25:00Z,scarperia,39.88,29.988,21,ok,2026-10-05T13:45:07Z
2026-06-03T01:20:00Z,scarperia,28.39,16.348,21,ok,2026-10-05T13:45:07Z
2026-06-03T01:15:00Z,scarperia,17.70,11.193,21,ok,2026-10-05T13:45:07Z
2026-06-03T01:10:00Z,scarperia,10.19,7.005,21,ok,2026-10-05T13:45:07Z
2026-06-03T01:05:00Z,scarperia,19.19,10.412,21,ok,2026-10-05T13:45:07Z
2026-06-03T01:00:00Z,scarperia,43.65,21.690,21,ok,2026-10-05T13:45:07Z
2026-06-03T00:55:00Z,scarperia,39.51,32.383,21,ok,2026-10-05T13:45:07Z
2026-06-03T00:50:00Z,scarperia,36.98,23.406,21,ok,2026-10-05T13:45:07Z
2026-06-03T00:45:00Z,scarperia,20.53,12.418,21,ok,2026-10-05T13:45:07Z
2026-06-03T00:40:00Z,scarperia,20.50,13.730,21,ok,2026-10-05T13:45:07Z
2026-06-03T00:35:00Z,scarperia,12.86,8.771,21,ok,2026-10-05T13:45:07Z
2026-06-03T00:30:00Z,scarperia,9.05,8.081,21,ok,2026-10-05T13:45:07Z
2026-06-03T00:25:00Z,scarperia,12.22,7.210,21,ok,2026-10-05T13:45:07Z
2026-06-03T00:20:00Z,scarperia,11.85,8.624,21,ok,2026-10-05T13:45:07Z
2026-06-03T00:15:00Z,scarperia,12.94,8.572,21,ok,2026-10-05T13:45:07Z
2026-06-03T00:10:00Z,scarperia,11.43,6.881,21,ok,2026-10-05T13:45:07Z
2026-06-03T00:05:00Z,scarperia,9.52,6.925,21,ok,2026-10-05T13:45:07Z
2026-06-03T00:00:00Z,scarperia,10.30,8.403,21,ok,2026-10-05T13:45:07Z
2026-06-02T23:55:00Z,scarperia,9.19,6.662,21,ok,2026-10-05T13:45:07Z
2026-06-02T23:50:00Z,scarperia,5.53,2.994,21,ok,2026-10-05T13:45:07Z
2026-06-02T23:45:00Z,scarperia,1.25,1.089,21,ok,2026-10-05T13:45:07Z
2026-06-02T23:40:00Z,scarperia,1.25,0.854,21,ok,2026-10-05T13:45:07Z
2026-06-02T23:35:00Z,scarperia,1.03,0.837,21,ok,2026-10-05T13:45:07Z
2026-06-02T23:30:00Z,scarperia,1.35,0.698,21,ok,2026-10-05T13:45:07Z
2026-06-02T23:25:00Z,scarperia,0.58,0.051,21,ok,2026-10-05T13:45:07Z
2026-06-02T23:20:00Z,scarperia,0.00,0.000,21,ok,2026-10-05T13:45:07Z
2026-06-02T23:15:00Z,scarperia,0.00,0.000,21,ok,2026-10-05T13:45:07Z
2026-06-02T23:10:00Z,scarperia,0.00,0.000,21,ok,2026-10-05T13:45:07Z
2026-06-02T23:05:00Z,scarperia,0.00,0.000,21,ok,2026-10-05T13:45:07Z
2026-06-02T23:00:00Z,scarperia,0.00,0.000,21,ok,2026-10-05T13:45:07Z
2026-06-02T19:00:00Z,scarperia,0.25,0.225,21,ok,2026-10-05T13:45:07Z
2026-06-02T18:55:00Z,scarperia,0.23,0.180,21,ok,2026-10-05T13:45:07Z
2026-06-02T18:50:00Z,scarperia,0.16,0.008,21,ok,2026-10-05T13:45:07Z
2026-06-02T18:45:00Z,scarperia,0.00,0.000,21,ok,2026-10-05T13:45:07Z
2026-06-02T18:40:00Z,scarperia,0.00,0.000,21,ok,2026-10-05T13:53:18Z
2026-06-02T18:35:00Z,scarperia,0.00,0.000,21,ok,2026-10-05T13:53:18Z
2026-06-02T18:30:00Z,scarperia,0.00,0.000,21,ok,2026-10-05T13:53:18Z
2026-06-02T18:25:00Z,scarperia,0.00,0.000,21,ok,2026-10-05T13:53:18Z
2026-06-02T18:20:00Z,scarperia,0.00,0.000,21,ok,2026-10-05T13:53:18Z
2026-06-02T18:15:00Z,scarperia,0.00,0.000,21,ok,2026-10-05T13:53:18Z
2026-06-02T18:10:00Z,scarperia,0.00,0.000,21,ok,2026-10-05T13:53:18Z
2026-06-02T18:05:00Z,scarperia,0.00,0.000,21,ok,2026-10-05T13:53:18Z
2026-06-02T18:00:00Z,scarperia,0.00,0.000,21,ok,2026-10-05T13:53:18Z
2026-06-02T17:55:00Z,scarperia,0.00,0.000,21,ok,2026-10-05T13:53:18Z
2026-06-02T17:50:00Z,scarperia,0.00,0.000,21,ok,2026-10-05T13:53:18Z
2026-06-02T17:45:00Z,scarperia,0.00,0.000,21,ok,2026-10-05T13:53:18Z
2026-06-02T17:40:00Z,scarperia,0.00,0.000,21,ok,2026-10-05T13:53:18Z
2026-06-02T17:35:00Z,scarperia,0.00,0.000,21,ok,2026-10-05T13:53:18Z
2026-06-02T17:30:00Z,scarperia,0.00,0.000,21,ok,2026-10-05T13:53:18Z
2026-06-02T17:25:00Z,scarperia,0.00,0.000,21,ok,2026-10-05T13:53:18Z
2026-06-02T17:20:00Z,scarperia,0.00,0.000,21,ok,2026-10-05T13:53:18Z
2026-06-02T17:15:00Z,scarperia,0.00,0.000,21,ok,2026-10-05T13:53:18Z
2026-06-02T17:10:00Z,scarperia,0.00,0.000,21,ok,2026-10-05T13:53:18Z
2026-06-02T17:05:00Z,scarperia,0.00,0.000,21,ok,2026-10-05T13:53:18Z
2026-06-02T17:00:00Z,scarperia,0.00,0.000,21,ok,2026-10-05T13:53:18Z
2026-06-02T16:55:00Z,scarperia,0.00,0.000,21,ok,2026-10-05T13:53:18Z
2026-06-02T16:50:00Z,scarperia,0.00,0.000,21,ok,2026-10-05T13:53:18Z
2026-06-02T16:45:00Z,scarperia,0.00,0.000,21,ok,2026-10-05T13:53:18Z
2026-06-02T16:40:00Z,scarperia,0.00,0.000,21,ok,2026-10-05T13:53:18Z
2026-06-02T16:35:00Z,scarperia,0.00,0.000,21,ok,2026-10-05T13:53:18Z
2026-06-02T16:30:00Z,scarperia,0.00,0.000,21,ok,2026-10-05T13:53:18Z
2026-06-02T16:25:00Z,scarperia,0.00,0.000,21,ok,2026-10-05T13:53:18Z
2026-06-02T16:20:00Z,scarperia,0.00,0.000,21,ok,2026-10-05T13:53:18Z
2026-06-02T16:15:00Z,scarperia,0.00,0.000,21,ok,2026-10-05T13:53:18Z
2026-06-02T16:10:00Z,scarperia,0.00,0.000,21,ok,2026-10-05T13:53:18Z
2026-06-02T16:05:00Z,scarperia,0.00,0.000,21,ok,2026-10-05T13:53:18Z
2026-06-02T16:00:00Z,scarperia,0.00,0.000,21,ok,2026-10-05T13:53:18Z
2026-06-02T15:55:00Z,scarperia,0.00,0.000,21,ok,2026-10-05T13:53:18Z
2026-06-02T15:50:00Z,scarperia,0.00,0.000,21,ok,2026-10-05T13:53:18Z
2026-06-02T15:45:00Z,scarperia,0.00,0.000,21,ok,2026-10-05T13:53:18Z
2026-06-02T15:40:00Z,scarperia,0.00,0.000,21,ok,2026-10-05T13:53:18Z
2026-06-02T15:35:00Z,scarperia,0.00,0.000,21,ok,2026-10-05T13:53:18Z
2026-06-02T15:30:00Z,scarperia,0.00,0.000,21,ok,2026-10-05T13:53:18Z
2026-06-02T15:25:00Z,scarperia,0.00,0.000,21,ok,2026-10-05T13:53:18Z
2026-06-02T15:20:00Z,scarperia,0.00,0.000,21,ok,2026-10-05T13:53:18Z
2026-06-02T15:15:00Z,scarperia,0.00,0.000,21,ok,2026-10-05T13:53:18Z
2026-06-02T15:10:00Z,scarperia,0.00,0.000,21,ok,2026-10-05T13:53:18Z
2026-06-02T15:05:00Z,scarperia,0.00,0.000,21,ok,2026-10-05T13:53:18Z
2026-06-02T15:00:00Z,scarperia,0.00,0.000,21,ok,2026-10-05T13:53:18Z
2026-06-02T14:55:00Z,scarperia,0.00,0.000,21,ok,2026-10-05T13:53:18Z
2026-06-02T14:50:00Z,scarperia,0.00,0.000,21,ok,2026-10-05T13:53:18Z
2026-06-02T14:45:00Z,scarperia,0.00,0.000,21,ok,2026-10-05T13:53:18Z
2026-06-02T14:40:00Z,scarperia,0.00,0.000,21,ok,2026-10-05T13:53:18Z
2026-06-02T14:35:00Z,scarperia,0.00,0.000,21,ok,2026-10-05T13:53:18Z
2026-06-02T14:30:00Z,scarperia,0.00,0.000,21,ok,2026-10-05T13:53:18Z
2026-06-02T14:25:00Z,scarperia,0.00,0.000,21,ok,2026-10-05T13:53:18Z
2026-06-02T14:20:00Z,scarperia,0.00,0.000,21,ok,2026-10-05T13:53:18Z
2026-06-02T14:15:00Z,scarperia,0.00,0.000,21,ok,2026-10-05T13:53:18Z
2026-06-02T14:10:00Z,scarperia,0.00,0.000,21,ok,2026-10-05T13:53:18Z
2026-06-02T14:05:00Z,scarperia,0.00,0.000,21,ok,2026-10-05T13:53:18Z
2026-06-02T14:00:00Z,scarperia,0.00,0.000,21,ok,2026-10-05T13:53:18Z
2026-06-02T13:55:00Z,scarperia,0.00,0.000,21,ok,2026-10-05T13:53:18Z
2026-06-02T13:50:00Z,scarperia,0.00,0.000,21,ok,2026-10-05T13:53:18Z
2026-06-02T13:45:00Z,scarperia,0.00,0.000,21,ok,2026-10-05T13:53:18Z
2026-06-02T13:40:00Z,scarperia,0.00,0.000,21,ok,2026-10-05T13:53:18Z
2026-06-02T13:35:00Z,scarperia,0.00,0.000,21,ok,2026-10-05T13:53:18Z
2026-06-02T13:30:00Z,scarperia,0.00,0.000,21,ok,2026-10-05T13:53:18Z
2026-06-02T13:25:00Z,scarperia,0.00,0.000,21,ok,2026-10-05T13:53:18Z
2026-06-02T13:20:00Z,scarperia,0.00,0.000,21,ok,2026-10-05T13:53:18Z
2026-06-02T13:15:00Z,scarperia,0.00,0.000,21,ok,2026-10-05T13:53:18Z
2026-06-02T13:10:00Z,scarperia,0.00,0.000,21,ok,2026-10-05T13:53:18Z
2026-06-02T13:05:00Z,scarperia,0.00,0.000,21,ok,2026-10-05T13:53:18Z
2026-06-02T13:00:00Z,scarperia,0.00,0.000,21,ok,2026-10-05T13:53:18Z
2026-06-02T12:55:00Z,scarperia,0.00,0.000,21,ok,2026-10-05T13:53:18Z
2026-06-02T12:50:00Z,scarperia,0.00,0.000,21,ok,2026-10-05T13:53:18Z
2026-06-02T12:45:00Z,scarperia,0.00,0.000,21,ok,2026-10-05T13:53:18Z
2026-06-02T12:40:00Z,scarperia,0.00,0.000,21,ok,2026-10-05T13:53:18Z
2026-06-02T12:35:00Z,scarperia,0.00,0.000,21,ok,2026-10-05T13:53:18Z
2026-06-02T12:30:00Z,scarperia,0.00,0.000,21,ok,2026-10-05T13:53:18Z
2026-06-02T12:25:00Z,scarperia,0.00,0.000,21,ok,2026-10-05T13:53:18Z
2026-06-02T12:20:00Z,scarperia,0.00,0.000,21,ok,2026-10-05T13:53:18Z
2026-06-02T12:15:00Z,scarperia,0.00,0.000,21,ok,2026-10-05T13:53:18Z
2026-06-02T12:10:00Z,scarperia,0.00,0.000,21,ok,2026-10-05T13:53:18Z
2026-06-02T12:05:00Z,scarperia,0.00,0.000,21,ok,2026-10-05T13:53:18Z
2026-06-02T12:00:00Z,scarperia,0.00,0.000,21,ok,2026-10-05T13:53:18Z
2026-06-02T11:55:00Z,scarperia,0.00,0.000,21,ok,2026-10-05T13:53:18Z
2026-06-02T11:50:00Z,scarperia,0.00,0.000,21,ok,2026-10-05T13:53:18Z
2026-06-02T11:45:00Z,scarperia,0.00,0.000,21,ok,2026-10-05T13:53:18Z
2026-06-02T11:40:00Z,scarperia,0.00,0.000,21,ok,2026-10-05T13:53:18Z
2026-06-02T11:35:00Z,scarperia,0.00,0.000,21,ok,2026-10-05T13:53:18Z
2026-06-02T11:30:00Z,scarperia,0.00,0.000,21,ok,2026-10-05T13:53:18Z
2026-06-02T11:25:00Z,scarperia,0.00,0.000,21,ok,2026-10-05T13:53:18Z
2026-06-02T11:20:00Z,scarperia,0.00,0.000,21,ok,2026-10-05T13:53:18Z
2026-06-02T11:15:00Z,scarperia,0.00,0.000,21,ok,2026-10-05T13:53:18Z
2026-06-02T11:10:00Z,scarperia,0.00,0.000,21,ok,2026-10-05T13:53:18Z
2026-06-02T11:05:00Z,scarperia,0.00,0.000,21,ok,2026-10-05T13:53:18Z
2026-06-02T11:00:00Z,scarperia,0.00,0.000,21,ok,2026-10-05T13:53:18Z
2026-06-02T10:55:00Z,scarperia,0.00,0.000,21,ok,2026-10-05T13:53:18Z
2026-06-02T10:50:00Z,scarperia,0.00,0.000,21,ok,2026-10-05T13:53:18Z
2026-06-02T10:45:00Z,scarperia,0.00,0.000,21,ok,2026-10-05T13:53:18Z
2026-06-02T10:40:00Z,scarperia,0.00,0.000,21,ok,2026-10-05T13:53:18Z
2026-06-02T10:35:00Z,scarperia,0.00,0.000,21,ok,2026-10-05T13:53:18Z
2026-06-02T10:30:00Z,scarperia,0.00,0.000,21,ok,2026-10-05T13:53:18Z
2026-06-02T10:25:00Z,scarperia,0.00,0.000,21,ok,2026-10-05T13:53:18Z
2026-06-02T10:20:00Z,scarperia,0.00,0.000,21,ok,2026-10-05T13:53:18Z
2026-06-02T10:15:00Z,scarperia,0.00,0.000,21,ok,2026-10-05T13:53:18Z
2026-06-02T10:10:00Z,scarperia,0.00,0.000,21,ok,2026-10-05T13:53:18Z
2026-06-02T10:05:00Z,scarperia,0.00,0.000,21,ok,2026-10-05T13:53:18Z
2026-06-02T10:00:00Z,scarperia,0.00,0.000,21,ok,2026-10-05T13:53:18Z
2026-06-02T09:55:00Z,scarperia,0.00,0.000,21,ok,2026-10-05T13:53:18Z
2026-06-02T09:50:00Z,scarperia,0.00,0.000,21,ok,2026-10-05T13:53:18Z
2026-06-02T09:45:00Z,scarperia,0.00,0.000,21,ok,2026-10-05T13:53:18Z
2026-06-02T09:40:00Z,scarperia,0.00,0.000,21,ok,2026-10-05T13:53:18Z
2026-06-02T09:35:00Z,scarperia,0.00,0.000,21,ok,2026-10-05T13:53:18Z
2026-06-02T09:30:00Z,scarperia,0.00,0.000,21,ok,2026-10-05T13:53:18Z
2026-06-02T09:25:00Z,scarperia,0.00,0.000,21,ok,2026-10-05T13:53:18Z
2026-06-02T09:20:00Z,scarperia,0.00,0.000,21,ok,2026-10-05T13:53:18Z
2026-06-02T09:15:00Z,scarperia,0.00,0.000,21,ok,2026-10-05T13:53:18Z
2026-06-02T09:10:00Z,scarperia,0.00,0.000,21,ok,2026-10-05T13:53:18Z
2026-06-02T09:05:00Z,scarperia,0.00,0.000,21,ok,2026-10-05T13:53:18Z
2026-06-02T09:00:00Z,scarperia,0.00,0.000,21,ok,2026-10-05T13:53:18Z
2026-06-02T08:55:00Z,scarperia,0.00,0.000,21,ok,2026-10-05T13:53:18Z
2026-06-02T08:50:00Z,scarperia,0.00,0.000,21,ok,2026-10-05T13:53:18Z
2026-06-02T08:45:00Z,scarperia,0.00,0.000,21,ok,2026-10-05T13:53:18Z
2026-06-02T08:40:00Z,scarperia,0.00,0.000,21,ok,2026-10-05T13:53:18Z
2026-06-02T08:35:00Z,scarperia,0.00,0.000,21,ok,2026-10-05T13:53:18Z
2026-06-02T08:30:00Z,scarperia,0.00,0.000,21,ok,2026-10-05T13:53:18Z
2026-06-02T08:25:00Z,scarperia,0.00,0.000,21,ok,2026-10-05T13:53:18Z
2026-06-02T08:20:00Z,scarperia,0.00,0.000,21,ok,2026-10-05T13:53:18Z
2026-06-02T08:15:00Z,scarperia,0.00,0.000,21,ok,2026-10-05T13:53:18Z
2026-06-02T08:10:00Z,scarperia,0.00,0.000,21,ok,2026-10-05T13:53:18Z
2026-06-02T08:05:00Z,scarperia,0.00,0.000,21,ok,2026-10-05T13:53:18Z
2026-06-02T08:00:00Z,scarperia,0.00,0.000,21,ok,2026-10-05T13:53:18Z
2026-06-02T07:55:00Z,scarperia,0.00,0.000,21,ok,2026-10-05T13:53:18Z
2026-06-02T07:50:00Z,scarperia,0.00,0.000,21,ok,2026-10-05T13:53:18Z
2026-06-02T07:45:00Z,scarperia,0.00,0.000,21,ok,2026-10-05T13:53:18Z
2026-06-02T07:40:00Z,scarperia,0.00,0.000,21,ok,2026-10-05T13:53:18Z
2026-06-02T07:35:00Z,scarperia,0.00,0.000,21,ok,2026-10-05T13:53:18Z
2026-06-02T07:30:00Z,scarperia,0.00,0.000,21,ok,2026-10-05T13:53:18Z
2026-06-02T07:25:00Z,scarperia,0.00,0.000,21,ok,2026-10-05T13:53:18Z
2026-06-02T07:20:00Z,scarperia,0.00,0.000,21,ok,2026-10-05T13:53:18Z
2026-06-02T07:15:00Z,scarperia,0.00,0.000,21,ok,2026-10-05T13:53:18Z
2026-06-02T07:10:00Z,scarperia,0.00,0.000,21,ok,2026-10-05T13:53:18Z
2026-06-02T07:05:00Z,scarperia,0.00,0.000,21,ok,2026-10-05T13:53:18Z
2026-06-02T07:00:00Z,scarperia,0.00,0.000,21,ok,2026-10-05T13:53:18Z
2026-06-02T06:55:00Z,scarperia,0.00,0.000,21,ok,2026-10-05T13:53:18Z
2026-06-02T06:50:00Z,scarperia,0.00,0.000,21,ok,2026-10-05T13:53:18Z
2026-06-02T06:45:00Z,scarperia,0.00,0.000,21,ok,2026-10-05T13:53:18Z
2026-06-02T06:40:00Z,scarperia,0.00,0.000,21,ok,2026-10-05T13:53:18Z
2026-06-02T06:35:00Z,scarperia,0.00,0.000,21,ok,2026-10-05T13:53:18Z
2026-06-02T06:30:00Z,scarperia,0.00,0.000,21,ok,2026-10-05T13:53:18Z
2026-06-02T06:25:00Z,scarperia,0.00,0.000,21,ok,2026-10-05T13:53:18Z
2026-06-02T06:20:00Z,scarperia,0.00,0.000,21,ok,2026-10-05T13:53:18Z
2026-06-02T06:15:00Z,scarperia,0.00,0.000,21,ok,2026-10-05T13:53:18Z
2026-06-02T06:10:00Z,scarperia,0.00,0.000,21,ok,2026-10-05T13:53:18Z
2026-06-02T06:05:00Z,scarperia,0.00,0.000,21,ok,2026-10-05T13:53:18Z
2026-06-02T06:00:00Z,scarperia,0.00,0.000,21,ok,2026-10-05T13:53:18Z
2026-06-02T05:55:00Z,scarperia,0.00,0.000,21,ok,2026-10-05T13:53:18Z
2026-06-02T05:50:00Z,scarperia,0.00,0.000,21,ok,2026-10-05T13:53:18Z
2026-06-02T05:45:00Z,scarperia,0.00,0.000,21,ok,2026-10-05T13:53:18Z
2026-06-02T05:40:00Z,scarperia,0.00,0.000,21,ok,2026-10-05T13:53:18Z
2026-06-02T05:35:00Z,scarperia,0.00,0.000,21,ok,2026-10-05T13:53:18Z
2026-06-02T05:30:00Z,scarperia,0.00,0.000,21,ok,2026-10-05T13:53:18Z
2026-06-02T05:25:00Z,scarperia,0.00,0.000,21,ok,2026-10-05T13:53:18Z
2026-06-02T05:20:00Z,scarperia,0.00,0.000,21,ok,2026-10-05T13:53:18Z
2026-06-02T05:15:00Z,scarperia,0.00,0.000,21,ok,2026-10-05T13:53:18Z
2026-06-02T05:10:00Z,scarperia,0.00,0.000,21,ok,2026-10-05T13:53:18Z
2026-06-02T05:05:00Z,scarperia,0.00,0.000,21,ok,2026-10-05T13:53:18Z
2026-06-02T05:00:00Z,scarperia,0.00,0.000,21,ok,2026-10-05T13:53:18Z
2026-06-02T04:55:00Z,scarperia,0.00,0.000,21,ok,2026-10-05T13:53:18Z
2026-06-02T04:50:00Z,scarperia,0.00,0.000,21,ok,2026-10-05T13:53:18Z
2026-06-02T04:45:00Z,scarperia,0.00,0.000,21,ok,2026-10-05T13:53:18Z
2026-06-02T04:40:00Z,scarperia,0.00,0.000,21,ok,2026-10-05T13:53:18Z
2026-06-02T04:35:00Z,scarperia,0.00,0.000,21,ok,2026-10-05T13:53:18Z
2026-06-02T04:30:00Z,scarperia,0.00,0.000,21,ok,2026-10-05T13:53:18Z
2026-06-02T04:25:00Z,scarperia,0.00,0.000,21,ok,2026-10-05T13:53:18Z
2026-06-02T04:20:00Z,scarperia,0.00,0.000,21,ok,2026-10-05T13:53:18Z
2026-06-02T04:15:00Z,scarperia,0.00,0.000,21,ok,2026-10-05T13:53:18Z
2026-06-02T04:10:00Z,scarperia,0.00,0.000,21,ok,2026-10-05T13:53:18Z
2026-06-02T04:05:00Z,scarperia,0.00,0.000,21,ok,2026-10-05T13:53:18Z
2026-06-02T04:00:00Z,scarperia,0.00,0.000,21,ok,2026-10-05T13:53:18Z
2026-06-02T03:55:00Z,scarperia,0.00,0.000,21,ok,2026-10-05T13:53:18Z
2026-06-02T03:50:00Z,scarperia,0.00,0.000,21,ok,2026-10-05T13:53:18Z
2026-06-02T03:45:00Z,scarperia,0.00,0.000,21,ok,2026-10-05T13:53:18Z
2026-06-02T03:40:00Z,scarperia,0.00,0.000,21,ok,2026-10-05T13:53:18Z
2026-06-02T03:35:00Z,scarperia,0.00,0.000,21,ok,2026-10-05T13:53:18Z
2026-06-02T03:30:00Z,scarperia,0.00,0.000,21,ok,2026-10-05T13:53:18Z
2026-06-02T03:25:00Z,scarperia,0.00,0.000,21,ok,2026-10-05T13:53:18Z
2026-06-02T03:20:00Z,scarperia,0.00,0.000,21,ok,2026-10-05T13:53:18Z
2026-06-02T03:15:00Z,scarperia,0.00,0.000,21,ok,2026-10-05T13:53:18Z
2026-06-02T03:10:00Z,scarperia,0.00,0.000,21,ok,2026-10-05T13:53:18Z
2026-06-02T03:05:00Z,scarperia,0.00,0.000,21,ok,2026-10-05T13:53:18Z
2026-06-02T03:00:00Z,scarperia,0.00,0.000,21,ok,2026-10-05T13:53:18Z
2026-06-02T02:55:00Z,scarperia,0.00,0.000,21,ok,2026-10-05T13:53:18Z
2026-06-02T02:50:00Z,scarperia,0.00,0.000,21,ok,2026-10-05T13:53:18Z
2026-06-02T02:45:00Z,scarperia,0.00,0.000,21,ok,2026-10-05T13:53:18Z
2026-06-02T02:40:00Z,scarperia,0.00,0.000,21,ok,2026-10-05T13:53:18Z
2026-06-02T02:35:00Z,scarperia,0.00,0.000,21,ok,2026-10-05T13:53:18Z
2026-06-02T02:30:00Z,scarperia,0.00,0.000,21,ok,2026-10-05T13:53:18Z
2026-06-02T02:25:00Z,scarperia,0.00,0.000,21,ok,2026-10-05T13:53:18Z
2026-06-02T02:20:00Z,scarperia,0.00,0.000,21,ok,2026-10-05T13:53:18Z
2026-06-02T02:15:00Z,scarperia,0.00,0.000,21,ok,2026-10-05T13:53:18Z
2026-06-02T02:10:00Z,scarperia,0.00,0.000,21,ok,2026-10-05T13:53:18Z
2026-06-02T02:05:00Z,scarperia,0.00,0.000,21,ok,2026-10-05T13:53:18Z
2026-06-02T02:00:00Z,scarperia,0.00,0.000,21,ok,2026-10-05T13:53:18Z
2026-06-02T01:55:00Z,scarperia,0.00,0.000,21,ok,2026-10-05T13:53:18Z
2026-06-02T01:50:00Z,scarperia,0.00,0.000,21,ok,2026-10-05T13:53:18Z
2026-06-02T01:45:00Z,scarperia,0.00,0.000,21,ok,2026-10-05T13:53:18Z
2026-06-02T01:40:00Z,scarperia,0.00,0.000,21,ok,2026-10-05T13:53:18Z
2026-06-02T01:35:00Z,scarperia,0.00,0.000,21,ok,2026-10-05T13:53:18Z
2026-06-02T01:30:00Z,scarperia,0.00,0.000,21,ok,2026-10-05T13:53:18Z
2026-06-02T01:25:00Z,scarperia,0.00,0.000,21,ok,2026-10-05T13:53:18Z
2026-06-02T01:20:00Z,scarperia,0.00,0.000,21,ok,2026-10-05T13:53:18Z
2026-06-02T01:15:00Z,scarperia,0.00,0.000,21,ok,2026-10-05T13:53:18Z
2026-06-02T01:10:00Z,scarperia,0.00,0.000,21,ok,2026-10-05T13:53:18Z
2026-06-02T01:05:00Z,scarperia,0.00,0.000,21,ok,2026-10-05T13:53:18Z
2026-06-02T01:00:00Z,scarperia,0.00,0.000,21,ok,2026-10-05T13:53:18Z
2026-06-02T00:55:00Z,scarperia,0.00,0.000,21,ok,2026-10-05T13:53:18Z
2026-06-02T00:50:00Z,scarperia,0.00,0.000,21,ok,2026-10-05T13:53:18Z
2026-06-02T00:45:00Z,scarperia,0.00,0.000,21,ok,2026-10-05T13:53:18Z
2026-06-02T00:40:00Z,scarperia,0.00,0.000,21,ok,2026-10-05T13:53:18Z
2026-06-02T00:35:00Z,scarperia,0.00,0.000,21,ok,2026-10-05T13:53:18Z
2026-06-02T00:30:00Z,scarperia,0.00,0.000,21,ok,2026-10-05T13:53:18Z
2026-06-02T00:25:00Z,scarperia,0.00,0.000,21,ok,2026-10-05T13:53:18Z
2026-06-02T00:20:00Z,scarperia,0.00,0.000,21,ok,2026-10-05T13:53:18Z
2026-06-02T00:15:00Z,scarperia,0.00,0.000,21,ok,2026-10-05T13:53:18Z
2026-06-02T00:10:00Z,scarperia,0.00,0.000,21,ok,2026-10-05T13:53:18Z
2026-06-02T00:05:00Z,scarperia,0.00,0.000,21,ok,2026-10-05T13:53:18Z
2026-06-02T00:00:00Z,scarperia,0.00,0.000,21,ok,2026-10-05T13:53:18Z
2026-06-01T23:55:00Z,scarperia,0.00,0.000,21,ok,2026-10-05T13:53:18Z
2026-06-01T23:50:00Z,scarperia,0.00,0.000,21,ok,2026-10-05T13:53:18Z
2026-06-01T23:45:00Z,scarperia,0.00,0.000,21,ok,2026-10-05T13:53:18Z
2026-06-01T23:40:00Z,scarperia,0.00,0.000,21,ok,2026-10-05T13:53:18Z
2026-06-01T23:35:00Z,scarperia,0.00,0.000,21,ok,2026-10-05T13:53:18Z
2026-06-01T23:30:00Z,scarperia,0.00,0.000,21,ok,2026-10-05T13:53:18Z
2026-06-01T23:25:00Z,scarperia,0.00,0.000,21,ok,2026-10-05T13:53:18Z
2026-06-01T23:20:00Z,scarperia,0.00,0.000,21,ok,2026-10-05T13:53:18Z
2026-06-01T23:15:00Z,scarperia,0.00,0.000,21,ok,2026-10-05T13:53:18Z
2026-06-01T23:10:00Z,scarperia,0.00,0.000,21,ok,2026-10-05T13:53:18Z
2026-06-01T23:05:00Z,scarperia,0.00,0.000,21,ok,2026-10-05T13:53:18Z
2026-06-01T23:00:00Z,scarperia,0.00,0.000,21,ok,2026-10-05T13:53:18Z
2026-06-01T13:00:00Z,scarperia,1.36,0.880,21,ok,2026-10-05T13:53:18Z
2026-06-01T12:55:00Z,scarperia,1.38,0.830,21,ok,2026-10-05T13:53:18Z
2026-06-01T12:50:00Z,scarperia,1.06,0.666,21,ok,2026-10-05T13:53:18Z
2026-06-01T12:45:00Z,scarperia,0.94,0.439,21,ok,2026-10-05T13:53:18Z
2026-06-01T12:40:00Z,scarperia,0.63,0.149,21,ok,2026-10-05T13:53:18Z
2026-06-01T12:35:00Z,scarperia,0.16,0.007,21,ok,2026-10-05T13:53:18Z
2026-06-01T12:30:00Z,scarperia,0.00,0.000,21,ok,2026-10-05T13:53:18Z
2026-06-01T12:25:00Z,scarperia,0.00,0.000,21,ok,2026-10-05T13:53:18Z
2026-06-01T12:20:00Z,scarperia,0.00,0.000,21,ok,2026-10-05T13:53:18Z
2026-06-01T12:15:00Z,scarperia,0.00,0.000,21,ok,2026-10-05T13:53:18Z
2026-06-01T12:10:00Z,scarperia,0.00,0.000,21,ok,2026-10-05T13:53:18Z
2026-06-01T12:05:00Z,scarperia,0.00,0.000,21,ok,2026-10-05T13:53:18Z
2026-06-01T12:00:00Z,scarperia,0.00,0.000,21,ok,2026-10-05T13:53:18Z
2026-06-01T11:55:00Z,scarperia,0.00,0.000,21,ok,2026-10-05T13:53:18Z
2026-06-01T11:50:00Z,scarperia,0.00,0.000,21,ok,2026-10-05T13:53:18Z
2026-06-01T11:45:00Z,scarperia,0.00,0.000,21,ok,2026-10-05T13:53:18Z
2026-06-01T11:40:00Z,scarperia,0.00,0.000,21,ok,2026-10-05T13:53:18Z
2026-06-01T11:35:00Z,scarperia,0.00,0.000,21,ok,2026-10-05T13:53:18Z
2026-06-01T11:30:00Z,scarperia,0.53,0.071,21,ok,2026-10-05T13:53:18Z
2026-06-01T11:25:00Z,scarperia,2.02,0.811,21,ok,2026-10-05T13:53:18Z
2026-06-01T11:20:00Z,scarperia,2.81,1.767,21,ok,2026-10-05T13:53:18Z
2026-06-01T11:15:00Z,scarperia,2.83,2.293,21,ok,2026-10-05T13:53:18Z
2026-06-01T11:10:00Z,scarperia,3.88,3.188,21,ok,2026-10-05T13:53:18Z
2026-06-01T11:05:00Z,scarperia,3.35,3.093,21,ok,2026-10-05T13:53:18Z
2026-06-01T11:00:00Z,scarperia,4.05,3.206,21,ok,2026-10-05T13:53:18Z
2026-06-01T10:55:00Z,scarperia,2.83,2.572,21,ok,2026-10-05T13:53:18Z
2026-06-01T10:50:00Z,scarperia,1.96,1.785,21,ok,2026-10-05T13:53:18Z
2026-06-01T10:45:00Z,scarperia,1.67,1.421,21,ok,2026-10-05T13:53:18Z
2026-06-01T10:40:00Z,scarperia,2.21,1.548,21,ok,2026-10-05T13:53:18Z
2026-06-01T10:35:00Z,scarperia,1.88,1.412,21,ok,2026-10-05T13:53:18Z
2026-06-01T10:30:00Z,scarperia,1.45,1.000,21,ok,2026-10-05T13:53:18Z
2026-06-01T10:25:00Z,scarperia,1.66,0.796,21,ok,2026-10-05T13:53:18Z
2026-06-01T10:20:00Z,scarperia,1.21,0.606,21,ok,2026-10-05T13:53:18Z
2026-06-01T10:15:00Z,scarperia,0.65,0.282,21,ok,2026-10-05T13:53:18Z
2026-06-01T10:10:00Z,scarperia,0.34,0.070,21,ok,2026-10-05T13:53:18Z
2026-06-01T10:05:00Z,scarperia,0.00,0.000,21,ok,2026-10-05T13:53:18Z
2026-06-01T10:00:00Z,scarperia,0.41,0.116,21,ok,2026-10-05T13:53:18Z
2026-06-01T09:55:00Z,scarperia,0.39,0.019,21,ok,2026-10-05T13:53:18Z
2026-06-01T09:50:00Z,scarperia,0.00,0.000,21,ok,2026-10-05T13:53:18Z
2026-06-01T09:45:00Z,scarperia,0.00,0.000,21,ok,2026-10-05T13:53:18Z
2026-06-01T09:40:00Z,scarperia,0.00,0.000,21,ok,2026-10-05T13:53:18Z
2026-06-01T09:35:00Z,scarperia,0.00,0.000,21,ok,2026-10-05T13:53:18Z
2026-06-01T09:30:00Z,scarperia,0.00,0.000,21,ok,2026-10-05T13:53:18Z
2026-06-01T09:25:00Z,scarperia,0.00,0.000,21,ok,2026-10-05T13:53:18Z
2026-06-01T09:20:00Z,scarperia,0.00,0.000,21,ok,2026-10-05T13:53:18Z
2026-06-01T09:15:00Z,scarperia,0.00,0.000,21,ok,2026-10-05T13:53:18Z
2026-06-01T09:10:00Z,scarperia,0.00,0.000,21,ok,2026-10-05T13:53:18Z
2026-06-01T09:05:00Z,scarperia,0.00,0.000,21,ok,2026-10-05T13:53:18Z
2026-06-01T09:00:00Z,scarperia,0.00,0.000,21,ok,2026-10-05T13:53:18Z
2026-06-01T08:55:00Z,scarperia,0.00,0.000,21,ok,2026-10-05T13:53:18Z
2026-06-01T08:50:00Z,scarperia,0.00,0.000,21,ok,2026-10-05T13:53:18Z
2026-06-01T08:45:00Z,scarperia,0.00,0.000,21,ok,2026-10-05T13:53:18Z
2026-06-01T08:40:00Z,scarperia,0.00,0.000,21,ok,2026-10-05T13:53:18Z
2026-06-01T08:35:00Z,scarperia,0.00,0.000,21,ok,2026-10-05T13:53:18Z
2026-06-01T08:30:00Z,scarperia,0.00,0.000,21,ok,2026-10-05T13:53:18Z
2026-06-01T08:25:00Z,scarperia,0.00,0.000,21,ok,2026-10-05T13:53:18Z
2026-06-01T08:20:00Z,scarperia,0.00,0.000,21,ok,2026-10-05T13:53:18Z
2026-06-01T08:15:00Z,scarperia,0.00,0.000,21,ok,2026-10-05T13:53:18Z
2026-06-01T08:10:00Z,scarperia,0.00,0.000,21,ok,2026-10-05T13:53:18Z
2026-06-01T08:05:00Z,scarperia,0.00,0.000,21,ok,2026-10-05T13:53:18Z
2026-06-01T08:00:00Z,scarperia,0.00,0.000,21,ok,2026-10-05T13:53:18Z
2026-05-31T19:00:00Z,scarperia,0.00,0.000,21,ok,2026-10-05T13:53:18Z
2026-05-31T18:55:00Z,scarperia,0.00,0.000,21,ok,2026-10-05T13:53:18Z
2026-05-31T18:50:00Z,scarperia,0.00,0.000,21,ok,2026-10-05T13:53:18Z
2026-05-31T18:45:00Z,scarperia,0.00,0.000,21,ok,2026-10-05T13:53:18Z
2026-05-31T18:40:00Z,scarperia,0.00,0.000,21,ok,2026-10-05T13:53:18Z
2026-05-31T18:35:00Z,scarperia,0.00,0.000,21,ok,2026-10-05T13:53:18Z
2026-05-31T18:30:00Z,scarperia,0.00,0.000,21,ok,2026-10-05T13:53:18Z
2026-05-31T18:25:00Z,scarperia,0.00,0.000,21,ok,2026-10-05T13:53:18Z
2026-05-31T18:20:00Z,scarperia,0.00,0.000,21,ok,2026-10-05T13:53:18Z
2026-05-31T18:15:00Z,scarperia,0.00,0.000,21,ok,2026-10-05T13:53:18Z
2026-05-31T18:10:00Z,scarperia,0.00,0.000,21,ok,2026-10-05T13:53:18Z
2026-05-31T18:05:00Z,scarperia,0.00,0.000,21,ok,2026-10-05T13:53:18Z
2026-05-31T18:00:00Z,scarperia,0.00,0.000,21,ok,2026-10-05T13:53:18Z
2026-05-31T17:55:00Z,scarperia,0.00,0.000,21,ok,2026-10-05T13:53:18Z
2026-05-31T17:50:00Z,scarperia,0.00,0.000,21,ok,2026-10-05T13:53:18Z
2026-05-31T17:45:00Z,scarperia,0.00,0.000,21,ok,2026-10-05T13:53:18Z
2026-05-31T17:40:00Z,scarperia,0.00,0.000,21,ok,2026-10-05T13:53:18Z
2026-05-31T17:35:00Z,scarperia,0.00,0.000,21,ok,2026-10-05T13:53:18Z
2026-05-31T17:30:00Z,scarperia,0.00,0.000,21,ok,2026-10-05T13:53:18Z
2026-05-31T17:25:00Z,scarperia,0.00,0.000,21,ok,2026-10-05T13:53:18Z
2026-05-31T17:20:00Z,scarperia,0.00,0.000,21,ok,2026-10-05T13:53:18Z
2026-05-31T17:15:00Z,scarperia,0.00,0.000,21,ok,2026-10-05T13:53:18Z
2026-05-31T17:10:00Z,scarperia,0.00,0.000,21,ok,2026-10-05T13:53:18Z
2026-05-31T17:05:00Z,scarperia,0.00,0.000,21,ok,2026-10-05T13:53:18Z
2026-05-31T17:00:00Z,scarperia,0.00,0.000,21,ok,2026-10-05T13:53:18Z
2026-05-31T16:55:00Z,scarperia,0.00,0.000,21,ok,2026-10-05T13:53:18Z
2026-05-31T16:50:00Z,scarperia,0.00,0.000,21,ok,2026-10-05T13:53:18Z
2026-05-31T16:45:00Z,scarperia,0.00,0.000,21,ok,2026-10-05T13:53:18Z
2026-05-31T16:40:00Z,scarperia,0.00,0.000,21,ok,2026-10-05T13:53:18Z
2026-05-31T16:35:00Z,scarperia,0.00,0.000,21,ok,2026-10-05T13:53:18Z
2026-05-31T16:30:00Z,scarperia,0.00,0.000,21,ok,2026-10-05T13:53:18Z
2026-05-31T16:25:00Z,scarperia,0.00,0.000,21,ok,2026-10-05T13:53:18Z
2026-05-31T16:20:00Z,scarperia,0.00,0.000,21,ok,2026-10-05T13:53:18Z
2026-05-31T16:15:00Z,scarperia,0.00,0.000,21,ok,2026-10-05T13:53:18Z
2026-05-31T16:10:00Z,scarperia,0.00,0.000,21,ok,2026-10-05T13:53:18Z
2026-05-31T16:05:00Z,scarperia,0.00,0.000,21,ok,2026-10-05T13:53:18Z
2026-05-31T16:00:00Z,scarperia,0.00,0.000,21,ok,2026-10-05T13:53:18Z
2026-05-31T15:55:00Z,scarperia,0.00,0.000,21,ok,2026-10-05T13:53:18Z
2026-05-31T15:50:00Z,scarperia,0.00,0.000,21,ok,2026-10-05T13:53:18Z
2026-05-31T15:45:00Z,scarperia,0.00,0.000,21,ok,2026-10-05T13:53:18Z
2026-05-31T15:40:00Z,scarperia,0.00,0.000,21,ok,2026-10-05T13:53:18Z
2026-05-31T15:35:00Z,scarperia,0.00,0.000,21,ok,2026-10-05T13:53:18Z
2026-05-31T15:30:00Z,scarperia,0.00,0.000,21,ok,2026-10-05T13:53:18Z
2026-05-31T15:25:00Z,scarperia,0.00,0.000,21,ok,2026-10-05T13:53:18Z
2026-05-31T15:20:00Z,scarperia,0.00,0.000,21,ok,2026-10-05T13:53:18Z
2026-05-31T15:15:00Z,scarperia,0.00,0.000,21,ok,2026-10-05T13:53:18Z
2026-05-31T15:10:00Z,scarperia,0.00,0.000,21,ok,2026-10-05T13:53:18Z
2026-05-31T15:05:00Z,scarperia,0.00,0.000,21,ok,2026-10-05T13:53:18Z
2026-05-31T15:00:00Z,scarperia,0.00,0.000,21,ok,2026-10-05T13:53:18Z
2026-05-31T14:55:00Z,scarperia,0.00,0.000,21,ok,2026-10-05T13:53:18Z
2026-05-31T14:50:00Z,scarperia,0.00,0.000,21,ok,2026-10-05T13:53:18Z
2026-05-31T14:45:00Z,scarperia,0.00,0.000,21,ok,2026-10-05T13:53:18Z
2026-05-31T14:40:00Z,scarperia,0.00,0.000,21,ok,2026-10-05T13:53:18Z
2026-05-31T14:35:00Z,scarperia,0.00,0.000,21,ok,2026-10-05T13:53:18Z
2026-05-31T14:30:00Z,scarperia,0.00,0.000,21,ok,2026-10-05T13:53:18Z
2026-05-31T14:25:00Z,scarperia,0.00,0.000,21,ok,2026-10-05T13:53:18Z
2026-05-31T14:20:00Z,scarperia,0.00,0.000,21,ok,2026-10-05T13:53:18Z
2026-05-31T14:15:00Z,scarperia,0.00,0.000,21,ok,2026-10-05T13:53:18Z
2026-05-31T14:10:00Z,scarperia,0.00,0.000,21,ok,2026-10-05T13:53:18Z
2026-05-31T14:05:00Z,scarperia,0.00,0.000,21,ok,2026-10-05T13:53:18Z
2026-05-31T14:00:00Z,scarperia,0.00,0.000,21,ok,2026-10-05T13:53:18Z
2026-05-31T13:55:00Z,scarperia,0.00,0.000,21,ok,2026-10-05T13:53:18Z
2026-05-31T13:50:00Z,scarperia,0.00,0.000,21,ok,2026-10-05T13:53:18Z
2026-05-31T13:45:00Z,scarperia,0.00,0.000,21,ok,2026-10-05T13:53:18Z
2026-05-31T13:40:00Z,scarperia,0.00,0.000,21,ok,2026-10-05T13:53:18Z
2026-05-31T13:35:00Z,scarperia,0.00,0.000,21,ok,2026-10-05T13:53:18Z
2026-05-31T13:30:00Z,scarperia,0.00,0.000,21,ok,2026-10-05T13:53:18Z
2026-05-31T13:25:00Z,scarperia,0.00,0.000,21,ok,2026-10-05T13:53:18Z
2026-05-31T13:20:00Z,scarperia,0.00,0.000,21,ok,2026-10-05T13:53:18Z
2026-05-31T13:15:00Z,scarperia,0.00,0.000,21,ok,2026-10-05T13:53:18Z
2026-05-31T13:10:00Z,scarperia,0.00,0.000,21,ok,2026-10-05T13:53:18Z
2026-05-31T13:05:00Z,scarperia,0.00,0.000,21,ok,2026-10-05T13:53:18Z
2026-05-31T13:00:00Z,scarperia,0.00,0.000,21,ok,2026-10-05T13:53:18Z
2026-05-31T12:55:00Z,scarperia,0.00,0.000,21,ok,2026-10-05T13:53:18Z
2026-05-31T12:50:00Z,scarperia,0.00,0.000,21,ok,2026-10-05T13:53:18Z
2026-05-31T12:45:00Z,scarperia,0.00,0.000,21,ok,2026-10-05T13:53:18Z
2026-05-31T12:40:00Z,scarperia,0.00,0.000,21,ok,2026-10-05T13:53:18Z
2026-05-31T12:35:00Z,scarperia,0.00,0.000,21,ok,2026-10-05T13:53:18Z
2026-05-31T12:30:00Z,scarperia,0.00,0.000,21,ok,2026-10-05T13:53:18Z
2026-05-31T12:25:00Z,scarperia,0.00,0.000,21,ok,2026-10-05T13:53:18Z
2026-05-31T12:20:00Z,scarperia,0.00,0.000,21,ok,2026-10-05T13:53:18Z
2026-05-31T12:15:00Z,scarperia,0.00,0.000,21,ok,2026-10-05T13:53:18Z
2026-05-31T12:10:00Z,scarperia,0.00,0.000,21,ok,2026-10-05T13:53:18Z
2026-05-31T12:05:00Z,scarperia,0.00,0.000,21,ok,2026-10-05T13:53:18Z
2026-05-31T12:00:00Z,scarperia,0.00,0.000,21,ok,2026-10-05T13:53:18Z
2026-05-31T11:55:00Z,scarperia,0.00,0.000,21,ok,2026-10-05T13:53:18Z
2026-05-31T11:50:00Z,scarperia,0.00,0.000,21,ok,2026-10-05T13:53:18Z
2026-05-31T11:45:00Z,scarperia,0.00,0.000,21,ok,2026-10-05T13:53:18Z
2026-05-31T11:40:00Z,scarperia,0.00,0.000,21,ok,2026-10-05T13:53:18Z
2026-05-31T11:35:00Z,scarperia,0.00,0.000,21,ok,2026-10-05T13:53:18Z
2026-05-31T11:30:00Z,scarperia,0.00,0.000,21,ok,2026-10-05T13:53:18Z
2026-05-31T11:25:00Z,scarperia,0.00,0.000,21,ok,2026-10-05T13:53:18Z
2026-05-31T11:20:00Z,scarperia,0.00,0.000,21,ok,2026-10-05T13:53:18Z
2026-05-31T11:15:00Z,scarperia,0.00,0.000,21,ok,2026-10-05T13:53:18Z
2026-05-31T11:10:00Z,scarperia,0.00,0.000,21,ok,2026-10-05T13:53:18Z
2026-05-31T11:05:00Z,scarperia,0.00,0.000,21,ok,2026-10-05T13:53:18Z
2026-05-31T11:00:00Z,scarperia,0.00,0.000,21,ok,2026-10-05T13:53:18Z
2026-05-29T07:00:00Z,scarperia,0.00,0.000,21,ok,2026-10-05T13:53:18Z
2026-05-29T06:55:00Z,scarperia,0.00,0.000,21,ok,2026-10-05T13:53:18Z
2026-05-29T06:50:00Z,scarperia,0.00,0.000,21,ok,2026-10-05T13:53:18Z
2026-05-29T06:45:00Z,scarperia,0.00,0.000,21,ok,2026-10-05T13:53:18Z
2026-05-29T06:40:00Z,scarperia,0.00,0.000,21,ok,2026-10-05T13:53:18Z
2026-05-29T06:35:00Z,scarperia,0.00,0.000,21,ok,2026-10-05T13:53:18Z
2026-05-29T06:30:00Z,scarperia,0.00,0.000,21,ok,2026-10-05T13:53:18Z
2026-05-29T06:25:00Z,scarperia,0.00,0.000,21,ok,2026-10-05T13:53:18Z
2026-05-29T06:20:00Z,scarperia,0.00,0.000,21,ok,2026-10-05T13:53:18Z
2026-05-29T06:15:00Z,scarperia,0.00,0.000,21,ok,2026-10-05T13:53:18Z
2026-05-29T06:10:00Z,scarperia,0.00,0.000,21,ok,2026-10-05T13:53:18Z
2026-05-29T06:05:00Z,scarperia,0.00,0.000,21,ok,2026-10-05T13:53:18Z
2026-05-29T06:00:00Z,scarperia,0.00,0.000,21,ok,2026-10-05T13:53:18Z
2026-05-29T05:55:00Z,scarperia,0.00,0.000,21,ok,2026-10-05T13:53:18Z
2026-05-29T05:50:00Z,scarperia,0.00,0.000,21,ok,2026-10-05T13:53:18Z
2026-05-29T05:45:00Z,scarperia,0.00,0.000,21,ok,2026-10-05T13:53:18Z
2026-05-29T05:40:00Z,scarperia,0.00,0.000,21,ok,2026-10-05T13:53:18Z
2026-05-29T05:35:00Z,scarperia,0.00,0.000,21,ok,2026-10-05T13:53:18Z
2026-05-29T05:30:00Z,scarperia,0.00,0.000,21,ok,2026-10-05T13:53:18Z
2026-05-29T05:25:00Z,scarperia,0.00,0.000,21,ok,2026-10-05T13:53:18Z
2026-05-29T05:20:00Z,scarperia,0.00,0.000,21,ok,2026-10-05T13:53:18Z
2026-05-29T05:15:00Z,scarperia,0.00,0.000,21,ok,2026-10-05T13:53:18Z
2026-05-29T05:10:00Z,scarperia,0.00,0.000,21,ok,2026-10-05T13:53:18Z
2026-05-29T05:05:00Z,scarperia,0.00,0.000,21,ok,2026-10-05T13:53:18Z
2026-05-29T05:00:00Z,scarperia,0.00,0.000,21,ok,2026-10-05T13:53:18Z
2026-05-29T04:55:00Z,scarperia,0.00,0.000,21,ok,2026-10-05T13:53:18Z
2026-05-29T04:50:00Z,scarperia,0.00,0.000,21,ok,2026-10-05T13:53:18Z
2026-05-29T04:45:00Z,scarperia,0.00,0.000,21,ok,2026-10-05T13:53:18Z
2026-05-29T04:40:00Z,scarperia,0.00,0.000,21,ok,2026-10-05T13:53:18Z
2026-05-29T04:35:00Z,scarperia,0.00,0.000,21,ok,2026-10-05T13:53:18Z
2026-05-29T04:30:00Z,scarperia,0.00,0.000,21,ok,2026-10-05T13:53:18Z
2026-05-29T04:25:00Z,scarperia,0.00,0.000,21,ok,2026-10-05T13:53:18Z
2026-05-29T04:20:00Z,scarperia,0.00,0.000,21,ok,2026-10-05T13:53:18Z
2026-05-29T04:15:00Z,scarperia,0.00,0.000,21,ok,2026-10-05T13:53:18Z
2026-05-29T04:10:00Z,scarperia,0.00,0.000,21,ok,2026-10-05T13:53:18Z
2026-05-29T04:05:00Z,scarperia,0.00,0.000,21,ok,2026-10-05T13:53:18Z
2026-05-29T04:00:00Z,scarperia,0.00,0.000,21,ok,2026-10-05T13:53:18Z
2026-05-29T03:55:00Z,scarperia,0.00,0.000,21,ok,2026-10-05T13:53:18Z
2026-05-29T03:50:00Z,scarperia,0.00,0.000,21,ok,2026-10-05T13:53:18Z
2026-05-29T03:45:00Z,scarperia,0.00,0.000,21,ok,2026-10-05T13:53:18Z
2026-05-29T03:40:00Z,scarperia,0.00,0.000,21,ok,2026-10-05T13:53:18Z
2026-05-29T03:35:00Z,scarperia,0.00,0.000,21,ok,2026-10-05T13:53:18Z
2026-05-29T03:30:00Z,scarperia,0.00,0.000,21,ok,2026-10-05T13:53:18Z
2026-05-29T03:25:00Z,scarperia,0.00,0.000,21,ok,2026-10-05T13:53:18Z
2026-05-29T03:20:00Z,scarperia,0.00,0.000,21,ok,2026-10-05T13:53:18Z
2026-05-29T03:15:00Z,scarperia,0.00,0.000,21,ok,2026-10-05T13:53:18Z
2026-05-29T03:10:00Z,scarperia,0.00,0.000,21,ok,2026-10-05T13:53:18Z
2026-05-29T03:05:00Z,scarperia,0.00,0.000,21,ok,2026-10-05T13:53:18Z
2026-05-29T03:00:00Z,scarperia,0.00,0.000,21,ok,2026-10-05T13:53:18Z
2026-05-29T02:55:00Z,scarperia,0.00,0.000,21,ok,2026-10-05T13:53:18Z
2026-05-29T02:50:00Z,scarperia,0.00,0.000,21,ok,2026-10-05T13:53:18Z
2026-05-29T02:45:00Z,scarperia,0.00,0.000,21,ok,2026-10-05T13:53:18Z
2026-05-29T02:40:00Z,scarperia,0.00,0.000,21,ok,2026-10-05T13:53:18Z
2026-05-29T02:35:00Z,scarperia,0.00,0.000,21,ok,2026-10-05T13:53:18Z
2026-05-29T02:30:00Z,scarperia,0.00,0.000,21,ok,2026-10-05T13:53:18Z
2026-05-29T02:25:00Z,scarperia,0.00,0.000,21,ok,2026-10-05T13:53:18Z
2026-05-29T02:20:00Z,scarperia,0.00,0.000,21,ok,2026-10-05T13:53:18Z
2026-05-29T02:15:00Z,scarperia,0.00,0.000,21,ok,2026-10-05T13:53:18Z
2026-05-29T02:10:00Z,scarperia,0.00,0.000,21,ok,2026-10-05T13:53:18Z
2026-05-29T02:05:00Z,scarperia,0.00,0.000,21,ok,2026-10-05T13:53:18Z
2026-05-29T02:00:00Z,scarperia,0.00,0.000,21,ok,2026-10-05T13:53:18Z
2026-05-28T19:00:00Z,scarperia,0.00,0.000,21,ok,2026-10-05T13:53:18Z
2026-05-28T18:55:00Z,scarperia,0.00,0.000,21,ok,2026-10-05T13:53:18Z
2026-05-28T18:50:00Z,scarperia,0.00,0.000,21,ok,2026-10-05T13:53:18Z
2026-05-28T18:45:00Z,scarperia,0.00,0.000,21,ok,2026-10-05T13:53:18Z
2026-05-28T18:40:00Z,scarperia,0.00,0.000,21,ok,2026-10-05T13:53:18Z
2026-05-28T18:35:00Z,scarperia,0.00,0.000,21,ok,2026-10-05T13:53:18Z
2026-05-28T18:30:00Z,scarperia,0.00,0.000,21,ok,2026-10-05T13:53:18Z
2026-05-28T18:25:00Z,scarperia,0.00,0.000,21,ok,2026-10-05T13:53:18Z
2026-05-28T18:20:00Z,scarperia,0.00,0.000,21,ok,2026-10-05T13:53:18Z
2026-05-28T18:15:00Z,scarperia,0.00,0.000,21,ok,2026-10-05T13:53:18Z
2026-05-28T18:10:00Z,scarperia,0.00,0.000,21,ok,2026-10-05T13:53:18Z
2026-05-28T18:05:00Z,scarperia,0.00,0.000,21,ok,2026-10-05T13:53:18Z
2026-05-28T18:00:00Z,scarperia,0.00,0.000,21,ok,2026-10-05T13:53:18Z
2026-05-28T17:55:00Z,scarperia,0.00,0.000,21,ok,2026-10-05T13:53:18Z
2026-05-28T17:50:00Z,scarperia,0.00,0.000,21,ok,2026-10-05T13:53:18Z
2026-05-28T17:45:00Z,scarperia,0.00,0.000,21,ok,2026-10-05T13:53:18Z
2026-05-28T17:40:00Z,scarperia,0.00,0.000,21,ok,2026-10-05T13:53:18Z
2026-05-28T17:35:00Z,scarperia,0.00,0.000,21,ok,2026-10-05T13:53:18Z
2026-05-28T17:30:00Z,scarperia,0.00,0.000,21,ok,2026-10-05T13:53:18Z
2026-05-28T17:25:00Z,scarperia,0.00,0.000,21,ok,2026-10-05T13:53:18Z
2026-05-28T17:20:00Z,scarperia,0.00,0.000,21,ok,2026-10-05T13:53:18Z
2026-05-28T17:15:00Z,scarperia,0.00,0.000,21,ok,2026-10-05T13:53:18Z
2026-05-28T17:10:00Z,scarperia,0.00,0.000,21,ok,2026-10-05T13:53:18Z
2026-05-28T17:05:00Z,scarperia,0.00,0.000,21,ok,2026-10-05T13:53:18Z
2026-05-28T17:00:00Z,scarperia,0.00,0.000,21,ok,2026-10-05T13:53:18Z
2026-05-28T16:55:00Z,scarperia,0.00,0.000,21,ok,2026-10-05T13:53:18Z
2026-05-28T16:50:00Z,scarperia,0.00,0.000,21,ok,2026-10-05T13:53:18Z
2026-05-28T16:45:00Z,scarperia,0.00,0.000,21,ok,2026-10-05T13:53:18Z
2026-05-28T16:40:00Z,scarperia,0.00,0.000,21,ok,2026-10-05T13:53:18Z
2026-05-28T16:35:00Z,scarperia,0.00,0.000,21,ok,2026-10-05T13:53:18Z
2026-05-28T16:30:00Z,scarperia,0.00,0.000,21,ok,2026-10-05T13:53:18Z
2026-05-28T16:25:00Z,scarperia,0.00,0.000,21,ok,2026-10-05T13:53:18Z
2026-05-28T16:20:00Z,scarperia,0.00,0.000,21,ok,2026-10-05T13:53:18Z
2026-05-28T16:15:00Z,scarperia,0.00,0.000,21,ok,2026-10-05T13:53:18Z
2026-05-28T16:10:00Z,scarperia,0.00,0.000,21,ok,2026-10-05T13:53:18Z
2026-05-28T16:05:00Z,scarperia,0.00,0.000,21,ok,2026-10-05T13:53:18Z
2026-05-28T16:00:00Z,scarperia,0.00,0.000,21,ok,2026-10-05T13:53:18Z
2026-05-28T15:55:00Z,scarperia,0.00,0.000,21,ok,2026-10-05T13:53:18Z
2026-05-28T15:50:00Z,scarperia,0.21,0.020,21,ok,2026-10-05T13:53:18Z
2026-05-28T15:45:00Z,scarperia,0.00,0.000,21,ok,2026-10-05T13:53:18Z
2026-05-28T15:40:00Z,scarperia,0.00,0.000,21,ok,2026-10-05T13:53:18Z
2026-05-28T15:35:00Z,scarperia,0.00,0.000,21,ok,2026-10-05T13:53:18Z
2026-05-28T15:30:00Z,scarperia,0.00,0.000,21,ok,2026-10-05T13:53:18Z
2026-05-28T15:25:00Z,scarperia,0.00,0.000,21,ok,2026-10-05T13:53:18Z
2026-05-28T15:20:00Z,scarperia,0.00,0.000,21,ok,2026-10-05T13:53:18Z
2026-05-28T15:15:00Z,scarperia,0.00,0.000,21,ok,2026-10-05T13:53:18Z
2026-05-28T15:10:00Z,scarperia,0.00,0.000,21,ok,2026-10-05T13:53:18Z
2026-05-28T15:05:00Z,scarperia,0.00,0.000,21,ok,2026-10-05T13:53:18Z
2026-05-28T15:00:00Z,scarperia,0.00,0.000,21,ok,2026-10-05T13:53:18Z
2026-05-28T14:55:00Z,scarperia,0.31,0.053,21,ok,2026-10-05T13:53:18Z
2026-05-28T14:50:00Z,scarperia,0.38,0.116,21,ok,2026-10-05T13:53:18Z
2026-05-28T14:45:00Z,scarperia,0.23,0.042,21,ok,2026-10-05T13:53:18Z
2026-05-28T14:40:00Z,scarperia,0.00,0.000,21,ok,2026-10-05T13:53:18Z
2026-05-28T14:35:00Z,scarperia,0.00,0.000,21,ok,2026-10-05T13:53:18Z
2026-05-28T14:30:00Z,scarperia,0.00,0.000,21,ok,2026-10-05T13:53:18Z
2026-05-28T14:25:00Z,scarperia,0.00,0.000,21,ok,2026-10-05T13:53:18Z
2026-05-28T14:20:00Z,scarperia,0.00,0.000,21,ok,2026-10-05T13:53:18Z
2026-05-28T14:15:00Z,scarperia,0.00,0.000,21,ok,2026-10-05T13:53:18Z
2026-05-28T14:10:00Z,scarperia,0.00,0.000,21,ok,2026-10-05T13:53:18Z
2026-05-28T14:05:00Z,scarperia,0.00,0.000,21,ok,2026-10-05T13:53:18Z
2026-05-28T14:00:00Z,scarperia,0.00,0.000,21,ok,2026-10-05T13:53:18Z
2026-05-20T13:00:00Z,scarperia,0.00,0.000,21,ok,2026-10-05T13:53:18Z
2026-05-20T12:55:00Z,scarperia,0.00,0.000,21,ok,2026-10-05T13:53:18Z
2026-05-20T12:50:00Z,scarperia,0.00,0.000,21,ok,2026-10-05T13:53:18Z
2026-05-20T12:45:00Z,scarperia,0.00,0.000,21,ok,2026-10-05T13:53:18Z
2026-05-20T12:40:00Z,scarperia,0.00,0.000,21,ok,2026-10-05T13:53:18Z
2026-05-20T12:35:00Z,scarperia,0.45,0.022,21,ok,2026-10-05T13:53:18Z
2026-05-20T12:30:00Z,scarperia,2.38,0.852,21,ok,2026-10-05T13:53:18Z
2026-05-20T12:25:00Z,scarperia,1.66,0.105,21,ok,2026-10-05T13:53:18Z
2026-05-20T12:20:00Z,scarperia,0.00,0.000,21,ok,2026-10-05T13:53:18Z
2026-05-20T12:15:00Z,scarperia,0.00,0.000,21,ok,2026-10-05T13:53:18Z
2026-05-20T12:10:00Z,scarperia,0.00,0.000,21,ok,2026-10-05T13:53:18Z
2026-05-20T12:05:00Z,scarperia,0.00,0.000,21,ok,2026-10-05T13:53:18Z
2026-05-20T12:00:00Z,scarperia,0.00,0.000,21,ok,2026-10-05T13:53:18Z
2026-05-20T11:55:00Z,scarperia,0.00,0.000,21,ok,2026-10-05T13:53:18Z
2026-05-20T11:50:00Z,scarperia,0.00,0.000,21,ok,2026-10-05T13:53:18Z
2026-05-20T11:45:00Z,scarperia,0.00,0.000,21,ok,2026-10-05T13:53:18Z
2026-05-20T11:40:00Z,scarperia,0.00,0.000,21,ok,2026-10-05T13:53:18Z
2026-05-20T11:35:00Z,scarperia,0.00,0.000,21,ok,2026-10-05T13:53:18Z
2026-05-20T11:30:00Z,scarperia,0.00,0.000,21,ok,2026-10-05T13:53:18Z
2026-05-20T11:25:00Z,scarperia,0.00,0.000,21,ok,2026-10-05T13:53:18Z
2026-05-20T11:20:00Z,scarperia,0.00,0.000,21,ok,2026-10-05T13:53:18Z
2026-05-20T11:15:00Z,scarperia,0.00,0.000,21,ok,2026-10-05T13:53:18Z
2026-05-20T11:10:00Z,scarperia,0.00,0.000,21,ok,2026-10-05T13:53:18Z
2026-05-20T11:05:00Z,scarperia,0.00,0.000,21,ok,2026-10-05T13:53:18Z
2026-05-20T11:00:00Z,scarperia,0.00,0.000,21,ok,2026-10-05T13:53:18Z
2026-05-20T10:55:00Z,scarperia,0.00,0.000,21,ok,2026-10-05T13:53:18Z
2026-05-20T10:50:00Z,scarperia,0.00,0.000,21,ok,2026-10-05T13:53:18Z
2026-05-20T10:45:00Z,scarperia,0.00,0.000,21,ok,2026-10-05T13:53:18Z
2026-05-20T10:40:00Z,scarperia,0.00,0.000,21,ok,2026-10-05T13:53:18Z
2026-05-20T10:35:00Z,scarperia,0.00,0.000,21,ok,2026-10-05T13:53:18Z
2026-05-20T10:30:00Z,scarperia,0.00,0.000,21,ok,2026-10-05T13:53:18Z
2026-05-20T10:25:00Z,scarperia,0.00,0.000,21,ok,2026-10-05T13:53:18Z
2026-05-20T10:20:00Z,scarperia,0.00,0.000,21,ok,2026-10-05T13:53:18Z
2026-05-20T10:15:00Z,scarperia,0.00,0.000,21,ok,2026-10-05T13:53:18Z
2026-05-20T10:10:00Z,scarperia,0.00,0.000,21,ok,2026-10-05T13:53:18Z
2026-05-20T10:05:00Z,scarperia,0.00,0.000,21,ok,2026-10-05T13:53:18Z
2026-05-20T10:00:00Z,scarperia,0.00,0.000,21,ok,2026-10-05T13:53:18Z
2026-05-20T09:55:00Z,scarperia,0.00,0.000,21,ok,2026-10-05T13:53:18Z
2026-05-20T09:50:00Z,scarperia,0.00,0.000,21,ok,2026-10-05T13:53:18Z
2026-05-20T09:45:00Z,scarperia,0.00,0.000,21,ok,2026-10-05T13:53:18Z
2026-05-20T09:40:00Z,scarperia,0.00,0.000,21,ok,2026-10-05T13:53:18Z
2026-05-20T09:35:00Z,scarperia,0.00,0.000,21,ok,2026-10-05T13:53:18Z
2026-05-20T09:30:00Z,scarperia,0.00,0.000,21,ok,2026-10-05T13:53:18Z
2026-05-20T09:25:00Z,scarperia,0.00,0.000,21,ok,2026-10-05T13:53:18Z
2026-05-20T09:20:00Z,scarperia,0.00,0.000,21,ok,2026-10-05T13:53:18Z
2026-05-20T09:15:00Z,scarperia,0.00,0.000,21,ok,2026-10-05T13:53:18Z
2026-05-20T09:10:00Z,scarperia,0.00,0.000,21,ok,2026-10-05T13:53:18Z
2026-05-20T09:05:00Z,scarperia,0.00,0.000,21,ok,2026-10-05T13:53:18Z
2026-05-20T09:00:00Z,scarperia,0.00,0.000,21,ok,2026-10-05T13:53:18Z
2026-05-20T08:55:00Z,scarperia,0.00,0.000,21,ok,2026-10-05T13:53:18Z
2026-05-20T08:50:00Z,scarperia,0.00,0.000,21,ok,2026-10-05T13:53:18Z
2026-05-20T08:45:00Z,scarperia,0.00,0.000,21,ok,2026-10-05T13:53:18Z
2026-05-20T08:40:00Z,scarperia,0.00,0.000,21,ok,2026-10-05T13:53:18Z
2026-05-20T08:35:00Z,scarperia,0.00,0.000,21,ok,2026-10-05T13:53:18Z
2026-05-20T08:30:00Z,scarperia,0.00,0.000,21,ok,2026-10-05T13:53:18Z
2026-05-20T08:25:00Z,scarperia,0.00,0.000,21,ok,2026-10-05T13:53:18Z
2026-05-20T08:20:00Z,scarperia,0.00,0.000,21,ok,2026-10-05T13:53:18Z
2026-05-20T08:15:00Z,scarperia,0.00,0.000,21,ok,2026-10-05T13:53:18Z
2026-05-20T08:10:00Z,scarperia,0.00,0.000,21,ok,2026-10-05T13:53:18Z
2026-05-20T08:05:00Z,scarperia,0.00,0.000,21,ok,2026-10-05T13:53:18Z
2026-05-20T08:00:00Z,scarperia,0.00,0.000,21,ok,2026-10-05T13:53:18Z
2026-05-16T16:00:00Z,scarperia,0.00,0.000,21,ok,2026-10-05T13:53:18Z
2026-05-16T15:55:00Z,scarperia,0.00,0.000,21,ok,2026-10-05T13:53:18Z
2026-05-16T15:50:00Z,scarperia,0.00,0.000,21,ok,2026-10-05T13:53:18Z
2026-05-16T15:45:00Z,scarperia,0.00,0.000,21,ok,2026-10-05T13:53:18Z
2026-05-16T15:40:00Z,scarperia,0.00,0.000,21,ok,2026-10-05T13:53:18Z
2026-05-16T15:35:00Z,scarperia,0.00,0.000,21,ok,2026-10-05T13:53:18Z
2026-05-16T15:30:00Z,scarperia,0.00,0.000,21,ok,2026-10-05T13:53:18Z
2026-05-16T15:25:00Z,scarperia,0.00,0.000,21,ok,2026-10-05T13:53:18Z
2026-05-16T15:20:00Z,scarperia,0.00,0.000,21,ok,2026-10-05T13:53:18Z
2026-05-16T15:15:00Z,scarperia,0.00,0.000,21,ok,2026-10-05T13:53:18Z
2026-05-16T15:10:00Z,scarperia,0.00,0.000,21,ok,2026-10-05T13:53:18Z
2026-05-16T15:05:00Z,scarperia,0.00,0.000,21,ok,2026-10-05T13:53:18Z
2026-05-16T15:00:00Z,scarperia,0.00,0.000,21,ok,2026-10-05T13:53:18Z
2026-05-16T14:55:00Z,scarperia,0.00,0.000,21,ok,2026-10-05T13:53:18Z
2026-05-16T14:50:00Z,scarperia,0.00,0.000,21,ok,2026-10-05T13:53:18Z
2026-05-16T14:45:00Z,scarperia,0.00,0.000,21,ok,2026-10-05T13:53:18Z
2026-05-16T14:40:00Z,scarperia,0.00,0.000,21,ok,2026-10-05T13:53:18Z
2026-05-16T14:35:00Z,scarperia,0.00,0.000,21,ok,2026-10-05T13:53:18Z
2026-05-16T14:30:00Z,scarperia,0.00,0.000,21,ok,2026-10-05T13:53:18Z
2026-05-16T14:25:00Z,scarperia,0.00,0.000,21,ok,2026-10-05T13:53:18Z
2026-05-16T14:20:00Z,scarperia,0.00,0.000,21,ok,2026-10-05T13:53:18Z
2026-05-16T14:15:00Z,scarperia,0.00,0.000,21,ok,2026-10-05T13:53:18Z
2026-05-16T14:10:00Z,scarperia,0.80,0.099,21,ok,2026-10-05T13:53:18Z
2026-05-16T14:05:00Z,scarperia,2.80,0.960,21,ok,2026-10-05T13:53:18Z
2026-05-16T14:00:00Z,scarperia,3.91,2.551,21,ok,2026-10-05T13:53:18Z
2026-05-16T13:55:00Z,scarperia,3.53,2.480,21,ok,2026-10-05T13:53:18Z
2026-05-16T13:50:00Z,scarperia,4.01,1.585,21,ok,2026-10-05T13:53:18Z
2026-05-16T13:45:00Z,scarperia,2.06,0.483,21,ok,2026-10-05T13:53:18Z
2026-05-16T13:40:00Z,scarperia,3.22,0.949,21,ok,2026-10-05T13:53:18Z
2026-05-16T13:35:00Z,scarperia,2.01,0.807,21,ok,2026-10-05T13:53:18Z
2026-05-16T13:30:00Z,scarperia,1.46,0.263,21,ok,2026-10-05T13:53:18Z
2026-05-16T13:25:00Z,scarperia,0.00,0.000,21,ok,2026-10-05T13:53:18Z
2026-05-16T13:20:00Z,scarperia,0.00,0.000,21,ok,2026-10-05T13:53:18Z
2026-05-16T13:15:00Z,scarperia,0.00,0.000,21,ok,2026-10-05T13:53:18Z
2026-05-16T13:10:00Z,scarperia,0.00,0.000,21,ok,2026-10-05T13:53:18Z
2026-05-16T13:05:00Z,scarperia,0.00,0.000,21,ok,2026-10-05T13:53:18Z
2026-05-16T13:00:00Z,scarperia,0.00,0.000,21,ok,2026-10-05T13:53:18Z
2026-05-16T12:55:00Z,scarperia,0.00,0.000,21,ok,2026-10-05T13:53:18Z
2026-05-16T12:50:00Z,scarperia,0.00,0.000,21,ok,2026-10-05T13:53:18Z
2026-05-16T12:45:00Z,scarperia,0.00,0.000,21,ok,2026-10-05T13:53:18Z
2026-05-16T12:40:00Z,scarperia,0.57,0.068,21,ok,2026-10-05T13:53:18Z
2026-05-16T12:35:00Z,scarperia,0.00,0.000,21,ok,2026-10-05T13:53:18Z
2026-05-16T12:30:00Z,scarperia,0.00,0.000,21,ok,2026-10-05T13:53:18Z
2026-05-16T12:25:00Z,scarperia,0.88,0.276,21,ok,2026-10-05T13:53:18Z
2026-05-16T12:20:00Z,scarperia,0.00,0.000,21,ok,2026-10-05T13:53:18Z
2026-05-16T12:15:00Z,scarperia,0.00,0.000,21,ok,2026-10-05T13:53:18Z
2026-05-16T12:10:00Z,scarperia,0.00,0.000,21,ok,2026-10-05T13:53:18Z
2026-05-16T12:05:00Z,scarperia,0.00,0.000,21,ok,2026-10-05T13:53:18Z
2026-05-16T12:00:00Z,scarperia,0.00,0.000,21,ok,2026-10-05T13:53:18Z
2026-05-16T11:55:00Z,scarperia,0.00,0.000,21,ok,2026-10-05T13:53:18Z
2026-05-16T11:50:00Z,scarperia,0.59,0.175,21,ok,2026-10-05T13:53:18Z
2026-05-16T11:45:00Z,scarperia,0.00,0.000,21,ok,2026-10-05T13:53:18Z
2026-05-16T11:40:00Z,scarperia,0.00,0.000,21,ok,2026-10-05T13:53:18Z
2026-05-16T11:35:00Z,scarperia,0.00,0.000,21,ok,2026-10-05T13:53:18Z
2026-05-16T11:30:00Z,scarperia,0.00,0.000,21,ok,2026-10-05T13:53:18Z
2026-05-16T11:25:00Z,scarperia,0.00,0.000,21,ok,2026-10-05T13:53:18Z
2026-05-16T11:20:00Z,scarperia,0.00,0.000,21,ok,2026-10-05T13:53:18Z
2026-05-16T11:15:00Z,scarperia,0.00,0.000,21,ok,2026-10-05T13:53:18Z
2026-05-16T11:10:00Z,scarperia,0.00,0.000,21,ok,2026-10-05T13:53:18Z
2026-05-16T11:05:00Z,scarperia,0.00,0.000,21,ok,2026-10-05T13:53:18Z
2026-05-16T11:00:00Z,scarperia,0.00,0.000,21,ok,2026-10-05T13:53:18Z
2026-05-16T10:00:00Z,scarperia,0.00,0.000,21,ok,2026-10-05T13:53:18Z
2026-05-16T09:55:00Z,scarperia,0.00,0.000,21,ok,2026-10-05T13:53:18Z
2026-05-16T09:50:00Z,scarperia,0.00,0.000,21,ok,2026-10-05T13:53:18Z
2026-05-16T09:45:00Z,scarperia,0.00,0.000,21,ok,2026-10-05T13:53:18Z
2026-05-16T09:40:00Z,scarperia,0.00,0.000,21,ok,2026-10-05T13:53:18Z
2026-05-16T09:35:00Z,scarperia,0.00,0.000,21,ok,2026-10-05T13:53:18Z
2026-05-16T09:30:00Z,scarperia,0.00,0.000,21,ok,2026-10-05T13:53:18Z
2026-05-16T09:25:00Z,scarperia,0.00,0.000,21,ok,2026-10-05T13:53:18Z
2026-05-16T09:20:00Z,scarperia,0.00,0.000,21,ok,2026-10-05T13:53:18Z
2026-05-16T09:15:00Z,scarperia,0.00,0.000,21,ok,2026-10-05T13:53:18Z
2026-05-16T09:10:00Z,scarperia,0.00,0.000,21,ok,2026-10-05T13:53:18Z
2026-05-16T09:05:00Z,scarperia,0.00,0.000,21,ok,2026-10-05T13:53:18Z
2026-05-16T09:00:00Z,scarperia,0.00,0.000,21,ok,2026-10-05T13:53:18Z
2026-05-16T08:55:00Z,scarperia,0.00,0.000,21,ok,2026-10-05T13:53:18Z
2026-05-16T08:50:00Z,scarperia,0.00,0.000,21,ok,2026-10-05T13:53:18Z
2026-05-16T08:45:00Z,scarperia,0.00,0.000,21,ok,2026-10-05T13:53:18Z
2026-05-16T08:40:00Z,scarperia,0.00,0.000,21,ok,2026-10-05T13:53:18Z
2026-05-16T08:35:00Z,scarperia,0.00,0.000,21,ok,2026-10-05T13:53:18Z
2026-05-16T08:30:00Z,scarperia,0.00,0.000,21,ok,2026-10-05T13:53:18Z
2026-05-16T08:25:00Z,scarperia,0.00,0.000,21,ok,2026-10-05T13:53:18Z
2026-05-16T08:20:00Z,scarperia,0.00,0.000,21,ok,2026-10-05T13:53:18Z
2026-05-16T08:15:00Z,scarperia,0.00,0.000,21,ok,2026-10-05T13:53:18Z
2026-05-16T08:10:00Z,scarperia,0.00,0.000,21,ok,2026-10-05T13:53:18Z
2026-05-16T08:05:00Z,scarperia,0.00,0.000,21,ok,2026-10-05T13:53:18Z
2026-05-16T08:00:00Z,scarperia,0.69,0.125,21,ok,2026-10-05T13:53:18Z
2026-05-16T07:55:00Z,scarperia,0.96,0.197,21,ok,2026-10-05T13:53:18Z
2026-05-16T07:50:00Z,scarperia,1.53,0.482,21,ok,2026-10-05T13:53:18Z
2026-05-16T07:45:00Z,scarperia,2.65,1.352,21,ok,2026-10-05T13:53:18Z
2026-05-16T07:40:00Z,scarperia,2.97,1.590,21,ok,2026-10-05T13:53:18Z
2026-05-16T07:35:00Z,scarperia,2.34,1.690,21,ok,2026-10-05T13:53:18Z
2026-05-16T07:30:00Z,scarperia,2.87,2.229,21,ok,2026-10-05T13:53:18Z
2026-05-16T07:25:00Z,scarperia,3.22,2.620,21,ok,2026-10-05T13:53:18Z
2026-05-16T07:20:00Z,scarperia,2.94,2.455,21,ok,2026-10-05T13:53:18Z
2026-05-16T07:15:00Z,scarperia,3.04,2.535,21,ok,2026-10-05T13:53:18Z
2026-05-16T07:10:00Z,scarperia,3.22,2.540,21,ok,2026-10-05T13:53:18Z
2026-05-16T07:05:00Z,scarperia,3.45,2.731,21,ok,2026-10-05T13:53:18Z
2026-05-16T07:00:00Z,scarperia,2.88,2.339,21,ok,2026-10-05T13:53:18Z
2026-05-16T06:55:00Z,scarperia,2.88,2.077,21,ok,2026-10-05T13:53:18Z
2026-05-16T06:50:00Z,scarperia,2.23,1.640,21,ok,2026-10-05T13:53:18Z
2026-05-16T06:45:00Z,scarperia,2.28,1.392,21,ok,2026-10-05T13:53:18Z
2026-05-16T06:40:00Z,scarperia,2.04,1.100,21,ok,2026-10-05T13:53:18Z
2026-05-16T06:35:00Z,scarperia,1.71,0.914,21,ok,2026-10-05T13:53:18Z
2026-05-16T06:30:00Z,scarperia,1.71,0.979,21,ok,2026-10-05T13:53:18Z
2026-05-16T06:25:00Z,scarperia,2.74,1.056,21,ok,2026-10-05T13:53:18Z
2026-05-16T06:20:00Z,scarperia,2.59,1.027,21,ok,2026-10-05T13:53:18Z
2026-05-16T06:15:00Z,scarperia,1.88,0.916,21,ok,2026-10-05T13:53:18Z
2026-05-16T06:10:00Z,scarperia,1.78,0.874,21,ok,2026-10-05T13:53:18Z
2026-05-16T06:05:00Z,scarperia,1.58,0.634,21,ok,2026-10-05T13:53:18Z
2026-05-16T06:00:00Z,scarperia,1.41,0.328,21,ok,2026-10-05T13:53:18Z
2026-05-16T05:55:00Z,scarperia,0.94,0.185,21,ok,2026-10-05T13:53:18Z
2026-05-16T05:50:00Z,scarperia,0.74,0.062,21,ok,2026-10-05T13:53:18Z
2026-05-16T05:45:00Z,scarperia,0.00,0.000,21,ok,2026-10-05T13:53:18Z
2026-05-16T05:40:00Z,scarperia,0.00,0.000,21,ok,2026-10-05T13:53:18Z
2026-05-16T05:35:00Z,scarperia,0.00,0.000,21,ok,2026-10-05T13:53:18Z
2026-05-16T05:30:00Z,scarperia,0.00,0.000,21,ok,2026-10-05T13:53:18Z
2026-05-16T05:25:00Z,scarperia,0.00,0.000,21,ok,2026-10-05T13:53:18Z
2026-05-16T05:20:00Z,scarperia,0.00,0.000,21,ok,2026-10-05T13:53:18Z
2026-05-16T05:15:00Z,scarperia,0.00,0.000,21,ok,2026-10-05T13:53:18Z
2026-05-16T05:10:00Z,scarperia,0.00,0.000,21,ok,2026-10-05T13:53:18Z
2026-05-16T05:05:00Z,scarperia,0.00,0.000,21,ok,2026-10-05T13:53:18Z
2026-05-16T05:00:00Z,scarperia,0.57,0.106,21,ok,2026-10-05T13:53:18Z
2026-05-16T04:55:00Z,scarperia,0.66,0.498,21,ok,2026-10-05T13:53:18Z
2026-05-16T04:50:00Z,scarperia,0.70,0.445,21,ok,2026-10-05T13:53:18Z
2026-05-16T04:45:00Z,scarperia,0.74,0.202,21,ok,2026-10-05T13:53:18Z
2026-05-16T04:40:00Z,scarperia,0.69,0.077,21,ok,2026-10-05T13:53:18Z
2026-05-16T04:35:00Z,scarperia,0.00,0.000,21,ok,2026-10-05T13:53:18Z
2026-05-16T04:30:00Z,scarperia,0.00,0.000,21,ok,2026-10-05T13:53:18Z
2026-05-16T04:25:00Z,scarperia,0.00,0.000,21,ok,2026-10-05T13:53:18Z
2026-05-16T04:20:00Z,scarperia,0.00,0.000,21,ok,2026-10-05T13:53:18Z
2026-05-16T04:15:00Z,scarperia,0.00,0.000,21,ok,2026-10-05T13:53:18Z
2026-05-16T04:10:00Z,scarperia,0.00,0.000,21,ok,2026-10-05T13:53:18Z
2026-05-16T04:05:00Z,scarperia,0.00,0.000,21,ok,2026-10-05T13:53:18Z
2026-05-16T04:00:00Z,scarperia,0.00,0.000,21,ok,2026-10-05T13:53:18Z
2026-05-16T03:55:00Z,scarperia,0.00,0.000,21,ok,2026-10-05T13:53:18Z
2026-05-16T03:50:00Z,scarperia,0.00,0.000,21,ok,2026-10-05T13:53:18Z
2026-05-16T03:45:00Z,scarperia,0.00,0.000,21,ok,2026-10-05T13:53:18Z
2026-05-16T03:40:00Z,scarperia,0.00,0.000,21,ok,2026-10-05T13:53:18Z
2026-05-16T03:35:00Z,scarperia,0.00,0.000,21,ok,2026-10-05T13:53:18Z
2026-05-16T03:30:00Z,scarperia,0.00,0.000,21,ok,2026-10-05T13:53:18Z
2026-05-16T03:25:00Z,scarperia,0.00,0.000,21,ok,2026-10-05T13:53:18Z
2026-05-16T03:20:00Z,scarperia,0.00,0.000,21,ok,2026-10-05T13:53:18Z
2026-05-16T03:15:00Z,scarperia,1.43,0.180,21,ok,2026-10-05T13:53:18Z
2026-05-16T03:10:00Z,scarperia,3.18,0.771,21,ok,2026-10-05T13:53:18Z
2026-05-16T03:05:00Z,scarperia,3.24,1.725,21,ok,2026-10-05T13:53:18Z
2026-05-16T03:00:00Z,scarperia,3.53,3.148,21,ok,2026-10-05T13:53:18Z
2026-05-16T02:55:00Z,scarperia,3.02,2.855,21,ok,2026-10-05T13:53:18Z
2026-05-16T02:50:00Z,scarperia,2.27,2.074,21,ok,2026-10-05T13:53:18Z
2026-05-16T02:45:00Z,scarperia,1.80,1.346,21,ok,2026-10-05T13:53:18Z
2026-05-16T02:40:00Z,scarperia,1.17,0.762,21,ok,2026-10-05T13:53:18Z
2026-05-16T02:35:00Z,scarperia,0.57,0.081,21,ok,2026-10-05T13:53:18Z
2026-05-16T02:30:00Z,scarperia,0.00,0.000,21,ok,2026-10-05T13:53:18Z
2026-05-16T02:25:00Z,scarperia,0.00,0.000,21,ok,2026-10-05T13:53:18Z
2026-05-16T02:20:00Z,scarperia,0.00,0.000,21,ok,2026-10-05T13:53:18Z
2026-05-16T02:15:00Z,scarperia,0.00,0.000,21,ok,2026-10-05T13:53:18Z
2026-05-16T02:10:00Z,scarperia,0.00,0.000,21,ok,2026-10-05T13:53:18Z
2026-05-16T02:05:00Z,scarperia,0.00,0.000,21,ok,2026-10-05T13:53:18Z
2026-05-16T02:00:00Z,scarperia,0.00,0.000,21,ok,2026-10-05T13:53:18Z
2026-05-16T01:55:00Z,scarperia,0.00,0.000,21,ok,2026-10-05T13:53:18Z
2026-05-16T01:50:00Z,scarperia,0.39,0.037,21,ok,2026-10-05T13:53:18Z
2026-05-16T01:45:00Z,scarperia,2.94,0.765,21,ok,2026-10-05T13:53:18Z
2026-05-16T01:40:00Z,scarperia,4.49,2.271,21,ok,2026-10-05T13:53:18Z
2026-05-16T01:35:00Z,scarperia,3.28,1.842,21,ok,2026-10-05T13:53:18Z
2026-05-16T01:30:00Z,scarperia,1.90,1.607,21,ok,2026-10-05T13:53:18Z
2026-05-16T01:25:00Z,scarperia,1.24,0.761,21,ok,2026-10-05T13:53:18Z
2026-05-16T01:20:00Z,scarperia,0.53,0.310,21,ok,2026-10-05T13:53:18Z
2026-05-16T01:15:00Z,scarperia,0.00,0.000,21,ok,2026-10-05T13:53:18Z
2026-05-16T01:10:00Z,scarperia,0.00,0.000,21,ok,2026-10-05T13:53:18Z
2026-05-16T01:05:00Z,scarperia,0.00,0.000,21,ok,2026-10-05T13:53:18Z
2026-05-16T01:00:00Z,scarperia,0.00,0.000,21,ok,2026-10-05T13:53:18Z
2026-05-16T00:55:00Z,scarperia,0.00,0.000,21,ok,2026-10-05T13:53:18Z
2026-05-16T00:50:00Z,scarperia,0.00,0.000,21,ok,2026-10-05T13:53:18Z
2026-05-16T00:45:00Z,scarperia,0.00,0.000,21,ok,2026-10-05T13:53:18Z
2026-05-16T00:40:00Z,scarperia,0.00,0.000,21,ok,2026-10-05T13:53:18Z
2026-05-16T00:35:00Z,scarperia,0.00,0.000,21,ok,2026-10-05T13:53:18Z
2026-05-16T00:30:00Z,scarperia,0.00,0.000,21,ok,2026-10-05T13:53:18Z
2026-05-16T00:25:00Z,scarperia,0.00,0.000,21,ok,2026-10-05T13:53:18Z
2026-05-16T00:20:00Z,scarperia,0.00,0.000,21,ok,2026-10-05T13:53:18Z
2026-05-16T00:15:00Z,scarperia,0.00,0.000,21,ok,2026-10-05T13:53:18Z
2026-05-16T00:10:00Z,scarperia,0.00,0.000,21,ok,2026-10-05T13:53:18Z
2026-05-16T00:05:00Z,scarperia,0.00,0.000,21,ok,2026-10-05T13:53:18Z
2026-05-16T00:00:00Z,scarperia,0.00,0.000,21,ok,2026-10-05T13:53:18Z
2026-05-15T23:55:00Z,scarperia,0.00,0.000,21,ok,2026-10-05T13:53:18Z
2026-05-15T23:50:00Z,scarperia,0.00,0.000,21,ok,2026-10-05T13:53:18Z
2026-05-15T23:45:00Z,scarperia,0.00,0.000,21,ok,2026-10-05T13:53:18Z
2026-05-15T23:40:00Z,scarperia,0.00,0.000,21,ok,2026-10-05T13:53:18Z
2026-05-15T23:35:00Z,scarperia,0.00,0.000,21,ok,2026-10-05T13:53:18Z
2026-05-15T23:30:00Z,scarperia,0.00,0.000,21,ok,2026-10-05T13:53:18Z
2026-05-15T23:25:00Z,scarperia,0.00,0.000,21,ok,2026-10-05T13:53:18Z
2026-05-15T23:20:00Z,scarperia,0.00,0.000,21,ok,2026-10-05T13:53:18Z
2026-05-15T23:15:00Z,scarperia,0.00,0.000,21,ok,2026-10-05T13:53:18Z
2026-05-15T23:10:00Z,scarperia,0.00,0.000,21,ok,2026-10-05T13:53:18Z
2026-05-15T23:05:00Z,scarperia,0.00,0.000,21,ok,2026-10-05T13:53:18Z
2026-05-15T23:00:00Z,scarperia,0.00,0.000,21,ok,2026-10-05T13:53:18Z
2026-05-15T22:00:00Z,scarperia,0.00,0.000,21,ok,2026-10-05T13:53:18Z
2026-05-15T21:55:00Z,scarperia,0.00,0.000,21,ok,2026-10-05T13:53:18Z
2026-05-15T21:50:00Z,scarperia,0.00,0.000,21,ok,2026-10-05T13:53:18Z
2026-05-15T21:45:00Z,scarperia,0.00,0.000,21,ok,2026-10-05T13:53:18Z
2026-05-15T21:40:00Z,scarperia,0.00,0.000,21,ok,2026-10-05T13:53:18Z
2026-05-15T21:35:00Z,scarperia,0.00,0.000,21,ok,2026-10-05T13:53:18Z
2026-05-15T21:30:00Z,scarperia,0.00,0.000,21,ok,2026-10-05T13:53:18Z
2026-05-15T21:25:00Z,scarperia,0.00,0.000,21,ok,2026-10-05T13:53:18Z
2026-05-15T21:20:00Z,scarperia,0.00,0.000,21,ok,2026-10-05T13:53:18Z
2026-05-15T21:15:00Z,scarperia,0.00,0.000,21,ok,2026-10-05T13:53:18Z
2026-05-15T21:10:00Z,scarperia,0.00,0.000,21,ok,2026-10-05T13:53:18Z
2026-05-15T21:05:00Z,scarperia,0.00,0.000,21,ok,2026-10-05T13:53:18Z
2026-05-15T21:00:00Z,scarperia,0.00,0.000,21,ok,2026-10-05T13:53:18Z
2026-05-15T20:55:00Z,scarperia,0.00,0.000,21,ok,2026-10-05T13:53:18Z
2026-05-15T20:50:00Z,scarperia,0.00,0.000,21,ok,2026-10-05T13:53:18Z
2026-05-15T20:45:00Z,scarperia,0.00,0.000,21,ok,2026-10-05T13:53:18Z
2026-05-15T20:40:00Z,scarperia,0.00,0.000,21,ok,2026-10-05T13:53:18Z
2026-05-15T20:35:00Z,scarperia,0.00,0.000,21,ok,2026-10-05T13:53:18Z
2026-05-15T20:30:00Z,scarperia,0.00,0.000,21,ok,2026-10-05T13:53:18Z
2026-05-15T20:25:00Z,scarperia,0.00,0.000,21,ok,2026-10-05T13:53:18Z
2026-05-15T20:20:00Z,scarperia,0.00,0.000,21,ok,2026-10-05T13:53:18Z
2026-05-15T20:15:00Z,scarperia,0.00,0.000,21,ok,2026-10-05T13:53:18Z
2026-05-15T20:10:00Z,scarperia,0.00,0.000,21,ok,2026-10-05T13:53:18Z
2026-05-15T20:05:00Z,scarperia,0.00,0.000,21,ok,2026-10-05T13:53:18Z
2026-05-15T20:00:00Z,scarperia,0.56,0.154,21,ok,2026-10-05T13:53:18Z
2026-05-15T19:55:00Z,scarperia,1.84,1.551,21,ok,2026-10-05T13:53:18Z
2026-05-15T19:50:00Z,scarperia,2.90,2.497,21,ok,2026-10-05T13:53:18Z
2026-05-15T19:45:00Z,scarperia,2.74,1.698,21,ok,2026-10-05T13:53:18Z
2026-05-15T19:40:00Z,scarperia,1.07,0.374,21,ok,2026-10-05T14:41:00Z
2026-05-15T19:35:00Z,scarperia,0.00,0.000,21,ok,2026-10-05T14:41:00Z
2026-05-15T19:30:00Z,scarperia,0.00,0.000,21,ok,2026-10-05T14:41:00Z
2026-05-15T19:25:00Z,scarperia,0.44,0.063,21,ok,2026-10-05T14:41:00Z
2026-05-15T19:20:00Z,scarperia,0.00,0.000,21,ok,2026-10-05T14:41:00Z
2026-05-15T19:15:00Z,scarperia,0.00,0.000,21,ok,2026-10-05T14:41:00Z
2026-05-15T19:10:00Z,scarperia,0.00,0.000,21,ok,2026-10-05T14:41:00Z
2026-05-15T19:05:00Z,scarperia,0.00,0.000,21,ok,2026-10-05T14:41:00Z
2026-05-15T19:00:00Z,scarperia,0.00,0.000,21,ok,2026-10-05T14:41:00Z
2026-05-15T18:55:00Z,scarperia,0.00,0.000,21,ok,2026-10-05T14:41:00Z
2026-05-15T18:50:00Z,scarperia,0.00,0.000,21,ok,2026-10-05T14:41:00Z
2026-05-15T18:45:00Z,scarperia,0.00,0.000,21,ok,2026-10-05T14:41:00Z
2026-05-15T18:40:00Z,scarperia,0.00,0.000,21,ok,2026-10-05T14:41:00Z
2026-05-15T18:35:00Z,scarperia,0.00,0.000,21,ok,2026-10-05T14:41:00Z
2026-05-15T18:30:00Z,scarperia,0.00,0.000,21,ok,2026-10-05T14:41:00Z
2026-05-15T18:25:00Z,scarperia,0.00,0.000,21,ok,2026-10-05T14:41:00Z
2026-05-15T18:20:00Z,scarperia,0.00,0.000,21,ok,2026-10-05T14:41:00Z
2026-05-15T18:15:00Z,scarperia,0.00,0.000,21,ok,2026-10-05T14:41:00Z
2026-05-15T18:10:00Z,scarperia,0.00,0.000,21,ok,2026-10-05T14:41:00Z
2026-05-15T18:05:00Z,scarperia,0.00,0.000,21,ok,2026-10-05T14:41:00Z
2026-05-15T18:00:00Z,scarperia,0.00,0.000,21,ok,2026-10-05T14:41:00Z
2026-05-15T17:55:00Z,scarperia,0.00,0.000,21,ok,2026-10-05T14:41:00Z
2026-05-15T17:50:00Z,scarperia,0.00,0.000,21,ok,2026-10-05T14:41:00Z
2026-05-15T17:45:00Z,scarperia,0.00,0.000,21,ok,2026-10-05T14:41:00Z
2026-05-15T17:40:00Z,scarperia,0.00,0.000,21,ok,2026-10-05T14:41:00Z
2026-05-15T17:35:00Z,scarperia,0.00,0.000,21,ok,2026-10-05T14:41:00Z
2026-05-15T17:30:00Z,scarperia,0.00,0.000,21,ok,2026-10-05T14:41:00Z
2026-05-15T17:25:00Z,scarperia,0.00,0.000,21,ok,2026-10-05T14:41:00Z
2026-05-15T17:20:00Z,scarperia,0.00,0.000,21,ok,2026-10-05T14:41:00Z
2026-05-15T17:15:00Z,scarperia,0.00,0.000,21,ok,2026-10-05T14:41:00Z
2026-05-15T17:10:00Z,scarperia,0.00,0.000,21,ok,2026-10-05T14:41:00Z
2026-05-15T17:05:00Z,scarperia,0.00,0.000,21,ok,2026-10-05T14:41:00Z
2026-05-15T17:00:00Z,scarperia,0.00,0.000,21,ok,2026-10-05T14:41:00Z
2026-05-15T16:55:00Z,scarperia,0.00,0.000,21,ok,2026-10-05T14:41:00Z
2026-05-15T16:50:00Z,scarperia,0.00,0.000,21,ok,2026-10-05T14:41:00Z
2026-05-15T16:45:00Z,scarperia,0.00,0.000,21,ok,2026-10-05T14:41:00Z
2026-05-15T16:40:00Z,scarperia,0.00,0.000,21,ok,2026-10-05T14:41:00Z
2026-05-15T16:35:00Z,scarperia,0.00,0.000,21,ok,2026-10-05T14:41:00Z
2026-05-15T16:30:00Z,scarperia,0.00,0.000,21,ok,2026-10-05T14:41:00Z
2026-05-15T16:25:00Z,scarperia,0.00,0.000,21,ok,2026-10-05T14:41:00Z
2026-05-15T16:20:00Z,scarperia,0.00,0.000,21,ok,2026-10-05T14:41:00Z
2026-05-15T16:15:00Z,scarperia,0.00,0.000,21,ok,2026-10-05T14:41:00Z
2026-05-15T16:10:00Z,scarperia,0.00,0.000,21,ok,2026-10-05T14:41:00Z
2026-05-15T16:05:00Z,scarperia,0.00,0.000,21,ok,2026-10-05T14:41:00Z
2026-05-15T16:00:00Z,scarperia,0.00,0.000,21,ok,2026-10-05T14:41:00Z
2026-05-15T15:55:00Z,scarperia,0.00,0.000,21,ok,2026-10-05T14:41:00Z
2026-05-15T15:50:00Z,scarperia,0.00,0.000,21,ok,2026-10-05T14:41:00Z
2026-05-15T15:45:00Z,scarperia,0.00,0.000,21,ok,2026-10-05T14:41:00Z
2026-05-15T15:40:00Z,scarperia,0.00,0.000,21,ok,2026-10-05T14:41:00Z
2026-05-15T15:35:00Z,scarperia,0.00,0.000,21,ok,2026-10-05T14:41:00Z
2026-05-15T15:30:00Z,scarperia,0.00,0.000,21,ok,2026-10-05T14:41:00Z
2026-05-15T15:25:00Z,scarperia,0.00,0.000,21,ok,2026-10-05T14:41:00Z
2026-05-15T15:20:00Z,scarperia,0.00,0.000,21,ok,2026-10-05T14:41:00Z
2026-05-15T15:15:00Z,scarperia,0.00,0.000,21,ok,2026-10-05T14:41:00Z
2026-05-15T15:10:00Z,scarperia,0.00,0.000,21,ok,2026-10-05T14:41:00Z
2026-05-15T15:05:00Z,scarperia,0.00,0.000,21,ok,2026-10-05T14:41:00Z
2026-05-15T15:00:00Z,scarperia,0.00,0.000,21,ok,2026-10-05T14:41:00Z
2026-05-15T14:55:00Z,scarperia,0.00,0.000,21,ok,2026-10-05T14:41:00Z
2026-05-15T14:50:00Z,scarperia,0.00,0.000,21,ok,2026-10-05T14:41:00Z
2026-05-15T14:45:00Z,scarperia,0.00,0.000,21,ok,2026-10-05T14:41:00Z
2026-05-15T14:40:00Z,scarperia,0.00,0.000,21,ok,2026-10-05T14:41:00Z
2026-05-15T14:35:00Z,scarperia,0.00,0.000,21,ok,2026-10-05T14:41:00Z
2026-05-15T14:30:00Z,scarperia,0.00,0.000,21,ok,2026-10-05T14:41:00Z
2026-05-15T14:25:00Z,scarperia,0.00,0.000,21,ok,2026-10-05T14:41:00Z
2026-05-15T14:20:00Z,scarperia,0.00,0.000,21,ok,2026-10-05T14:41:00Z
2026-05-15T14:15:00Z,scarperia,0.00,0.000,21,ok,2026-10-05T14:41:00Z
2026-05-15T14:10:00Z,scarperia,0.00,0.000,21,ok,2026-10-05T14:41:00Z
2026-05-15T14:05:00Z,scarperia,0.00,0.000,21,ok,2026-10-05T14:41:00Z
2026-05-15T14:00:00Z,scarperia,0.00,0.000,21,ok,2026-10-05T14:41:00Z
2026-05-15T13:55:00Z,scarperia,0.00,0.000,21,ok,2026-10-05T14:41:00Z
2026-05-15T13:50:00Z,scarperia,0.00,0.000,21,ok,2026-10-05T14:41:00Z
2026-05-15T13:45:00Z,scarperia,0.00,0.000,21,ok,2026-10-05T14:41:00Z
2026-05-15T13:40:00Z,scarperia,1.42,0.704,21,ok,2026-10-05T14:41:00Z
2026-05-15T13:35:00Z,scarperia,1.79,1.479,21,ok,2026-10-05T14:41:00Z
2026-05-15T13:30:00Z,scarperia,2.33,1.453,21,ok,2026-10-05T14:41:00Z
2026-05-15T13:25:00Z,scarperia,1.33,0.736,21,ok,2026-10-05T14:41:00Z
2026-05-15T13:20:00Z,scarperia,2.11,1.303,21,ok,2026-10-05T14:41:00Z
2026-05-15T13:15:00Z,scarperia,1.62,0.690,21,ok,2026-10-05T14:41:00Z
2026-05-15T13:10:00Z,scarperia,1.28,0.321,21,ok,2026-10-05T14:41:00Z
2026-05-15T13:05:00Z,scarperia,2.80,1.301,21,ok,2026-10-05T14:41:00Z
2026-05-15T13:00:00Z,scarperia,2.04,1.255,21,ok,2026-10-05T14:41:00Z
2026-05-15T12:55:00Z,scarperia,1.19,0.779,21,ok,2026-10-05T14:41:00Z
2026-05-15T12:50:00Z,scarperia,1.71,1.374,21,ok,2026-10-05T14:41:00Z
2026-05-15T12:45:00Z,scarperia,1.67,1.338,21,ok,2026-10-05T14:41:00Z
2026-05-15T12:40:00Z,scarperia,1.88,1.032,21,ok,2026-10-05T14:41:00Z
2026-05-15T12:35:00Z,scarperia,1.77,1.245,21,ok,2026-10-05T14:41:00Z
2026-05-15T12:30:00Z,scarperia,2.44,2.164,21,ok,2026-10-05T14:41:00Z
2026-05-15T12:25:00Z,scarperia,2.81,2.249,21,ok,2026-10-05T14:41:00Z
2026-05-15T12:20:00Z,scarperia,2.68,2.159,21,ok,2026-10-05T14:41:00Z
2026-05-15T12:15:00Z,scarperia,1.97,1.781,21,ok,2026-10-05T14:41:00Z
2026-05-15T12:10:00Z,scarperia,2.84,2.225,21,ok,2026-10-05T14:41:00Z
2026-05-15T12:05:00Z,scarperia,3.57,2.445,21,ok,2026-10-05T14:41:00Z
2026-05-15T12:00:00Z,scarperia,5.17,4.529,21,ok,2026-10-05T14:41:00Z
2026-05-15T11:55:00Z,scarperia,5.28,4.492,21,ok,2026-10-05T14:41:00Z
2026-05-15T11:50:00Z,scarperia,3.08,2.178,21,ok,2026-10-05T14:41:00Z
2026-05-15T11:45:00Z,scarperia,1.40,1.194,21,ok,2026-10-05T14:41:00Z
2026-05-15T11:40:00Z,scarperia,0.81,0.720,21,ok,2026-10-05T14:41:00Z
2026-05-15T11:35:00Z,scarperia,0.76,0.606,21,ok,2026-10-05T14:41:00Z
2026-05-15T11:30:00Z,scarperia,2.06,0.934,21,ok,2026-10-05T14:41:00Z
2026-05-15T11:25:00Z,scarperia,3.57,3.003,21,ok,2026-10-05T14:41:00Z
2026-05-15T11:20:00Z,scarperia,11.04,3.192,21,ok,2026-10-05T14:41:00Z
2026-05-15T11:15:00Z,scarperia,7.81,2.380,21,ok,2026-10-05T14:41:00Z
2026-05-15T11:10:00Z,scarperia,6.21,2.869,21,ok,2026-10-05T14:41:00Z
2026-05-15T11:05:00Z,scarperia,9.18,4.243,21,ok,2026-10-05T14:41:00Z
2026-05-15T11:00:00Z,scarperia,12.97,7.057,21,ok,2026-10-05T14:41:00Z
2026-05-15T10:55:00Z,scarperia,13.10,6.078,21,ok,2026-10-05T14:41:00Z
2026-05-15T10:50:00Z,scarperia,12.38,5.380,21,ok,2026-10-05T14:41:00Z
2026-05-15T10:45:00Z,scarperia,11.16,5.088,21,ok,2026-10-05T14:41:00Z
2026-05-15T10:40:00Z,scarperia,8.16,4.347,21,ok,2026-10-05T14:41:00Z
2026-05-15T10:35:00Z,scarperia,6.65,3.152,21,ok,2026-10-05T14:41:00Z
2026-05-15T10:30:00Z,scarperia,3.70,1.959,21,ok,2026-10-05T14:41:00Z
2026-05-15T10:25:00Z,scarperia,2.28,1.331,21,ok,2026-10-05T14:41:00Z
2026-05-15T10:20:00Z,scarperia,1.50,0.785,21,ok,2026-10-05T14:41:00Z
2026-05-15T10:15:00Z,scarperia,0.61,0.565,21,ok,2026-10-05T14:41:00Z
2026-05-15T10:10:00Z,scarperia,1.18,0.895,21,ok,2026-10-05T14:41:00Z
2026-05-15T10:05:00Z,scarperia,0.47,0.045,21,ok,2026-10-05T14:41:00Z
2026-05-15T10:00:00Z,scarperia,0.00,0.000,21,ok,2026-10-05T14:41:00Z
2026-05-15T09:55:00Z,scarperia,0.35,0.060,21,ok,2026-10-05T14:41:00Z
2026-05-15T09:50:00Z,scarperia,5.95,2.345,21,ok,2026-10-05T14:41:00Z
2026-05-15T09:45:00Z,scarperia,4.70,2.971,21,ok,2026-10-05T14:41:00Z
2026-05-15T09:40:00Z,scarperia,1.86,0.679,21,ok,2026-10-05T14:41:00Z
2026-05-15T09:35:00Z,scarperia,0.00,0.000,21,ok,2026-10-05T14:41:00Z
2026-05-15T09:30:00Z,scarperia,0.00,0.000,21,ok,2026-10-05T14:41:00Z
2026-05-15T09:25:00Z,scarperia,1.10,0.076,21,ok,2026-10-05T14:41:00Z
2026-05-15T09:20:00Z,scarperia,0.75,0.050,21,ok,2026-10-05T14:41:00Z
2026-05-15T09:15:00Z,scarperia,0.00,0.000,21,ok,2026-10-05T14:41:00Z
2026-05-15T09:10:00Z,scarperia,1.07,0.838,21,ok,2026-10-05T14:41:00Z
2026-05-15T09:05:00Z,scarperia,2.73,1.559,21,ok,2026-10-05T14:41:00Z
2026-05-15T09:00:00Z,scarperia,3.51,1.881,21,ok,2026-10-05T14:41:00Z
2026-05-15T08:55:00Z,scarperia,6.96,4.028,21,ok,2026-10-05T14:41:00Z
2026-05-15T08:50:00Z,scarperia,5.76,3.639,21,ok,2026-10-05T14:41:00Z
2026-05-15T08:45:00Z,scarperia,1.14,0.852,21,ok,2026-10-05T14:41:00Z
2026-05-15T08:40:00Z,scarperia,1.39,0.756,21,ok,2026-10-05T14:41:00Z
2026-05-15T08:35:00Z,scarperia,1.14,0.877,21,ok,2026-10-05T14:41:00Z
2026-05-15T08:30:00Z,scarperia,1.43,0.740,21,ok,2026-10-05T14:41:00Z
2026-05-15T08:25:00Z,scarperia,0.78,0.453,21,ok,2026-10-05T14:41:00Z
2026-05-15T08:20:00Z,scarperia,0.36,0.245,21,ok,2026-10-05T14:41:00Z
2026-05-15T08:15:00Z,scarperia,1.25,0.803,21,ok,2026-10-05T14:41:00Z
2026-05-15T08:10:00Z,scarperia,1.11,0.656,21,ok,2026-10-05T14:41:00Z
2026-05-15T08:05:00Z,scarperia,2.09,1.177,21,ok,2026-10-05T14:41:00Z
2026-05-15T08:00:00Z,scarperia,2.73,2.192,21,ok,2026-10-05T14:41:00Z
2026-05-15T07:55:00Z,scarperia,0.00,0.000,21,ok,2026-10-05T14:41:00Z
2026-05-15T07:50:00Z,scarperia,0.00,0.000,21,ok,2026-10-05T14:41:00Z
2026-05-15T07:45:00Z,scarperia,0.00,0.000,21,ok,2026-10-05T14:41:00Z
2026-05-15T07:40:00Z,scarperia,0.88,0.561,21,ok,2026-10-05T14:41:00Z
2026-05-15T07:35:00Z,scarperia,1.62,1.026,21,ok,2026-10-05T14:41:00Z
2026-05-15T07:30:00Z,scarperia,3.36,2.438,21,ok,2026-10-05T14:41:00Z
2026-05-15T07:25:00Z,scarperia,4.49,1.999,21,ok,2026-10-05T14:41:00Z
2026-05-15T07:20:00Z,scarperia,4.26,2.205,21,ok,2026-10-05T14:41:00Z
2026-05-15T07:15:00Z,scarperia,2.29,1.267,21,ok,2026-10-05T14:41:00Z
2026-05-15T07:10:00Z,scarperia,0.85,0.515,21,ok,2026-10-05T14:41:00Z
2026-05-15T07:05:00Z,scarperia,0.00,0.000,21,ok,2026-10-05T14:41:00Z
2026-05-15T07:00:00Z,scarperia,1.10,0.175,21,ok,2026-10-05T14:41:00Z
2026-05-15T06:55:00Z,scarperia,1.31,0.333,21,ok,2026-10-05T14:41:00Z
2026-05-15T06:50:00Z,scarperia,1.04,0.336,21,ok,2026-10-05T14:41:00Z
2026-05-15T06:45:00Z,scarperia,0.00,0.000,21,ok,2026-10-05T14:41:00Z
2026-05-15T06:40:00Z,scarperia,0.00,0.000,21,ok,2026-10-05T14:41:00Z
2026-05-15T06:35:00Z,scarperia,0.00,0.000,21,ok,2026-10-05T14:41:00Z
2026-05-15T06:30:00Z,scarperia,0.00,0.000,21,ok,2026-10-05T14:41:00Z
2026-05-15T06:25:00Z,scarperia,0.00,0.000,21,ok,2026-10-05T14:41:00Z
2026-05-15T06:20:00Z,scarperia,0.00,0.000,21,ok,2026-10-05T14:41:00Z
2026-05-15T06:15:00Z,scarperia,0.00,0.000,21,ok,2026-10-05T14:41:00Z
2026-05-15T06:10:00Z,scarperia,0.00,0.000,21,ok,2026-10-05T14:41:00Z
2026-05-15T06:05:00Z,scarperia,0.00,0.000,21,ok,2026-10-05T14:41:00Z
2026-05-15T06:00:00Z,scarperia,0.57,0.102,21,ok,2026-10-05T14:41:00Z
2026-05-15T05:55:00Z,scarperia,0.88,0.584,21,ok,2026-10-05T14:41:00Z
2026-05-15T05:50:00Z,scarperia,1.47,0.695,21,ok,2026-10-05T14:41:00Z
2026-05-15T05:45:00Z,scarperia,3.31,0.901,21,ok,2026-10-05T14:41:00Z
2026-05-15T05:40:00Z,scarperia,3.35,0.364,21,ok,2026-10-05T14:41:00Z
2026-05-15T05:35:00Z,scarperia,0.00,0.000,21,ok,2026-10-05T14:41:00Z
2026-05-15T05:30:00Z,scarperia,0.00,0.000,21,ok,2026-10-05T14:41:00Z
2026-05-15T05:25:00Z,scarperia,0.00,0.000,21,ok,2026-10-05T14:41:00Z
2026-05-15T05:20:00Z,scarperia,0.00,0.000,21,ok,2026-10-05T14:41:00Z
2026-05-15T05:15:00Z,scarperia,0.00,0.000,21,ok,2026-10-05T14:41:00Z
2026-05-15T05:10:00Z,scarperia,0.00,0.000,21,ok,2026-10-05T14:41:00Z
2026-05-15T05:05:00Z,scarperia,0.00,0.000,21,ok,2026-10-05T14:41:00Z
2026-05-15T05:00:00Z,scarperia,0.00,0.000,21,ok,2026-10-05T14:41:00Z
2026-10-05T14:40:00Z,scarperia,0.00,0.000,21,ok,2026-10-05T14:49:31Z
2026-10-05T05:55:00Z,scarperia,0.00,0.000,21,ok,2026-10-05T14:49:31Z
2026-10-05T05:50:00Z,scarperia,0.00,0.000,21,ok,2026-10-05T14:49:31Z
2026-10-05T05:45:00Z,scarperia,0.00,0.000,21,ok,2026-10-05T14:49:31Z
2026-10-05T05:40:00Z,scarperia,0.00,0.000,21,ok,2026-10-05T14:49:31Z
2026-10-05T05:35:00Z,scarperia,0.00,0.000,21,ok,2026-10-05T14:49:31Z
2026-10-05T05:30:00Z,scarperia,0.00,0.000,21,ok,2026-10-05T14:49:31Z
2026-10-05T05:25:00Z,scarperia,0.00,0.000,21,ok,2026-10-05T14:49:31Z
2026-10-05T05:20:00Z,scarperia,0.00,0.000,21,ok,2026-10-05T14:49:31Z
2026-09-16T16:50:00Z,scarperia,0.00,0.000,21,ok,2026-10-05T14:49:31Z
2026-09-16T16:45:00Z,scarperia,0.00,0.000,21,ok,2026-10-05T14:49:31Z
2026-09-16T16:40:00Z,scarperia,0.00,0.000,21,ok,2026-10-05T14:49:31Z
2026-09-16T16:35:00Z,scarperia,0.00,0.000,21,ok,2026-10-05T14:49:31Z
2026-09-16T16:30:00Z,scarperia,0.00,0.000,21,ok,2026-10-05T14:49:31Z
2026-09-09T00:15:00Z,scarperia,0.00,0.000,21,ok,2026-10-05T14:49:31Z
2026-09-09T00:10:00Z,scarperia,0.00,0.000,21,ok,2026-10-05T14:49:31Z
2026-09-09T00:05:00Z,scarperia,0.00,0.000,21,ok,2026-10-05T14:49:31Z
2026-09-09T00:00:00Z,scarperia,0.00,0.000,21,ok,2026-10-05T14:49:31Z
2026-09-08T23:55:00Z,scarperia,0.00,0.000,21,ok,2026-10-05T14:49:31Z
2026-09-08T23:50:00Z,scarperia,0.00,0.000,21,ok,2026-10-05T14:49:31Z
2026-09-08T23:45:00Z,scarperia,0.00,0.000,21,ok,2026-10-05T14:49:31Z
2026-09-08T23:40:00Z,scarperia,0.00,0.000,21,ok,2026-10-05T14:49:31Z
2026-09-08T23:35:00Z,scarperia,0.00,0.000,21,ok,2026-10-05T14:49:31Z
2026-09-08T23:30:00Z,scarperia,0.00,0.000,21,ok,2026-10-05T14:49:31Z
2026-09-08T23:25:00Z,scarperia,0.00,0.000,21,ok,2026-10-05T14:49:31Z
2026-09-08T23:20:00Z,scarperia,0.00,0.000,21,ok,2026-10-05T14:49:31Z
2026-09-08T23:15:00Z,scarperia,0.00,0.000,21,ok,2026-10-05T14:49:31Z
2026-09-08T23:10:00Z,scarperia,0.00,0.000,21,ok,2026-10-05T14:49:31Z
2026-09-08T23:05:00Z,scarperia,0.00,0.000,21,ok,2026-10-05T14:49:31Z
2026-09-08T20:50:00Z,scarperia,0.00,0.000,21,ok,2026-10-05T14:49:31Z
2026-09-08T20:45:00Z,scarperia,0.00,0.000,21,ok,2026-10-05T14:49:31Z
2026-09-08T20:40:00Z,scarperia,0.00,0.000,21,ok,2026-10-05T14:49:31Z
2026-09-08T20:35:00Z,scarperia,0.00,0.000,21,ok,2026-10-05T14:49:31Z
2026-09-08T20:30:00Z,scarperia,0.00,0.000,21,ok,2026-10-05T14:49:31Z
2026-09-08T20:25:00Z,scarperia,0.00,0.000,21,ok,2026-10-05T14:49:31Z
2026-09-08T20:20:00Z,scarperia,0.00,0.000,21,ok,2026-10-05T14:49:31Z
2026-09-08T20:15:00Z,scarperia,0.00,0.000,21,ok,2026-10-05T14:49:31Z
2026-09-08T20:10:00Z,scarperia,0.00,0.000,21,ok,2026-10-05T14:49:31Z
2026-09-08T20:05:00Z,scarperia,0.00,0.000,21,ok,2026-10-05T14:49:31Z
2026-09-08T20:00:00Z,scarperia,0.00,0.000,21,ok,2026-10-05T14:49:31Z
2026-08-29T01:00:00Z,scarperia,0.00,0.000,21,ok,2026-10-05T14:49:31Z
2026-08-29T00:55:00Z,scarperia,0.00,0.000,21,ok,2026-10-05T14:49:31Z
2026-08-29T00:50:00Z,scarperia,0.00,0.000,21,ok,2026-10-05T14:49:31Z
2026-08-29T00:45:00Z,scarperia,0.00,0.000,21,ok,2026-10-05T14:49:31Z
2026-08-29T00:40:00Z,scarperia,0.00,0.000,21,ok,2026-10-05T14:49:31Z
2026-08-29T00:35:00Z,scarperia,0.00,0.000,21,ok,2026-10-05T14:49:31Z
2026-08-29T00:30:00Z,scarperia,0.00,0.000,21,ok,2026-10-05T14:49:31Z
2026-08-29T00:25:00Z,scarperia,0.00,0.000,21,ok,2026-10-05T14:49:31Z
2026-08-29T00:20:00Z,scarperia,0.00,0.000,21,ok,2026-10-05T14:49:31Z
2026-08-29T00:15:00Z,scarperia,0.00,0.000,21,ok,2026-10-05T14:49:31Z
2026-08-29T00:10:00Z,scarperia,0.00,0.000,21,ok,2026-10-05T14:49:31Z
2026-08-29T00:05:00Z,scarperia,0.00,0.000,21,ok,2026-10-05T14:49:31Z
2026-08-29T00:00:00Z,scarperia,0.00,0.000,21,ok,2026-10-05T14:49:31Z
2026-08-28T23:55:00Z,scarperia,0.00,0.000,21,ok,2026-10-05T14:49:31Z
2026-08-28T23:50:00Z,scarperia,0.00,0.000,21,ok,2026-10-05T14:49:31Z
2026-08-28T23:45:00Z,scarperia,0.00,0.000,21,ok,2026-10-05T14:49:31Z
2026-08-28T23:40:00Z,scarperia,0.00,0.000,21,ok,2026-10-05T14:49:31Z
2026-08-28T23:35:00Z,scarperia,0.00,0.000,21,ok,2026-10-05T14:49:31Z
2026-08-28T23:30:00Z,scarperia,0.00,0.000,21,ok,2026-10-05T14:49:31Z
2026-08-28T23:25:00Z,scarperia,0.00,0.000,21,ok,2026-10-05T14:49:31Z
2026-08-28T23:20:00Z,scarperia,0.00,0.000,21,ok,2026-10-05T14:49:31Z
2026-08-28T23:15:00Z,scarperia,0.00,0.000,21,ok,2026-10-05T14:49:31Z
2026-08-28T23:10:00Z,scarperia,0.00,0.000,21,ok,2026-10-05T14:49:31Z
2026-08-28T20:30:00Z,scarperia,0.00,0.000,21,ok,2026-10-05T14:49:31Z
2026-08-28T20:25:00Z,scarperia,0.00,0.000,21,ok,2026-10-05T14:49:31Z
2026-08-28T20:20:00Z,scarperia,0.00,0.000,21,ok,2026-10-05T14:49:31Z
2026-08-28T20:15:00Z,scarperia,0.00,0.000,21,ok,2026-10-05T14:49:31Z
2026-08-28T20:10:00Z,scarperia,0.00,0.000,21,ok,2026-10-05T14:49:31Z
2026-08-28T20:05:00Z,scarperia,1.93,0.349,21,ok,2026-10-05T14:49:31Z
2026-08-28T20:00:00Z,scarperia,0.83,0.242,21,ok,2026-10-05T14:49:31Z
2026-08-28T18:40:00Z,scarperia,0.00,0.000,21,ok,2026-10-05T14:49:31Z
2026-08-28T14:15:00Z,scarperia,0.00,0.000,21,ok,2026-10-05T14:49:31Z
2026-08-28T14:10:00Z,scarperia,0.00,0.000,21,ok,2026-10-05T14:49:31Z
2026-08-28T14:05:00Z,scarperia,0.00,0.000,21,ok,2026-10-05T14:49:31Z
2026-08-28T14:00:00Z,scarperia,0.00,0.000,21,ok,2026-10-05T14:49:31Z
2026-08-28T08:45:00Z,scarperia,0.00,0.000,21,ok,2026-10-05T14:49:31Z
2026-08-28T08:40:00Z,scarperia,0.00,0.000,21,ok,2026-10-05T14:49:31Z
2026-08-28T08:35:00Z,scarperia,0.00,0.000,21,ok,2026-10-05T14:49:31Z
2026-08-28T08:30:00Z,scarperia,0.00,0.000,21,ok,2026-10-05T14:49:31Z
2026-08-28T08:25:00Z,scarperia,0.00,0.000,21,ok,2026-10-05T14:49:31Z
2026-08-28T08:20:00Z,scarperia,0.00,0.000,21,ok,2026-10-05T14:49:31Z
2026-08-28T08:15:00Z,scarperia,0.00,0.000,21,ok,2026-10-05T14:49:31Z
2026-08-24T19:30:00Z,scarperia,0.00,0.000,21,ok,2026-10-05T14:49:31Z
2026-08-24T19:25:00Z,scarperia,0.00,0.000,21,ok,2026-10-05T14:49:31Z
2026-08-24T19:20:00Z,scarperia,0.00,0.000,21,ok,2026-10-05T14:49:31Z
2026-08-24T19:15:00Z,scarperia,0.00,0.000,21,ok,2026-10-05T14:49:31Z
2026-08-24T19:10:00Z,scarperia,0.00,0.000,21,ok,2026-10-05T14:49:31Z
2026-08-24T19:05:00Z,scarperia,0.00,0.000,21,ok,2026-10-05T14:49:31Z
2026-08-24T19:00:00Z,scarperia,0.00,0.000,21,ok,2026-10-05T14:49:31Z
2026-08-24T18:55:00Z,scarperia,0.00,0.000,21,ok,2026-10-05T14:49:31Z
2026-08-24T18:50:00Z,scarperia,0.00,0.000,21,ok,2026-10-05T14:49:31Z
2026-08-24T18:45:00Z,scarperia,0.00,0.000,21,ok,2026-10-05T14:49:31Z
2026-08-24T18:40:00Z,scarperia,0.00,0.000,21,ok,2026-10-05T14:49:31Z
2026-08-24T18:35:00Z,scarperia,0.00,0.000,21,ok,2026-10-05T14:49:31Z
2026-08-24T18:30:00Z,scarperia,0.00,0.000,21,ok,2026-10-05T14:49:31Z
2026-08-24T18:25:00Z,scarperia,0.00,0.000,21,ok,2026-10-05T14:49:31Z
2026-08-24T18:20:00Z,scarperia,0.00,0.000,21,ok,2026-10-05T14:49:31Z
2026-08-24T18:15:00Z,scarperia,0.00,0.000,21,ok,2026-10-05T14:49:31Z
2026-08-24T18:10:00Z,scarperia,0.00,0.000,21,ok,2026-10-05T14:49:31Z
2026-08-24T18:05:00Z,scarperia,0.00,0.000,21,ok,2026-10-05T14:49:31Z
2026-08-20T23:35:00Z,scarperia,0.00,0.000,21,ok,2026-10-05T14:49:31Z
2026-08-20T23:30:00Z,scarperia,0.00,0.000,21,ok,2026-10-05T14:49:31Z
2026-08-20T23:25:00Z,scarperia,0.00,0.000,21,ok,2026-10-05T14:49:31Z
2026-08-20T23:20:00Z,scarperia,0.00,0.000,21,ok,2026-10-05T14:49:31Z
2026-08-20T23:15:00Z,scarperia,0.00,0.000,21,ok,2026-10-05T14:49:31Z
2026-08-20T23:10:00Z,scarperia,0.00,0.000,21,ok,2026-10-05T14:49:31Z
2026-08-20T23:05:00Z,scarperia,0.00,0.000,21,ok,2026-10-05T14:49:31Z
2026-08-20T23:00:00Z,scarperia,0.00,0.000,21,ok,2026-10-05T14:49:31Z
2026-08-20T22:55:00Z,scarperia,0.00,0.000,21,ok,2026-10-05T14:49:31Z
2026-08-20T22:50:00Z,scarperia,0.00,0.000,21,ok,2026-10-05T14:49:31Z
2026-08-20T22:45:00Z,scarperia,0.00,0.000,21,ok,2026-10-05T14:49:31Z
2026-08-20T22:40:00Z,scarperia,0.00,0.000,21,ok,2026-10-05T14:49:31Z
2026-08-20T22:35:00Z,scarperia,0.00,0.000,21,ok,2026-10-05T14:49:31Z
2026-08-16T10:15:00Z,scarperia,0.00,0.000,21,ok,2026-10-05T14:49:31Z
2026-08-16T10:10:00Z,scarperia,0.00,0.000,21,ok,2026-10-05T14:49:31Z
2026-08-16T10:05:00Z,scarperia,0.00,0.000,21,ok,2026-10-05T14:49:31Z
2026-08-16T10:00:00Z,scarperia,0.00,0.000,21,ok,2026-10-05T14:49:31Z
2026-08-16T09:55:00Z,scarperia,0.00,0.000,21,ok,2026-10-05T14:49:31Z
2026-08-16T09:50:00Z,scarperia,0.00,0.000,21,ok,2026-10-05T14:49:31Z
2026-08-16T09:45:00Z,scarperia,0.00,0.000,21,ok,2026-10-05T14:49:31Z
2026-08-16T09:40:00Z,scarperia,0.00,0.000,21,ok,2026-10-05T14:49:31Z
2026-08-16T09:35:00Z,scarperia,0.00,0.000,21,ok,2026-10-05T14:49:31Z
2026-08-16T09:30:00Z,scarperia,0.00,0.000,21,ok,2026-10-05T14:49:31Z
2026-08-16T09:25:00Z,scarperia,0.00,0.000,21,ok,2026-10-05T14:49:31Z
2026-08-16T09:20:00Z,scarperia,0.00,0.000,21,ok,2026-10-05T14:49:31Z
2026-08-16T09:15:00Z,scarperia,0.00,0.000,21,ok,2026-10-05T14:49:31Z
2026-08-16T09:10:00Z,scarperia,0.00,0.000,21,ok,2026-10-05T14:49:31Z
2026-08-16T09:05:00Z,scarperia,0.00,0.000,21,ok,2026-10-05T14:49:31Z
2026-08-16T09:00:00Z,scarperia,0.00,0.000,21,ok,2026-10-05T14:49:31Z
2026-08-16T08:55:00Z,scarperia,0.00,0.000,21,ok,2026-10-05T14:49:31Z
2026-08-16T08:50:00Z,scarperia,0.00,0.000,21,ok,2026-10-05T14:49:31Z
2026-08-16T08:45:00Z,scarperia,0.00,0.000,21,ok,2026-10-05T14:49:31Z
2026-08-16T08:40:00Z,scarperia,0.00,0.000,21,ok,2026-10-05T14:49:31Z
2026-08-16T08:35:00Z,scarperia,0.00,0.000,21,ok,2026-10-05T14:49:31Z
2026-08-16T08:30:00Z,scarperia,0.00,0.000,21,ok,2026-10-05T14:49:31Z
2026-08-16T08:25:00Z,scarperia,0.00,0.000,21,ok,2026-10-05T14:49:31Z
2026-08-16T08:20:00Z,scarperia,0.00,0.000,21,ok,2026-10-05T14:49:31Z
2026-08-16T08:15:00Z,scarperia,0.00,0.000,21,ok,2026-10-05T14:49:31Z
2026-08-16T08:10:00Z,scarperia,0.00,0.000,21,ok,2026-10-05T14:49:31Z
2026-08-16T08:05:00Z,scarperia,0.00,0.000,21,ok,2026-10-05T14:49:31Z
2026-08-16T08:00:00Z,scarperia,0.00,0.000,21,ok,2026-10-05T14:49:31Z
2026-08-15T19:20:00Z,scarperia,0.00,0.000,21,ok,2026-10-05T14:49:31Z
2026-08-15T19:15:00Z,scarperia,0.00,0.000,21,ok,2026-10-05T14:49:31Z
2026-08-12T11:00:00Z,scarperia,0.00,0.000,21,ok,2026-10-05T14:49:31Z
2026-08-11T01:00:00Z,scarperia,0.00,0.000,21,ok,2026-10-05T14:49:31Z
2026-08-11T00:55:00Z,scarperia,0.00,0.000,21,ok,2026-10-05T14:49:31Z
2026-08-11T00:50:00Z,scarperia,0.00,0.000,21,ok,2026-10-05T14:49:31Z
2026-08-11T00:45:00Z,scarperia,0.00,0.000,21,ok,2026-10-05T14:49:31Z
2026-08-11T00:40:00Z,scarperia,0.00,0.000,21,ok,2026-10-05T14:49:31Z
2026-08-11T00:35:00Z,scarperia,0.00,0.000,21,ok,2026-10-05T14:49:31Z
2026-08-11T00:30:00Z,scarperia,0.00,0.000,21,ok,2026-10-05T14:49:31Z
2026-08-11T00:25:00Z,scarperia,0.00,0.000,21,ok,2026-10-05T14:49:31Z
2026-08-11T00:20:00Z,scarperia,0.00,0.000,21,ok,2026-10-05T14:49:31Z
2026-08-11T00:15:00Z,scarperia,0.00,0.000,21,ok,2026-10-05T14:49:31Z
2026-08-11T00:10:00Z,scarperia,0.00,0.000,21,ok,2026-10-05T14:49:31Z
2026-08-11T00:05:00Z,scarperia,0.00,0.000,21,ok,2026-10-05T14:49:31Z
2026-08-11T00:00:00Z,scarperia,0.00,0.000,21,ok,2026-10-05T14:49:31Z
2026-08-10T23:55:00Z,scarperia,0.00,0.000,21,ok,2026-10-05T14:49:31Z
2026-08-10T23:50:00Z,scarperia,0.00,0.000,21,ok,2026-10-05T14:49:31Z
2026-08-10T23:45:00Z,scarperia,0.00,0.000,21,ok,2026-10-05T14:49:31Z
2026-08-10T23:40:00Z,scarperia,0.00,0.000,21,ok,2026-10-05T14:49:31Z
2026-08-10T23:35:00Z,scarperia,0.00,0.000,21,ok,2026-10-05T14:49:31Z
2026-08-10T23:30:00Z,scarperia,0.00,0.000,21,ok,2026-10-05T14:49:31Z
2026-08-10T23:25:00Z,scarperia,0.00,0.000,21,ok,2026-10-05T14:49:31Z
2026-08-10T23:20:00Z,scarperia,0.00,0.000,21,ok,2026-10-05T14:49:31Z
2026-08-10T23:15:00Z,scarperia,0.00,0.000,21,ok,2026-10-05T14:49:31Z
2026-08-10T23:10:00Z,scarperia,0.00,0.000,21,ok,2026-10-05T14:49:31Z
2026-08-10T23:05:00Z,scarperia,0.00,0.000,21,ok,2026-10-05T14:49:31Z
2026-08-10T23:00:00Z,scarperia,0.00,0.000,21,ok,2026-10-05T14:49:31Z
2026-08-10T22:55:00Z,scarperia,0.00,0.000,21,ok,2026-10-05T14:49:31Z
2026-08-10T22:50:00Z,scarperia,0.00,0.000,21,ok,2026-10-05T14:49:31Z
2026-08-10T22:45:00Z,scarperia,0.00,0.000,21,ok,2026-10-05T14:49:31Z
2026-08-10T22:40:00Z,scarperia,0.00,0.000,21,ok,2026-10-05T14:49:31Z
2026-08-10T22:35:00Z,scarperia,0.00,0.000,21,ok,2026-10-05T14:49:31Z
2026-08-10T22:30:00Z,scarperia,0.00,0.000,21,ok,2026-10-05T14:49:31Z
2026-08-10T22:25:00Z,scarperia,0.00,0.000,21,ok,2026-10-05T14:49:31Z
2026-08-10T22:20:00Z,scarperia,0.00,0.000,21,ok,2026-10-05T14:49:31Z
2026-08-10T19:55:00Z,scarperia,0.00,0.000,21,ok,2026-10-05T14:49:31Z
2026-08-10T19:50:00Z,scarperia,0.00,0.000,21,ok,2026-10-05T14:49:31Z
2026-08-10T19:45:00Z,scarperia,0.00,0.000,21,ok,2026-10-05T14:49:31Z
2026-08-10T19:40:00Z,scarperia,0.00,0.000,21,ok,2026-10-05T14:49:31Z
2026-08-10T16:05:00Z,scarperia,0.00,0.000,21,ok,2026-10-05T14:49:31Z
2026-08-10T16:00:00Z,scarperia,0.00,0.000,21,ok,2026-10-05T14:49:31Z
2026-08-10T15:55:00Z,scarperia,0.00,0.000,21,ok,2026-10-05T14:49:31Z
2026-08-10T15:50:00Z,scarperia,0.00,0.000,21,ok,2026-10-05T14:49:31Z
2026-08-10T15:45:00Z,scarperia,0.00,0.000,21,ok,2026-10-05T14:49:31Z
2026-08-10T15:40:00Z,scarperia,0.00,0.000,21,ok,2026-10-05T14:49:31Z
2026-08-10T15:35:00Z,scarperia,0.00,0.000,21,ok,2026-10-05T14:49:31Z
2026-08-10T15:30:00Z,scarperia,0.00,0.000,21,ok,2026-10-05T14:49:31Z
2026-08-10T15:25:00Z,scarperia,0.00,0.000,21,ok,2026-10-05T14:49:31Z
2026-08-10T15:20:00Z,scarperia,0.00,0.000,21,ok,2026-10-05T14:49:31Z
2026-08-10T15:15:00Z,scarperia,0.00,0.000,21,ok,2026-10-05T14:49:31Z
2026-08-10T12:45:00Z,scarperia,0.00,0.000,21,ok,2026-10-05T14:49:31Z
2026-08-10T12:40:00Z,scarperia,0.00,0.000,21,ok,2026-10-05T14:49:31Z
2026-08-10T12:35:00Z,scarperia,0.00,0.000,21,ok,2026-10-05T14:49:31Z
2026-08-10T12:30:00Z,scarperia,0.00,0.000,21,ok,2026-10-05T14:49:31Z
2026-08-10T12:25:00Z,scarperia,0.00,0.000,21,ok,2026-10-05T14:49:31Z
2026-08-10T12:20:00Z,scarperia,0.00,0.000,21,ok,2026-10-05T14:49:31Z
2026-08-10T12:15:00Z,scarperia,0.00,0.000,21,ok,2026-10-05T14:49:31Z
2026-08-10T12:10:00Z,scarperia,0.00,0.000,21,ok,2026-10-05T14:49:31Z
2026-08-10T12:05:00Z,scarperia,0.00,0.000,21,ok,2026-10-05T14:49:31Z
2026-08-10T12:00:00Z,scarperia,0.00,0.000,21,ok,2026-10-05T14:49:31Z
2026-08-10T11:55:00Z,scarperia,0.00,0.000,21,ok,2026-10-05T14:49:31Z
2026-08-10T11:50:00Z,scarperia,0.00,0.000,21,ok,2026-10-05T14:49:31Z
2026-08-10T11:45:00Z,scarperia,0.00,0.000,21,ok,2026-10-05T14:49:31Z
2026-08-10T11:40:00Z,scarperia,0.00,0.000,21,ok,2026-10-05T14:49:31Z
2026-08-10T11:35:00Z,scarperia,0.00,0.000,21,ok,2026-10-05T14:49:31Z
2026-08-10T11:30:00Z,scarperia,0.00,0.000,21,ok,2026-10-05T14:49:31Z
2026-08-10T11:25:00Z,scarperia,0.00,0.000,21,ok,2026-10-05T14:49:31Z
2026-08-10T11:20:00Z,scarperia,0.00,0.000,21,ok,2026-10-05T14:49:31Z
2026-08-10T11:15:00Z,scarperia,0.00,0.000,21,ok,2026-10-05T14:49:31Z
2026-08-10T11:10:00Z,scarperia,0.00,0.000,21,ok,2026-10-05T14:49:31Z
2026-08-10T11:05:00Z,scarperia,0.00,0.000,21,ok,2026-10-05T14:49:31Z
2026-08-10T11:00:00Z,scarperia,0.00,0.000,21,ok,2026-10-05T14:49:31Z
2026-08-09T20:55:00Z,scarperia,0.00,0.000,21,ok,2026-10-05T14:49:31Z
2026-08-09T20:50:00Z,scarperia,0.00,0.000,21,ok,2026-10-05T14:49:31Z
2026-08-09T16:10:00Z,scarperia,0.00,0.000,21,ok,2026-10-05T14:49:31Z
2026-08-09T16:05:00Z,scarperia,0.00,0.000,21,ok,2026-10-05T14:49:31Z
2026-08-09T16:00:00Z,scarperia,0.00,0.000,21,ok,2026-10-05T14:49:31Z
2026-08-09T15:55:00Z,scarperia,0.00,0.000,21,ok,2026-10-05T14:49:31Z
2026-08-09T15:50:00Z,scarperia,0.00,0.000,21,ok,2026-10-05T14:49:31Z
2026-08-09T15:45:00Z,scarperia,0.00,0.000,21,ok,2026-10-05T14:49:31Z
2026-08-09T15:40:00Z,scarperia,0.00,0.000,21,ok,2026-10-05T14:49:31Z
2026-08-09T15:35:00Z,scarperia,0.00,0.000,21,ok,2026-10-05T14:49:31Z
2026-08-09T15:30:00Z,scarperia,0.00,0.000,21,ok,2026-10-05T14:49:31Z
2026-08-09T15:25:00Z,scarperia,0.00,0.000,21,ok,2026-10-05T14:49:31Z
2026-08-09T15:20:00Z,scarperia,0.00,0.000,21,ok,2026-10-05T14:49:31Z
2026-08-09T15:15:00Z,scarperia,0.00,0.000,21,ok,2026-10-05T14:49:31Z
2026-08-09T15:10:00Z,scarperia,0.00,0.000,21,ok,2026-10-05T14:49:31Z
2026-08-09T15:05:00Z,scarperia,0.00,0.000,21,ok,2026-10-05T14:49:31Z
2026-08-09T15:00:00Z,scarperia,0.00,0.000,21,ok,2026-10-05T14:49:31Z
2026-08-09T14:55:00Z,scarperia,0.00,0.000,21,ok,2026-10-05T14:49:31Z
2026-08-09T14:50:00Z,scarperia,0.00,0.000,21,ok,2026-10-05T14:49:31Z
2026-08-09T14:45:00Z,scarperia,0.00,0.000,21,ok,2026-10-05T14:49:31Z
2026-08-09T14:40:00Z,scarperia,0.00,0.000,21,ok,2026-10-05T14:49:31Z
2026-08-09T14:35:00Z,scarperia,0.00,0.000,21,ok,2026-10-05T14:49:31Z
2026-08-09T14:30:00Z,scarperia,0.00,0.000,21,ok,2026-10-05T14:49:31Z
2026-08-09T14:25:00Z,scarperia,0.00,0.000,21,ok,2026-10-05T14:49:31Z
2026-08-09T14:20:00Z,scarperia,0.00,0.000,21,ok,2026-10-05T14:49:31Z
2026-08-09T14:15:00Z,scarperia,0.00,0.000,21,ok,2026-10-05T14:49:31Z
2026-08-09T14:10:00Z,scarperia,0.00,0.000,21,ok,2026-10-05T14:49:31Z
2026-08-09T14:05:00Z,scarperia,0.00,0.000,21,ok,2026-10-05T14:49:31Z
2026-08-09T14:00:00Z,scarperia,0.00,0.000,21,ok,2026-10-05T14:49:31Z
2026-08-08T22:00:00Z,scarperia,0.00,0.000,21,ok,2026-10-05T14:49:31Z
2026-08-08T21:55:00Z,scarperia,0.00,0.000,21,ok,2026-10-05T14:49:31Z
2026-08-08T21:50:00Z,scarperia,0.00,0.000,21,ok,2026-10-05T14:49:31Z
2026-08-08T21:45:00Z,scarperia,0.00,0.000,21,ok,2026-10-05T14:49:31Z
2026-08-08T21:40:00Z,scarperia,0.00,0.000,21,ok,2026-10-05T14:49:31Z
2026-08-08T21:35:00Z,scarperia,0.00,0.000,21,ok,2026-10-05T14:49:31Z
2026-08-08T21:30:00Z,scarperia,0.00,0.000,21,ok,2026-10-05T14:49:31Z
2026-08-08T21:25:00Z,scarperia,0.00,0.000,21,ok,2026-10-05T14:49:31Z
2026-08-08T21:20:00Z,scarperia,0.00,0.000,21,ok,2026-10-05T14:49:31Z
2026-08-08T21:15:00Z,scarperia,0.00,0.000,21,ok,2026-10-05T14:49:31Z
2026-08-08T21:10:00Z,scarperia,0.00,0.000,21,ok,2026-10-05T14:49:31Z
2026-08-08T21:05:00Z,scarperia,0.00,0.000,21,ok,2026-10-05T14:49:31Z
2026-08-08T21:00:00Z,scarperia,0.00,0.000,21,ok,2026-10-05T14:49:31Z
2026-08-08T20:55:00Z,scarperia,0.00,0.000,21,ok,2026-10-05T14:49:31Z
2026-08-08T20:50:00Z,scarperia,0.00,0.000,21,ok,2026-10-05T14:49:31Z
2026-08-08T20:45:00Z,scarperia,0.00,0.000,21,ok,2026-10-05T14:49:31Z
2026-08-08T20:40:00Z,scarperia,0.00,0.000,21,ok,2026-10-05T14:49:31Z
2026-08-08T20:35:00Z,scarperia,0.00,0.000,21,ok,2026-10-05T14:49:31Z
2026-08-08T20:30:00Z,scarperia,0.00,0.000,21,ok,2026-10-05T14:49:31Z
2026-08-08T20:25:00Z,scarperia,0.00,0.000,21,ok,2026-10-05T14:49:31Z
2026-08-08T20:20:00Z,scarperia,0.00,0.000,21,ok,2026-10-05T14:49:31Z
2026-08-08T17:45:00Z,scarperia,0.00,0.000,21,ok,2026-10-05T14:49:31Z
2026-08-08T17:40:00Z,scarperia,0.00,0.000,21,ok,2026-10-05T14:49:31Z
2026-08-08T17:35:00Z,scarperia,0.00,0.000,21,ok,2026-10-05T14:49:31Z
2026-08-08T17:30:00Z,scarperia,0.00,0.000,21,ok,2026-10-05T14:49:31Z
2026-08-08T17:25:00Z,scarperia,0.00,0.000,21,ok,2026-10-05T14:49:31Z
2026-08-08T17:20:00Z,scarperia,0.00,0.000,21,ok,2026-10-05T14:49:31Z
2026-08-08T17:15:00Z,scarperia,0.00,0.000,21,ok,2026-10-05T14:49:31Z
2026-08-08T17:10:00Z,scarperia,0.00,0.000,21,ok,2026-10-05T14:49:31Z
2026-08-08T17:05:00Z,scarperia,0.00,0.000,21,ok,2026-10-05T14:49:31Z
2026-08-08T17:00:00Z,scarperia,0.00,0.000,21,ok,2026-10-05T14:49:31Z
2026-08-07T11:50:00Z,scarperia,0.00,0.000,21,ok,2026-10-05T14:49:31Z
2026-08-07T11:45:00Z,scarperia,0.00,0.000,21,ok,2026-10-05T14:49:31Z
2026-08-07T11:40:00Z,scarperia,0.00,0.000,21,ok,2026-10-05T14:49:31Z
2026-08-07T11:35:00Z,scarperia,0.00,0.000,21,ok,2026-10-05T14:49:31Z
2026-08-07T11:30:00Z,scarperia,0.00,0.000,21,ok,2026-10-05T14:49:31Z
2026-08-07T11:25:00Z,scarperia,0.00,0.000,21,ok,2026-10-05T14:49:31Z
2026-08-07T11:20:00Z,scarperia,0.00,0.000,21,ok,2026-10-05T14:49:31Z
2026-08-07T06:20:00Z,scarperia,0.00,0.000,21,ok,2026-10-05T14:49:31Z
2026-08-07T06:15:00Z,scarperia,0.00,0.000,21,ok,2026-10-05T14:49:31Z
2026-08-07T06:10:00Z,scarperia,0.00,0.000,21,ok,2026-10-05T14:49:31Z
2026-08-07T01:00:00Z,scarperia,0.00,0.000,21,ok,2026-10-05T14:49:31Z
2026-08-07T00:55:00Z,scarperia,0.00,0.000,21,ok,2026-10-05T14:49:31Z
2026-08-07T00:50:00Z,scarperia,0.00,0.000,21,ok,2026-10-05T14:49:31Z
2026-08-07T00:45:00Z,scarperia,0.00,0.000,21,ok,2026-10-05T14:49:31Z
2026-08-07T00:40:00Z,scarperia,0.00,0.000,21,ok,2026-10-05T14:49:31Z
2026-08-07T00:35:00Z,scarperia,0.00,0.000,21,ok,2026-10-05T14:49:31Z
2026-08-07T00:30:00Z,scarperia,0.00,0.000,21,ok,2026-10-05T14:49:31Z
2026-08-07T00:25:00Z,scarperia,0.00,0.000,21,ok,2026-10-05T14:49:31Z
2026-08-07T00:20:00Z,scarperia,0.00,0.000,21,ok,2026-10-05T14:49:31Z
2026-08-07T00:15:00Z,scarperia,0.00,0.000,21,ok,2026-10-05T14:49:31Z
2026-08-07T00:10:00Z,scarperia,0.00,0.000,21,ok,2026-10-05T14:49:31Z
2026-08-07T00:05:00Z,scarperia,0.00,0.000,21,ok,2026-10-05T14:49:31Z
2026-08-07T00:00:00Z,scarperia,0.00,0.000,21,ok,2026-10-05T14:49:31Z
2026-08-06T23:55:00Z,scarperia,0.00,0.000,21,ok,2026-10-05T14:49:31Z
2026-08-06T23:50:00Z,scarperia,0.00,0.000,21,ok,2026-10-05T14:49:31Z
2026-08-06T23:45:00Z,scarperia,0.00,0.000,21,ok,2026-10-05T14:49:31Z
2026-08-06T23:40:00Z,scarperia,0.00,0.000,21,ok,2026-10-05T14:49:31Z
2026-08-06T23:35:00Z,scarperia,0.00,0.000,21,ok,2026-10-05T14:49:31Z
2026-08-06T23:30:00Z,scarperia,0.00,0.000,21,ok,2026-10-05T14:49:31Z
2026-08-06T23:25:00Z,scarperia,0.00,0.000,21,ok,2026-10-05T14:49:31Z
2026-08-06T23:20:00Z,scarperia,0.00,0.000,21,ok,2026-10-05T14:49:31Z
2026-08-06T23:15:00Z,scarperia,0.00,0.000,21,ok,2026-10-05T14:49:31Z
2026-08-06T23:10:00Z,scarperia,0.00,0.000,21,ok,2026-10-05T14:49:31Z
2026-08-06T23:05:00Z,scarperia,0.00,0.000,21,ok,2026-10-05T14:49:31Z
2026-08-06T23:00:00Z,scarperia,0.00,0.000,21,ok,2026-10-05T14:49:31Z
2026-08-06T22:55:00Z,scarperia,0.00,0.000,21,ok,2026-10-05T14:49:31Z
2026-08-06T18:30:00Z,scarperia,0.00,0.000,21,ok,2026-10-05T14:49:31Z
2026-08-06T18:25:00Z,scarperia,0.00,0.000,21,ok,2026-10-05T14:49:31Z
2026-08-06T18:20:00Z,scarperia,0.00,0.000,21,ok,2026-10-05T14:49:31Z
2026-08-06T18:15:00Z,scarperia,0.00,0.000,21,ok,2026-10-05T14:49:31Z
2026-08-06T18:10:00Z,scarperia,0.00,0.000,21,ok,2026-10-05T14:49:31Z
2026-08-06T18:05:00Z,scarperia,0.00,0.000,21,ok,2026-10-05T14:49:31Z
2026-08-06T18:00:00Z,scarperia,0.00,0.000,21,ok,2026-10-05T14:49:31Z
2026-08-06T17:55:00Z,scarperia,0.00,0.000,21,ok,2026-10-05T14:49:31Z
2026-08-06T17:50:00Z,scarperia,0.00,0.000,21,ok,2026-10-05T14:49:31Z
2026-08-06T17:45:00Z,scarperia,0.00,0.000,21,ok,2026-10-05T14:49:31Z
2026-08-06T17:40:00Z,scarperia,0.00,0.000,21,ok,2026-10-05T14:49:31Z
2026-08-06T17:35:00Z,scarperia,0.00,0.000,21,ok,2026-10-05T14:49:31Z
2026-08-06T17:30:00Z,scarperia,0.00,0.000,21,ok,2026-10-05T14:49:31Z
2026-08-06T17:25:00Z,scarperia,0.00,0.000,21,ok,2026-10-05T14:49:31Z
2026-08-06T17:20:00Z,scarperia,0.00,0.000,21,ok,2026-10-05T14:49:31Z
2026-08-06T17:15:00Z,scarperia,0.00,0.000,21,ok,2026-10-05T14:49:31Z
2026-08-06T17:10:00Z,scarperia,0.00,0.000,21,ok,2026-10-05T14:49:31Z
2026-08-06T13:40:00Z,scarperia,0.00,0.000,21,ok,2026-10-05T14:49:31Z
2026-08-06T13:35:00Z,scarperia,0.00,0.000,21,ok,2026-10-05T14:49:31Z
2026-08-06T13:30:00Z,scarperia,0.00,0.000,21,ok,2026-10-05T14:49:31Z
2026-08-06T13:25:00Z,scarperia,0.00,0.000,21,ok,2026-10-05T14:49:31Z
2026-08-06T13:20:00Z,scarperia,0.00,0.000,21,ok,2026-10-05T14:49:31Z
2026-08-06T13:15:00Z,scarperia,0.00,0.000,21,ok,2026-10-05T14:49:31Z
2026-08-06T13:10:00Z,scarperia,0.00,0.000,21,ok,2026-10-05T14:49:31Z
2026-08-06T13:05:00Z,scarperia,0.00,0.000,21,ok,2026-10-05T14:49:31Z
2026-08-06T13:00:00Z,scarperia,0.00,0.000,21,ok,2026-10-05T14:49:31Z
2026-08-02T12:40:00Z,scarperia,0.00,0.000,21,ok,2026-10-05T14:49:31Z
2026-08-01T19:45:00Z,scarperia,0.00,0.000,21,ok,2026-10-05T14:49:31Z
2026-08-01T19:40:00Z,scarperia,0.00,0.000,21,ok,2026-10-05T14:49:31Z
2026-08-01T19:35:00Z,scarperia,0.00,0.000,21,ok,2026-10-05T14:49:31Z
2026-08-01T19:30:00Z,scarperia,0.00,0.000,21,ok,2026-10-05T14:49:31Z
2026-08-01T19:25:00Z,scarperia,0.00,0.000,21,ok,2026-10-05T14:49:31Z
2026-08-01T15:45:00Z,scarperia,0.00,0.000,21,ok,2026-10-05T14:49:31Z
2026-08-01T15:40:00Z,scarperia,0.00,0.000,21,ok,2026-10-05T14:49:31Z
2026-08-01T15:35:00Z,scarperia,0.00,0.000,21,ok,2026-10-05T14:49:31Z
2026-08-01T15:30:00Z,scarperia,0.00,0.000,21,ok,2026-10-05T14:49:31Z
2026-08-01T15:25:00Z,scarperia,0.00,0.000,21,ok,2026-10-05T14:49:31Z
2026-08-01T15:20:00Z,scarperia,0.00,0.000,21,ok,2026-10-05T14:49:31Z
2026-08-01T15:15:00Z,scarperia,0.00,0.000,21,ok,2026-10-05T14:49:31Z
2026-08-01T15:10:00Z,scarperia,0.00,0.000,21,ok,2026-10-05T14:49:31Z
2026-08-01T15:05:00Z,scarperia,0.00,0.000,21,ok,2026-10-05T14:49:31Z
2026-08-01T15:00:00Z,scarperia,0.00,0.000,21,ok,2026-10-05T14:49:31Z
2026-08-01T14:55:00Z,scarperia,0.00,0.000,21,ok,2026-10-05T14:49:31Z
2026-08-01T14:50:00Z,scarperia,0.00,0.000,21,ok,2026-10-05T14:49:31Z
2026-08-01T14:45:00Z,scarperia,0.00,0.000,21,ok,2026-10-05T14:49:31Z
2026-08-01T14:40:00Z,scarperia,0.00,0.000,21,ok,2026-10-05T14:49:31Z
2026-08-01T14:35:00Z,scarperia,0.00,0.000,21,ok,2026-10-05T14:49:31Z
2026-08-01T14:30:00Z,scarperia,0.00,0.000,21,ok,2026-10-05T14:49:31Z
2026-08-01T14:25:00Z,scarperia,0.00,0.000,21,ok,2026-10-05T14:49:31Z
2026-08-01T14:20:00Z,scarperia,0.00,0.000,21,ok,2026-10-05T14:49:31Z
2026-08-01T14:15:00Z,scarperia,0.00,0.000,21,ok,2026-10-05T14:49:31Z
2026-08-01T14:10:00Z,scarperia,0.00,0.000,21,ok,2026-10-05T14:49:31Z
2026-08-01T14:05:00Z,scarperia,0.00,0.000,21,ok,2026-10-05T14:49:31Z
2026-08-01T14:00:00Z,scarperia,0.00,0.000,21,ok,2026-10-05T14:49:31Z
2026-07-31T16:40:00Z,scarperia,0.00,0.000,21,ok,2026-10-05T14:49:31Z
2026-07-31T11:55:00Z,scarperia,0.00,0.000,21,ok,2026-10-05T14:49:31Z
2026-07-31T11:50:00Z,scarperia,0.00,0.000,21,ok,2026-10-05T14:49:31Z
2026-07-29T22:00:00Z,scarperia,0.00,0.000,21,ok,2026-10-05T14:49:31Z
2026-07-29T21:55:00Z,scarperia,0.00,0.000,21,ok,2026-10-05T14:49:31Z
2026-07-29T21:50:00Z,scarperia,0.00,0.000,21,ok,2026-10-05T14:49:31Z
2026-07-29T21:45:00Z,scarperia,0.00,0.000,21,ok,2026-10-05T14:49:31Z
2026-07-29T21:40:00Z,scarperia,0.00,0.000,21,ok,2026-10-05T14:49:31Z
2026-07-29T21:35:00Z,scarperia,0.00,0.000,21,ok,2026-10-05T14:49:31Z
2026-07-29T21:30:00Z,scarperia,0.00,0.000,21,ok,2026-10-05T14:49:31Z
2026-07-29T21:25:00Z,scarperia,0.00,0.000,21,ok,2026-10-05T14:49:31Z
2026-07-29T21:20:00Z,scarperia,0.00,0.000,21,ok,2026-10-05T14:49:31Z
2026-07-29T21:15:00Z,scarperia,0.00,0.000,21,ok,2026-10-05T14:49:31Z
2026-07-29T21:10:00Z,scarperia,0.00,0.000,21,ok,2026-10-05T14:49:31Z
2026-07-29T21:05:00Z,scarperia,0.00,0.000,21,ok,2026-10-05T14:49:31Z
2026-07-29T21:00:00Z,scarperia,0.00,0.000,21,ok,2026-10-05T14:49:31Z
2026-07-29T20:55:00Z,scarperia,0.00,0.000,21,ok,2026-10-05T14:49:31Z
2026-07-29T20:50:00Z,scarperia,0.00,0.000,21,ok,2026-10-05T14:49:31Z
2026-07-29T20:45:00Z,scarperia,0.00,0.000,21,ok,2026-10-05T14:49:31Z
2026-07-29T20:40:00Z,scarperia,0.00,0.000,21,ok,2026-10-05T14:49:31Z
2026-07-29T20:35:00Z,scarperia,0.00,0.000,21,ok,2026-10-05T14:49:31Z
2026-07-29T20:30:00Z,scarperia,0.00,0.000,21,ok,2026-10-05T14:49:31Z
2026-07-29T20:25:00Z,scarperia,0.00,0.000,21,ok,2026-10-05T14:49:31Z
2026-07-29T20:20:00Z,scarperia,0.00,0.000,21,ok,2026-10-05T14:49:31Z
2026-07-29T20:15:00Z,scarperia,0.00,0.000,21,ok,2026-10-05T14:49:31Z
2026-07-29T20:10:00Z,scarperia,0.00,0.000,21,ok,2026-10-05T14:49:31Z
2026-07-29T20:05:00Z,scarperia,0.00,0.000,21,ok,2026-10-05T14:49:31Z
2026-07-29T20:00:00Z,scarperia,0.00,0.000,21,ok,2026-10-05T14:49:31Z
2026-07-29T19:55:00Z,scarperia,0.00,0.000,21,ok,2026-10-05T14:49:31Z
2026-07-29T19:50:00Z,scarperia,0.00,0.000,21,ok,2026-10-05T14:49:31Z
2026-07-29T19:45:00Z,scarperia,0.00,0.000,21,ok,2026-10-05T14:49:31Z
2026-07-29T19:40:00Z,scarperia,0.00,0.000,21,ok,2026-10-05T14:49:31Z
2026-07-29T19:35:00Z,scarperia,0.00,0.000,21,ok,2026-10-05T14:49:31Z
2026-07-29T19:30:00Z,scarperia,0.00,0.000,21,ok,2026-10-05T14:49:31Z
2026-07-29T19:25:00Z,scarperia,0.00,0.000,21,ok,2026-10-05T14:49:31Z
2026-07-29T19:20:00Z,scarperia,0.00,0.000,21,ok,2026-10-05T14:49:31Z
2026-07-29T19:15:00Z,scarperia,0.00,0.000,21,ok,2026-10-05T14:49:31Z
2026-07-29T19:10:00Z,scarperia,0.00,0.000,21,ok,2026-10-05T14:49:31Z
2026-07-29T19:05:00Z,scarperia,0.00,0.000,21,ok,2026-10-05T14:49:31Z
2026-07-29T19:00:00Z,scarperia,0.00,0.000,21,ok,2026-10-05T14:49:31Z
2026-07-29T18:55:00Z,scarperia,0.00,0.000,21,ok,2026-10-05T14:49:31Z
2026-07-29T15:15:00Z,scarperia,0.00,0.000,21,ok,2026-10-05T14:49:31Z
2026-07-29T15:10:00Z,scarperia,0.00,0.000,21,ok,2026-10-05T14:49:31Z
2026-07-29T15:05:00Z,scarperia,0.00,0.000,21,ok,2026-10-05T14:49:31Z
2026-07-29T15:00:00Z,scarperia,0.00,0.000,21,ok,2026-10-05T14:49:31Z
2026-07-26T10:00:00Z,scarperia,0.00,0.000,21,ok,2026-10-05T14:49:31Z
2026-07-26T09:55:00Z,scarperia,0.00,0.000,21,ok,2026-10-05T14:49:31Z
2026-07-26T09:50:00Z,scarperia,0.00,0.000,21,ok,2026-10-05T14:49:31Z
2026-07-26T09:45:00Z,scarperia,0.00,0.000,21,ok,2026-10-05T14:49:31Z
2026-07-26T09:40:00Z,scarperia,0.00,0.000,21,ok,2026-10-05T14:49:31Z
2026-07-26T09:35:00Z,scarperia,0.00,0.000,21,ok,2026-10-05T14:49:31Z
2026-07-26T09:30:00Z,scarperia,0.00,0.000,21,ok,2026-10-05T14:49:31Z
2026-07-26T09:25:00Z,scarperia,0.00,0.000,21,ok,2026-10-05T14:49:31Z
2026-07-26T09:20:00Z,scarperia,0.00,0.000,21,ok,2026-10-05T14:49:31Z
2026-07-26T09:15:00Z,scarperia,0.00,0.000,21,ok,2026-10-05T14:49:31Z
2026-07-26T09:10:00Z,scarperia,0.00,0.000,21,ok,2026-10-05T14:49:31Z
2026-07-26T09:05:00Z,scarperia,0.00,0.000,21,ok,2026-10-05T14:49:31Z
2026-07-26T09:00:00Z,scarperia,0.00,0.000,21,ok,2026-10-05T14:49:31Z
2026-07-26T08:55:00Z,scarperia,0.00,0.000,21,ok,2026-10-05T14:49:31Z
2026-07-26T08:50:00Z,scarperia,0.00,0.000,21,ok,2026-10-05T14:49:31Z
2026-07-26T08:45:00Z,scarperia,0.00,0.000,21,ok,2026-10-05T14:49:31Z
2026-07-26T08:40:00Z,scarperia,0.00,0.000,21,ok,2026-10-05T14:49:31Z
2026-07-26T08:35:00Z,scarperia,0.00,0.000,21,ok,2026-10-05T14:49:31Z
2026-07-26T08:30:00Z,scarperia,0.00,0.000,21,ok,2026-10-05T14:49:31Z
2026-07-26T08:25:00Z,scarperia,0.00,0.000,21,ok,2026-10-05T14:49:31Z
2026-07-26T08:20:00Z,scarperia,0.00,0.000,21,ok,2026-10-05T14:49:31Z
2026-07-26T08:15:00Z,scarperia,0.00,0.000,21,ok,2026-10-05T14:49:31Z
2026-07-26T08:10:00Z,scarperia,0.00,0.000,21,ok,2026-10-05T14:49:31Z
2026-07-26T08:05:00Z,scarperia,0.00,0.000,21,ok,2026-10-05T14:49:31Z
2026-07-26T08:00:00Z,scarperia,0.00,0.000,21,ok,2026-10-05T14:49:31Z
2026-07-26T07:55:00Z,scarperia,0.00,0.000,21,ok,2026-10-05T14:49:31Z
2026-07-26T07:50:00Z,scarperia,0.00,0.000,21,ok,2026-10-05T14:49:31Z
2026-07-26T07:45:00Z,scarperia,0.00,0.000,21,ok,2026-10-05T14:49:31Z
2026-07-26T07:40:00Z,scarperia,0.00,0.000,21,ok,2026-10-05T14:49:31Z
2026-07-26T07:35:00Z,scarperia,0.00,0.000,21,ok,2026-10-05T14:49:31Z
2026-07-26T07:30:00Z,scarperia,0.00,0.000,21,ok,2026-10-05T14:49:31Z
2026-07-26T07:25:00Z,scarperia,0.00,0.000,21,ok,2026-10-05T14:49:31Z
2026-07-26T07:20:00Z,scarperia,0.00,0.000,21,ok,2026-10-05T14:49:31Z
2026-07-26T07:15:00Z,scarperia,0.00,0.000,21,ok,2026-10-05T14:49:31Z
2026-07-26T01:55:00Z,scarperia,0.00,0.000,21,ok,2026-10-05T14:49:31Z
2026-07-26T01:50:00Z,scarperia,0.00,0.000,21,ok,2026-10-05T14:49:31Z
2026-07-26T01:45:00Z,scarperia,0.00,0.000,21,ok,2026-10-05T14:49:31Z
2026-07-26T01:40:00Z,scarperia,0.00,0.000,21,ok,2026-10-05T14:49:31Z
2026-07-26T01:35:00Z,scarperia,0.00,0.000,21,ok,2026-10-05T14:49:31Z
2026-07-26T01:30:00Z,scarperia,0.00,0.000,21,ok,2026-10-05T14:49:31Z
2026-07-26T01:25:00Z,scarperia,0.00,0.000,21,ok,2026-10-05T14:49:31Z
2026-07-26T01:20:00Z,scarperia,0.00,0.000,21,ok,2026-10-05T14:49:31Z
2026-07-26T01:15:00Z,scarperia,0.00,0.000,21,ok,2026-10-05T14:49:31Z
2026-07-26T01:10:00Z,scarperia,0.00,0.000,21,ok,2026-10-05T14:49:31Z
2026-07-26T01:05:00Z,scarperia,0.00,0.000,21,ok,2026-10-05T14:49:31Z
2026-07-26T01:00:00Z,scarperia,0.00,0.000,21,ok,2026-10-05T14:49:31Z
2026-07-26T00:55:00Z,scarperia,0.00,0.000,21,ok,2026-10-05T14:49:31Z
2026-07-26T00:50:00Z,scarperia,0.00,0.000,21,ok,2026-10-05T14:49:31Z
2026-07-26T00:45:00Z,scarperia,0.00,0.000,21,ok,2026-10-05T14:49:31Z
2026-07-26T00:40:00Z,scarperia,0.00,0.000,21,ok,2026-10-05T14:49:31Z
2026-07-26T00:35:00Z,scarperia,0.00,0.000,21,ok,2026-10-05T14:49:31Z
2026-07-26T00:30:00Z,scarperia,0.00,0.000,21,ok,2026-10-05T14:49:31Z
2026-07-26T00:25:00Z,scarperia,0.00,0.000,21,ok,2026-10-05T14:49:31Z
2026-07-26T00:20:00Z,scarperia,0.00,0.000,21,ok,2026-10-05T14:49:31Z
2026-07-25T21:25:00Z,scarperia,0.00,0.000,21,ok,2026-10-05T14:49:31Z
2026-07-25T21:20:00Z,scarperia,0.00,0.000,21,ok,2026-10-05T14:49:31Z
2026-07-25T21:15:00Z,scarperia,0.00,0.000,21,ok,2026-10-05T14:49:31Z
2026-07-25T21:10:00Z,scarperia,0.00,0.000,21,ok,2026-10-05T14:49:31Z
2026-07-25T21:05:00Z,scarperia,0.00,0.000,21,ok,2026-10-05T14:49:31Z
2026-07-25T21:00:00Z,scarperia,0.00,0.000,21,ok,2026-10-05T14:49:31Z
2026-07-25T20:55:00Z,scarperia,0.00,0.000,21,ok,2026-10-05T14:49:31Z
2026-07-21T06:05:00Z,scarperia,0.00,0.000,21,ok,2026-10-05T14:49:31Z
2026-07-21T06:00:00Z,scarperia,0.00,0.000,21,ok,2026-10-05T14:49:31Z
2026-07-21T05:55:00Z,scarperia,0.00,0.000,21,ok,2026-10-05T14:49:31Z
2026-07-21T05:50:00Z,scarperia,0.00,0.000,21,ok,2026-10-05T14:49:31Z
2026-07-21T05:45:00Z,scarperia,0.00,0.000,21,ok,2026-10-05T14:49:31Z
2026-07-21T05:40:00Z,scarperia,0.00,0.000,21,ok,2026-10-05T14:49:31Z
2026-07-21T05:35:00Z,scarperia,0.00,0.000,21,ok,2026-10-05T14:49:31Z
2026-07-21T05:30:00Z,scarperia,0.00,0.000,21,ok,2026-10-05T14:49:31Z
2026-07-21T05:25:00Z,scarperia,0.00,0.000,21,ok,2026-10-05T14:49:31Z
2026-07-21T05:20:00Z,scarperia,0.00,0.000,21,ok,2026-10-05T14:49:31Z
2026-07-21T05:15:00Z,scarperia,0.00,0.000,21,ok,2026-10-05T14:49:31Z
2026-07-21T05:10:00Z,scarperia,0.00,0.000,21,ok,2026-10-05T14:49:31Z
2026-07-20T17:10:00Z,scarperia,0.00,0.000,21,ok,2026-10-05T14:49:31Z
2026-07-20T17:05:00Z,scarperia,0.00,0.000,21,ok,2026-10-05T14:49:31Z
2026-07-20T17:00:00Z,scarperia,0.00,0.000,21,ok,2026-10-05T14:49:31Z
2026-07-20T16:55:00Z,scarperia,0.00,0.000,21,ok,2026-10-05T14:49:31Z
2026-07-20T16:50:00Z,scarperia,0.00,0.000,21,ok,2026-10-05T14:49:31Z
2026-07-18T11:15:00Z,scarperia,0.00,0.000,21,ok,2026-10-05T14:49:31Z
2026-07-18T11:10:00Z,scarperia,0.00,0.000,21,ok,2026-10-05T14:49:31Z
2026-07-18T11:05:00Z,scarperia,0.00,0.000,21,ok,2026-10-05T14:49:31Z
2026-07-18T11:00:00Z,scarperia,0.00,0.000,21,ok,2026-10-05T14:49:31Z
2026-07-18T10:55:00Z,scarperia,0.00,0.000,21,ok,2026-10-05T14:49:31Z
2026-07-18T10:50:00Z,scarperia,0.00,0.000,21,ok,2026-10-05T14:49:31Z
2026-07-18T10:45:00Z,scarperia,0.00,0.000,21,ok,2026-10-05T14:49:31Z
2026-07-18T10:40:00Z,scarperia,0.00,0.000,21,ok,2026-10-05T14:49:31Z
2026-07-18T10:35:00Z,scarperia,0.00,0.000,21,ok,2026-10-05T14:49:31Z
2026-07-18T10:30:00Z,scarperia,0.00,0.000,21,ok,2026-10-05T14:49:31Z
2026-07-16T21:05:00Z,scarperia,0.00,0.000,21,ok,2026-10-05T14:49:31Z
2026-07-16T21:00:00Z,scarperia,0.00,0.000,21,ok,2026-10-05T14:49:31Z
2026-07-16T20:55:00Z,scarperia,0.00,0.000,21,ok,2026-10-05T14:49:31Z
2026-07-15T18:25:00Z,scarperia,0.00,0.000,21,ok,2026-10-05T14:49:31Z
2026-07-15T18:20:00Z,scarperia,0.00,0.000,21,ok,2026-10-05T14:49:31Z
2026-07-15T18:15:00Z,scarperia,0.00,0.000,21,ok,2026-10-05T14:49:31Z
2026-07-15T18:10:00Z,scarperia,0.00,0.000,21,ok,2026-10-05T14:49:31Z
2026-07-15T18:05:00Z,scarperia,0.00,0.000,21,ok,2026-10-05T14:49:31Z
2026-07-15T18:00:00Z,scarperia,0.00,0.000,21,ok,2026-10-05T14:49:31Z
2026-07-15T17:55:00Z,scarperia,0.00,0.000,21,ok,2026-10-05T14:49:31Z
2026-07-15T09:10:00Z,scarperia,0.00,0.000,21,ok,2026-10-05T14:49:31Z
2026-07-11T00:50:00Z,scarperia,0.00,0.000,21,ok,2026-10-05T14:49:31Z
2026-07-11T00:45:00Z,scarperia,0.00,0.000,21,ok,2026-10-05T14:49:31Z
2026-07-11T00:40:00Z,scarperia,0.00,0.000,21,ok,2026-10-05T14:49:31Z
2026-07-10T12:45:00Z,scarperia,0.00,0.000,21,ok,2026-10-05T14:49:31Z
2026-07-01T18:30:00Z,scarperia,10.62,9.531,21,ok,2026-10-05T14:49:31Z
2026-07-01T18:25:00Z,scarperia,8.73,7.746,21,ok,2026-10-05T14:49:31Z
2026-07-01T18:20:00Z,scarperia,6.94,4.734,21,ok,2026-10-05T14:49:31Z
2026-07-01T18:15:00Z,scarperia,4.26,2.754,21,ok,2026-10-05T14:49:31Z
2026-07-01T18:10:00Z,scarperia,1.13,0.341,21,ok,2026-10-05T14:49:31Z
2026-07-01T18:05:00Z,scarperia,1.87,1.027,21,ok,2026-10-05T14:49:31Z
2026-07-01T18:00:00Z,scarperia,2.32,1.689,21,ok,2026-10-05T14:49:31Z
2026-07-01T17:55:00Z,scarperia,2.09,1.009,21,ok,2026-10-05T14:49:31Z
2026-07-01T17:50:00Z,scarperia,2.10,0.678,21,ok,2026-10-05T14:49:31Z
2026-07-01T17:45:00Z,scarperia,0.00,0.000,21,ok,2026-10-05T14:49:31Z
2026-07-01T17:40:00Z,scarperia,0.00,0.000,21,ok,2026-10-05T14:49:31Z
2026-07-01T17:35:00Z,scarperia,0.00,0.000,21,ok,2026-10-05T14:49:31Z
2026-07-01T17:30:00Z,scarperia,0.00,0.000,21,ok,2026-10-05T14:49:31Z
2026-06-30T13:30:00Z,scarperia,0.00,0.000,21,ok,2026-10-05T14:49:31Z
2026-06-30T13:25:00Z,scarperia,0.00,0.000,21,ok,2026-10-05T14:49:31Z
2026-06-29T23:45:00Z,scarperia,0.85,0.155,21,ok,2026-10-05T14:49:31Z
2026-06-29T23:40:00Z,scarperia,1.00,0.690,21,ok,2026-10-05T14:49:31Z
2026-06-29T23:35:00Z,scarperia,0.89,0.690,21,ok,2026-10-05T14:49:31Z
2026-06-29T23:30:00Z,scarperia,2.16,0.893,21,ok,2026-10-05T14:49:31Z
2026-06-29T23:25:00Z,scarperia,1.82,0.969,21,ok,2026-10-05T14:49:31Z
2026-06-29T23:20:00Z,scarperia,2.14,0.608,21,ok,2026-10-05T14:49:31Z
2026-06-29T23:15:00Z,scarperia,1.40,0.830,21,ok,2026-10-05T14:49:31Z
2026-06-29T23:10:00Z,scarperia,1.84,0.990,21,ok,2026-10-05T14:49:31Z
2026-06-29T23:05:00Z,scarperia,2.49,1.357,21,ok,2026-10-05T14:49:31Z
2026-06-29T23:00:00Z,scarperia,1.88,1.323,21,ok,2026-10-05T14:49:31Z
2026-06-29T22:55:00Z,scarperia,3.03,1.870,21,ok,2026-10-05T14:49:31Z
2026-06-29T22:50:00Z,scarperia,1.83,1.043,21,ok,2026-10-05T14:49:31Z
2026-06-29T22:45:00Z,scarperia,1.26,0.727,21,ok,2026-10-05T14:49:31Z
2026-06-29T05:05:00Z,scarperia,0.00,0.000,21,ok,2026-10-05T14:49:31Z
2026-06-29T05:00:00Z,scarperia,0.00,0.000,21,ok,2026-10-05T14:49:31Z
2026-06-29T04:55:00Z,scarperia,0.00,0.000,21,ok,2026-10-05T14:49:31Z
2026-06-29T04:50:00Z,scarperia,0.00,0.000,21,ok,2026-10-05T14:49:31Z
2026-06-29T04:45:00Z,scarperia,0.00,0.000,21,ok,2026-10-05T14:49:31Z
2026-06-29T04:40:00Z,scarperia,0.00,0.000,21,ok,2026-10-05T14:49:31Z
2026-06-29T04:35:00Z,scarperia,0.00,0.000,21,ok,2026-10-05T14:49:31Z
2026-06-29T04:30:00Z,scarperia,0.00,0.000,21,ok,2026-10-05T14:49:31Z
2026-06-29T04:25:00Z,scarperia,0.00,0.000,21,ok,2026-10-05T14:49:31Z
2026-06-29T04:20:00Z,scarperia,0.00,0.000,21,ok,2026-10-05T14:49:31Z
2026-06-29T04:15:00Z,scarperia,0.00,0.000,21,ok,2026-10-05T14:49:31Z
2026-06-29T04:10:00Z,scarperia,0.00,0.000,21,ok,2026-10-05T14:49:31Z
2026-06-29T04:05:00Z,scarperia,0.00,0.000,21,ok,2026-10-05T14:49:31Z
2026-06-28T22:55:00Z,scarperia,0.00,0.000,21,ok,2026-10-05T14:49:31Z
2026-06-28T22:50:00Z,scarperia,0.00,0.000,21,ok,2026-10-05T14:49:31Z
2026-06-28T22:45:00Z,scarperia,0.00,0.000,21,ok,2026-10-05T14:49:31Z
2026-06-28T22:40:00Z,scarperia,0.00,0.000,21,ok,2026-10-05T14:49:31Z
2026-06-28T17:30:00Z,scarperia,0.00,0.000,21,ok,2026-10-05T14:49:31Z
2026-06-28T17:25:00Z,scarperia,0.00,0.000,21,ok,2026-10-05T14:49:31Z
2026-06-28T17:20:00Z,scarperia,0.00,0.000,21,ok,2026-10-05T14:49:31Z
2026-06-28T17:15:00Z,scarperia,0.00,0.000,21,ok,2026-10-05T14:49:31Z
2026-06-28T17:10:00Z,scarperia,0.00,0.000,21,ok,2026-10-05T14:49:31Z
2026-06-28T17:05:00Z,scarperia,0.00,0.000,21,ok,2026-10-05T14:49:31Z
2026-06-28T17:00:00Z,scarperia,0.00,0.000,21,ok,2026-10-05T14:49:31Z
2026-06-28T16:55:00Z,scarperia,0.00,0.000,21,ok,2026-10-05T14:49:31Z
2026-06-28T16:50:00Z,scarperia,0.00,0.000,21,ok,2026-10-05T14:49:31Z
2026-06-28T16:45:00Z,scarperia,0.00,0.000,21,ok,2026-10-05T14:49:31Z
2026-06-28T16:40:00Z,scarperia,0.00,0.000,21,ok,2026-10-05T14:49:31Z
2026-06-28T16:35:00Z,scarperia,0.00,0.000,21,ok,2026-10-05T14:49:31Z
2026-06-28T16:30:00Z,scarperia,0.00,0.000,21,ok,2026-10-05T14:49:31Z
2026-06-26T19:50:00Z,scarperia,0.00,0.000,21,ok,2026-10-05T14:49:31Z
2026-06-26T19:45:00Z,scarperia,0.00,0.000,21,ok,2026-10-05T14:49:31Z
2026-06-26T19:40:00Z,scarperia,0.00,0.000,21,ok,2026-10-05T14:49:31Z
2026-06-26T19:35:00Z,scarperia,0.00,0.000,21,ok,2026-10-05T14:49:31Z
2026-06-26T19:30:00Z,scarperia,0.00,0.000,21,ok,2026-10-05T14:49:31Z
2026-06-26T19:25:00Z,scarperia,0.00,0.000,21,ok,2026-10-05T14:49:31Z
2026-06-26T19:20:00Z,scarperia,0.00,0.000,21,ok,2026-10-05T14:49:31Z
2026-06-26T19:15:00Z,scarperia,0.00,0.000,21,ok,2026-10-05T14:49:31Z
2026-06-26T19:10:00Z,scarperia,0.00,0.000,21,ok,2026-10-05T14:49:31Z
2026-06-26T19:05:00Z,scarperia,0.00,0.000,21,ok,2026-10-05T14:49:31Z
2026-06-26T02:20:00Z,scarperia,0.00,0.000,21,ok,2026-10-05T14:49:31Z
2026-06-26T02:15:00Z,scarperia,0.00,0.000,21,ok,2026-10-05T14:49:31Z
2026-06-26T02:10:00Z,scarperia,0.00,0.000,21,ok,2026-10-05T14:49:31Z
2026-06-26T02:05:00Z,scarperia,0.00,0.000,21,ok,2026-10-05T14:49:31Z
2026-06-26T02:00:00Z,scarperia,0.00,0.000,21,ok,2026-10-05T14:49:31Z
2026-06-26T01:55:00Z,scarperia,0.00,0.000,21,ok,2026-10-05T14:49:31Z
2026-06-26T01:50:00Z,scarperia,0.00,0.000,21,ok,2026-10-05T14:49:31Z
2026-06-26T01:45:00Z,scarperia,0.00,0.000,21,ok,2026-10-05T14:49:31Z
2026-06-26T01:40:00Z,scarperia,0.00,0.000,21,ok,2026-10-05T14:49:31Z
2026-06-26T01:35:00Z,scarperia,0.00,0.000,21,ok,2026-10-05T14:49:31Z
2026-06-26T01:30:00Z,scarperia,0.00,0.000,21,ok,2026-10-05T14:49:31Z
2026-06-26T01:25:00Z,scarperia,0.00,0.000,21,ok,2026-10-05T14:49:31Z
2026-06-25T20:30:00Z,scarperia,0.00,0.000,21,ok,2026-10-05T14:49:31Z
2026-06-25T20:25:00Z,scarperia,0.00,0.000,21,ok,2026-10-05T14:49:31Z
2026-06-25T20:20:00Z,scarperia,0.00,0.000,21,ok,2026-10-05T14:49:31Z
2026-06-25T20:15:00Z,scarperia,0.00,0.000,21,ok,2026-10-05T14:49:31Z
2026-06-25T20:10:00Z,scarperia,0.00,0.000,21,ok,2026-10-05T14:49:31Z
2026-06-25T20:05:00Z,scarperia,0.00,0.000,21,ok,2026-10-05T14:49:31Z
2026-06-25T20:00:00Z,scarperia,0.00,0.000,21,ok,2026-10-05T14:49:31Z
2026-06-25T19:55:00Z,scarperia,0.00,0.000,21,ok,2026-10-05T14:49:31Z
2026-06-25T19:50:00Z,scarperia,0.00,0.000,21,ok,2026-10-05T14:49:31Z
2026-06-22T21:25:00Z,scarperia,0.00,0.000,21,ok,2026-10-05T14:49:31Z
2026-06-22T21:20:00Z,scarperia,0.00,0.000,21,ok,2026-10-05T14:49:31Z
2026-06-22T21:15:00Z,scarperia,0.00,0.000,21,ok,2026-10-05T14:49:31Z
2026-06-22T21:10:00Z,scarperia,0.00,0.000,21,ok,2026-10-05T14:49:31Z
2026-06-22T21:05:00Z,scarperia,0.00,0.000,21,ok,2026-10-05T14:49:31Z
2026-06-22T21:00:00Z,scarperia,0.00,0.000,21,ok,2026-10-05T14:49:31Z
2026-06-22T20:55:00Z,scarperia,0.00,0.000,21,ok,2026-10-05T14:49:31Z
2026-06-22T20:50:00Z,scarperia,0.00,0.000,21,ok,2026-10-05T14:49:31Z
2026-06-22T20:45:00Z,scarperia,0.00,0.000,21,ok,2026-10-05T14:49:31Z
2026-06-22T20:40:00Z,scarperia,0.00,0.000,21,ok,2026-10-05T14:49:31Z
2026-06-22T20:35:00Z,scarperia,0.00,0.000,21,ok,2026-10-05T14:49:31Z
2026-06-22T20:30:00Z,scarperia,0.00,0.000,21,ok,2026-10-05T14:49:31Z
2026-06-22T20:25:00Z,scarperia,0.00,0.000,21,ok,2026-10-05T14:49:31Z
2026-06-22T20:20:00Z,scarperia,0.00,0.000,21,ok,2026-10-05T14:49:31Z
2026-06-22T20:15:00Z,scarperia,0.00,0.000,21,ok,2026-10-05T14:49:31Z
2026-06-22T20:10:00Z,scarperia,0.00,0.000,21,ok,2026-10-05T14:49:31Z
2026-06-22T20:05:00Z,scarperia,0.00,0.000,21,ok,2026-10-05T14:49:31Z
2026-06-22T20:00:00Z,scarperia,0.00,0.000,21,ok,2026-10-05T14:49:31Z
2026-06-22T19:55:00Z,scarperia,0.00,0.000,21,ok,2026-10-05T14:49:31Z
2026-06-22T19:50:00Z,scarperia,0.00,0.000,21,ok,2026-10-05T14:49:31Z
2026-06-22T19:45:00Z,scarperia,0.00,0.000,21,ok,2026-10-05T14:49:31Z
2026-06-22T19:40:00Z,scarperia,0.00,0.000,21,ok,2026-10-05T14:49:31Z
2026-06-22T19:35:00Z,scarperia,0.00,0.000,21,ok,2026-10-05T14:49:31Z
2026-06-22T19:30:00Z,scarperia,0.00,0.000,21,ok,2026-10-05T14:49:31Z
2026-06-22T19:25:00Z,scarperia,0.00,0.000,21,ok,2026-10-05T14:49:31Z
2026-06-22T19:20:00Z,scarperia,0.00,0.000,21,ok,2026-10-05T14:49:31Z
2026-06-22T19:15:00Z,scarperia,0.00,0.000,21,ok,2026-10-05T14:49:31Z
2026-06-22T19:10:00Z,scarperia,0.00,0.000,21,ok,2026-10-05T14:49:31Z
2026-06-22T19:05:00Z,scarperia,0.00,0.000,21,ok,2026-10-05T14:49:31Z
2026-06-20T20:40:00Z,scarperia,0.00,0.000,21,ok,2026-10-05T14:49:31Z
2026-06-20T20:35:00Z,scarperia,0.00,0.000,21,ok,2026-10-05T14:49:31Z
2026-06-20T20:30:00Z,scarperia,0.00,0.000,21,ok,2026-10-05T14:49:31Z
2026-06-20T20:25:00Z,scarperia,0.00,0.000,21,ok,2026-10-05T14:49:31Z
2026-06-20T20:20:00Z,scarperia,0.00,0.000,21,ok,2026-10-05T14:49:31Z
2026-06-20T20:15:00Z,scarperia,0.00,0.000,21,ok,2026-10-05T14:49:31Z
2026-06-20T20:10:00Z,scarperia,0.00,0.000,21,ok,2026-10-05T14:49:31Z
2026-06-20T20:05:00Z,scarperia,0.00,0.000,21,ok,2026-10-05T14:49:31Z
2026-06-20T20:00:00Z,scarperia,0.00,0.000,21,ok,2026-10-05T14:49:31Z
2026-06-09T10:55:00Z,scarperia,0.00,0.000,21,ok,2026-10-05T14:49:31Z
2026-06-05T22:55:00Z,scarperia,0.00,0.000,21,ok,2026-10-05T14:49:31Z
2026-06-05T22:50:00Z,scarperia,0.00,0.000,21,ok,2026-10-05T14:49:31Z
2026-06-05T22:45:00Z,scarperia,0.00,0.000,21,ok,2026-10-05T14:49:31Z
2026-06-05T22:40:00Z,scarperia,0.00,0.000,21,ok,2026-10-05T14:49:31Z
2026-06-05T22:35:00Z,scarperia,0.00,0.000,21,ok,2026-10-05T14:49:31Z
2026-06-05T22:30:00Z,scarperia,0.00,0.000,21,ok,2026-10-05T14:49:31Z
2026-06-05T22:25:00Z,scarperia,0.00,0.000,21,ok,2026-10-05T14:49:31Z
2026-06-05T22:20:00Z,scarperia,0.00,0.000,21,ok,2026-10-05T14:49:31Z
2026-06-05T22:15:00Z,scarperia,0.00,0.000,21,ok,2026-10-05T14:49:31Z
2026-06-05T22:10:00Z,scarperia,0.00,0.000,21,ok,2026-10-05T14:49:31Z
2026-06-05T22:05:00Z,scarperia,0.00,0.000,21,ok,2026-10-05T14:49:31Z
2026-06-05T22:00:00Z,scarperia,0.00,0.000,21,ok,2026-10-05T14:49:31Z
2026-06-04T22:55:00Z,scarperia,0.00,0.000,21,ok,2026-10-05T14:49:31Z
2026-06-04T22:50:00Z,scarperia,0.00,0.000,21,ok,2026-10-05T14:49:31Z
2026-06-04T22:45:00Z,scarperia,0.00,0.000,21,ok,2026-10-05T14:49:31Z
2026-06-04T22:40:00Z,scarperia,0.00,0.000,21,ok,2026-10-05T14:49:31Z
2026-06-04T22:35:00Z,scarperia,0.00,0.000,21,ok,2026-10-05T14:49:31Z
2026-06-04T22:30:00Z,scarperia,0.00,0.000,21,ok,2026-10-05T14:49:31Z
2026-06-04T22:25:00Z,scarperia,0.00,0.000,21,ok,2026-10-05T14:49:31Z
2026-06-04T22:20:00Z,scarperia,0.00,0.000,21,ok,2026-10-05T14:49:31Z
2026-06-04T22:15:00Z,scarperia,0.00,0.000,21,ok,2026-10-05T14:49:31Z
2026-06-04T22:10:00Z,scarperia,0.00,0.000,21,ok,2026-10-05T14:49:31Z
2026-06-04T22:05:00Z,scarperia,0.00,0.000,21,ok,2026-10-05T14:49:31Z
2026-06-04T22:00:00Z,scarperia,0.00,0.000,21,ok,2026-10-05T14:49:31Z
2026-06-02T22:55:00Z,scarperia,0.18,0.034,21,ok,2026-10-05T14:49:31Z
2026-06-02T22:50:00Z,scarperia,0.00,0.000,21,ok,2026-10-05T14:49:31Z
2026-06-02T22:45:00Z,scarperia,0.62,0.092,21,ok,2026-10-05T14:49:31Z
2026-06-02T22:40:00Z,scarperia,0.90,0.523,21,ok,2026-10-05T14:49:31Z
2026-06-02T22:35:00Z,scarperia,0.69,0.561,21,ok,2026-10-05T14:49:31Z
2026-06-02T22:30:00Z,scarperia,0.25,0.188,21,ok,2026-10-05T14:49:31Z
2026-06-02T22:25:00Z,scarperia,0.22,0.031,21,ok,2026-10-05T14:49:31Z
2026-06-02T22:20:00Z,scarperia,0.00,0.000,21,ok,2026-10-05T14:49:31Z
2026-06-02T22:15:00Z,scarperia,0.00,0.000,21,ok,2026-10-05T14:49:31Z
2026-06-02T22:10:00Z,scarperia,0.00,0.000,21,ok,2026-10-05T14:49:31Z
2026-06-02T22:05:00Z,scarperia,0.00,0.000,21,ok,2026-10-05T14:49:31Z
2026-06-02T22:00:00Z,scarperia,0.00,0.000,21,ok,2026-10-05T14:49:31Z
2026-06-02T20:05:00Z,scarperia,0.00,0.000,21,ok,2026-10-05T14:49:31Z
2026-06-02T20:00:00Z,scarperia,0.21,0.029,21,ok,2026-10-05T14:49:31Z
2026-06-02T19:55:00Z,scarperia,0.30,0.226,21,ok,2026-10-05T14:49:31Z
2026-06-02T19:50:00Z,scarperia,0.53,0.294,21,ok,2026-10-05T14:49:31Z
2026-06-02T19:45:00Z,scarperia,1.66,0.706,21,ok,2026-10-05T14:49:31Z
2026-06-02T19:40:00Z,scarperia,2.90,2.163,21,ok,2026-10-05T14:49:31Z
2026-06-02T19:35:00Z,scarperia,2.48,1.574,21,ok,2026-10-05T14:49:31Z
2026-06-02T19:30:00Z,scarperia,0.94,0.762,21,ok,2026-10-05T14:49:31Z
2026-06-02T19:25:00Z,scarperia,0.49,0.402,21,ok,2026-10-05T14:49:31Z
2026-06-02T19:20:00Z,scarperia,0.25,0.220,21,ok,2026-10-05T14:49:31Z
2026-06-02T19:15:00Z,scarperia,0.39,0.340,21,ok,2026-10-05T14:49:31Z
2026-06-02T19:10:00Z,scarperia,0.51,0.436,21,ok,2026-10-05T14:49:31Z
2026-06-02T19:05:00Z,scarperia,0.48,0.370,21,ok,2026-10-05T14:49:31Z
2026-06-01T22:55:00Z,scarperia,0.00,0.000,21,ok,2026-10-05T14:49:31Z
2026-06-01T22:50:00Z,scarperia,0.00,0.000,21,ok,2026-10-05T14:49:31Z
2026-06-01T22:45:00Z,scarperia,0.00,0.000,21,ok,2026-10-05T14:49:31Z
2026-06-01T22:40:00Z,scarperia,0.00,0.000,21,ok,2026-10-05T14:49:31Z
2026-06-01T22:35:00Z,scarperia,0.00,0.000,21,ok,2026-10-05T14:49:31Z
2026-06-01T22:30:00Z,scarperia,0.00,0.000,21,ok,2026-10-05T14:49:31Z
2026-06-01T22:25:00Z,scarperia,0.00,0.000,21,ok,2026-10-05T14:49:31Z
2026-06-01T22:20:00Z,scarperia,0.00,0.000,21,ok,2026-10-05T14:49:31Z
2026-06-01T22:15:00Z,scarperia,0.00,0.000,21,ok,2026-10-05T14:49:31Z
2026-06-01T22:10:00Z,scarperia,0.00,0.000,21,ok,2026-10-05T14:49:31Z
2026-06-01T22:05:00Z,scarperia,0.00,0.000,21,ok,2026-10-05T14:49:31Z
2026-06-01T22:00:00Z,scarperia,0.00,0.000,21,ok,2026-10-05T14:49:31Z
2026-06-01T14:05:00Z,scarperia,0.00,0.000,21,ok,2026-10-05T14:49:31Z
2026-06-01T14:00:00Z,scarperia,0.00,0.000,21,ok,2026-10-05T14:49:31Z
2026-06-01T13:55:00Z,scarperia,0.00,0.000,21,ok,2026-10-05T14:49:31Z
2026-06-01T13:50:00Z,scarperia,0.00,0.000,21,ok,2026-10-05T14:49:31Z
2026-06-01T13:45:00Z,scarperia,0.00,0.000,21,ok,2026-10-05T14:49:31Z
2026-06-01T13:40:00Z,scarperia,0.00,0.000,21,ok,2026-10-05T14:49:31Z
2026-06-01T13:35:00Z,scarperia,0.00,0.000,21,ok,2026-10-05T14:49:31Z
2026-06-01T13:30:00Z,scarperia,0.00,0.000,21,ok,2026-10-05T14:49:31Z
2026-06-01T13:25:00Z,scarperia,0.00,0.000,21,ok,2026-10-05T14:49:31Z
2026-06-01T13:20:00Z,scarperia,0.00,0.000,21,ok,2026-10-05T14:49:31Z
2026-06-01T13:15:00Z,scarperia,0.00,0.000,21,ok,2026-10-05T14:49:31Z
2026-06-01T13:10:00Z,scarperia,1.30,0.203,21,ok,2026-10-05T14:49:31Z
2026-06-01T13:05:00Z,scarperia,1.28,0.558,21,ok,2026-10-05T14:49:31Z
2026-05-31T20:05:00Z,scarperia,0.00,0.000,21,ok,2026-10-05T14:49:31Z
2026-05-31T20:00:00Z,scarperia,0.00,0.000,21,ok,2026-10-05T14:49:31Z
2026-05-31T19:55:00Z,scarperia,0.00,0.000,21,ok,2026-10-05T14:49:31Z
2026-05-31T19:50:00Z,scarperia,0.00,0.000,21,ok,2026-10-05T14:49:31Z
2026-05-31T19:45:00Z,scarperia,0.00,0.000,21,ok,2026-10-05T14:49:31Z
2026-05-31T19:40:00Z,scarperia,0.00,0.000,21,ok,2026-10-05T14:49:31Z
2026-05-31T19:35:00Z,scarperia,0.00,0.000,21,ok,2026-10-05T14:49:31Z
2026-05-31T19:30:00Z,scarperia,0.00,0.000,21,ok,2026-10-05T14:49:31Z
2026-05-31T19:25:00Z,scarperia,0.00,0.000,21,ok,2026-10-05T14:49:31Z
2026-05-31T19:20:00Z,scarperia,0.00,0.000,21,ok,2026-10-05T14:49:31Z
2026-05-31T19:15:00Z,scarperia,0.00,0.000,21,ok,2026-10-05T14:49:31Z
2026-05-31T19:10:00Z,scarperia,0.00,0.000,21,ok,2026-10-05T14:49:31Z
2026-05-31T19:05:00Z,scarperia,0.00,0.000,21,ok,2026-10-05T14:49:31Z
2026-05-31T10:55:00Z,scarperia,0.00,0.000,21,ok,2026-10-05T14:49:31Z
2026-05-31T10:50:00Z,scarperia,0.00,0.000,21,ok,2026-10-05T14:49:31Z
2026-05-31T10:45:00Z,scarperia,0.00,0.000,21,ok,2026-10-05T14:49:31Z
2026-05-31T10:40:00Z,scarperia,0.00,0.000,21,ok,2026-10-05T14:49:31Z
2026-05-31T10:35:00Z,scarperia,0.00,0.000,21,ok,2026-10-05T14:49:31Z
2026-05-31T10:30:00Z,scarperia,0.00,0.000,21,ok,2026-10-05T14:49:31Z
2026-05-31T10:25:00Z,scarperia,0.00,0.000,21,ok,2026-10-05T14:49:31Z
2026-05-31T10:20:00Z,scarperia,0.00,0.000,21,ok,2026-10-05T14:49:31Z
2026-05-31T10:15:00Z,scarperia,0.00,0.000,21,ok,2026-10-05T14:49:31Z
2026-05-31T10:10:00Z,scarperia,0.00,0.000,21,ok,2026-10-05T14:49:31Z
2026-05-31T10:05:00Z,scarperia,0.00,0.000,21,ok,2026-10-05T14:49:31Z
2026-05-31T10:00:00Z,scarperia,0.00,0.000,21,ok,2026-10-05T14:49:31Z
2026-05-16T10:55:00Z,scarperia,0.00,0.000,21,ok,2026-10-05T14:49:31Z
2026-05-16T10:50:00Z,scarperia,0.00,0.000,21,ok,2026-10-05T14:49:31Z
2026-05-15T04:55:00Z,scarperia,0.00,0.000,21,ok,2026-10-05T14:49:31Z
2026-05-15T04:50:00Z,scarperia,0.00,0.000,21,ok,2026-10-05T14:49:31Z
2026-05-15T04:45:00Z,scarperia,0.00,0.000,21,ok,2026-10-05T14:49:31Z
2026-05-15T04:40:00Z,scarperia,0.00,0.000,21,ok,2026-10-05T14:49:31Z
2026-10-05T14:50:00Z,scarperia,0.00,0.000,21,ok,2026-10-05T14:57:54Z
